gender,divorced,married,single,login_computer,login_mobile,login_phone,order_fashion,order_grocery,order_laptop,order_phone,order_mobile _phone,order_others,payment_cc,payment_cod,payment_cash,payment_credit,payment_debit,payment_ewallet,payment_upi,churn,tenure,city_tier,distance,hour_spend,device_registered,satisfaction_score,number_address,complain,order_lastyear,coupon_used,order_count,days_lastorder,cashback_amount
0.0,0.0,0.0,1.0,0.0,1.0,0.0,0.0,0.0,1.0,0.0,0.0,0.0,0.0,0.0,0.0,0.0,1.0,0.0,0.0,1.0,4.0,3.0,6.0,3.0,3.0,2.0,9.0,1.0,11.0,1.0,1.0,5.0,160.0
1.0,0.0,0.0,1.0,0.0,0.0,1.0,0.0,0.0,0.0,1.0,0.0,0.0,0.0,0.0,0.0,0.0,0.0,0.0,1.0,1.0,9.0,1.0,8.0,3.0,4.0,3.0,7.0,1.0,15.0,0.0,1.0,0.0,121.0
1.0,0.0,0.0,1.0,0.0,0.0,1.0,0.0,0.0,0.0,1.0,0.0,0.0,0.0,0.0,0.0,0.0,1.0,0.0,0.0,1.0,9.0,1.0,30.0,2.0,4.0,3.0,6.0,1.0,14.0,0.0,1.0,3.0,120.0
1.0,0.0,0.0,1.0,0.0,0.0,1.0,0.0,0.0,1.0,0.0,0.0,0.0,0.0,0.0,0.0,0.0,1.0,0.0,0.0,1.0,0.0,3.0,15.0,2.0,4.0,5.0,8.0,0.0,23.0,0.0,1.0,3.0,134.0
1.0,0.0,0.0,1.0,0.0,0.0,1.0,0.0,0.0,0.0,1.0,0.0,0.0,1.0,0.0,0.0,0.0,0.0,0.0,0.0,1.0,0.0,1.0,12.0,3.0,3.0,5.0,3.0,0.0,11.0,1.0,1.0,3.0,130.0
0.0,0.0,0.0,1.0,1.0,0.0,0.0,0.0,0.0,0.0,0.0,1.0,0.0,0.0,0.0,0.0,0.0,1.0,0.0,0.0,1.0,0.0,1.0,22.0,3.0,5.0,5.0,2.0,1.0,22.0,4.0,6.0,7.0,139.0
1.0,1.0,0.0,0.0,0.0,0.0,1.0,0.0,0.0,1.0,0.0,0.0,0.0,0.0,0.0,1.0,0.0,0.0,0.0,0.0,1.0,9.0,3.0,11.0,2.0,3.0,2.0,4.0,0.0,14.0,0.0,1.0,0.0,121.0
1.0,1.0,0.0,0.0,0.0,0.0,1.0,0.0,0.0,0.0,1.0,0.0,0.0,1.0,0.0,0.0,0.0,0.0,0.0,0.0,1.0,9.0,1.0,6.0,3.0,3.0,2.0,3.0,1.0,16.0,2.0,2.0,0.0,123.0
1.0,1.0,0.0,0.0,0.0,0.0,1.0,0.0,0.0,0.0,1.0,0.0,0.0,0.0,0.0,0.0,0.0,0.0,1.0,0.0,1.0,13.0,3.0,9.0,3.0,4.0,3.0,2.0,1.0,14.0,0.0,1.0,2.0,127.0
1.0,0.0,0.0,1.0,0.0,0.0,1.0,0.0,0.0,0.0,1.0,0.0,0.0,0.0,0.0,0.0,0.0,1.0,0.0,0.0,1.0,9.0,1.0,31.0,2.0,5.0,3.0,2.0,0.0,12.0,1.0,1.0,1.0,123.0
0.0,1.0,0.0,0.0,0.0,1.0,0.0,0.0,0.0,0.0,0.0,0.0,1.0,0.0,0.0,1.0,0.0,0.0,0.0,0.0,1.0,4.0,1.0,18.0,2.0,3.0,3.0,2.0,0.0,15.0,9.0,15.0,8.0,295.0
1.0,0.0,0.0,1.0,0.0,1.0,0.0,1.0,0.0,0.0,0.0,0.0,0.0,0.0,0.0,0.0,0.0,1.0,0.0,0.0,1.0,11.0,1.0,6.0,3.0,4.0,3.0,10.0,1.0,13.0,0.0,1.0,0.0,154.0
1.0,0.0,0.0,1.0,0.0,0.0,1.0,0.0,0.0,0.0,1.0,0.0,0.0,0.0,1.0,0.0,0.0,0.0,0.0,0.0,1.0,0.0,1.0,11.0,2.0,3.0,3.0,2.0,1.0,13.0,2.0,2.0,2.0,134.0
1.0,1.0,0.0,0.0,0.0,0.0,1.0,0.0,0.0,0.0,1.0,0.0,0.0,1.0,0.0,0.0,0.0,0.0,0.0,0.0,1.0,0.0,1.0,15.0,3.0,4.0,3.0,1.0,1.0,17.0,0.0,1.0,0.0,134.0
1.0,0.0,0.0,1.0,0.0,1.0,0.0,1.0,0.0,0.0,0.0,0.0,0.0,0.0,0.0,0.0,1.0,0.0,0.0,0.0,1.0,9.0,3.0,15.0,3.0,4.0,2.0,2.0,0.0,16.0,0.0,4.0,7.0,196.0
1.0,0.0,1.0,0.0,0.0,0.0,1.0,0.0,0.0,0.0,1.0,0.0,0.0,0.0,0.0,0.0,0.0,0.0,0.0,1.0,1.0,9.0,2.0,12.0,3.0,3.0,5.0,5.0,1.0,22.0,1.0,1.0,2.0,121.0
0.0,0.0,0.0,1.0,1.0,0.0,0.0,0.0,0.0,0.0,1.0,0.0,0.0,0.0,0.0,0.0,0.0,1.0,0.0,0.0,1.0,0.0,1.0,12.0,3.0,4.0,2.0,2.0,1.0,18.0,1.0,1.0,0.0,129.0
1.0,0.0,0.0,1.0,0.0,1.0,0.0,0.0,0.0,1.0,0.0,0.0,0.0,0.0,0.0,0.0,0.0,0.0,1.0,0.0,1.0,0.0,3.0,11.0,2.0,4.0,3.0,2.0,1.0,11.0,1.0,1.0,3.0,157.0
1.0,0.0,0.0,1.0,1.0,0.0,0.0,0.0,0.0,1.0,0.0,0.0,0.0,0.0,0.0,0.0,0.0,1.0,0.0,0.0,1.0,0.0,1.0,13.0,3.0,5.0,3.0,2.0,1.0,24.0,1.0,1.0,6.0,161.0
0.0,1.0,0.0,0.0,0.0,1.0,0.0,0.0,0.0,0.0,0.0,1.0,0.0,0.0,0.0,0.0,0.0,1.0,0.0,0.0,1.0,19.0,1.0,20.0,3.0,3.0,4.0,10.0,1.0,18.0,1.0,4.0,3.0,150.0
1.0,1.0,0.0,0.0,0.0,1.0,0.0,0.0,0.0,1.0,0.0,0.0,0.0,0.0,0.0,0.0,0.0,1.0,0.0,0.0,1.0,0.0,3.0,12.0,3.0,5.0,3.0,5.0,1.0,18.0,6.0,7.0,7.0,162.0
0.0,1.0,0.0,0.0,0.0,1.0,0.0,1.0,0.0,0.0,0.0,0.0,0.0,0.0,0.0,0.0,1.0,0.0,0.0,0.0,1.0,20.0,1.0,29.0,3.0,3.0,2.0,2.0,0.0,12.0,11.0,15.0,6.0,203.0
1.0,0.0,0.0,1.0,0.0,1.0,0.0,0.0,0.0,0.0,0.0,1.0,0.0,0.0,0.0,0.0,0.0,0.0,1.0,0.0,1.0,9.0,3.0,28.0,2.0,3.0,3.0,2.0,1.0,19.0,0.0,1.0,0.0,117.0
0.0,1.0,0.0,0.0,0.0,0.0,1.0,0.0,0.0,1.0,0.0,0.0,0.0,0.0,0.0,0.0,0.0,1.0,0.0,0.0,1.0,0.0,3.0,26.0,3.0,5.0,3.0,4.0,1.0,11.0,1.0,2.0,2.0,146.0
1.0,0.0,0.0,1.0,1.0,0.0,0.0,1.0,0.0,0.0,0.0,0.0,0.0,0.0,0.0,0.0,0.0,1.0,0.0,0.0,1.0,14.0,1.0,14.0,2.0,5.0,2.0,3.0,0.0,15.0,0.0,1.0,3.0,207.0
0.0,0.0,0.0,1.0,0.0,0.0,1.0,0.0,0.0,0.0,0.0,1.0,0.0,0.0,0.0,0.0,1.0,0.0,0.0,0.0,1.0,0.0,1.0,15.0,2.0,3.0,5.0,8.0,0.0,22.0,1.0,1.0,4.0,142.0
1.0,1.0,0.0,0.0,0.0,1.0,0.0,1.0,0.0,0.0,0.0,0.0,0.0,0.0,0.0,0.0,0.0,0.0,1.0,0.0,0.0,8.0,3.0,6.0,3.0,3.0,4.0,2.0,0.0,13.0,1.0,1.0,6.0,173.0
1.0,1.0,0.0,0.0,0.0,0.0,1.0,0.0,0.0,1.0,0.0,0.0,0.0,0.0,0.0,0.0,0.0,0.0,1.0,0.0,0.0,9.0,3.0,12.0,2.0,3.0,3.0,3.0,1.0,20.0,0.0,4.0,5.0,123.0
1.0,0.0,1.0,0.0,0.0,0.0,1.0,0.0,0.0,1.0,0.0,0.0,0.0,0.0,0.0,0.0,0.0,1.0,0.0,0.0,0.0,18.0,1.0,14.0,2.0,3.0,4.0,9.0,0.0,18.0,1.0,1.0,15.0,123.0
0.0,0.0,0.0,1.0,1.0,0.0,0.0,1.0,0.0,0.0,0.0,0.0,0.0,0.0,0.0,0.0,0.0,0.0,1.0,0.0,0.0,5.0,3.0,14.0,2.0,3.0,2.0,2.0,0.0,14.0,2.0,3.0,7.0,190.0
1.0,1.0,0.0,0.0,1.0,0.0,0.0,0.0,0.0,1.0,0.0,0.0,0.0,0.0,1.0,0.0,0.0,0.0,0.0,0.0,0.0,2.0,1.0,6.0,2.0,3.0,3.0,2.0,0.0,13.0,0.0,1.0,9.0,143.0
1.0,1.0,0.0,0.0,0.0,1.0,0.0,0.0,0.0,1.0,0.0,0.0,0.0,0.0,0.0,0.0,1.0,0.0,0.0,0.0,0.0,0.0,1.0,13.0,2.0,4.0,3.0,3.0,0.0,17.0,1.0,1.0,0.0,161.0
0.0,1.0,0.0,0.0,0.0,0.0,1.0,0.0,0.0,0.0,1.0,0.0,0.0,1.0,0.0,0.0,0.0,0.0,0.0,0.0,0.0,30.0,1.0,15.0,3.0,4.0,4.0,5.0,1.0,20.0,1.0,1.0,0.0,133.0
1.0,1.0,0.0,0.0,0.0,1.0,0.0,1.0,0.0,0.0,0.0,0.0,0.0,0.0,0.0,0.0,0.0,0.0,1.0,0.0,0.0,13.0,3.0,10.0,3.0,4.0,2.0,8.0,0.0,11.0,2.0,2.0,11.0,209.0
0.0,1.0,0.0,0.0,1.0,0.0,0.0,0.0,0.0,0.0,1.0,0.0,0.0,0.0,0.0,0.0,0.0,0.0,1.0,0.0,0.0,9.0,3.0,8.0,3.0,3.0,3.0,7.0,0.0,18.0,1.0,1.0,2.0,122.0
1.0,1.0,0.0,0.0,0.0,0.0,1.0,0.0,0.0,0.0,1.0,0.0,0.0,1.0,0.0,0.0,0.0,0.0,0.0,0.0,0.0,0.0,1.0,14.0,3.0,3.0,2.0,2.0,0.0,24.0,0.0,2.0,2.0,123.0
1.0,0.0,1.0,0.0,1.0,0.0,0.0,0.0,0.0,0.0,1.0,0.0,0.0,1.0,0.0,0.0,0.0,0.0,0.0,0.0,0.0,9.0,1.0,15.0,2.0,3.0,4.0,7.0,0.0,18.0,0.0,2.0,2.0,120.0
1.0,1.0,0.0,0.0,0.0,0.0,1.0,0.0,0.0,0.0,1.0,0.0,0.0,1.0,0.0,0.0,0.0,0.0,0.0,0.0,0.0,1.0,1.0,27.0,3.0,3.0,2.0,2.0,0.0,11.0,0.0,1.0,2.0,127.0
1.0,0.0,1.0,0.0,0.0,1.0,0.0,1.0,0.0,0.0,0.0,0.0,0.0,0.0,0.0,0.0,0.0,1.0,0.0,0.0,0.0,30.0,1.0,30.0,2.0,2.0,2.0,4.0,1.0,16.0,1.0,1.0,4.0,194.0
1.0,0.0,1.0,0.0,1.0,0.0,0.0,0.0,0.0,0.0,1.0,0.0,0.0,1.0,0.0,0.0,0.0,0.0,0.0,0.0,0.0,0.0,1.0,14.0,3.0,4.0,3.0,2.0,1.0,15.0,0.0,1.0,1.0,126.0
0.0,0.0,0.0,1.0,0.0,1.0,0.0,0.0,0.0,0.0,0.0,0.0,1.0,0.0,0.0,0.0,0.0,1.0,0.0,0.0,0.0,23.0,1.0,17.0,2.0,3.0,4.0,4.0,0.0,15.0,2.0,4.0,4.0,299.0
1.0,0.0,1.0,0.0,0.0,0.0,1.0,0.0,0.0,0.0,1.0,0.0,0.0,0.0,0.0,0.0,0.0,1.0,0.0,0.0,0.0,14.0,1.0,14.0,2.0,3.0,3.0,5.0,0.0,12.0,1.0,1.0,8.0,125.0
0.0,1.0,0.0,0.0,0.0,1.0,0.0,1.0,0.0,0.0,0.0,0.0,0.0,0.0,0.0,0.0,0.0,1.0,0.0,0.0,0.0,3.0,3.0,11.0,2.0,3.0,2.0,3.0,0.0,12.0,2.0,7.0,4.0,194.0
0.0,0.0,0.0,1.0,0.0,1.0,0.0,0.0,0.0,1.0,0.0,0.0,0.0,0.0,0.0,0.0,0.0,1.0,0.0,0.0,0.0,11.0,3.0,6.0,2.0,4.0,2.0,5.0,0.0,22.0,1.0,1.0,1.0,187.0
1.0,0.0,0.0,1.0,0.0,0.0,1.0,0.0,0.0,0.0,1.0,0.0,0.0,0.0,0.0,0.0,0.0,1.0,0.0,0.0,0.0,5.0,1.0,12.0,3.0,3.0,3.0,4.0,0.0,20.0,0.0,1.0,4.0,130.0
1.0,1.0,0.0,0.0,0.0,0.0,1.0,0.0,0.0,0.0,1.0,0.0,0.0,0.0,1.0,0.0,0.0,0.0,0.0,0.0,0.0,0.0,1.0,23.0,3.0,3.0,4.0,1.0,1.0,16.0,1.0,1.0,1.0,131.0
0.0,0.0,0.0,1.0,1.0,0.0,0.0,0.0,0.0,0.0,1.0,0.0,0.0,0.0,1.0,0.0,0.0,0.0,0.0,0.0,1.0,0.0,3.0,14.0,3.0,5.0,5.0,1.0,0.0,21.0,1.0,1.0,0.0,123.0
1.0,0.0,0.0,1.0,1.0,0.0,0.0,0.0,0.0,0.0,1.0,0.0,0.0,1.0,0.0,0.0,0.0,0.0,0.0,0.0,0.0,9.0,1.0,9.0,1.0,3.0,4.0,5.0,0.0,12.0,4.0,7.0,2.0,121.0
1.0,0.0,1.0,0.0,1.0,0.0,0.0,0.0,0.0,1.0,0.0,0.0,0.0,1.0,0.0,0.0,0.0,0.0,0.0,0.0,0.0,3.0,1.0,15.0,3.0,3.0,5.0,2.0,0.0,11.0,0.0,6.0,10.0,131.0
0.0,0.0,1.0,0.0,0.0,1.0,0.0,0.0,0.0,1.0,0.0,0.0,0.0,0.0,0.0,0.0,0.0,1.0,0.0,0.0,0.0,18.0,3.0,10.0,1.0,3.0,5.0,5.0,1.0,11.0,0.0,1.0,3.0,150.0
0.0,0.0,1.0,0.0,0.0,0.0,1.0,0.0,0.0,0.0,0.0,1.0,0.0,0.0,0.0,0.0,0.0,1.0,0.0,0.0,0.0,29.0,1.0,14.0,3.0,3.0,5.0,5.0,1.0,18.0,1.0,2.0,2.0,143.0
1.0,0.0,0.0,1.0,0.0,0.0,1.0,0.0,0.0,0.0,1.0,0.0,0.0,0.0,0.0,0.0,0.0,1.0,0.0,0.0,0.0,6.0,1.0,14.0,2.0,3.0,2.0,1.0,0.0,14.0,0.0,1.0,2.0,125.0
1.0,0.0,0.0,1.0,0.0,1.0,0.0,0.0,0.0,0.0,0.0,1.0,0.0,0.0,0.0,0.0,0.0,1.0,0.0,0.0,1.0,0.0,1.0,8.0,2.0,4.0,2.0,2.0,0.0,22.0,0.0,1.0,0.0,111.0
0.0,0.0,1.0,0.0,0.0,1.0,0.0,1.0,0.0,0.0,0.0,0.0,0.0,0.0,0.0,0.0,0.0,0.0,1.0,0.0,0.0,19.0,3.0,6.0,3.0,3.0,5.0,2.0,0.0,25.0,4.0,15.0,7.0,205.0
0.0,0.0,0.0,1.0,0.0,0.0,1.0,0.0,0.0,0.0,1.0,0.0,0.0,0.0,0.0,0.0,0.0,1.0,0.0,0.0,0.0,9.0,1.0,15.0,3.0,3.0,2.0,2.0,0.0,12.0,1.0,2.0,1.0,123.0
0.0,1.0,0.0,0.0,0.0,0.0,1.0,0.0,0.0,0.0,0.0,1.0,0.0,0.0,0.0,0.0,1.0,0.0,0.0,0.0,0.0,4.0,1.0,18.0,3.0,3.0,2.0,9.0,1.0,23.0,1.0,1.0,2.0,139.0
0.0,0.0,0.0,1.0,0.0,0.0,1.0,0.0,0.0,0.0,1.0,0.0,0.0,1.0,0.0,0.0,0.0,0.0,0.0,0.0,0.0,9.0,1.0,33.0,3.0,3.0,4.0,3.0,0.0,15.0,1.0,1.0,2.0,123.0
0.0,0.0,0.0,1.0,0.0,0.0,1.0,0.0,0.0,0.0,1.0,0.0,0.0,0.0,0.0,0.0,0.0,0.0,1.0,0.0,1.0,4.0,3.0,26.0,3.0,3.0,4.0,2.0,1.0,22.0,0.0,1.0,2.0,131.0
1.0,1.0,0.0,0.0,0.0,0.0,1.0,0.0,0.0,0.0,0.0,1.0,0.0,0.0,0.0,0.0,1.0,0.0,0.0,0.0,0.0,23.0,1.0,6.0,2.0,4.0,3.0,3.0,0.0,15.0,0.0,1.0,2.0,137.0
0.0,0.0,1.0,0.0,0.0,0.0,1.0,0.0,0.0,1.0,0.0,0.0,0.0,0.0,0.0,0.0,1.0,0.0,0.0,0.0,0.0,26.0,1.0,19.0,2.0,2.0,5.0,2.0,0.0,11.0,1.0,1.0,3.0,145.0
0.0,1.0,0.0,0.0,0.0,0.0,1.0,0.0,0.0,0.0,1.0,0.0,0.0,1.0,0.0,0.0,0.0,0.0,0.0,0.0,0.0,6.0,1.0,20.0,3.0,3.0,4.0,2.0,0.0,13.0,0.0,1.0,6.0,128.0
0.0,1.0,0.0,0.0,0.0,1.0,0.0,0.0,0.0,0.0,0.0,0.0,1.0,0.0,0.0,0.0,1.0,0.0,0.0,0.0,0.0,13.0,1.0,10.0,2.0,3.0,3.0,2.0,0.0,14.0,1.0,9.0,9.0,290.0
1.0,0.0,0.0,1.0,0.0,1.0,0.0,0.0,0.0,0.0,0.0,0.0,1.0,0.0,0.0,0.0,1.0,0.0,0.0,0.0,0.0,28.0,1.0,20.0,3.0,2.0,4.0,9.0,0.0,11.0,1.0,2.0,15.0,287.0
1.0,1.0,0.0,0.0,1.0,0.0,0.0,0.0,0.0,1.0,0.0,0.0,0.0,0.0,0.0,0.0,0.0,1.0,0.0,0.0,0.0,7.0,1.0,8.0,2.0,4.0,3.0,2.0,0.0,17.0,0.0,1.0,9.0,195.0
0.0,0.0,0.0,1.0,0.0,1.0,0.0,0.0,1.0,0.0,0.0,0.0,0.0,0.0,0.0,0.0,1.0,0.0,0.0,0.0,0.0,24.0,1.0,9.0,3.0,3.0,4.0,4.0,0.0,18.0,0.0,2.0,0.0,237.0
1.0,1.0,0.0,0.0,0.0,1.0,0.0,0.0,0.0,0.0,0.0,0.0,1.0,0.0,0.0,0.0,0.0,1.0,0.0,0.0,0.0,25.0,1.0,6.0,3.0,4.0,3.0,1.0,0.0,15.0,1.0,11.0,9.0,300.0
0.0,0.0,0.0,1.0,0.0,0.0,1.0,0.0,0.0,0.0,1.0,0.0,0.0,1.0,0.0,0.0,0.0,0.0,0.0,0.0,0.0,9.0,1.0,15.0,2.0,3.0,4.0,2.0,0.0,16.0,1.0,1.0,3.0,123.0
1.0,1.0,0.0,0.0,0.0,1.0,0.0,0.0,0.0,1.0,0.0,0.0,0.0,0.0,0.0,0.0,0.0,1.0,0.0,0.0,1.0,0.0,1.0,29.0,2.0,4.0,3.0,4.0,1.0,13.0,1.0,1.0,1.0,159.0
1.0,0.0,1.0,0.0,1.0,0.0,0.0,0.0,0.0,0.0,1.0,0.0,0.0,1.0,0.0,0.0,0.0,0.0,0.0,0.0,0.0,9.0,1.0,13.0,2.0,2.0,2.0,5.0,0.0,14.0,0.0,2.0,2.0,121.0
1.0,1.0,0.0,0.0,1.0,0.0,0.0,0.0,1.0,0.0,0.0,0.0,0.0,0.0,0.0,0.0,1.0,0.0,0.0,0.0,0.0,18.0,1.0,8.0,3.0,4.0,2.0,10.0,0.0,23.0,1.0,11.0,8.0,268.0
1.0,1.0,0.0,0.0,0.0,0.0,1.0,0.0,0.0,0.0,0.0,1.0,0.0,0.0,0.0,0.0,0.0,1.0,0.0,0.0,0.0,10.0,1.0,27.0,3.0,2.0,5.0,2.0,1.0,12.0,0.0,1.0,7.0,136.0
0.0,0.0,0.0,1.0,1.0,0.0,0.0,0.0,0.0,1.0,0.0,0.0,0.0,0.0,0.0,0.0,1.0,0.0,0.0,0.0,0.0,8.0,1.0,8.0,2.0,3.0,4.0,6.0,0.0,11.0,1.0,1.0,2.0,144.0
0.0,0.0,1.0,0.0,1.0,0.0,0.0,0.0,0.0,1.0,0.0,0.0,0.0,0.0,0.0,0.0,1.0,0.0,0.0,0.0,0.0,15.0,1.0,27.0,2.0,3.0,3.0,3.0,0.0,16.0,0.0,1.0,2.0,153.0
1.0,1.0,0.0,0.0,0.0,1.0,0.0,0.0,0.0,1.0,0.0,0.0,0.0,0.0,0.0,0.0,0.0,1.0,0.0,0.0,0.0,11.0,1.0,8.0,2.0,3.0,3.0,10.0,0.0,14.0,0.0,1.0,0.0,166.0
1.0,1.0,0.0,0.0,0.0,1.0,0.0,0.0,0.0,1.0,0.0,0.0,0.0,0.0,1.0,0.0,0.0,0.0,0.0,0.0,0.0,11.0,1.0,35.0,2.0,3.0,2.0,4.0,0.0,18.0,0.0,1.0,7.0,163.0
1.0,1.0,0.0,0.0,1.0,0.0,0.0,0.0,0.0,1.0,0.0,0.0,0.0,0.0,1.0,0.0,0.0,0.0,0.0,0.0,0.0,0.0,1.0,6.0,2.0,4.0,5.0,6.0,0.0,19.0,0.0,2.0,0.0,143.0
1.0,0.0,1.0,0.0,1.0,0.0,0.0,0.0,0.0,1.0,0.0,0.0,0.0,0.0,0.0,0.0,0.0,1.0,0.0,0.0,0.0,22.0,1.0,24.0,3.0,3.0,2.0,2.0,1.0,15.0,0.0,1.0,7.0,168.0
1.0,0.0,1.0,0.0,1.0,0.0,0.0,0.0,0.0,0.0,0.0,1.0,0.0,0.0,0.0,0.0,1.0,0.0,0.0,0.0,0.0,7.0,1.0,16.0,2.0,3.0,3.0,2.0,1.0,17.0,2.0,2.0,0.0,138.0
1.0,1.0,0.0,0.0,0.0,0.0,1.0,0.0,0.0,1.0,0.0,0.0,0.0,1.0,0.0,0.0,0.0,0.0,0.0,0.0,0.0,13.0,1.0,25.0,3.0,3.0,2.0,9.0,1.0,15.0,1.0,3.0,7.0,127.0
1.0,1.0,0.0,0.0,0.0,1.0,0.0,0.0,0.0,1.0,0.0,0.0,0.0,0.0,0.0,0.0,1.0,0.0,0.0,0.0,1.0,1.0,1.0,35.0,3.0,3.0,5.0,8.0,1.0,19.0,0.0,1.0,0.0,167.0
0.0,1.0,0.0,0.0,0.0,1.0,0.0,1.0,0.0,0.0,0.0,0.0,0.0,0.0,0.0,0.0,0.0,0.0,1.0,0.0,1.0,0.0,3.0,33.0,2.0,3.0,2.0,2.0,0.0,22.0,1.0,1.0,9.0,176.0
1.0,0.0,1.0,0.0,0.0,0.0,1.0,0.0,0.0,0.0,1.0,0.0,0.0,0.0,0.0,0.0,0.0,1.0,0.0,0.0,0.0,0.0,1.0,14.0,2.0,2.0,4.0,2.0,1.0,16.0,0.0,2.0,2.0,123.0
0.0,0.0,0.0,1.0,1.0,0.0,0.0,0.0,0.0,0.0,1.0,0.0,0.0,1.0,0.0,0.0,0.0,0.0,0.0,0.0,0.0,9.0,1.0,24.0,3.0,3.0,2.0,2.0,0.0,13.0,1.0,1.0,7.0,122.0
1.0,1.0,0.0,0.0,1.0,0.0,0.0,0.0,0.0,1.0,0.0,0.0,0.0,0.0,0.0,0.0,0.0,1.0,0.0,0.0,0.0,13.0,1.0,15.0,3.0,4.0,2.0,10.0,0.0,14.0,1.0,1.0,2.0,149.0
1.0,0.0,1.0,0.0,0.0,1.0,0.0,1.0,0.0,0.0,0.0,0.0,0.0,0.0,0.0,0.0,1.0,0.0,0.0,0.0,0.0,19.0,1.0,6.0,3.0,3.0,5.0,8.0,0.0,16.0,0.0,1.0,3.0,194.0
1.0,1.0,0.0,0.0,0.0,1.0,0.0,1.0,0.0,0.0,0.0,0.0,0.0,0.0,0.0,0.0,1.0,0.0,0.0,0.0,1.0,0.0,3.0,10.0,2.0,5.0,2.0,2.0,0.0,11.0,7.0,9.0,8.0,204.0
1.0,0.0,0.0,1.0,1.0,0.0,0.0,1.0,0.0,0.0,0.0,0.0,0.0,0.0,0.0,0.0,0.0,1.0,0.0,0.0,0.0,3.0,1.0,6.0,2.0,4.0,3.0,2.0,0.0,22.0,2.0,5.0,8.0,185.0
0.0,0.0,0.0,1.0,1.0,0.0,0.0,0.0,0.0,1.0,0.0,0.0,0.0,0.0,0.0,0.0,0.0,1.0,0.0,0.0,0.0,0.0,3.0,26.0,2.0,3.0,3.0,2.0,0.0,14.0,1.0,1.0,7.0,200.0
1.0,1.0,0.0,0.0,0.0,1.0,0.0,1.0,0.0,0.0,0.0,0.0,0.0,0.0,0.0,0.0,0.0,1.0,0.0,0.0,0.0,24.0,1.0,14.0,2.0,4.0,4.0,6.0,0.0,16.0,1.0,4.0,4.543490512868683,225.0
0.0,0.0,0.0,1.0,0.0,0.0,1.0,0.0,0.0,0.0,1.0,0.0,0.0,0.0,1.0,0.0,0.0,0.0,0.0,0.0,1.0,0.0,1.0,14.0,2.0,3.0,5.0,6.0,1.0,11.0,1.0,1.0,4.0,127.0
0.0,0.0,0.0,1.0,0.0,1.0,0.0,1.0,0.0,0.0,0.0,0.0,0.0,0.0,0.0,0.0,0.0,1.0,0.0,0.0,0.0,14.0,3.0,12.0,3.0,3.0,2.0,4.0,1.0,18.0,0.0,2.0,0.0,236.0
0.0,0.0,0.0,1.0,1.0,0.0,0.0,0.0,0.0,1.0,0.0,0.0,0.0,0.0,0.0,0.0,0.0,0.0,1.0,0.0,1.0,0.0,3.0,32.0,2.0,4.0,5.0,6.0,0.0,15.0,0.0,1.0,1.0,167.0
1.0,0.0,0.0,1.0,0.0,0.0,1.0,0.0,0.0,0.0,1.0,0.0,0.0,0.0,0.0,1.0,0.0,0.0,0.0,0.0,1.0,9.0,1.0,6.0,2.0,3.0,3.0,1.0,0.0,14.0,0.0,1.0,5.0,121.0
0.0,0.0,0.0,1.0,1.0,0.0,0.0,1.0,0.0,0.0,0.0,0.0,0.0,0.0,0.0,0.0,1.0,0.0,0.0,0.0,0.0,18.0,3.0,12.0,2.0,4.0,2.0,7.0,0.0,12.0,12.0,12.0,8.0,189.0
0.0,1.0,0.0,0.0,0.0,1.0,0.0,0.0,0.0,1.0,0.0,0.0,0.0,0.0,0.0,0.0,0.0,0.0,1.0,0.0,0.0,27.0,3.0,9.0,2.0,3.0,5.0,3.0,0.0,14.0,1.0,1.0,5.0,159.0
1.0,0.0,0.0,1.0,0.0,1.0,0.0,0.0,0.0,1.0,0.0,0.0,0.0,0.0,0.0,0.0,0.0,1.0,0.0,0.0,0.0,9.0,1.0,11.0,3.0,3.0,4.0,9.0,0.0,16.0,0.0,3.0,7.0,159.0
0.0,1.0,0.0,0.0,0.0,0.0,1.0,0.0,0.0,0.0,1.0,0.0,0.0,1.0,0.0,0.0,0.0,0.0,0.0,0.0,0.0,6.0,1.0,14.0,2.0,4.0,4.0,7.0,0.0,21.0,0.0,1.0,1.0,126.0
1.0,0.0,1.0,0.0,1.0,0.0,0.0,1.0,0.0,0.0,0.0,0.0,0.0,0.0,0.0,0.0,0.0,0.0,0.0,1.0,0.0,10.0,1.0,17.0,2.0,3.0,2.0,2.0,1.0,14.0,0.0,1.0,4.543490512868683,222.0
1.0,0.0,1.0,0.0,0.0,1.0,0.0,1.0,0.0,0.0,0.0,0.0,0.0,0.0,0.0,0.0,0.0,1.0,0.0,0.0,0.0,11.0,3.0,9.0,3.0,3.0,3.0,1.0,0.0,12.0,1.0,5.0,13.0,206.0
1.0,1.0,0.0,0.0,1.0,0.0,0.0,0.0,0.0,1.0,0.0,0.0,0.0,0.0,0.0,0.0,1.0,0.0,0.0,0.0,0.0,4.0,1.0,6.0,2.0,5.0,3.0,1.0,0.0,12.0,1.0,1.0,4.0,143.0
1.0,1.0,0.0,0.0,0.0,0.0,1.0,0.0,0.0,0.0,1.0,0.0,0.0,0.0,0.0,0.0,0.0,1.0,0.0,0.0,0.0,9.0,1.0,9.0,3.0,4.0,2.0,4.0,0.0,17.0,0.0,1.0,0.0,122.0
1.0,0.0,1.0,0.0,1.0,0.0,0.0,0.0,0.0,0.0,0.0,1.0,0.0,0.0,0.0,0.0,0.0,0.0,1.0,0.0,0.0,10.0,3.0,10.0,2.0,3.0,2.0,5.0,0.0,17.0,1.0,5.0,8.0,0.0
0.0,1.0,0.0,0.0,1.0,0.0,0.0,1.0,0.0,0.0,0.0,0.0,0.0,0.0,0.0,0.0,1.0,0.0,0.0,0.0,0.0,2.0,3.0,6.0,2.0,3.0,2.0,2.0,0.0,14.0,4.0,4.0,1.0,179.0
0.0,0.0,0.0,1.0,1.0,0.0,0.0,1.0,0.0,0.0,0.0,0.0,0.0,0.0,0.0,0.0,0.0,0.0,1.0,0.0,0.0,8.0,3.0,6.0,3.0,3.0,3.0,2.0,0.0,14.0,1.0,1.0,8.0,188.0
1.0,0.0,0.0,1.0,0.0,0.0,1.0,0.0,0.0,0.0,1.0,0.0,0.0,1.0,0.0,0.0,0.0,0.0,0.0,0.0,1.0,0.0,1.0,14.0,2.0,4.0,2.0,2.0,1.0,13.0,0.0,1.0,1.0,124.0
0.0,0.0,0.0,1.0,0.0,0.0,1.0,0.0,0.0,0.0,1.0,0.0,0.0,0.0,0.0,0.0,0.0,1.0,0.0,0.0,0.0,25.0,1.0,8.0,2.0,4.0,2.0,8.0,0.0,15.0,0.0,2.0,2.0,132.0
1.0,1.0,0.0,0.0,0.0,1.0,0.0,0.0,0.0,0.0,0.0,0.0,1.0,0.0,0.0,1.0,0.0,0.0,0.0,0.0,0.0,15.0,1.0,10.0,2.0,3.0,2.0,2.0,0.0,15.0,0.0,11.0,15.0,292.0
1.0,1.0,0.0,0.0,0.0,0.0,1.0,0.0,0.0,0.0,1.0,0.0,0.0,1.0,0.0,0.0,0.0,0.0,0.0,0.0,0.0,9.0,2.0,12.0,2.0,3.0,3.0,9.0,0.0,17.0,2.0,2.0,2.0,123.0
0.0,0.0,1.0,0.0,0.0,1.0,0.0,0.0,0.0,0.0,0.0,0.0,1.0,0.0,0.0,0.0,1.0,0.0,0.0,0.0,0.0,23.0,3.0,6.0,3.0,3.0,2.0,4.0,0.0,15.0,1.0,1.0,6.0,295.0
1.0,1.0,0.0,0.0,0.0,0.0,1.0,0.0,0.0,0.0,1.0,0.0,0.0,1.0,0.0,0.0,0.0,0.0,0.0,0.0,1.0,0.0,1.0,14.0,2.0,3.0,2.0,6.0,1.0,13.0,0.0,1.0,4.0,124.0
0.0,1.0,0.0,0.0,0.0,1.0,0.0,0.0,1.0,0.0,0.0,0.0,0.0,0.0,0.0,0.0,0.0,0.0,1.0,0.0,0.0,16.0,3.0,22.0,3.0,3.0,2.0,6.0,1.0,22.0,0.0,2.0,9.0,261.0
0.0,1.0,0.0,0.0,0.0,0.0,1.0,0.0,0.0,0.0,1.0,0.0,0.0,0.0,0.0,0.0,0.0,1.0,0.0,0.0,1.0,0.0,1.0,8.0,3.0,3.0,5.0,8.0,0.0,20.0,1.0,1.0,7.0,127.0
1.0,0.0,0.0,1.0,1.0,0.0,0.0,0.0,0.0,0.0,0.0,0.0,1.0,0.0,0.0,0.0,0.0,1.0,0.0,0.0,0.0,25.0,3.0,8.0,3.0,4.0,3.0,2.0,1.0,18.0,1.0,15.0,12.0,291.0
0.0,1.0,0.0,0.0,0.0,0.0,1.0,0.0,0.0,0.0,0.0,1.0,0.0,0.0,0.0,0.0,0.0,1.0,0.0,0.0,0.0,5.0,3.0,10.0,2.0,3.0,4.0,3.0,0.0,11.0,1.0,1.0,2.0,139.0
1.0,0.0,0.0,1.0,0.0,0.0,1.0,0.0,0.0,0.0,0.0,1.0,0.0,0.0,0.0,0.0,0.0,1.0,0.0,0.0,1.0,0.0,1.0,6.0,3.0,4.0,3.0,1.0,1.0,14.0,1.0,1.0,2.0,137.0
0.0,0.0,1.0,0.0,0.0,0.0,1.0,0.0,0.0,0.0,1.0,0.0,0.0,1.0,0.0,0.0,0.0,0.0,0.0,0.0,0.0,9.0,1.0,6.0,3.0,3.0,3.0,8.0,0.0,14.0,0.0,1.0,2.0,122.0
1.0,1.0,0.0,0.0,1.0,0.0,0.0,0.0,0.0,1.0,0.0,0.0,0.0,0.0,0.0,0.0,0.0,0.0,1.0,0.0,0.0,5.0,3.0,32.0,3.0,3.0,2.0,1.0,0.0,18.0,1.0,2.0,2.0,145.0
1.0,0.0,1.0,0.0,0.0,0.0,1.0,0.0,0.0,1.0,0.0,0.0,0.0,0.0,0.0,0.0,0.0,1.0,0.0,0.0,0.0,14.0,1.0,25.0,3.0,3.0,5.0,3.0,0.0,16.0,1.0,1.0,0.0,131.0
1.0,0.0,1.0,0.0,0.0,0.0,1.0,0.0,0.0,1.0,0.0,0.0,0.0,0.0,1.0,0.0,0.0,0.0,0.0,0.0,0.0,13.0,1.0,30.0,3.0,3.0,2.0,2.0,0.0,17.0,2.0,4.0,7.0,133.0
1.0,1.0,0.0,0.0,0.0,1.0,0.0,0.0,0.0,0.0,0.0,0.0,1.0,0.0,0.0,0.0,0.0,0.0,0.0,1.0,0.0,18.0,1.0,6.0,3.0,2.0,2.0,1.0,0.0,15.0,1.0,1.0,7.0,292.0
1.0,0.0,1.0,0.0,1.0,0.0,0.0,1.0,0.0,0.0,0.0,0.0,0.0,0.0,0.0,0.0,1.0,0.0,0.0,0.0,0.0,4.0,1.0,9.0,3.0,3.0,3.0,10.0,0.0,12.0,1.0,2.0,2.0,237.0
0.0,1.0,0.0,0.0,0.0,0.0,1.0,0.0,0.0,0.0,1.0,0.0,0.0,0.0,0.0,0.0,0.0,1.0,0.0,0.0,0.0,6.0,1.0,11.0,3.0,4.0,2.0,2.0,0.0,13.0,0.0,1.0,2.0,129.0
1.0,1.0,0.0,0.0,0.0,1.0,0.0,0.0,0.0,1.0,0.0,0.0,0.0,0.0,0.0,0.0,0.0,1.0,0.0,0.0,0.0,7.0,1.0,8.0,2.0,4.0,5.0,7.0,0.0,13.0,0.0,5.0,9.0,160.0
0.0,1.0,0.0,0.0,0.0,0.0,1.0,0.0,0.0,0.0,0.0,1.0,0.0,0.0,0.0,0.0,1.0,0.0,0.0,0.0,0.0,10.0,1.0,6.0,2.0,4.0,5.0,3.0,0.0,14.0,1.0,1.0,2.0,139.0
1.0,1.0,0.0,0.0,1.0,0.0,0.0,0.0,0.0,1.0,0.0,0.0,0.0,0.0,0.0,0.0,0.0,1.0,0.0,0.0,0.0,18.0,1.0,13.0,3.0,2.0,3.0,5.0,0.0,17.0,0.0,1.0,2.0,164.0
1.0,0.0,1.0,0.0,1.0,0.0,0.0,1.0,0.0,0.0,0.0,0.0,0.0,0.0,0.0,0.0,1.0,0.0,0.0,0.0,1.0,0.0,1.0,16.0,3.0,3.0,3.0,7.0,0.0,11.0,1.0,1.0,0.0,200.0
0.0,0.0,0.0,1.0,1.0,0.0,0.0,1.0,0.0,0.0,0.0,0.0,0.0,0.0,0.0,1.0,0.0,0.0,0.0,0.0,0.0,12.0,1.0,8.0,3.0,3.0,3.0,1.0,0.0,25.0,10.0,11.0,4.543490512868683,209.0
1.0,0.0,0.0,1.0,0.0,0.0,1.0,0.0,0.0,0.0,1.0,0.0,0.0,0.0,0.0,0.0,0.0,1.0,0.0,0.0,0.0,2.0,1.0,14.0,2.0,3.0,2.0,2.0,0.0,19.0,0.0,1.0,5.0,123.0
0.0,0.0,0.0,1.0,0.0,1.0,0.0,0.0,0.0,1.0,0.0,0.0,0.0,0.0,0.0,0.0,0.0,1.0,0.0,0.0,0.0,15.0,1.0,23.0,2.0,2.0,5.0,4.0,1.0,13.0,0.0,1.0,2.0,165.0
1.0,0.0,1.0,0.0,0.0,1.0,0.0,0.0,0.0,1.0,0.0,0.0,0.0,0.0,0.0,0.0,0.0,0.0,1.0,0.0,0.0,2.0,3.0,26.0,2.0,3.0,2.0,3.0,0.0,14.0,1.0,1.0,2.0,169.0
0.0,1.0,0.0,0.0,0.0,0.0,1.0,0.0,0.0,1.0,0.0,0.0,0.0,0.0,0.0,0.0,0.0,1.0,0.0,0.0,0.0,0.0,1.0,6.0,3.0,3.0,3.0,1.0,0.0,12.0,1.0,1.0,2.0,149.0
0.0,0.0,1.0,0.0,0.0,0.0,1.0,0.0,0.0,0.0,1.0,0.0,0.0,1.0,0.0,0.0,0.0,0.0,0.0,0.0,0.0,15.0,1.0,14.0,2.0,4.0,5.0,1.0,1.0,11.0,4.0,7.0,8.0,126.0
1.0,0.0,1.0,0.0,0.0,1.0,0.0,0.0,0.0,0.0,0.0,0.0,1.0,0.0,0.0,0.0,1.0,0.0,0.0,0.0,0.0,13.0,1.0,8.0,2.0,3.0,3.0,1.0,0.0,15.0,0.0,3.0,9.0,294.0
1.0,1.0,0.0,0.0,0.0,0.0,1.0,0.0,0.0,0.0,1.0,0.0,0.0,0.0,0.0,0.0,0.0,1.0,0.0,0.0,0.0,24.0,1.0,6.0,3.0,3.0,2.0,2.0,0.0,11.0,1.0,1.0,0.0,127.0
1.0,0.0,0.0,1.0,1.0,0.0,0.0,0.0,0.0,0.0,1.0,0.0,0.0,1.0,0.0,0.0,0.0,0.0,0.0,0.0,1.0,0.0,1.0,35.0,3.0,4.0,4.0,1.0,0.0,11.0,1.0,1.0,4.0,135.0
1.0,1.0,0.0,0.0,1.0,0.0,0.0,0.0,0.0,0.0,1.0,0.0,0.0,0.0,0.0,0.0,0.0,1.0,0.0,0.0,0.0,5.0,1.0,13.0,3.0,2.0,4.0,2.0,0.0,20.0,0.0,1.0,3.0,128.0
1.0,1.0,0.0,0.0,1.0,0.0,0.0,0.0,0.0,1.0,0.0,0.0,0.0,0.0,0.0,0.0,0.0,1.0,0.0,0.0,0.0,11.0,3.0,8.0,2.0,4.0,2.0,4.0,0.0,18.0,6.0,7.0,5.0,152.0
1.0,0.0,0.0,1.0,0.0,0.0,1.0,0.0,0.0,1.0,0.0,0.0,0.0,0.0,0.0,1.0,0.0,0.0,0.0,0.0,0.0,9.0,1.0,8.0,2.0,4.0,5.0,5.0,0.0,13.0,0.0,1.0,4.0,122.0
0.0,1.0,0.0,0.0,0.0,1.0,0.0,0.0,1.0,0.0,0.0,0.0,0.0,0.0,0.0,1.0,0.0,0.0,0.0,0.0,0.0,19.0,3.0,8.0,3.0,5.0,4.0,4.0,1.0,12.0,1.0,7.0,7.0,269.0
1.0,0.0,0.0,1.0,0.0,0.0,1.0,0.0,0.0,0.0,1.0,0.0,0.0,0.0,0.0,0.0,0.0,1.0,0.0,0.0,1.0,0.0,1.0,8.0,3.0,3.0,3.0,3.0,0.0,11.0,1.0,1.0,0.0,135.0
1.0,1.0,0.0,0.0,0.0,1.0,0.0,0.0,0.0,1.0,0.0,0.0,0.0,0.0,0.0,0.0,1.0,0.0,0.0,0.0,0.0,2.0,3.0,8.0,3.0,4.0,4.0,3.0,0.0,19.0,0.0,1.0,0.0,166.0
1.0,1.0,0.0,0.0,0.0,1.0,0.0,0.0,0.0,1.0,0.0,0.0,0.0,0.0,0.0,0.0,1.0,0.0,0.0,0.0,0.0,4.0,1.0,29.0,3.0,4.0,2.0,1.0,0.0,21.0,1.0,7.0,8.0,156.0
1.0,0.0,1.0,0.0,1.0,0.0,0.0,0.0,0.0,1.0,0.0,0.0,0.0,0.0,0.0,0.0,0.0,1.0,0.0,0.0,0.0,0.0,1.0,11.0,2.0,2.0,5.0,2.0,0.0,12.0,1.0,1.0,5.0,140.0
1.0,1.0,0.0,0.0,0.0,1.0,0.0,0.0,1.0,0.0,0.0,0.0,0.0,0.0,0.0,0.0,1.0,0.0,0.0,0.0,0.0,18.0,1.0,26.0,3.0,3.0,2.0,1.0,1.0,14.0,0.0,2.0,10.0,235.0
1.0,1.0,0.0,0.0,0.0,0.0,1.0,0.0,0.0,0.0,1.0,0.0,0.0,0.0,0.0,0.0,0.0,1.0,0.0,0.0,0.0,9.0,1.0,12.0,2.0,3.0,2.0,1.0,0.0,11.0,4.0,10.0,11.0,132.0
1.0,0.0,0.0,1.0,0.0,1.0,0.0,0.0,0.0,0.0,0.0,0.0,1.0,0.0,0.0,0.0,1.0,0.0,0.0,0.0,0.0,28.0,1.0,6.0,2.0,3.0,5.0,1.0,1.0,14.0,1.0,4.0,13.0,290.0
1.0,1.0,0.0,0.0,1.0,0.0,0.0,1.0,0.0,0.0,0.0,0.0,0.0,0.0,0.0,0.0,0.0,1.0,0.0,0.0,1.0,10.0,1.0,35.0,2.0,3.0,4.0,2.0,1.0,12.0,5.0,9.0,4.543490512868683,218.0
1.0,1.0,0.0,0.0,0.0,0.0,1.0,0.0,0.0,0.0,1.0,0.0,0.0,1.0,0.0,0.0,0.0,0.0,0.0,0.0,0.0,9.0,1.0,15.0,3.0,3.0,2.0,2.0,0.0,23.0,1.0,1.0,4.0,121.0
1.0,1.0,0.0,0.0,0.0,1.0,0.0,0.0,0.0,1.0,0.0,0.0,0.0,0.0,0.0,0.0,1.0,0.0,0.0,0.0,0.0,10.0,3.0,12.0,3.0,3.0,2.0,5.0,0.0,14.0,0.0,1.0,1.0,165.0
1.0,0.0,0.0,1.0,0.0,0.0,1.0,0.0,0.0,0.0,1.0,0.0,0.0,1.0,0.0,0.0,0.0,0.0,0.0,0.0,0.0,0.0,1.0,9.0,3.0,4.0,3.0,2.0,0.0,17.0,1.0,1.0,0.0,132.0
0.0,0.0,1.0,0.0,1.0,0.0,0.0,1.0,0.0,0.0,0.0,0.0,0.0,0.0,0.0,0.0,1.0,0.0,0.0,0.0,0.0,10.0,1.0,6.0,0.0,3.0,2.0,3.0,1.0,18.0,0.0,2.0,2.0,236.0
0.0,0.0,1.0,0.0,0.0,1.0,0.0,1.0,0.0,0.0,0.0,0.0,0.0,0.0,0.0,0.0,0.0,1.0,0.0,0.0,0.0,2.0,1.0,28.0,3.0,2.0,4.0,8.0,0.0,18.0,5.0,6.0,4.543490512868683,220.0
0.0,0.0,1.0,0.0,0.0,1.0,0.0,0.0,0.0,1.0,0.0,0.0,0.0,0.0,0.0,0.0,1.0,0.0,0.0,0.0,0.0,11.0,3.0,13.0,2.0,2.0,5.0,2.0,1.0,24.0,0.0,7.0,7.0,156.0
0.0,0.0,1.0,0.0,1.0,0.0,0.0,0.0,0.0,1.0,0.0,0.0,0.0,0.0,0.0,0.0,0.0,1.0,0.0,0.0,0.0,0.0,1.0,6.0,2.0,3.0,4.0,2.0,0.0,20.0,0.0,1.0,4.0,164.0
1.0,0.0,1.0,0.0,0.0,1.0,0.0,0.0,0.0,0.0,0.0,0.0,1.0,0.0,0.0,0.0,0.0,1.0,0.0,0.0,0.0,23.0,1.0,10.0,3.0,3.0,4.0,4.0,0.0,14.0,1.0,1.0,6.0,291.0
1.0,1.0,0.0,0.0,0.0,1.0,0.0,0.0,1.0,0.0,0.0,0.0,0.0,0.0,0.0,0.0,1.0,0.0,0.0,0.0,0.0,26.0,1.0,9.0,2.0,3.0,3.0,4.0,1.0,16.0,1.0,1.0,3.0,276.0
1.0,1.0,0.0,0.0,0.0,0.0,1.0,0.0,0.0,1.0,0.0,0.0,0.0,0.0,0.0,0.0,0.0,1.0,0.0,0.0,0.0,15.0,3.0,6.0,2.0,3.0,3.0,2.0,0.0,25.0,4.0,11.0,6.0,149.0
1.0,0.0,0.0,1.0,1.0,0.0,0.0,0.0,0.0,1.0,0.0,0.0,0.0,0.0,0.0,0.0,0.0,1.0,0.0,0.0,0.0,2.0,3.0,8.0,2.0,3.0,2.0,2.0,0.0,18.0,0.0,1.0,9.0,146.0
1.0,1.0,0.0,0.0,0.0,1.0,0.0,0.0,0.0,1.0,0.0,0.0,0.0,0.0,1.0,0.0,0.0,0.0,0.0,0.0,0.0,28.0,1.0,26.0,2.0,3.0,2.0,4.0,1.0,19.0,1.0,1.0,8.0,154.0
1.0,1.0,0.0,0.0,1.0,0.0,0.0,0.0,0.0,1.0,0.0,0.0,0.0,0.0,0.0,0.0,1.0,0.0,0.0,0.0,0.0,0.0,1.0,17.0,2.0,3.0,5.0,2.0,1.0,13.0,2.0,3.0,3.0,147.0
0.0,0.0,0.0,1.0,0.0,0.0,1.0,0.0,0.0,0.0,1.0,0.0,0.0,0.0,0.0,0.0,0.0,1.0,0.0,0.0,0.0,9.0,1.0,6.0,2.0,3.0,2.0,2.0,0.0,12.0,1.0,5.0,7.0,121.0
1.0,0.0,1.0,0.0,1.0,0.0,0.0,0.0,0.0,0.0,1.0,0.0,0.0,0.0,0.0,0.0,0.0,1.0,0.0,0.0,1.0,7.0,1.0,30.0,3.0,3.0,3.0,4.0,1.0,22.0,0.0,1.0,0.0,132.0
1.0,0.0,1.0,0.0,0.0,1.0,0.0,0.0,0.0,1.0,0.0,0.0,0.0,0.0,0.0,0.0,0.0,1.0,0.0,0.0,0.0,11.0,1.0,29.0,2.0,3.0,2.0,10.0,0.0,14.0,0.0,1.0,2.0,157.0
1.0,0.0,1.0,0.0,0.0,0.0,1.0,0.0,0.0,0.0,1.0,0.0,0.0,1.0,0.0,0.0,0.0,0.0,0.0,0.0,1.0,0.0,1.0,14.0,2.0,3.0,4.0,3.0,1.0,13.0,1.0,1.0,2.0,124.0
0.0,0.0,0.0,1.0,0.0,0.0,1.0,0.0,0.0,0.0,1.0,0.0,0.0,0.0,0.0,0.0,0.0,1.0,0.0,0.0,0.0,1.0,1.0,14.0,3.0,3.0,2.0,2.0,0.0,21.0,0.0,1.0,2.0,133.0
0.0,0.0,0.0,1.0,1.0,0.0,0.0,0.0,0.0,0.0,0.0,0.0,1.0,0.0,0.0,0.0,0.0,1.0,0.0,0.0,0.0,22.0,1.0,16.0,2.0,3.0,5.0,10.0,1.0,11.0,1.0,1.0,2.0,287.0
1.0,0.0,0.0,1.0,0.0,0.0,1.0,0.0,0.0,1.0,0.0,0.0,0.0,0.0,1.0,0.0,0.0,0.0,0.0,0.0,0.0,9.0,1.0,9.0,1.0,3.0,4.0,5.0,0.0,12.0,6.0,7.0,7.0,145.0
0.0,0.0,1.0,0.0,1.0,0.0,0.0,0.0,0.0,0.0,1.0,0.0,0.0,0.0,0.0,0.0,0.0,0.0,1.0,0.0,0.0,4.0,3.0,11.0,3.0,3.0,4.0,2.0,0.0,11.0,0.0,2.0,2.0,128.0
1.0,0.0,0.0,1.0,0.0,1.0,0.0,0.0,0.0,1.0,0.0,0.0,0.0,0.0,0.0,0.0,0.0,0.0,1.0,0.0,1.0,0.0,3.0,10.0,2.0,4.0,2.0,2.0,1.0,12.0,7.0,7.0,4.0,158.0
1.0,1.0,0.0,0.0,1.0,0.0,0.0,0.0,0.0,0.0,1.0,0.0,0.0,1.0,0.0,0.0,0.0,0.0,0.0,0.0,0.0,10.0,1.0,14.0,2.0,3.0,2.0,2.0,1.0,12.0,0.0,1.0,2.0,123.0
0.0,1.0,0.0,0.0,1.0,0.0,0.0,0.0,1.0,0.0,0.0,0.0,0.0,0.0,0.0,0.0,0.0,0.0,1.0,0.0,0.0,15.0,3.0,32.0,3.0,3.0,4.0,6.0,0.0,14.0,2.0,2.0,8.0,235.0
1.0,0.0,0.0,1.0,0.0,1.0,0.0,0.0,0.0,0.0,0.0,1.0,0.0,0.0,0.0,0.0,0.0,1.0,0.0,0.0,1.0,9.0,1.0,9.0,2.0,3.0,3.0,2.0,0.0,13.0,0.0,1.0,0.0,114.0
1.0,1.0,0.0,0.0,0.0,1.0,0.0,1.0,0.0,0.0,0.0,0.0,0.0,0.0,0.0,0.0,0.0,0.0,1.0,0.0,0.0,8.0,3.0,22.0,3.0,3.0,4.0,1.0,0.0,15.0,3.0,6.0,9.0,180.0
1.0,1.0,0.0,0.0,1.0,0.0,0.0,0.0,0.0,0.0,0.0,1.0,0.0,0.0,0.0,0.0,0.0,1.0,0.0,0.0,0.0,9.0,1.0,24.0,2.0,2.0,2.0,5.0,0.0,18.0,0.0,1.0,0.0,137.0
1.0,0.0,1.0,0.0,0.0,1.0,0.0,0.0,0.0,1.0,0.0,0.0,0.0,0.0,0.0,0.0,1.0,0.0,0.0,0.0,0.0,24.0,1.0,8.0,2.0,5.0,4.0,6.0,0.0,18.0,0.0,1.0,2.0,155.0
1.0,0.0,0.0,1.0,0.0,1.0,0.0,0.0,1.0,0.0,0.0,0.0,0.0,0.0,0.0,0.0,0.0,1.0,0.0,0.0,0.0,14.0,3.0,8.0,2.0,3.0,4.0,2.0,0.0,19.0,1.0,2.0,4.0,260.0
0.0,0.0,0.0,1.0,0.0,1.0,0.0,0.0,0.0,0.0,0.0,1.0,0.0,0.0,0.0,0.0,1.0,0.0,0.0,0.0,0.0,0.0,3.0,16.0,3.0,4.0,3.0,2.0,0.0,12.0,1.0,1.0,0.0,112.0
1.0,0.0,0.0,1.0,0.0,1.0,0.0,0.0,0.0,1.0,0.0,0.0,0.0,0.0,0.0,0.0,1.0,0.0,0.0,0.0,0.0,1.0,1.0,22.0,3.0,2.0,5.0,1.0,0.0,19.0,0.0,1.0,7.0,157.0
1.0,1.0,0.0,0.0,0.0,1.0,0.0,0.0,0.0,1.0,0.0,0.0,0.0,0.0,1.0,0.0,0.0,0.0,0.0,0.0,0.0,4.0,3.0,13.0,3.0,2.0,2.0,5.0,0.0,11.0,3.0,7.0,7.0,169.0
1.0,0.0,1.0,0.0,0.0,1.0,0.0,1.0,0.0,0.0,0.0,0.0,0.0,0.0,0.0,0.0,1.0,0.0,0.0,0.0,0.0,12.0,1.0,6.0,2.0,2.0,2.0,1.0,0.0,17.0,3.0,3.0,7.0,196.0
0.0,1.0,0.0,0.0,1.0,0.0,0.0,0.0,0.0,1.0,0.0,0.0,0.0,0.0,0.0,0.0,0.0,1.0,0.0,0.0,0.0,9.0,1.0,30.0,2.0,3.0,4.0,8.0,0.0,15.0,0.0,1.0,8.0,157.0
1.0,1.0,0.0,0.0,0.0,1.0,0.0,0.0,0.0,1.0,0.0,0.0,0.0,0.0,0.0,0.0,0.0,1.0,0.0,0.0,0.0,5.0,3.0,13.0,3.0,4.0,3.0,2.0,0.0,14.0,1.0,4.0,8.0,155.0
0.0,1.0,0.0,0.0,0.0,1.0,0.0,1.0,0.0,0.0,0.0,0.0,0.0,0.0,0.0,0.0,0.0,1.0,0.0,0.0,0.0,11.0,1.0,31.0,2.0,4.0,4.0,4.0,0.0,17.0,1.0,1.0,4.543490512868683,221.0
1.0,0.0,1.0,0.0,1.0,0.0,0.0,0.0,0.0,1.0,0.0,0.0,0.0,0.0,0.0,0.0,0.0,1.0,0.0,0.0,0.0,30.0,1.0,6.0,2.0,5.0,3.0,3.0,1.0,13.0,1.0,1.0,2.0,157.0
1.0,1.0,0.0,0.0,0.0,0.0,1.0,0.0,0.0,0.0,0.0,1.0,0.0,0.0,1.0,0.0,0.0,0.0,0.0,0.0,0.0,4.0,1.0,11.0,2.0,3.0,2.0,1.0,1.0,12.0,0.0,1.0,3.0,148.0
1.0,1.0,0.0,0.0,0.0,1.0,0.0,0.0,0.0,1.0,0.0,0.0,0.0,0.0,0.0,0.0,0.0,0.0,0.0,1.0,0.0,4.0,2.0,8.0,3.0,4.0,5.0,4.0,0.0,12.0,0.0,1.0,0.0,164.0
1.0,0.0,1.0,0.0,1.0,0.0,0.0,1.0,0.0,0.0,0.0,0.0,0.0,0.0,0.0,0.0,0.0,1.0,0.0,0.0,0.0,18.0,1.0,13.0,3.0,3.0,5.0,2.0,0.0,18.0,5.0,9.0,11.0,152.0
1.0,0.0,1.0,0.0,0.0,0.0,1.0,0.0,0.0,0.0,1.0,0.0,0.0,0.0,0.0,0.0,0.0,1.0,0.0,0.0,0.0,4.0,1.0,8.0,3.0,3.0,2.0,1.0,1.0,18.0,1.0,2.0,2.0,127.0
0.0,1.0,0.0,0.0,1.0,0.0,0.0,1.0,0.0,0.0,0.0,0.0,0.0,0.0,0.0,0.0,0.0,1.0,0.0,0.0,0.0,6.0,1.0,11.0,3.0,3.0,4.0,7.0,0.0,11.0,2.0,8.0,4.543490512868683,219.0
1.0,1.0,0.0,0.0,0.0,1.0,0.0,0.0,1.0,0.0,0.0,0.0,0.0,0.0,0.0,0.0,1.0,0.0,0.0,0.0,0.0,12.0,1.0,16.0,2.0,3.0,5.0,2.0,1.0,14.0,1.0,11.0,10.0,271.0
0.0,0.0,0.0,1.0,1.0,0.0,0.0,0.0,0.0,0.0,1.0,0.0,0.0,0.0,0.0,0.0,0.0,1.0,0.0,0.0,0.0,16.0,1.0,14.0,2.0,3.0,2.0,1.0,0.0,19.0,0.0,1.0,7.0,125.0
0.0,0.0,0.0,1.0,0.0,1.0,0.0,0.0,1.0,0.0,0.0,0.0,0.0,0.0,0.0,1.0,0.0,0.0,0.0,0.0,0.0,22.0,1.0,6.0,2.0,4.0,3.0,8.0,1.0,12.0,1.0,2.0,7.0,240.0
1.0,1.0,0.0,0.0,0.0,0.0,1.0,0.0,0.0,1.0,0.0,0.0,0.0,0.0,0.0,0.0,1.0,0.0,0.0,0.0,1.0,15.0,1.0,14.0,2.0,4.0,4.0,3.0,0.0,15.0,7.0,7.0,7.0,149.0
0.0,0.0,0.0,1.0,0.0,0.0,1.0,0.0,0.0,0.0,1.0,0.0,0.0,0.0,0.0,0.0,0.0,1.0,0.0,0.0,0.0,0.0,1.0,14.0,2.0,3.0,4.0,2.0,1.0,12.0,0.0,1.0,2.0,125.0
0.0,1.0,0.0,0.0,0.0,1.0,0.0,0.0,0.0,1.0,0.0,0.0,0.0,0.0,1.0,0.0,0.0,0.0,0.0,0.0,0.0,5.0,3.0,14.0,3.0,4.0,4.0,2.0,1.0,11.0,6.0,11.0,9.0,152.0
1.0,0.0,0.0,1.0,0.0,0.0,1.0,0.0,0.0,1.0,0.0,0.0,0.0,0.0,0.0,0.0,0.0,1.0,0.0,0.0,0.0,0.0,3.0,8.0,3.0,3.0,3.0,2.0,1.0,11.0,1.0,1.0,4.0,145.0
1.0,0.0,1.0,0.0,0.0,1.0,0.0,0.0,0.0,1.0,0.0,0.0,0.0,0.0,0.0,0.0,0.0,0.0,1.0,0.0,0.0,4.0,3.0,13.0,3.0,3.0,2.0,5.0,0.0,12.0,0.0,1.0,7.0,175.0
0.0,0.0,0.0,1.0,0.0,1.0,0.0,0.0,0.0,1.0,0.0,0.0,0.0,0.0,0.0,0.0,1.0,0.0,0.0,0.0,0.0,5.0,1.0,8.0,3.0,2.0,2.0,8.0,0.0,16.0,1.0,1.0,7.0,151.0
1.0,1.0,0.0,0.0,0.0,0.0,1.0,0.0,0.0,0.0,1.0,0.0,0.0,1.0,0.0,0.0,0.0,0.0,0.0,0.0,1.0,0.0,1.0,8.0,2.0,5.0,2.0,6.0,1.0,13.0,2.0,2.0,2.0,135.0
0.0,1.0,0.0,0.0,0.0,1.0,0.0,0.0,0.0,1.0,0.0,0.0,0.0,0.0,0.0,0.0,1.0,0.0,0.0,0.0,0.0,3.0,1.0,34.0,3.0,3.0,2.0,2.0,0.0,13.0,0.0,1.0,9.0,158.0
0.0,1.0,0.0,0.0,1.0,0.0,0.0,1.0,0.0,0.0,0.0,0.0,0.0,0.0,0.0,0.0,0.0,1.0,0.0,0.0,0.0,4.0,1.0,13.0,2.0,4.0,3.0,2.0,0.0,24.0,3.0,8.0,9.0,189.0
1.0,1.0,0.0,0.0,1.0,0.0,0.0,0.0,0.0,0.0,0.0,0.0,1.0,0.0,0.0,0.0,1.0,0.0,0.0,0.0,0.0,12.0,1.0,5.0,2.0,4.0,2.0,2.0,0.0,15.0,9.0,13.0,3.0,293.0
0.0,1.0,0.0,0.0,0.0,1.0,0.0,0.0,0.0,1.0,0.0,0.0,0.0,0.0,0.0,0.0,1.0,0.0,0.0,0.0,1.0,2.0,3.0,9.0,2.0,3.0,3.0,5.0,1.0,18.0,1.0,1.0,0.0,152.0
1.0,0.0,0.0,1.0,1.0,0.0,0.0,0.0,0.0,1.0,0.0,0.0,0.0,0.0,0.0,0.0,0.0,0.0,1.0,0.0,0.0,6.0,3.0,16.0,2.0,4.0,2.0,4.0,0.0,14.0,1.0,1.0,1.0,147.0
1.0,1.0,0.0,0.0,0.0,1.0,0.0,0.0,0.0,0.0,0.0,0.0,1.0,0.0,0.0,0.0,0.0,1.0,0.0,0.0,0.0,20.0,1.0,11.0,2.0,3.0,3.0,5.0,0.0,11.0,1.0,1.0,1.0,283.0
0.0,0.0,1.0,0.0,1.0,0.0,0.0,0.0,0.0,1.0,0.0,0.0,0.0,0.0,0.0,0.0,0.0,1.0,0.0,0.0,0.0,16.0,1.0,16.0,2.0,4.0,3.0,2.0,0.0,11.0,0.0,1.0,0.0,153.0
1.0,1.0,0.0,0.0,1.0,0.0,0.0,0.0,0.0,1.0,0.0,0.0,0.0,0.0,0.0,0.0,0.0,0.0,1.0,0.0,0.0,0.0,3.0,6.0,3.0,3.0,4.0,1.0,1.0,13.0,0.0,1.0,4.0,163.0
0.0,0.0,0.0,1.0,1.0,0.0,0.0,0.0,0.0,1.0,0.0,0.0,0.0,0.0,0.0,0.0,0.0,1.0,0.0,0.0,0.0,27.0,1.0,26.0,2.0,3.0,3.0,4.0,0.0,12.0,1.0,1.0,3.0,149.0
0.0,1.0,0.0,0.0,0.0,1.0,0.0,1.0,0.0,0.0,0.0,0.0,0.0,0.0,0.0,0.0,0.0,1.0,0.0,0.0,0.0,16.0,1.0,13.0,2.0,3.0,5.0,9.0,0.0,16.0,1.0,1.0,0.0,200.0
1.0,1.0,0.0,0.0,0.0,0.0,1.0,0.0,0.0,1.0,0.0,0.0,0.0,0.0,0.0,0.0,0.0,0.0,0.0,1.0,0.0,18.0,1.0,14.0,3.0,3.0,2.0,10.0,0.0,14.0,7.0,9.0,8.0,137.0
1.0,1.0,0.0,0.0,0.0,1.0,0.0,0.0,0.0,1.0,0.0,0.0,0.0,0.0,0.0,0.0,1.0,0.0,0.0,0.0,0.0,13.0,3.0,6.0,2.0,5.0,2.0,3.0,1.0,22.0,1.0,1.0,2.0,175.0
1.0,1.0,0.0,0.0,0.0,0.0,1.0,0.0,0.0,0.0,1.0,0.0,0.0,0.0,0.0,0.0,0.0,0.0,0.0,1.0,1.0,9.0,1.0,14.0,3.0,5.0,5.0,2.0,1.0,11.0,1.0,1.0,7.0,121.0
1.0,0.0,0.0,1.0,0.0,0.0,1.0,0.0,0.0,0.0,0.0,1.0,0.0,0.0,0.0,0.0,0.0,0.0,0.0,1.0,0.0,2.0,1.0,15.0,1.0,4.0,2.0,1.0,0.0,17.0,2.0,2.0,2.0,140.0
0.0,0.0,1.0,0.0,0.0,1.0,0.0,0.0,0.0,1.0,0.0,0.0,0.0,0.0,0.0,0.0,0.0,0.0,1.0,0.0,0.0,3.0,3.0,11.0,1.0,4.0,3.0,2.0,0.0,13.0,0.0,1.0,2.0,161.0
0.0,1.0,0.0,0.0,0.0,1.0,0.0,0.0,0.0,1.0,0.0,0.0,0.0,0.0,0.0,0.0,0.0,0.0,1.0,0.0,0.0,0.0,3.0,14.0,2.0,3.0,4.0,2.0,0.0,18.0,0.0,1.0,7.0,162.0
1.0,0.0,1.0,0.0,0.0,1.0,0.0,0.0,0.0,1.0,0.0,0.0,0.0,0.0,0.0,0.0,1.0,0.0,0.0,0.0,0.0,10.0,1.0,11.0,3.0,3.0,2.0,8.0,0.0,16.0,0.0,1.0,4.0,163.0
1.0,0.0,1.0,0.0,0.0,1.0,0.0,1.0,0.0,0.0,0.0,0.0,0.0,0.0,0.0,0.0,0.0,1.0,0.0,0.0,0.0,11.0,1.0,21.0,3.0,4.0,2.0,1.0,1.0,14.0,1.0,2.0,4.543490512868683,215.0
0.0,0.0,0.0,1.0,0.0,1.0,0.0,1.0,0.0,0.0,0.0,0.0,0.0,0.0,0.0,0.0,1.0,0.0,0.0,0.0,0.0,4.0,1.0,13.0,2.0,3.0,2.0,2.0,1.0,14.0,2.0,4.0,10.0,171.0
0.0,0.0,1.0,0.0,0.0,1.0,0.0,0.0,0.0,1.0,0.0,0.0,0.0,0.0,0.0,0.0,0.0,0.0,1.0,0.0,0.0,2.0,3.0,16.0,2.0,4.0,4.0,2.0,1.0,14.0,0.0,1.0,7.0,183.0
1.0,0.0,0.0,1.0,0.0,1.0,0.0,1.0,0.0,0.0,0.0,0.0,0.0,0.0,1.0,0.0,0.0,0.0,0.0,0.0,0.0,8.0,1.0,11.0,3.0,3.0,4.0,1.0,0.0,13.0,0.0,1.0,13.0,181.0
1.0,0.0,1.0,0.0,0.0,0.0,1.0,0.0,0.0,0.0,1.0,0.0,0.0,0.0,0.0,0.0,0.0,1.0,0.0,0.0,0.0,0.0,1.0,32.0,3.0,3.0,2.0,2.0,0.0,12.0,1.0,1.0,2.0,129.0
1.0,0.0,0.0,1.0,0.0,1.0,0.0,0.0,0.0,1.0,0.0,0.0,0.0,0.0,0.0,0.0,1.0,0.0,0.0,0.0,0.0,14.0,1.0,12.0,3.0,4.0,4.0,7.0,1.0,15.0,1.0,1.0,2.0,160.0
1.0,0.0,0.0,1.0,1.0,0.0,0.0,0.0,0.0,1.0,0.0,0.0,0.0,1.0,0.0,0.0,0.0,0.0,0.0,0.0,0.0,20.0,3.0,10.0,3.0,3.0,3.0,4.0,0.0,19.0,0.0,1.0,0.0,130.0
0.0,0.0,0.0,1.0,0.0,1.0,0.0,0.0,1.0,0.0,0.0,0.0,0.0,0.0,0.0,0.0,0.0,1.0,0.0,0.0,0.0,15.0,1.0,29.0,2.0,3.0,2.0,3.0,0.0,14.0,0.0,2.0,0.0,260.0
1.0,1.0,0.0,0.0,1.0,0.0,0.0,0.0,0.0,1.0,0.0,0.0,0.0,0.0,0.0,0.0,0.0,1.0,0.0,0.0,0.0,2.0,3.0,8.0,3.0,3.0,3.0,2.0,0.0,14.0,1.0,1.0,2.0,146.0
1.0,0.0,1.0,0.0,0.0,0.0,1.0,0.0,0.0,0.0,1.0,0.0,0.0,0.0,1.0,0.0,0.0,0.0,0.0,0.0,0.0,15.0,2.0,8.0,3.0,3.0,3.0,1.0,1.0,11.0,1.0,1.0,0.0,127.0
0.0,1.0,0.0,0.0,0.0,0.0,1.0,0.0,0.0,0.0,1.0,0.0,0.0,1.0,0.0,0.0,0.0,0.0,0.0,0.0,0.0,5.0,1.0,14.0,3.0,3.0,4.0,2.0,0.0,13.0,0.0,1.0,7.0,124.0
0.0,1.0,0.0,0.0,0.0,1.0,0.0,1.0,0.0,0.0,0.0,0.0,0.0,0.0,0.0,0.0,1.0,0.0,0.0,0.0,0.0,21.0,3.0,35.0,3.0,3.0,3.0,4.0,0.0,21.0,0.0,1.0,4.543490512868683,225.0
1.0,0.0,1.0,0.0,0.0,1.0,0.0,0.0,0.0,1.0,0.0,0.0,0.0,0.0,0.0,0.0,1.0,0.0,0.0,0.0,0.0,10.0,1.0,12.0,2.0,2.0,5.0,5.0,1.0,13.0,2.0,6.0,7.0,160.0
0.0,1.0,0.0,0.0,1.0,0.0,0.0,0.0,0.0,1.0,0.0,0.0,0.0,0.0,1.0,0.0,0.0,0.0,0.0,0.0,0.0,3.0,3.0,31.0,2.0,3.0,3.0,8.0,1.0,12.0,1.0,2.0,2.0,147.0
1.0,1.0,0.0,0.0,0.0,1.0,0.0,0.0,0.0,1.0,0.0,0.0,0.0,0.0,0.0,0.0,0.0,1.0,0.0,0.0,0.0,0.0,3.0,6.0,2.0,3.0,3.0,2.0,0.0,17.0,2.0,7.0,7.0,153.0
1.0,0.0,0.0,1.0,0.0,1.0,0.0,0.0,0.0,1.0,0.0,0.0,0.0,0.0,0.0,0.0,0.0,0.0,0.0,1.0,0.0,15.0,1.0,8.0,3.0,4.0,2.0,4.0,0.0,23.0,0.0,1.0,0.0,168.0
0.0,0.0,0.0,1.0,1.0,0.0,0.0,0.0,0.0,0.0,1.0,0.0,0.0,0.0,0.0,1.0,0.0,0.0,0.0,0.0,1.0,9.0,3.0,6.0,2.0,4.0,4.0,2.0,1.0,11.0,1.0,1.0,2.0,122.0
0.0,0.0,0.0,1.0,1.0,0.0,0.0,0.0,0.0,1.0,0.0,0.0,0.0,0.0,0.0,0.0,1.0,0.0,0.0,0.0,0.0,9.0,3.0,6.0,2.0,3.0,2.0,5.0,0.0,15.0,1.0,1.0,0.0,167.0
1.0,1.0,0.0,0.0,1.0,0.0,0.0,1.0,0.0,0.0,0.0,0.0,0.0,0.0,0.0,0.0,1.0,0.0,0.0,0.0,0.0,9.0,3.0,9.0,2.0,4.0,2.0,5.0,0.0,11.0,0.0,1.0,12.0,197.0
1.0,1.0,0.0,0.0,0.0,1.0,0.0,0.0,0.0,1.0,0.0,0.0,0.0,0.0,0.0,0.0,1.0,0.0,0.0,0.0,0.0,30.0,1.0,6.0,2.0,3.0,3.0,3.0,0.0,11.0,1.0,1.0,2.0,168.0
0.0,1.0,0.0,0.0,0.0,0.0,1.0,0.0,0.0,0.0,1.0,0.0,0.0,0.0,0.0,0.0,0.0,1.0,0.0,0.0,0.0,9.0,1.0,16.0,2.0,2.0,3.0,4.0,1.0,13.0,0.0,1.0,7.0,122.0
1.0,0.0,0.0,1.0,1.0,0.0,0.0,0.0,0.0,0.0,1.0,0.0,0.0,1.0,0.0,0.0,0.0,0.0,0.0,0.0,0.0,0.0,3.0,14.0,2.0,3.0,2.0,2.0,0.0,24.0,0.0,2.0,2.0,126.0
0.0,0.0,0.0,1.0,0.0,0.0,1.0,0.0,0.0,0.0,1.0,0.0,0.0,0.0,0.0,0.0,0.0,0.0,1.0,0.0,1.0,0.0,3.0,11.0,3.0,3.0,3.0,2.0,1.0,13.0,1.0,1.0,0.0,129.0
0.0,1.0,0.0,0.0,0.0,0.0,1.0,0.0,0.0,0.0,1.0,0.0,0.0,1.0,0.0,0.0,0.0,0.0,0.0,0.0,0.0,10.0,1.0,16.0,3.0,3.0,5.0,7.0,0.0,20.0,1.0,1.0,3.0,135.0
0.0,1.0,0.0,0.0,1.0,0.0,0.0,0.0,0.0,1.0,0.0,0.0,0.0,0.0,0.0,0.0,1.0,0.0,0.0,0.0,0.0,19.0,1.0,13.0,1.0,3.0,3.0,3.0,0.0,14.0,0.0,1.0,0.0,153.0
1.0,0.0,0.0,1.0,1.0,0.0,0.0,0.0,0.0,1.0,0.0,0.0,0.0,0.0,0.0,0.0,0.0,0.0,1.0,0.0,1.0,4.0,3.0,10.0,2.0,3.0,4.0,2.0,0.0,18.0,7.0,7.0,7.0,194.0
1.0,0.0,0.0,1.0,0.0,1.0,0.0,1.0,0.0,0.0,0.0,0.0,0.0,0.0,0.0,1.0,0.0,0.0,0.0,0.0,0.0,23.0,1.0,16.0,3.0,4.0,2.0,7.0,0.0,15.0,0.0,1.0,3.0,205.0
1.0,1.0,0.0,0.0,0.0,1.0,0.0,0.0,0.0,1.0,0.0,0.0,0.0,0.0,0.0,0.0,0.0,0.0,1.0,0.0,1.0,3.0,3.0,28.0,3.0,4.0,3.0,3.0,1.0,12.0,1.0,1.0,0.0,164.0
1.0,0.0,0.0,1.0,0.0,0.0,1.0,0.0,0.0,0.0,1.0,0.0,0.0,0.0,0.0,0.0,0.0,1.0,0.0,0.0,0.0,4.0,1.0,14.0,2.0,4.0,4.0,1.0,1.0,16.0,1.0,2.0,2.0,127.0
0.0,0.0,0.0,1.0,0.0,0.0,1.0,0.0,0.0,0.0,1.0,0.0,0.0,0.0,0.0,0.0,0.0,1.0,0.0,0.0,1.0,0.0,3.0,18.0,3.0,2.0,4.0,2.0,0.0,15.0,0.0,1.0,0.0,127.0
1.0,0.0,0.0,1.0,0.0,0.0,1.0,0.0,0.0,0.0,1.0,0.0,0.0,0.0,0.0,0.0,0.0,1.0,0.0,0.0,0.0,9.0,1.0,29.0,2.0,3.0,2.0,10.0,0.0,16.0,1.0,1.0,2.0,122.0
1.0,0.0,0.0,1.0,0.0,1.0,0.0,0.0,0.0,1.0,0.0,0.0,0.0,0.0,0.0,0.0,0.0,1.0,0.0,0.0,0.0,8.0,1.0,15.0,3.0,4.0,4.0,10.0,0.0,19.0,1.0,1.0,0.0,165.0
1.0,0.0,1.0,0.0,0.0,0.0,1.0,0.0,0.0,0.0,0.0,1.0,0.0,0.0,0.0,0.0,1.0,0.0,0.0,0.0,0.0,0.0,1.0,6.0,2.0,3.0,4.0,2.0,0.0,11.0,0.0,1.0,4.0,138.0
1.0,0.0,0.0,1.0,0.0,1.0,0.0,0.0,0.0,1.0,0.0,0.0,0.0,0.0,0.0,0.0,0.0,1.0,0.0,0.0,0.0,1.0,3.0,15.0,3.0,3.0,2.0,2.0,0.0,16.0,1.0,1.0,7.0,153.0
1.0,0.0,0.0,1.0,0.0,0.0,1.0,1.0,0.0,0.0,0.0,0.0,0.0,0.0,0.0,0.0,0.0,0.0,0.0,1.0,0.0,22.0,1.0,13.0,2.0,4.0,3.0,9.0,0.0,24.0,1.0,1.0,0.0,145.0
0.0,1.0,0.0,0.0,0.0,0.0,1.0,0.0,0.0,1.0,0.0,0.0,0.0,0.0,0.0,0.0,0.0,1.0,0.0,0.0,0.0,24.0,3.0,20.0,2.0,3.0,2.0,5.0,0.0,11.0,0.0,1.0,7.0,149.0
0.0,1.0,0.0,0.0,0.0,0.0,1.0,0.0,0.0,0.0,1.0,0.0,0.0,0.0,0.0,0.0,0.0,1.0,0.0,0.0,0.0,9.0,1.0,14.0,3.0,3.0,3.0,5.0,0.0,13.0,1.0,2.0,2.0,125.0
1.0,0.0,0.0,1.0,1.0,0.0,0.0,0.0,0.0,1.0,0.0,0.0,0.0,0.0,0.0,0.0,0.0,0.0,1.0,0.0,1.0,0.0,3.0,25.0,3.0,2.0,2.0,9.0,1.0,13.0,1.0,1.0,4.0,153.0
0.0,0.0,0.0,1.0,0.0,1.0,0.0,0.0,1.0,0.0,0.0,0.0,0.0,0.0,0.0,0.0,0.0,1.0,0.0,0.0,0.0,28.0,1.0,8.0,3.0,3.0,2.0,3.0,1.0,13.0,1.0,1.0,2.0,267.0
0.0,0.0,1.0,0.0,0.0,0.0,1.0,0.0,0.0,1.0,0.0,0.0,0.0,0.0,0.0,0.0,0.0,0.0,1.0,0.0,0.0,0.0,3.0,16.0,3.0,3.0,3.0,2.0,1.0,12.0,0.0,1.0,3.0,143.0
1.0,1.0,0.0,0.0,0.0,0.0,1.0,0.0,0.0,0.0,1.0,0.0,0.0,0.0,1.0,0.0,0.0,0.0,0.0,0.0,0.0,3.0,3.0,14.0,3.0,3.0,4.0,2.0,0.0,18.0,1.0,1.0,0.0,125.0
1.0,0.0,0.0,1.0,1.0,0.0,0.0,0.0,0.0,0.0,1.0,0.0,0.0,0.0,1.0,0.0,0.0,0.0,0.0,0.0,1.0,0.0,1.0,9.0,3.0,3.0,5.0,1.0,0.0,22.0,0.0,1.0,4.0,131.0
0.0,1.0,0.0,0.0,0.0,0.0,1.0,0.0,0.0,0.0,1.0,0.0,0.0,1.0,0.0,0.0,0.0,0.0,0.0,0.0,0.0,9.0,1.0,17.0,2.0,3.0,4.0,2.0,0.0,13.0,1.0,1.0,2.0,122.0
1.0,1.0,0.0,0.0,0.0,1.0,0.0,1.0,0.0,0.0,0.0,0.0,0.0,0.0,0.0,0.0,1.0,0.0,0.0,0.0,0.0,9.0,3.0,8.0,3.0,4.0,3.0,2.0,0.0,13.0,9.0,9.0,0.0,176.0
1.0,0.0,0.0,1.0,1.0,0.0,0.0,0.0,0.0,0.0,1.0,0.0,0.0,0.0,1.0,0.0,0.0,0.0,0.0,0.0,1.0,9.0,1.0,10.0,2.0,3.0,2.0,19.0,1.0,23.0,1.0,1.0,0.0,123.0
0.0,0.0,1.0,0.0,0.0,0.0,1.0,0.0,0.0,0.0,1.0,0.0,0.0,0.0,0.0,0.0,0.0,1.0,0.0,0.0,0.0,10.0,1.0,20.0,3.0,3.0,5.0,2.0,0.0,12.0,3.0,12.0,17.0,130.0
0.0,0.0,1.0,0.0,0.0,1.0,0.0,0.0,0.0,1.0,0.0,0.0,0.0,0.0,0.0,0.0,0.0,0.0,1.0,0.0,0.0,13.0,3.0,8.0,2.0,3.0,4.0,8.0,0.0,12.0,0.0,1.0,3.0,157.0
0.0,0.0,1.0,0.0,0.0,0.0,1.0,0.0,0.0,0.0,1.0,0.0,0.0,0.0,0.0,0.0,0.0,1.0,0.0,0.0,0.0,15.0,1.0,14.0,3.0,3.0,5.0,4.0,0.0,16.0,1.0,1.0,2.0,126.0
1.0,0.0,0.0,1.0,0.0,0.0,1.0,0.0,0.0,1.0,0.0,0.0,0.0,0.0,0.0,0.0,0.0,1.0,0.0,0.0,0.0,10.0,1.0,16.0,2.0,3.0,4.0,3.0,1.0,12.0,0.0,1.0,1.0,142.0
1.0,0.0,1.0,0.0,0.0,1.0,0.0,0.0,1.0,0.0,0.0,0.0,0.0,0.0,0.0,0.0,0.0,1.0,0.0,0.0,0.0,16.0,1.0,18.0,2.0,4.0,4.0,2.0,0.0,11.0,0.0,2.0,9.0,243.0
0.0,1.0,0.0,0.0,0.0,0.0,1.0,0.0,0.0,1.0,0.0,0.0,0.0,1.0,0.0,0.0,0.0,0.0,0.0,0.0,0.0,13.0,1.0,8.0,3.0,4.0,3.0,7.0,0.0,22.0,1.0,1.0,0.0,134.0
1.0,1.0,0.0,0.0,0.0,1.0,0.0,0.0,0.0,0.0,0.0,0.0,1.0,0.0,0.0,0.0,1.0,0.0,0.0,0.0,0.0,27.0,1.0,11.0,2.0,3.0,5.0,5.0,0.0,15.0,1.0,1.0,2.0,294.0
0.0,1.0,0.0,0.0,1.0,0.0,0.0,0.0,0.0,1.0,0.0,0.0,0.0,0.0,0.0,0.0,0.0,0.0,1.0,0.0,0.0,7.0,3.0,10.0,3.0,3.0,3.0,10.0,0.0,15.0,1.0,1.0,2.0,165.0
0.0,1.0,0.0,0.0,0.0,0.0,1.0,0.0,0.0,1.0,0.0,0.0,0.0,0.0,0.0,0.0,1.0,0.0,0.0,0.0,0.0,4.0,1.0,13.0,2.0,3.0,5.0,2.0,0.0,12.0,3.0,3.0,12.0,143.0
1.0,1.0,0.0,0.0,1.0,0.0,0.0,0.0,0.0,0.0,1.0,0.0,0.0,1.0,0.0,0.0,0.0,0.0,0.0,0.0,0.0,9.0,1.0,27.0,3.0,3.0,2.0,8.0,0.0,20.0,0.0,1.0,2.0,123.0
0.0,0.0,1.0,0.0,0.0,0.0,1.0,0.0,0.0,1.0,0.0,0.0,0.0,0.0,0.0,0.0,0.0,0.0,0.0,1.0,0.0,16.0,1.0,14.0,3.0,3.0,3.0,5.0,1.0,14.0,0.0,1.0,2.0,145.0
0.0,0.0,0.0,1.0,0.0,0.0,1.0,0.0,0.0,1.0,0.0,0.0,0.0,0.0,0.0,0.0,0.0,1.0,0.0,0.0,0.0,0.0,3.0,10.0,2.0,4.0,2.0,2.0,1.0,11.0,0.0,1.0,3.0,145.0
0.0,1.0,0.0,0.0,1.0,0.0,0.0,0.0,0.0,1.0,0.0,0.0,0.0,0.0,0.0,0.0,1.0,0.0,0.0,0.0,0.0,10.0,1.0,31.0,3.0,3.0,3.0,4.0,1.0,15.0,3.0,10.0,7.0,144.0
1.0,1.0,0.0,0.0,0.0,0.0,1.0,0.0,0.0,0.0,1.0,0.0,0.0,0.0,0.0,0.0,0.0,1.0,0.0,0.0,0.0,9.0,1.0,6.0,3.0,4.0,5.0,2.0,0.0,12.0,0.0,3.0,2.0,122.0
1.0,0.0,1.0,0.0,1.0,0.0,0.0,0.0,0.0,0.0,0.0,0.0,1.0,0.0,0.0,0.0,0.0,1.0,0.0,0.0,0.0,12.0,1.0,6.0,2.0,3.0,3.0,2.0,1.0,14.0,0.0,1.0,6.0,292.0
0.0,1.0,0.0,0.0,1.0,0.0,0.0,0.0,1.0,0.0,0.0,0.0,0.0,0.0,0.0,0.0,0.0,1.0,0.0,0.0,0.0,29.0,3.0,12.0,2.0,2.0,5.0,10.0,0.0,11.0,2.0,2.0,7.0,232.0
0.0,0.0,0.0,1.0,0.0,1.0,0.0,0.0,0.0,1.0,0.0,0.0,0.0,0.0,1.0,0.0,0.0,0.0,0.0,0.0,0.0,3.0,3.0,18.0,2.0,3.0,3.0,1.0,0.0,11.0,3.0,4.0,4.0,166.0
1.0,1.0,0.0,0.0,0.0,1.0,0.0,1.0,0.0,0.0,0.0,0.0,0.0,0.0,0.0,0.0,0.0,0.0,1.0,0.0,0.0,14.0,3.0,6.0,2.0,2.0,5.0,2.0,0.0,16.0,1.0,1.0,7.0,184.0
1.0,0.0,1.0,0.0,0.0,0.0,1.0,0.0,0.0,1.0,0.0,0.0,0.0,0.0,0.0,0.0,1.0,0.0,0.0,0.0,0.0,1.0,1.0,23.0,3.0,3.0,5.0,2.0,0.0,12.0,0.0,1.0,8.0,146.0
1.0,1.0,0.0,0.0,0.0,0.0,1.0,0.0,0.0,0.0,0.0,1.0,0.0,0.0,0.0,0.0,1.0,0.0,0.0,0.0,1.0,0.0,1.0,9.0,3.0,3.0,5.0,6.0,0.0,13.0,1.0,1.0,2.0,140.0
1.0,1.0,0.0,0.0,0.0,1.0,0.0,1.0,0.0,0.0,0.0,0.0,0.0,0.0,0.0,0.0,1.0,0.0,0.0,0.0,0.0,25.0,1.0,9.0,2.0,4.0,3.0,3.0,1.0,14.0,0.0,1.0,4.0,180.0
1.0,1.0,0.0,0.0,0.0,0.0,1.0,0.0,0.0,0.0,1.0,0.0,0.0,0.0,0.0,0.0,0.0,1.0,0.0,0.0,0.0,18.0,1.0,14.0,3.0,3.0,2.0,4.0,0.0,21.0,1.0,1.0,2.0,127.0
0.0,1.0,0.0,0.0,0.0,1.0,0.0,0.0,1.0,0.0,0.0,0.0,0.0,0.0,0.0,0.0,0.0,1.0,0.0,0.0,0.0,25.0,1.0,10.0,1.0,3.0,2.0,3.0,0.0,13.0,1.0,1.0,4.0,266.0
0.0,0.0,1.0,0.0,1.0,0.0,0.0,0.0,0.0,1.0,0.0,0.0,0.0,0.0,0.0,0.0,0.0,1.0,0.0,0.0,0.0,15.0,1.0,35.0,3.0,3.0,3.0,3.0,0.0,11.0,1.0,1.0,2.0,146.0
0.0,0.0,0.0,1.0,0.0,1.0,0.0,0.0,0.0,1.0,0.0,0.0,0.0,0.0,0.0,0.0,0.0,1.0,0.0,0.0,0.0,3.0,1.0,8.0,2.0,5.0,2.0,3.0,0.0,20.0,0.0,1.0,2.0,161.0
0.0,1.0,0.0,0.0,0.0,1.0,0.0,0.0,0.0,0.0,0.0,0.0,1.0,0.0,0.0,0.0,0.0,1.0,0.0,0.0,0.0,30.0,1.0,13.0,2.0,3.0,5.0,6.0,0.0,15.0,0.0,11.0,10.0,296.0
0.0,0.0,1.0,0.0,0.0,0.0,1.0,0.0,0.0,1.0,0.0,0.0,0.0,0.0,0.0,0.0,1.0,0.0,0.0,0.0,0.0,19.0,1.0,24.0,2.0,3.0,3.0,3.0,0.0,14.0,0.0,1.0,8.0,148.0
0.0,1.0,0.0,0.0,1.0,0.0,0.0,0.0,0.0,1.0,0.0,0.0,0.0,0.0,1.0,0.0,0.0,0.0,0.0,0.0,0.0,15.0,1.0,34.0,2.0,4.0,2.0,1.0,0.0,11.0,0.0,1.0,4.0,145.0
0.0,0.0,0.0,1.0,0.0,0.0,1.0,0.0,0.0,0.0,1.0,0.0,0.0,0.0,1.0,0.0,0.0,0.0,0.0,0.0,1.0,0.0,3.0,6.0,3.0,3.0,4.0,2.0,1.0,16.0,1.0,1.0,4.0,132.0
0.0,0.0,1.0,0.0,1.0,0.0,0.0,0.0,0.0,0.0,1.0,0.0,0.0,0.0,0.0,0.0,0.0,0.0,1.0,0.0,1.0,0.0,3.0,14.0,2.0,5.0,3.0,1.0,0.0,16.0,1.0,1.0,0.0,124.0
1.0,1.0,0.0,0.0,1.0,0.0,0.0,0.0,0.0,0.0,0.0,1.0,0.0,0.0,0.0,0.0,0.0,1.0,0.0,0.0,0.0,9.0,1.0,8.0,2.0,3.0,2.0,2.0,1.0,23.0,1.0,1.0,0.0,117.0
0.0,1.0,0.0,0.0,0.0,1.0,0.0,0.0,0.0,0.0,0.0,0.0,1.0,0.0,0.0,0.0,0.0,1.0,0.0,0.0,0.0,13.0,3.0,8.0,3.0,3.0,3.0,1.0,0.0,14.0,1.0,1.0,12.0,280.0
0.0,0.0,1.0,0.0,0.0,0.0,1.0,0.0,0.0,0.0,1.0,0.0,0.0,0.0,0.0,0.0,0.0,1.0,0.0,0.0,0.0,0.0,1.0,29.0,3.0,3.0,2.0,2.0,0.0,22.0,1.0,1.0,2.0,129.0
1.0,1.0,0.0,0.0,1.0,0.0,0.0,0.0,0.0,0.0,1.0,0.0,0.0,0.0,0.0,0.0,0.0,1.0,0.0,0.0,0.0,9.0,1.0,9.0,2.0,3.0,2.0,5.0,0.0,15.0,0.0,1.0,4.0,121.0
1.0,1.0,0.0,0.0,0.0,1.0,0.0,1.0,0.0,0.0,0.0,0.0,0.0,0.0,0.0,0.0,1.0,0.0,0.0,0.0,0.0,2.0,1.0,9.0,3.0,4.0,3.0,2.0,0.0,18.0,1.0,1.0,4.543490512868683,219.0
0.0,1.0,0.0,0.0,0.0,0.0,1.0,0.0,0.0,0.0,1.0,0.0,0.0,0.0,1.0,0.0,0.0,0.0,0.0,0.0,1.0,0.0,1.0,14.0,3.0,4.0,4.0,6.0,0.0,16.0,0.0,1.0,1.0,125.0
1.0,0.0,0.0,1.0,0.0,0.0,1.0,0.0,0.0,0.0,1.0,0.0,0.0,0.0,1.0,0.0,0.0,0.0,0.0,0.0,1.0,0.0,2.0,14.0,2.0,4.0,2.0,2.0,0.0,12.0,1.0,1.0,0.0,126.0
0.0,1.0,0.0,0.0,1.0,0.0,0.0,1.0,0.0,0.0,0.0,0.0,0.0,0.0,0.0,0.0,0.0,0.0,0.0,1.0,0.0,3.0,3.0,28.0,3.0,3.0,5.0,1.0,0.0,11.0,2.0,7.0,8.0,184.0
1.0,0.0,1.0,0.0,0.0,1.0,0.0,0.0,1.0,0.0,0.0,0.0,0.0,0.0,0.0,0.0,0.0,0.0,1.0,0.0,0.0,30.0,3.0,35.0,2.0,4.0,2.0,4.0,0.0,12.0,0.0,2.0,0.0,241.0
1.0,1.0,0.0,0.0,0.0,1.0,0.0,0.0,1.0,0.0,0.0,0.0,0.0,0.0,0.0,0.0,0.0,1.0,0.0,0.0,0.0,23.0,1.0,35.0,2.0,4.0,3.0,1.0,0.0,15.0,1.0,15.0,7.0,270.0
0.0,0.0,0.0,1.0,1.0,0.0,0.0,0.0,0.0,0.0,1.0,0.0,0.0,1.0,0.0,0.0,0.0,0.0,0.0,0.0,0.0,3.0,1.0,14.0,2.0,3.0,2.0,1.0,0.0,14.0,5.0,6.0,7.0,126.0
0.0,1.0,0.0,0.0,1.0,0.0,0.0,1.0,0.0,0.0,0.0,0.0,0.0,0.0,0.0,0.0,0.0,0.0,1.0,0.0,0.0,30.0,3.0,34.0,3.0,4.0,5.0,5.0,0.0,19.0,13.0,13.0,11.0,203.0
0.0,0.0,1.0,0.0,0.0,1.0,0.0,0.0,0.0,1.0,0.0,0.0,0.0,0.0,0.0,0.0,1.0,0.0,0.0,0.0,0.0,20.0,1.0,8.0,3.0,3.0,2.0,6.0,0.0,13.0,0.0,1.0,4.0,151.0
1.0,1.0,0.0,0.0,0.0,1.0,0.0,0.0,1.0,0.0,0.0,0.0,0.0,0.0,0.0,0.0,0.0,1.0,0.0,0.0,0.0,19.0,1.0,8.0,2.0,3.0,3.0,7.0,0.0,13.0,1.0,1.0,1.0,279.0
1.0,0.0,0.0,1.0,0.0,0.0,1.0,0.0,0.0,0.0,0.0,1.0,0.0,0.0,0.0,0.0,0.0,1.0,0.0,0.0,0.0,8.0,1.0,28.0,2.0,5.0,3.0,1.0,0.0,15.0,2.0,4.0,3.0,142.0
0.0,0.0,0.0,1.0,0.0,0.0,1.0,0.0,0.0,1.0,0.0,0.0,0.0,0.0,0.0,0.0,0.0,1.0,0.0,0.0,0.0,27.0,1.0,14.0,2.0,3.0,3.0,8.0,0.0,11.0,1.0,1.0,0.0,138.0
1.0,0.0,1.0,0.0,0.0,0.0,1.0,0.0,0.0,0.0,1.0,0.0,0.0,0.0,0.0,0.0,0.0,1.0,0.0,0.0,0.0,7.0,1.0,8.0,3.0,4.0,3.0,4.0,0.0,12.0,5.0,5.0,7.0,128.0
0.0,1.0,0.0,0.0,0.0,1.0,0.0,1.0,0.0,0.0,0.0,0.0,0.0,0.0,0.0,0.0,0.0,0.0,1.0,0.0,0.0,19.0,3.0,16.0,3.0,4.0,2.0,3.0,1.0,19.0,1.0,1.0,2.0,191.0
1.0,0.0,1.0,0.0,0.0,1.0,0.0,1.0,0.0,0.0,0.0,0.0,0.0,0.0,0.0,0.0,0.0,1.0,0.0,0.0,0.0,4.0,1.0,15.0,2.0,3.0,4.0,2.0,0.0,25.0,1.0,1.0,8.0,206.0
1.0,1.0,0.0,0.0,0.0,1.0,0.0,1.0,0.0,0.0,0.0,0.0,0.0,0.0,0.0,0.0,1.0,0.0,0.0,0.0,1.0,0.0,1.0,21.0,2.0,3.0,3.0,8.0,1.0,12.0,0.0,2.0,7.0,236.0
1.0,0.0,1.0,0.0,0.0,0.0,1.0,0.0,0.0,0.0,1.0,0.0,0.0,1.0,0.0,0.0,0.0,0.0,0.0,0.0,1.0,0.0,1.0,16.0,2.0,5.0,2.0,8.0,0.0,13.0,0.0,1.0,3.0,134.0
1.0,0.0,0.0,1.0,0.0,0.0,1.0,0.0,0.0,0.0,1.0,0.0,0.0,0.0,0.0,0.0,0.0,0.0,1.0,0.0,0.0,3.0,3.0,13.0,3.0,3.0,4.0,1.0,0.0,14.0,1.0,1.0,2.0,130.0
1.0,1.0,0.0,0.0,0.0,1.0,0.0,1.0,0.0,0.0,0.0,0.0,0.0,0.0,0.0,0.0,0.0,1.0,0.0,0.0,0.0,8.0,1.0,22.0,3.0,3.0,3.0,5.0,1.0,12.0,0.0,1.0,0.0,176.0
1.0,1.0,0.0,0.0,1.0,0.0,0.0,1.0,0.0,0.0,0.0,0.0,0.0,0.0,0.0,0.0,0.0,1.0,0.0,0.0,1.0,0.0,1.0,26.0,3.0,3.0,3.0,4.0,0.0,12.0,1.0,1.0,0.0,198.0
0.0,0.0,1.0,0.0,1.0,0.0,0.0,1.0,0.0,0.0,0.0,0.0,0.0,0.0,0.0,0.0,0.0,0.0,0.0,1.0,1.0,0.0,2.0,29.0,2.0,3.0,5.0,10.0,1.0,15.0,1.0,1.0,2.0,200.0
1.0,1.0,0.0,0.0,1.0,0.0,0.0,0.0,0.0,0.0,1.0,0.0,0.0,0.0,0.0,0.0,0.0,0.0,0.0,1.0,0.0,9.0,1.0,11.0,3.0,3.0,3.0,5.0,0.0,17.0,2.0,2.0,0.0,121.0
1.0,0.0,0.0,1.0,1.0,0.0,0.0,1.0,0.0,0.0,0.0,0.0,0.0,0.0,0.0,0.0,1.0,0.0,0.0,0.0,0.0,9.0,3.0,16.0,2.0,3.0,2.0,2.0,0.0,14.0,1.0,9.0,7.0,200.0
1.0,0.0,0.0,1.0,1.0,0.0,0.0,0.0,0.0,0.0,0.0,1.0,0.0,0.0,1.0,0.0,0.0,0.0,0.0,0.0,1.0,0.0,1.0,10.0,2.0,4.0,3.0,6.0,0.0,16.0,1.0,1.0,2.0,139.0
0.0,1.0,0.0,0.0,0.0,0.0,1.0,0.0,0.0,1.0,0.0,0.0,0.0,0.0,0.0,0.0,0.0,0.0,1.0,0.0,0.0,21.0,3.0,8.0,2.0,3.0,2.0,3.0,0.0,14.0,4.0,6.0,7.0,141.0
0.0,0.0,0.0,1.0,0.0,1.0,0.0,0.0,1.0,0.0,0.0,0.0,0.0,0.0,0.0,0.0,0.0,1.0,0.0,0.0,0.0,28.0,3.0,24.0,2.0,3.0,4.0,4.0,0.0,23.0,1.0,7.0,7.0,268.0
1.0,0.0,0.0,1.0,1.0,0.0,0.0,0.0,0.0,1.0,0.0,0.0,0.0,0.0,0.0,0.0,0.0,1.0,0.0,0.0,0.0,14.0,3.0,16.0,2.0,3.0,2.0,8.0,0.0,14.0,0.0,1.0,10.0,162.0
1.0,1.0,0.0,0.0,0.0,0.0,1.0,0.0,0.0,1.0,0.0,0.0,0.0,0.0,0.0,0.0,0.0,0.0,1.0,0.0,0.0,8.0,3.0,6.0,2.0,3.0,3.0,10.0,0.0,11.0,3.0,6.0,9.0,147.0
0.0,0.0,0.0,1.0,0.0,1.0,0.0,0.0,1.0,0.0,0.0,0.0,0.0,0.0,0.0,0.0,0.0,1.0,0.0,0.0,0.0,13.0,1.0,12.0,3.0,3.0,3.0,8.0,0.0,15.0,4.0,2.0,13.0,232.0
0.0,1.0,0.0,0.0,1.0,0.0,0.0,0.0,0.0,0.0,0.0,1.0,0.0,0.0,0.0,0.0,0.0,1.0,0.0,0.0,0.0,12.0,1.0,14.0,2.0,3.0,3.0,2.0,0.0,11.0,0.0,1.0,7.0,138.0
1.0,0.0,0.0,1.0,0.0,1.0,0.0,0.0,0.0,1.0,0.0,0.0,0.0,0.0,0.0,0.0,0.0,1.0,0.0,0.0,0.0,4.0,3.0,8.0,3.0,3.0,2.0,5.0,1.0,13.0,1.0,1.0,5.0,166.0
1.0,1.0,0.0,0.0,0.0,1.0,0.0,1.0,0.0,0.0,0.0,0.0,0.0,0.0,0.0,0.0,1.0,0.0,0.0,0.0,0.0,15.0,1.0,30.0,2.0,3.0,5.0,2.0,1.0,21.0,4.0,5.0,8.0,174.0
1.0,1.0,0.0,0.0,0.0,0.0,1.0,0.0,0.0,1.0,0.0,0.0,0.0,0.0,0.0,0.0,0.0,0.0,0.0,1.0,0.0,18.0,3.0,8.0,3.0,3.0,4.0,1.0,0.0,19.0,3.0,3.0,7.0,148.0
0.0,0.0,1.0,0.0,1.0,0.0,0.0,0.0,0.0,0.0,1.0,0.0,0.0,0.0,0.0,0.0,0.0,1.0,0.0,0.0,1.0,0.0,2.0,23.0,3.0,3.0,3.0,1.0,1.0,11.0,0.0,1.0,0.0,127.0
1.0,0.0,1.0,0.0,0.0,0.0,1.0,0.0,0.0,1.0,0.0,0.0,0.0,0.0,1.0,0.0,0.0,0.0,0.0,0.0,0.0,2.0,1.0,25.0,2.0,3.0,2.0,5.0,0.0,12.0,0.0,1.0,2.0,143.0
0.0,0.0,1.0,0.0,0.0,1.0,0.0,0.0,1.0,0.0,0.0,0.0,0.0,0.0,0.0,0.0,1.0,0.0,0.0,0.0,0.0,6.0,1.0,6.0,3.0,2.0,3.0,5.0,0.0,19.0,1.0,1.0,5.0,262.0
1.0,0.0,1.0,0.0,0.0,1.0,0.0,1.0,0.0,0.0,0.0,0.0,0.0,0.0,0.0,0.0,0.0,1.0,0.0,0.0,0.0,0.0,3.0,13.0,2.0,4.0,2.0,10.0,0.0,21.0,1.0,1.0,4.543490512868683,216.0
1.0,0.0,0.0,1.0,1.0,0.0,0.0,0.0,0.0,0.0,0.0,1.0,0.0,0.0,0.0,0.0,0.0,0.0,1.0,0.0,1.0,9.0,3.0,11.0,3.0,3.0,4.0,2.0,1.0,14.0,1.0,1.0,0.0,119.0
1.0,0.0,1.0,0.0,1.0,0.0,0.0,1.0,0.0,0.0,0.0,0.0,0.0,0.0,0.0,0.0,0.0,0.0,0.0,1.0,0.0,13.0,3.0,34.0,2.0,5.0,5.0,4.0,0.0,15.0,1.0,1.0,4.543490512868683,209.0
0.0,0.0,0.0,1.0,1.0,0.0,0.0,0.0,0.0,1.0,0.0,0.0,0.0,0.0,0.0,0.0,0.0,0.0,0.0,1.0,0.0,14.0,1.0,8.0,3.0,4.0,3.0,3.0,1.0,17.0,0.0,1.0,7.0,168.0
1.0,0.0,1.0,0.0,0.0,0.0,1.0,0.0,0.0,1.0,0.0,0.0,0.0,0.0,0.0,0.0,1.0,0.0,0.0,0.0,0.0,0.0,3.0,35.0,2.0,3.0,3.0,6.0,0.0,12.0,1.0,1.0,0.0,143.0
0.0,0.0,0.0,1.0,0.0,0.0,1.0,0.0,0.0,1.0,0.0,0.0,0.0,0.0,0.0,0.0,1.0,0.0,0.0,0.0,0.0,8.0,3.0,6.0,3.0,3.0,3.0,2.0,0.0,16.0,0.0,1.0,3.0,149.0
1.0,0.0,0.0,1.0,0.0,1.0,0.0,0.0,0.0,1.0,0.0,0.0,0.0,0.0,0.0,0.0,0.0,1.0,0.0,0.0,0.0,7.0,3.0,27.0,3.0,2.0,2.0,2.0,0.0,12.0,5.0,5.0,7.0,153.0
1.0,0.0,0.0,1.0,0.0,0.0,1.0,0.0,0.0,0.0,1.0,0.0,0.0,0.0,1.0,0.0,0.0,0.0,0.0,0.0,1.0,0.0,1.0,14.0,3.0,5.0,2.0,2.0,1.0,18.0,1.0,1.0,0.0,123.0
0.0,0.0,0.0,1.0,0.0,1.0,0.0,1.0,0.0,0.0,0.0,0.0,0.0,0.0,1.0,0.0,0.0,0.0,0.0,0.0,0.0,10.0,1.0,6.0,2.0,3.0,2.0,5.0,0.0,17.0,1.0,1.0,2.0,175.0
0.0,1.0,0.0,0.0,1.0,0.0,0.0,1.0,0.0,0.0,0.0,0.0,0.0,0.0,0.0,0.0,1.0,0.0,0.0,0.0,0.0,19.0,1.0,24.0,2.0,3.0,3.0,6.0,0.0,11.0,1.0,1.0,2.0,205.0
0.0,1.0,0.0,0.0,0.0,1.0,0.0,0.0,1.0,0.0,0.0,0.0,0.0,0.0,0.0,0.0,0.0,1.0,0.0,0.0,0.0,14.0,3.0,8.0,3.0,3.0,5.0,8.0,0.0,16.0,1.0,11.0,8.0,266.0
1.0,0.0,1.0,0.0,1.0,0.0,0.0,1.0,0.0,0.0,0.0,0.0,0.0,0.0,0.0,0.0,1.0,0.0,0.0,0.0,0.0,10.0,3.0,15.0,3.0,3.0,4.0,2.0,0.0,13.0,6.0,7.0,7.0,188.0
1.0,0.0,1.0,0.0,0.0,1.0,0.0,0.0,0.0,1.0,0.0,0.0,0.0,0.0,1.0,0.0,0.0,0.0,0.0,0.0,0.0,25.0,1.0,12.0,3.0,3.0,5.0,4.0,1.0,12.0,2.0,6.0,9.0,156.0
1.0,1.0,0.0,0.0,1.0,0.0,0.0,0.0,0.0,1.0,0.0,0.0,0.0,0.0,0.0,0.0,0.0,0.0,0.0,1.0,1.0,0.0,3.0,17.0,2.0,2.0,3.0,9.0,0.0,12.0,1.0,1.0,2.0,147.0
1.0,1.0,0.0,0.0,1.0,0.0,0.0,0.0,0.0,0.0,1.0,0.0,0.0,1.0,0.0,0.0,0.0,0.0,0.0,0.0,0.0,0.0,3.0,14.0,2.0,3.0,2.0,1.0,0.0,13.0,0.0,2.0,1.0,124.0
0.0,1.0,0.0,0.0,0.0,1.0,0.0,0.0,0.0,1.0,0.0,0.0,0.0,0.0,0.0,0.0,1.0,0.0,0.0,0.0,0.0,11.0,1.0,16.0,3.0,3.0,3.0,4.0,0.0,19.0,1.0,1.0,0.0,198.0
0.0,1.0,0.0,0.0,0.0,1.0,0.0,0.0,0.0,1.0,0.0,0.0,0.0,0.0,0.0,0.0,0.0,1.0,0.0,0.0,0.0,10.0,1.0,6.0,3.0,3.0,4.0,7.0,0.0,12.0,3.0,4.0,3.0,164.0
1.0,0.0,1.0,0.0,0.0,1.0,0.0,0.0,0.0,0.0,0.0,0.0,1.0,0.0,0.0,0.0,0.0,1.0,0.0,0.0,0.0,22.0,1.0,24.0,2.0,4.0,3.0,2.0,1.0,15.0,0.0,1.0,9.0,295.0
1.0,1.0,0.0,0.0,0.0,0.0,1.0,0.0,0.0,0.0,1.0,0.0,0.0,1.0,0.0,0.0,0.0,0.0,0.0,0.0,0.0,0.0,1.0,29.0,3.0,2.0,2.0,2.0,1.0,11.0,0.0,1.0,4.0,127.0
1.0,1.0,0.0,0.0,0.0,1.0,0.0,0.0,0.0,1.0,0.0,0.0,0.0,0.0,0.0,0.0,0.0,0.0,1.0,0.0,0.0,0.0,3.0,34.0,3.0,3.0,4.0,2.0,0.0,20.0,1.0,1.0,4.0,163.0
1.0,1.0,0.0,0.0,0.0,0.0,1.0,0.0,0.0,0.0,1.0,0.0,0.0,0.0,0.0,0.0,0.0,0.0,0.0,1.0,0.0,9.0,1.0,23.0,3.0,4.0,4.0,2.0,0.0,21.0,1.0,1.0,0.0,121.0
1.0,1.0,0.0,0.0,1.0,0.0,0.0,0.0,0.0,0.0,0.0,0.0,1.0,0.0,0.0,0.0,1.0,0.0,0.0,0.0,0.0,23.0,2.0,9.0,2.0,3.0,4.0,2.0,0.0,11.0,1.0,10.0,7.0,282.0
1.0,1.0,0.0,0.0,0.0,0.0,1.0,0.0,0.0,0.0,1.0,0.0,0.0,1.0,0.0,0.0,0.0,0.0,0.0,0.0,0.0,9.0,3.0,19.0,2.0,3.0,3.0,2.0,0.0,11.0,1.0,1.0,6.0,121.0
0.0,1.0,0.0,0.0,1.0,0.0,0.0,0.0,0.0,0.0,1.0,0.0,0.0,0.0,0.0,0.0,0.0,1.0,0.0,0.0,1.0,0.0,1.0,13.0,3.0,3.0,3.0,2.0,1.0,16.0,0.0,1.0,2.0,129.0
1.0,1.0,0.0,0.0,1.0,0.0,0.0,0.0,0.0,0.0,1.0,0.0,0.0,0.0,0.0,0.0,0.0,1.0,0.0,0.0,1.0,9.0,3.0,18.0,3.0,4.0,5.0,2.0,0.0,18.0,1.0,1.0,0.0,120.0
1.0,1.0,0.0,0.0,0.0,0.0,1.0,0.0,0.0,0.0,0.0,1.0,0.0,0.0,0.0,0.0,0.0,1.0,0.0,0.0,0.0,7.0,1.0,6.0,2.0,4.0,2.0,2.0,1.0,13.0,0.0,1.0,3.0,136.0
1.0,0.0,1.0,0.0,0.0,0.0,1.0,0.0,0.0,1.0,0.0,0.0,0.0,0.0,0.0,0.0,1.0,0.0,0.0,0.0,1.0,0.0,3.0,19.0,2.0,3.0,5.0,3.0,0.0,17.0,0.0,1.0,2.0,142.0
1.0,0.0,0.0,1.0,0.0,0.0,1.0,0.0,0.0,1.0,0.0,0.0,0.0,0.0,0.0,0.0,0.0,0.0,0.0,1.0,0.0,8.0,1.0,31.0,2.0,4.0,2.0,5.0,0.0,14.0,0.0,1.0,2.0,137.0
1.0,0.0,1.0,0.0,0.0,1.0,0.0,0.0,0.0,1.0,0.0,0.0,0.0,0.0,0.0,0.0,1.0,0.0,0.0,0.0,0.0,4.0,3.0,12.0,3.0,2.0,2.0,5.0,0.0,22.0,3.0,5.0,7.0,155.0
0.0,0.0,1.0,0.0,0.0,0.0,1.0,0.0,0.0,0.0,1.0,0.0,0.0,1.0,0.0,0.0,0.0,0.0,0.0,0.0,0.0,9.0,1.0,12.0,3.0,4.0,3.0,1.0,0.0,12.0,1.0,1.0,3.0,122.0
1.0,1.0,0.0,0.0,0.0,1.0,0.0,0.0,0.0,1.0,0.0,0.0,0.0,0.0,0.0,0.0,0.0,0.0,1.0,0.0,0.0,10.0,3.0,8.0,3.0,3.0,3.0,5.0,1.0,11.0,0.0,1.0,0.0,196.0
0.0,0.0,0.0,1.0,0.0,0.0,1.0,0.0,0.0,0.0,1.0,0.0,0.0,0.0,0.0,0.0,0.0,1.0,0.0,0.0,0.0,0.0,1.0,6.0,3.0,4.0,4.0,2.0,0.0,13.0,1.0,1.0,0.0,128.0
0.0,1.0,0.0,0.0,0.0,0.0,1.0,0.0,0.0,1.0,0.0,0.0,0.0,0.0,0.0,0.0,0.0,1.0,0.0,0.0,0.0,15.0,1.0,8.0,2.0,3.0,2.0,2.0,0.0,13.0,2.0,2.0,2.0,141.0
1.0,0.0,1.0,0.0,0.0,1.0,0.0,0.0,1.0,0.0,0.0,0.0,0.0,0.0,0.0,0.0,0.0,0.0,0.0,1.0,0.0,16.0,1.0,12.0,2.0,4.0,2.0,5.0,1.0,14.0,1.0,1.0,0.0,266.0
0.0,0.0,0.0,1.0,0.0,0.0,1.0,0.0,0.0,0.0,1.0,0.0,0.0,0.0,0.0,0.0,0.0,1.0,0.0,0.0,0.0,11.0,1.0,14.0,2.0,3.0,5.0,4.0,0.0,17.0,1.0,1.0,0.0,126.0
1.0,0.0,1.0,0.0,1.0,0.0,0.0,0.0,0.0,1.0,0.0,0.0,0.0,0.0,0.0,0.0,1.0,0.0,0.0,0.0,0.0,16.0,1.0,15.0,3.0,3.0,3.0,4.0,1.0,13.0,2.0,4.0,7.0,157.0
0.0,1.0,0.0,0.0,0.0,1.0,0.0,0.0,1.0,0.0,0.0,0.0,0.0,0.0,0.0,0.0,0.0,1.0,0.0,0.0,0.0,21.0,1.0,6.0,2.0,4.0,5.0,8.0,0.0,11.0,0.0,2.0,2.0,254.0
0.0,0.0,0.0,1.0,0.0,1.0,0.0,0.0,0.0,1.0,0.0,0.0,0.0,0.0,0.0,0.0,0.0,1.0,0.0,0.0,0.0,17.0,2.0,6.0,2.0,4.0,3.0,5.0,0.0,11.0,1.0,1.0,2.0,160.0
0.0,0.0,1.0,0.0,0.0,0.0,1.0,0.0,0.0,0.0,1.0,0.0,0.0,0.0,1.0,0.0,0.0,0.0,0.0,0.0,0.0,7.0,3.0,14.0,2.0,3.0,3.0,2.0,1.0,18.0,1.0,1.0,6.0,126.0
1.0,0.0,1.0,0.0,0.0,0.0,1.0,0.0,0.0,0.0,1.0,0.0,0.0,0.0,0.0,0.0,0.0,0.0,1.0,0.0,1.0,0.0,3.0,8.0,3.0,3.0,5.0,1.0,0.0,11.0,0.0,1.0,2.0,130.0
1.0,0.0,0.0,1.0,0.0,0.0,1.0,0.0,0.0,0.0,1.0,0.0,0.0,0.0,1.0,0.0,0.0,0.0,0.0,0.0,0.0,0.0,3.0,28.0,2.0,3.0,3.0,2.0,0.0,11.0,1.0,1.0,2.0,134.0
1.0,1.0,0.0,0.0,0.0,1.0,0.0,0.0,0.0,0.0,0.0,0.0,1.0,0.0,0.0,0.0,0.0,0.0,0.0,1.0,0.0,17.0,1.0,9.0,2.0,3.0,2.0,5.0,1.0,15.0,1.0,1.0,1.0,295.0
1.0,1.0,0.0,0.0,0.0,0.0,1.0,0.0,0.0,0.0,1.0,0.0,0.0,1.0,0.0,0.0,0.0,0.0,0.0,0.0,0.0,0.0,1.0,12.0,3.0,3.0,3.0,1.0,0.0,20.0,2.0,2.0,2.0,128.0
1.0,0.0,1.0,0.0,0.0,1.0,0.0,0.0,0.0,1.0,0.0,0.0,0.0,0.0,0.0,0.0,0.0,0.0,1.0,0.0,0.0,6.0,3.0,14.0,2.0,3.0,3.0,1.0,0.0,12.0,1.0,1.0,2.0,171.0
0.0,1.0,0.0,0.0,0.0,1.0,0.0,0.0,0.0,1.0,0.0,0.0,0.0,0.0,0.0,0.0,0.0,1.0,0.0,0.0,0.0,5.0,1.0,15.0,3.0,3.0,2.0,2.0,1.0,12.0,1.0,1.0,5.0,163.0
0.0,0.0,1.0,0.0,1.0,0.0,0.0,0.0,0.0,0.0,1.0,0.0,0.0,1.0,0.0,0.0,0.0,0.0,0.0,0.0,0.0,9.0,1.0,9.0,3.0,3.0,3.0,2.0,0.0,20.0,1.0,1.0,0.0,121.0
0.0,0.0,0.0,1.0,0.0,1.0,0.0,0.0,0.0,1.0,0.0,0.0,0.0,0.0,0.0,0.0,1.0,0.0,0.0,0.0,0.0,26.0,3.0,6.0,2.0,3.0,5.0,8.0,0.0,20.0,6.0,8.0,10.0,184.0
1.0,1.0,0.0,0.0,0.0,0.0,1.0,0.0,0.0,0.0,1.0,0.0,0.0,0.0,0.0,0.0,0.0,1.0,0.0,0.0,0.0,7.0,1.0,6.0,3.0,3.0,2.0,2.0,0.0,12.0,6.0,8.0,8.0,127.0
0.0,1.0,0.0,0.0,1.0,0.0,0.0,0.0,0.0,1.0,0.0,0.0,0.0,0.0,0.0,0.0,0.0,1.0,0.0,0.0,1.0,8.0,3.0,32.0,3.0,3.0,5.0,3.0,0.0,14.0,0.0,1.0,0.0,143.0
0.0,1.0,0.0,0.0,0.0,0.0,1.0,0.0,0.0,0.0,1.0,0.0,0.0,0.0,0.0,0.0,0.0,1.0,0.0,0.0,0.0,0.0,1.0,12.0,3.0,3.0,2.0,2.0,1.0,13.0,0.0,1.0,2.0,127.0
1.0,1.0,0.0,0.0,0.0,1.0,0.0,1.0,0.0,0.0,0.0,0.0,0.0,0.0,0.0,0.0,0.0,0.0,0.0,1.0,0.0,10.0,1.0,9.0,2.0,3.0,3.0,2.0,0.0,15.0,6.0,7.0,8.0,194.0
0.0,1.0,0.0,0.0,0.0,1.0,0.0,0.0,0.0,1.0,0.0,0.0,0.0,0.0,0.0,0.0,1.0,0.0,0.0,0.0,0.0,2.0,3.0,9.0,3.0,3.0,3.0,2.0,0.0,14.0,0.0,1.0,2.0,156.0
1.0,0.0,0.0,1.0,0.0,1.0,0.0,0.0,0.0,1.0,0.0,0.0,0.0,0.0,0.0,0.0,0.0,1.0,0.0,0.0,0.0,8.0,1.0,12.0,2.0,5.0,2.0,2.0,0.0,13.0,11.0,11.0,8.0,166.0
1.0,0.0,1.0,0.0,1.0,0.0,0.0,0.0,0.0,1.0,0.0,0.0,0.0,0.0,0.0,0.0,0.0,1.0,0.0,0.0,0.0,6.0,1.0,12.0,1.0,3.0,2.0,4.0,0.0,23.0,4.0,4.0,7.0,177.0
1.0,1.0,0.0,0.0,0.0,1.0,0.0,1.0,0.0,0.0,0.0,0.0,0.0,0.0,0.0,0.0,1.0,0.0,0.0,0.0,0.0,27.0,2.0,25.0,2.0,3.0,4.0,3.0,0.0,15.0,3.0,7.0,1.0,207.0
1.0,0.0,1.0,0.0,0.0,1.0,0.0,0.0,0.0,1.0,0.0,0.0,0.0,0.0,0.0,0.0,1.0,0.0,0.0,0.0,0.0,9.0,1.0,15.0,2.0,4.0,4.0,3.0,1.0,11.0,1.0,1.0,2.0,188.0
1.0,0.0,0.0,1.0,0.0,0.0,1.0,0.0,0.0,0.0,1.0,0.0,0.0,1.0,0.0,0.0,0.0,0.0,0.0,0.0,0.0,9.0,1.0,9.0,2.0,4.0,2.0,1.0,0.0,13.0,0.0,1.0,1.0,120.0
1.0,0.0,0.0,1.0,0.0,1.0,0.0,0.0,0.0,0.0,0.0,1.0,0.0,0.0,0.0,0.0,1.0,0.0,0.0,0.0,1.0,0.0,1.0,16.0,2.0,3.0,3.0,2.0,1.0,11.0,0.0,1.0,1.0,110.0
1.0,0.0,0.0,1.0,1.0,0.0,0.0,0.0,0.0,0.0,1.0,0.0,0.0,0.0,0.0,0.0,0.0,1.0,0.0,0.0,1.0,0.0,1.0,9.0,3.0,3.0,5.0,2.0,1.0,11.0,9.0,9.0,7.0,133.0
1.0,1.0,0.0,0.0,1.0,0.0,0.0,0.0,0.0,0.0,0.0,1.0,0.0,0.0,0.0,0.0,0.0,1.0,0.0,0.0,0.0,9.0,1.0,9.0,2.0,4.0,3.0,2.0,0.0,18.0,1.0,1.0,0.0,113.0
1.0,1.0,0.0,0.0,0.0,0.0,1.0,0.0,0.0,0.0,1.0,0.0,0.0,1.0,0.0,0.0,0.0,0.0,0.0,0.0,0.0,0.0,1.0,10.0,3.0,2.0,5.0,3.0,0.0,16.0,0.0,1.0,2.0,128.0
1.0,1.0,0.0,0.0,0.0,0.0,1.0,0.0,0.0,1.0,0.0,0.0,0.0,0.0,0.0,0.0,0.0,1.0,0.0,0.0,0.0,0.0,3.0,14.0,2.0,2.0,4.0,1.0,0.0,22.0,0.0,1.0,2.0,149.0
0.0,0.0,0.0,1.0,0.0,0.0,1.0,0.0,0.0,1.0,0.0,0.0,0.0,0.0,0.0,0.0,0.0,0.0,1.0,0.0,0.0,11.0,3.0,13.0,2.0,4.0,2.0,1.0,0.0,20.0,1.0,1.0,5.0,140.0
1.0,0.0,1.0,0.0,1.0,0.0,0.0,0.0,0.0,0.0,1.0,0.0,0.0,0.0,0.0,0.0,0.0,1.0,0.0,0.0,0.0,2.0,1.0,6.0,3.0,5.0,2.0,2.0,0.0,18.0,2.0,2.0,8.0,127.0
1.0,1.0,0.0,0.0,0.0,1.0,0.0,0.0,0.0,1.0,0.0,0.0,0.0,0.0,0.0,0.0,0.0,0.0,1.0,0.0,0.0,21.0,3.0,8.0,2.0,2.0,4.0,4.0,0.0,12.0,2.0,2.0,2.0,181.0
0.0,0.0,1.0,0.0,1.0,0.0,0.0,0.0,0.0,1.0,0.0,0.0,0.0,0.0,0.0,0.0,1.0,0.0,0.0,0.0,0.0,0.0,3.0,9.0,3.0,2.0,2.0,2.0,1.0,20.0,1.0,1.0,4.0,146.0
1.0,0.0,0.0,1.0,0.0,0.0,1.0,0.0,0.0,0.0,0.0,1.0,0.0,0.0,0.0,0.0,0.0,1.0,0.0,0.0,0.0,10.0,1.0,16.0,3.0,2.0,2.0,4.0,0.0,17.0,1.0,1.0,0.0,147.0
1.0,1.0,0.0,0.0,0.0,0.0,1.0,0.0,0.0,0.0,1.0,0.0,0.0,1.0,0.0,0.0,0.0,0.0,0.0,0.0,0.0,23.0,1.0,34.0,3.0,2.0,3.0,2.0,1.0,11.0,3.0,3.0,8.0,132.0
0.0,0.0,0.0,1.0,0.0,1.0,0.0,1.0,0.0,0.0,0.0,0.0,0.0,0.0,0.0,0.0,1.0,0.0,0.0,0.0,0.0,7.0,1.0,15.0,2.0,4.0,4.0,2.0,0.0,14.0,4.0,7.0,7.0,186.0
0.0,0.0,0.0,1.0,0.0,0.0,1.0,0.0,0.0,1.0,0.0,0.0,0.0,0.0,0.0,0.0,0.0,1.0,0.0,0.0,1.0,0.0,3.0,9.0,3.0,3.0,3.0,10.0,0.0,14.0,1.0,2.0,0.0,146.0
0.0,0.0,0.0,1.0,0.0,0.0,1.0,0.0,0.0,1.0,0.0,0.0,0.0,0.0,1.0,0.0,0.0,0.0,0.0,0.0,0.0,12.0,1.0,8.0,3.0,4.0,3.0,2.0,0.0,11.0,2.0,11.0,10.0,146.0
1.0,0.0,0.0,1.0,0.0,1.0,0.0,0.0,0.0,1.0,0.0,0.0,0.0,0.0,0.0,0.0,0.0,0.0,1.0,0.0,0.0,5.0,3.0,16.0,2.0,3.0,2.0,2.0,0.0,12.0,0.0,1.0,8.0,154.0
1.0,1.0,0.0,0.0,1.0,0.0,0.0,0.0,0.0,1.0,0.0,0.0,0.0,0.0,1.0,0.0,0.0,0.0,0.0,0.0,1.0,13.0,3.0,14.0,2.0,3.0,3.0,4.0,1.0,14.0,1.0,1.0,3.0,168.0
0.0,0.0,0.0,1.0,0.0,1.0,0.0,0.0,0.0,1.0,0.0,0.0,0.0,0.0,0.0,0.0,0.0,1.0,0.0,0.0,0.0,11.0,1.0,6.0,2.0,2.0,2.0,1.0,0.0,13.0,1.0,1.0,8.0,176.0
0.0,1.0,0.0,0.0,0.0,1.0,0.0,1.0,0.0,0.0,0.0,0.0,0.0,0.0,0.0,0.0,0.0,1.0,0.0,0.0,0.0,0.0,1.0,6.0,3.0,3.0,5.0,2.0,0.0,11.0,1.0,1.0,7.0,174.0
0.0,0.0,0.0,1.0,0.0,1.0,0.0,1.0,0.0,0.0,0.0,0.0,0.0,0.0,0.0,0.0,0.0,1.0,0.0,0.0,0.0,5.0,1.0,9.0,2.0,3.0,2.0,4.0,0.0,15.0,3.0,7.0,4.543490512868683,212.0
1.0,0.0,0.0,1.0,0.0,1.0,0.0,0.0,0.0,1.0,0.0,0.0,0.0,0.0,0.0,0.0,0.0,0.0,1.0,0.0,0.0,20.0,3.0,20.0,2.0,3.0,5.0,3.0,0.0,12.0,0.0,1.0,7.0,150.0
1.0,1.0,0.0,0.0,1.0,0.0,0.0,1.0,0.0,0.0,0.0,0.0,0.0,0.0,0.0,0.0,0.0,1.0,0.0,0.0,0.0,13.0,3.0,11.0,2.0,4.0,5.0,6.0,1.0,21.0,0.0,1.0,12.0,205.0
1.0,1.0,0.0,0.0,0.0,1.0,0.0,0.0,1.0,0.0,0.0,0.0,0.0,0.0,0.0,0.0,0.0,1.0,0.0,0.0,0.0,26.0,1.0,13.0,2.0,2.0,3.0,4.0,0.0,19.0,0.0,2.0,3.0,248.0
1.0,0.0,1.0,0.0,0.0,1.0,0.0,0.0,0.0,0.0,0.0,0.0,1.0,0.0,0.0,0.0,0.0,0.0,0.0,1.0,0.0,14.0,2.0,16.0,3.0,4.0,2.0,4.0,0.0,15.0,1.0,12.0,6.0,291.0
1.0,0.0,0.0,1.0,0.0,1.0,0.0,0.0,0.0,1.0,0.0,0.0,0.0,0.0,0.0,0.0,0.0,0.0,1.0,0.0,0.0,30.0,3.0,22.0,2.0,3.0,5.0,9.0,0.0,14.0,1.0,2.0,2.0,154.0
1.0,0.0,1.0,0.0,1.0,0.0,0.0,1.0,0.0,0.0,0.0,0.0,0.0,0.0,0.0,0.0,0.0,1.0,0.0,0.0,0.0,0.0,1.0,16.0,2.0,3.0,5.0,2.0,0.0,21.0,1.0,1.0,7.0,188.0
1.0,1.0,0.0,0.0,0.0,1.0,0.0,0.0,0.0,0.0,0.0,0.0,1.0,0.0,0.0,0.0,0.0,0.0,0.0,1.0,0.0,14.0,2.0,6.0,2.0,4.0,3.0,2.0,0.0,12.0,1.0,2.0,10.0,292.0
1.0,1.0,0.0,0.0,0.0,0.0,1.0,0.0,0.0,0.0,0.0,1.0,0.0,0.0,0.0,0.0,0.0,0.0,1.0,0.0,0.0,23.0,3.0,14.0,2.0,3.0,4.0,8.0,0.0,15.0,1.0,2.0,2.0,139.0
0.0,0.0,0.0,1.0,0.0,0.0,1.0,0.0,0.0,0.0,1.0,0.0,0.0,0.0,0.0,0.0,0.0,1.0,0.0,0.0,1.0,9.0,1.0,6.0,3.0,5.0,4.0,8.0,1.0,13.0,1.0,3.0,7.0,122.0
0.0,1.0,0.0,0.0,1.0,0.0,0.0,1.0,0.0,0.0,0.0,0.0,0.0,0.0,0.0,0.0,0.0,1.0,0.0,0.0,0.0,9.0,1.0,14.0,3.0,2.0,5.0,10.0,0.0,14.0,0.0,1.0,4.543490512868683,217.0
0.0,0.0,0.0,1.0,0.0,1.0,0.0,1.0,0.0,0.0,0.0,0.0,0.0,0.0,0.0,0.0,0.0,1.0,0.0,0.0,0.0,11.0,1.0,6.0,2.0,3.0,3.0,5.0,1.0,14.0,0.0,1.0,0.0,179.0
1.0,0.0,0.0,1.0,1.0,0.0,0.0,0.0,0.0,0.0,0.0,1.0,0.0,0.0,0.0,0.0,1.0,0.0,0.0,0.0,0.0,17.0,1.0,30.0,2.0,5.0,3.0,3.0,0.0,14.0,0.0,1.0,4.0,137.0
0.0,0.0,1.0,0.0,1.0,0.0,0.0,0.0,1.0,0.0,0.0,0.0,0.0,0.0,0.0,0.0,1.0,0.0,0.0,0.0,0.0,20.0,3.0,9.0,2.0,3.0,3.0,10.0,1.0,12.0,7.0,2.0,13.0,238.0
1.0,0.0,1.0,0.0,0.0,1.0,0.0,0.0,0.0,1.0,0.0,0.0,0.0,0.0,0.0,0.0,0.0,0.0,1.0,0.0,0.0,3.0,3.0,33.0,2.0,3.0,2.0,8.0,0.0,23.0,4.0,7.0,7.0,153.0
1.0,0.0,0.0,1.0,0.0,0.0,1.0,0.0,0.0,0.0,1.0,0.0,0.0,0.0,0.0,0.0,0.0,1.0,0.0,0.0,0.0,2.0,3.0,14.0,2.0,3.0,3.0,2.0,0.0,11.0,0.0,1.0,0.0,126.0
1.0,0.0,1.0,0.0,1.0,0.0,0.0,0.0,0.0,0.0,1.0,0.0,0.0,1.0,0.0,0.0,0.0,0.0,0.0,0.0,1.0,5.0,1.0,25.0,3.0,2.0,3.0,7.0,1.0,12.0,2.0,2.0,2.0,128.0
1.0,1.0,0.0,0.0,1.0,0.0,0.0,0.0,0.0,1.0,0.0,0.0,0.0,0.0,0.0,0.0,0.0,1.0,0.0,0.0,0.0,16.0,3.0,21.0,2.0,4.0,2.0,4.0,0.0,18.0,0.0,2.0,2.0,168.0
0.0,0.0,0.0,1.0,0.0,1.0,0.0,0.0,0.0,1.0,0.0,0.0,0.0,0.0,0.0,0.0,1.0,0.0,0.0,0.0,0.0,7.0,1.0,14.0,3.0,3.0,3.0,4.0,0.0,11.0,1.0,4.0,3.0,161.0
1.0,1.0,0.0,0.0,0.0,0.0,1.0,0.0,0.0,0.0,1.0,0.0,0.0,1.0,0.0,0.0,0.0,0.0,0.0,0.0,0.0,0.0,1.0,14.0,2.0,3.0,5.0,2.0,0.0,14.0,0.0,1.0,2.0,125.0
0.0,1.0,0.0,0.0,0.0,1.0,0.0,0.0,0.0,1.0,0.0,0.0,0.0,0.0,0.0,0.0,0.0,0.0,0.0,1.0,0.0,12.0,2.0,9.0,2.0,2.0,4.0,10.0,0.0,15.0,3.0,3.0,6.0,164.0
1.0,1.0,0.0,0.0,0.0,1.0,0.0,0.0,1.0,0.0,0.0,0.0,0.0,0.0,0.0,0.0,1.0,0.0,0.0,0.0,0.0,29.0,1.0,15.0,2.0,3.0,2.0,8.0,0.0,11.0,0.0,1.0,4.543490512868683,211.0
0.0,0.0,0.0,1.0,0.0,0.0,1.0,0.0,0.0,0.0,1.0,0.0,0.0,1.0,0.0,0.0,0.0,0.0,0.0,0.0,0.0,13.0,1.0,14.0,2.0,4.0,2.0,1.0,1.0,20.0,2.0,2.0,3.0,123.0
0.0,0.0,0.0,1.0,0.0,1.0,0.0,0.0,0.0,1.0,0.0,0.0,0.0,0.0,0.0,0.0,1.0,0.0,0.0,0.0,0.0,0.0,1.0,13.0,2.0,4.0,5.0,9.0,0.0,19.0,1.0,1.0,7.0,168.0
1.0,0.0,1.0,0.0,0.0,0.0,1.0,0.0,0.0,0.0,1.0,0.0,0.0,0.0,0.0,0.0,0.0,0.0,1.0,0.0,0.0,9.0,3.0,16.0,2.0,3.0,4.0,2.0,0.0,14.0,0.0,2.0,2.0,123.0
1.0,0.0,0.0,1.0,0.0,0.0,1.0,0.0,0.0,1.0,0.0,0.0,0.0,0.0,0.0,0.0,0.0,1.0,0.0,0.0,0.0,26.0,1.0,14.0,2.0,3.0,2.0,3.0,0.0,17.0,1.0,2.0,2.0,125.0
0.0,0.0,1.0,0.0,1.0,0.0,0.0,0.0,0.0,1.0,0.0,0.0,0.0,0.0,0.0,0.0,0.0,1.0,0.0,0.0,0.0,8.0,1.0,8.0,3.0,3.0,5.0,3.0,0.0,11.0,0.0,1.0,0.0,151.0
1.0,1.0,0.0,0.0,1.0,0.0,0.0,0.0,0.0,1.0,0.0,0.0,0.0,0.0,0.0,0.0,0.0,1.0,0.0,0.0,0.0,5.0,1.0,30.0,3.0,3.0,2.0,2.0,0.0,15.0,2.0,4.0,7.0,153.0
1.0,1.0,0.0,0.0,0.0,0.0,1.0,0.0,0.0,0.0,1.0,0.0,0.0,1.0,0.0,0.0,0.0,0.0,0.0,0.0,0.0,11.0,1.0,8.0,3.0,3.0,3.0,7.0,1.0,13.0,0.0,1.0,1.0,131.0
0.0,0.0,1.0,0.0,0.0,1.0,0.0,0.0,0.0,1.0,0.0,0.0,0.0,0.0,0.0,0.0,0.0,1.0,0.0,0.0,0.0,7.0,1.0,14.0,2.0,3.0,5.0,4.0,0.0,14.0,1.0,1.0,0.0,151.0
1.0,1.0,0.0,0.0,0.0,1.0,0.0,0.0,1.0,0.0,0.0,0.0,0.0,0.0,0.0,0.0,0.0,0.0,1.0,0.0,0.0,25.0,3.0,9.0,2.0,4.0,5.0,2.0,0.0,11.0,1.0,1.0,16.0,269.0
1.0,0.0,0.0,1.0,0.0,0.0,1.0,0.0,0.0,0.0,1.0,0.0,0.0,0.0,0.0,0.0,0.0,0.0,0.0,1.0,1.0,0.0,1.0,6.0,3.0,3.0,2.0,2.0,1.0,13.0,5.0,7.0,8.0,127.0
0.0,0.0,0.0,1.0,0.0,1.0,0.0,0.0,0.0,1.0,0.0,0.0,0.0,0.0,0.0,0.0,1.0,0.0,0.0,0.0,0.0,0.0,3.0,32.0,2.0,3.0,2.0,2.0,0.0,23.0,0.0,1.0,4.0,162.0
1.0,0.0,0.0,1.0,0.0,1.0,0.0,0.0,0.0,1.0,0.0,0.0,0.0,0.0,1.0,0.0,0.0,0.0,0.0,0.0,0.0,18.0,3.0,8.0,2.0,5.0,3.0,1.0,0.0,13.0,0.0,3.0,1.0,166.0
1.0,0.0,0.0,1.0,0.0,0.0,1.0,0.0,0.0,0.0,1.0,0.0,0.0,0.0,0.0,0.0,1.0,0.0,0.0,0.0,0.0,0.0,1.0,16.0,3.0,2.0,3.0,2.0,0.0,18.0,1.0,1.0,2.0,135.0
0.0,0.0,0.0,1.0,1.0,0.0,0.0,0.0,0.0,1.0,0.0,0.0,0.0,0.0,0.0,0.0,0.0,1.0,0.0,0.0,1.0,10.0,3.0,33.0,3.0,1.0,3.0,5.0,1.0,12.0,1.0,1.0,3.0,164.0
1.0,0.0,0.0,1.0,0.0,1.0,0.0,0.0,0.0,1.0,0.0,0.0,0.0,0.0,0.0,0.0,0.0,0.0,0.0,1.0,0.0,7.0,3.0,8.0,2.0,3.0,2.0,2.0,0.0,22.0,0.0,1.0,4.0,163.0
1.0,1.0,0.0,0.0,0.0,1.0,0.0,0.0,0.0,0.0,0.0,0.0,1.0,0.0,0.0,0.0,1.0,0.0,0.0,0.0,1.0,18.0,1.0,8.0,3.0,3.0,5.0,6.0,1.0,15.0,1.0,1.0,4.0,299.0
1.0,0.0,0.0,1.0,1.0,0.0,0.0,1.0,0.0,0.0,0.0,0.0,0.0,0.0,0.0,0.0,0.0,1.0,0.0,0.0,0.0,9.0,3.0,14.0,3.0,4.0,5.0,2.0,0.0,15.0,0.0,1.0,9.0,176.0
1.0,1.0,0.0,0.0,1.0,0.0,0.0,0.0,0.0,0.0,0.0,1.0,0.0,0.0,0.0,0.0,1.0,0.0,0.0,0.0,0.0,25.0,1.0,25.0,2.0,3.0,2.0,1.0,0.0,18.0,1.0,1.0,2.0,143.0
0.0,0.0,1.0,0.0,1.0,0.0,0.0,0.0,0.0,0.0,0.0,1.0,0.0,0.0,0.0,0.0,0.0,1.0,0.0,0.0,0.0,0.0,1.0,6.0,3.0,5.0,2.0,4.0,0.0,14.0,2.0,2.0,0.0,144.0
0.0,1.0,0.0,0.0,0.0,0.0,1.0,0.0,0.0,1.0,0.0,0.0,0.0,0.0,0.0,0.0,1.0,0.0,0.0,0.0,0.0,2.0,1.0,33.0,3.0,3.0,3.0,5.0,0.0,12.0,1.0,1.0,1.0,143.0
1.0,0.0,0.0,1.0,0.0,1.0,0.0,0.0,0.0,1.0,0.0,0.0,0.0,0.0,1.0,0.0,0.0,0.0,0.0,0.0,1.0,0.0,3.0,14.0,2.0,4.0,5.0,7.0,0.0,17.0,1.0,1.0,2.0,153.0
0.0,0.0,0.0,1.0,0.0,0.0,1.0,0.0,0.0,0.0,1.0,0.0,0.0,0.0,0.0,0.0,0.0,1.0,0.0,0.0,0.0,7.0,1.0,6.0,3.0,1.0,2.0,3.0,0.0,16.0,0.0,1.0,3.0,133.0
0.0,0.0,1.0,0.0,0.0,1.0,0.0,0.0,0.0,1.0,0.0,0.0,0.0,0.0,0.0,0.0,1.0,0.0,0.0,0.0,0.0,27.0,1.0,25.0,3.0,3.0,5.0,10.0,1.0,11.0,0.0,1.0,4.0,155.0
1.0,1.0,0.0,0.0,1.0,0.0,0.0,0.0,0.0,1.0,0.0,0.0,0.0,0.0,0.0,0.0,0.0,0.0,1.0,0.0,0.0,2.0,3.0,5.0,2.0,3.0,2.0,1.0,0.0,19.0,0.0,1.0,1.0,143.0
0.0,0.0,1.0,0.0,0.0,0.0,1.0,0.0,0.0,0.0,1.0,0.0,0.0,0.0,0.0,0.0,0.0,1.0,0.0,0.0,0.0,10.0,1.0,16.0,3.0,3.0,5.0,1.0,1.0,13.0,3.0,4.0,3.0,128.0
0.0,0.0,0.0,1.0,1.0,0.0,0.0,0.0,0.0,1.0,0.0,0.0,0.0,0.0,0.0,0.0,0.0,1.0,0.0,0.0,0.0,11.0,1.0,8.0,3.0,1.0,5.0,7.0,1.0,12.0,4.0,4.0,12.0,160.0
0.0,0.0,0.0,1.0,0.0,0.0,1.0,0.0,0.0,0.0,0.0,1.0,0.0,0.0,0.0,0.0,1.0,0.0,0.0,0.0,0.0,7.0,1.0,8.0,2.0,4.0,5.0,2.0,0.0,11.0,1.0,1.0,3.0,144.0
0.0,1.0,0.0,0.0,0.0,0.0,1.0,0.0,0.0,0.0,1.0,0.0,0.0,0.0,0.0,0.0,0.0,1.0,0.0,0.0,0.0,8.0,3.0,14.0,3.0,3.0,2.0,2.0,0.0,16.0,0.0,1.0,2.0,126.0
1.0,1.0,0.0,0.0,0.0,0.0,1.0,0.0,0.0,0.0,0.0,1.0,0.0,0.0,0.0,0.0,0.0,1.0,0.0,0.0,0.0,3.0,1.0,6.0,2.0,5.0,3.0,4.0,0.0,21.0,1.0,1.0,2.0,138.0
0.0,1.0,0.0,0.0,1.0,0.0,0.0,0.0,0.0,1.0,0.0,0.0,0.0,0.0,0.0,0.0,1.0,0.0,0.0,0.0,0.0,13.0,1.0,8.0,2.0,1.0,4.0,2.0,0.0,24.0,0.0,3.0,7.0,142.0
0.0,1.0,0.0,0.0,0.0,1.0,0.0,0.0,0.0,1.0,0.0,0.0,0.0,0.0,0.0,0.0,0.0,1.0,0.0,0.0,0.0,7.0,3.0,14.0,3.0,3.0,5.0,6.0,0.0,17.0,1.0,1.0,2.0,165.0
1.0,0.0,1.0,0.0,1.0,0.0,0.0,0.0,0.0,0.0,0.0,0.0,1.0,0.0,0.0,0.0,0.0,1.0,0.0,0.0,0.0,15.0,1.0,14.0,3.0,3.0,2.0,2.0,0.0,13.0,1.0,14.0,9.0,284.0
1.0,1.0,0.0,0.0,0.0,1.0,0.0,0.0,0.0,0.0,0.0,1.0,0.0,0.0,0.0,0.0,0.0,1.0,0.0,0.0,1.0,9.0,1.0,12.0,3.0,1.0,5.0,2.0,1.0,21.0,1.0,1.0,0.0,116.0
1.0,0.0,1.0,0.0,1.0,0.0,0.0,0.0,0.0,0.0,1.0,0.0,0.0,0.0,0.0,0.0,0.0,1.0,0.0,0.0,0.0,0.0,1.0,15.0,3.0,4.0,4.0,2.0,0.0,11.0,1.0,1.0,0.0,127.0
0.0,1.0,0.0,0.0,0.0,0.0,1.0,0.0,0.0,1.0,0.0,0.0,0.0,0.0,0.0,0.0,0.0,1.0,0.0,0.0,0.0,25.0,1.0,17.0,3.0,3.0,3.0,9.0,0.0,20.0,1.0,1.0,4.0,131.0
1.0,1.0,0.0,0.0,0.0,1.0,0.0,0.0,1.0,0.0,0.0,0.0,0.0,0.0,0.0,0.0,1.0,0.0,0.0,0.0,0.0,23.0,1.0,8.0,3.0,3.0,3.0,6.0,0.0,16.0,1.0,1.0,3.0,276.0
0.0,1.0,0.0,0.0,0.0,0.0,1.0,0.0,0.0,0.0,1.0,0.0,0.0,0.0,0.0,0.0,0.0,1.0,0.0,0.0,1.0,0.0,1.0,14.0,2.0,4.0,5.0,2.0,1.0,11.0,0.0,1.0,0.0,123.0
1.0,1.0,0.0,0.0,0.0,1.0,0.0,1.0,0.0,0.0,0.0,0.0,0.0,0.0,0.0,0.0,1.0,0.0,0.0,0.0,0.0,6.0,1.0,13.0,2.0,3.0,3.0,1.0,0.0,11.0,0.0,3.0,4.543490512868683,217.0
0.0,0.0,0.0,1.0,0.0,1.0,0.0,0.0,0.0,1.0,0.0,0.0,0.0,0.0,0.0,0.0,0.0,0.0,1.0,0.0,1.0,0.0,3.0,22.0,3.0,3.0,5.0,6.0,0.0,15.0,1.0,1.0,2.0,153.0
0.0,1.0,0.0,0.0,0.0,1.0,0.0,0.0,1.0,0.0,0.0,0.0,0.0,0.0,0.0,0.0,0.0,0.0,0.0,1.0,0.0,20.0,1.0,8.0,2.0,3.0,2.0,2.0,1.0,11.0,1.0,3.0,0.0,268.0
0.0,1.0,0.0,0.0,0.0,1.0,0.0,0.0,0.0,1.0,0.0,0.0,0.0,0.0,0.0,0.0,0.0,0.0,0.0,1.0,0.0,9.0,1.0,6.0,2.0,3.0,4.0,1.0,0.0,15.0,0.0,1.0,5.0,152.0
1.0,1.0,0.0,0.0,0.0,0.0,1.0,0.0,0.0,0.0,1.0,0.0,0.0,0.0,0.0,0.0,0.0,1.0,0.0,0.0,0.0,2.0,1.0,29.0,3.0,1.0,3.0,2.0,0.0,24.0,1.0,1.0,7.0,127.0
1.0,0.0,0.0,1.0,0.0,1.0,0.0,0.0,0.0,0.0,0.0,0.0,1.0,0.0,0.0,0.0,0.0,1.0,0.0,0.0,1.0,20.0,1.0,8.0,2.0,3.0,4.0,8.0,1.0,15.0,5.0,13.0,8.0,292.0
0.0,0.0,0.0,1.0,0.0,0.0,1.0,0.0,0.0,0.0,1.0,0.0,0.0,0.0,0.0,0.0,0.0,1.0,0.0,0.0,0.0,8.0,1.0,14.0,2.0,1.0,3.0,4.0,0.0,13.0,0.0,2.0,2.0,125.0
0.0,1.0,0.0,0.0,0.0,1.0,0.0,0.0,0.0,1.0,0.0,0.0,0.0,0.0,0.0,0.0,0.0,1.0,0.0,0.0,0.0,15.0,1.0,6.0,2.0,4.0,2.0,10.0,1.0,13.0,0.0,1.0,2.0,161.0
1.0,0.0,0.0,1.0,0.0,0.0,1.0,0.0,0.0,0.0,0.0,1.0,0.0,0.0,0.0,0.0,1.0,0.0,0.0,0.0,1.0,0.0,1.0,8.0,2.0,3.0,3.0,7.0,0.0,17.0,0.0,2.0,1.0,144.0
1.0,1.0,0.0,0.0,0.0,0.0,1.0,0.0,0.0,0.0,1.0,0.0,0.0,0.0,0.0,0.0,0.0,0.0,0.0,1.0,0.0,9.0,2.0,19.0,2.0,3.0,4.0,4.0,0.0,13.0,1.0,1.0,4.0,121.0
0.0,1.0,0.0,0.0,0.0,1.0,0.0,0.0,0.0,1.0,0.0,0.0,0.0,0.0,0.0,0.0,0.0,1.0,0.0,0.0,0.0,5.0,1.0,10.0,3.0,4.0,3.0,2.0,0.0,12.0,1.0,6.0,8.0,162.0
1.0,0.0,0.0,1.0,1.0,0.0,0.0,0.0,0.0,1.0,0.0,0.0,0.0,0.0,0.0,0.0,1.0,0.0,0.0,0.0,0.0,13.0,1.0,22.0,2.0,4.0,3.0,7.0,0.0,14.0,1.0,1.0,0.0,151.0
0.0,0.0,0.0,1.0,0.0,1.0,0.0,0.0,0.0,1.0,0.0,0.0,0.0,0.0,0.0,0.0,1.0,0.0,0.0,0.0,0.0,3.0,1.0,8.0,2.0,4.0,2.0,6.0,1.0,24.0,1.0,1.0,0.0,169.0
0.0,0.0,0.0,1.0,0.0,0.0,1.0,0.0,0.0,0.0,1.0,0.0,0.0,0.0,0.0,0.0,0.0,1.0,0.0,0.0,0.0,9.0,1.0,8.0,3.0,4.0,3.0,2.0,0.0,14.0,1.0,1.0,0.0,123.0
1.0,1.0,0.0,0.0,0.0,0.0,1.0,0.0,0.0,1.0,0.0,0.0,0.0,0.0,0.0,0.0,0.0,1.0,0.0,0.0,0.0,15.0,1.0,35.0,3.0,3.0,4.0,2.0,0.0,13.0,2.0,7.0,8.0,144.0
1.0,0.0,1.0,0.0,1.0,0.0,0.0,0.0,0.0,1.0,0.0,0.0,0.0,0.0,0.0,0.0,0.0,1.0,0.0,0.0,0.0,11.0,1.0,18.0,2.0,4.0,5.0,3.0,0.0,15.0,1.0,1.0,2.0,163.0
0.0,0.0,0.0,1.0,1.0,0.0,0.0,0.0,0.0,0.0,1.0,0.0,0.0,0.0,0.0,0.0,0.0,1.0,0.0,0.0,0.0,7.0,1.0,14.0,3.0,4.0,2.0,2.0,0.0,16.0,1.0,1.0,3.0,126.0
0.0,1.0,0.0,0.0,0.0,1.0,0.0,1.0,0.0,0.0,0.0,0.0,0.0,0.0,0.0,0.0,0.0,0.0,1.0,0.0,1.0,12.0,3.0,17.0,2.0,3.0,2.0,2.0,0.0,18.0,0.0,7.0,7.0,177.0
1.0,0.0,0.0,1.0,0.0,1.0,0.0,0.0,0.0,1.0,0.0,0.0,0.0,0.0,0.0,0.0,1.0,0.0,0.0,0.0,1.0,18.0,3.0,8.0,2.0,3.0,2.0,5.0,0.0,16.0,0.0,7.0,3.0,152.0
1.0,1.0,0.0,0.0,0.0,1.0,0.0,0.0,1.0,0.0,0.0,0.0,0.0,0.0,0.0,0.0,0.0,1.0,0.0,0.0,0.0,16.0,1.0,20.0,3.0,3.0,5.0,7.0,0.0,24.0,1.0,1.0,0.0,272.0
1.0,0.0,1.0,0.0,0.0,1.0,0.0,1.0,0.0,0.0,0.0,0.0,0.0,0.0,0.0,1.0,0.0,0.0,0.0,0.0,0.0,0.0,1.0,11.0,2.0,4.0,2.0,2.0,1.0,16.0,0.0,1.0,4.543490512868683,228.0
1.0,0.0,0.0,1.0,0.0,1.0,0.0,1.0,0.0,0.0,0.0,0.0,0.0,0.0,0.0,0.0,0.0,0.0,0.0,1.0,0.0,8.0,1.0,13.0,2.0,3.0,3.0,4.0,0.0,21.0,0.0,1.0,6.0,202.0
0.0,1.0,0.0,0.0,0.0,0.0,1.0,0.0,0.0,1.0,0.0,0.0,0.0,0.0,0.0,0.0,0.0,0.0,1.0,0.0,0.0,1.0,3.0,8.0,2.0,3.0,4.0,2.0,1.0,20.0,7.0,7.0,5.0,148.0
1.0,1.0,0.0,0.0,0.0,0.0,1.0,0.0,0.0,0.0,0.0,1.0,0.0,0.0,0.0,0.0,0.0,0.0,0.0,1.0,0.0,7.0,2.0,9.0,2.0,3.0,2.0,1.0,0.0,19.0,1.0,1.0,2.0,137.0
0.0,1.0,0.0,0.0,1.0,0.0,0.0,0.0,0.0,0.0,1.0,0.0,0.0,1.0,0.0,0.0,0.0,0.0,0.0,0.0,1.0,0.0,1.0,14.0,2.0,4.0,3.0,2.0,1.0,14.0,0.0,1.0,7.0,124.0
1.0,1.0,0.0,0.0,1.0,0.0,0.0,0.0,0.0,0.0,0.0,1.0,0.0,0.0,0.0,0.0,1.0,0.0,0.0,0.0,0.0,9.0,1.0,9.0,2.0,3.0,2.0,2.0,0.0,11.0,1.0,1.0,0.0,117.0
0.0,1.0,0.0,0.0,0.0,1.0,0.0,0.0,1.0,0.0,0.0,0.0,0.0,0.0,0.0,0.0,0.0,0.0,1.0,0.0,0.0,24.0,3.0,32.0,3.0,3.0,3.0,3.0,0.0,14.0,1.0,4.0,17.0,263.0
1.0,0.0,0.0,1.0,0.0,1.0,0.0,0.0,0.0,1.0,0.0,0.0,0.0,0.0,0.0,0.0,1.0,0.0,0.0,0.0,0.0,17.0,1.0,10.0,2.0,3.0,4.0,10.0,0.0,12.0,1.0,2.0,3.0,159.0
1.0,0.0,0.0,1.0,0.0,0.0,1.0,0.0,0.0,0.0,1.0,0.0,0.0,1.0,0.0,0.0,0.0,0.0,0.0,0.0,0.0,0.0,1.0,8.0,3.0,1.0,5.0,8.0,0.0,13.0,1.0,1.0,1.0,134.0
1.0,0.0,1.0,0.0,0.0,0.0,1.0,0.0,0.0,1.0,0.0,0.0,0.0,0.0,0.0,0.0,1.0,0.0,0.0,0.0,0.0,6.0,3.0,6.0,2.0,1.0,5.0,2.0,0.0,22.0,0.0,1.0,8.0,140.0
0.0,0.0,0.0,1.0,0.0,0.0,1.0,0.0,0.0,0.0,1.0,0.0,0.0,1.0,0.0,0.0,0.0,0.0,0.0,0.0,0.0,8.0,1.0,14.0,2.0,4.0,5.0,2.0,0.0,11.0,1.0,1.0,1.0,126.0
1.0,1.0,0.0,0.0,0.0,1.0,0.0,0.0,0.0,1.0,0.0,0.0,0.0,0.0,0.0,0.0,0.0,1.0,0.0,0.0,0.0,9.0,3.0,6.0,2.0,3.0,2.0,2.0,1.0,14.0,2.0,4.0,11.0,162.0
1.0,0.0,1.0,0.0,0.0,0.0,1.0,0.0,0.0,1.0,0.0,0.0,0.0,0.0,0.0,0.0,0.0,1.0,0.0,0.0,0.0,5.0,3.0,19.0,3.0,3.0,2.0,3.0,0.0,11.0,0.0,1.0,3.0,144.0
1.0,0.0,1.0,0.0,1.0,0.0,0.0,0.0,0.0,0.0,0.0,1.0,0.0,0.0,0.0,0.0,0.0,1.0,0.0,0.0,0.0,3.0,1.0,11.0,3.0,4.0,2.0,10.0,0.0,12.0,0.0,1.0,3.0,138.0
0.0,1.0,0.0,0.0,0.0,1.0,0.0,1.0,0.0,0.0,0.0,0.0,0.0,0.0,0.0,0.0,0.0,0.0,1.0,0.0,0.0,26.0,3.0,13.0,3.0,4.0,2.0,8.0,1.0,18.0,0.0,1.0,4.543490512868683,209.0
1.0,0.0,1.0,0.0,0.0,1.0,0.0,1.0,0.0,0.0,0.0,0.0,0.0,0.0,0.0,0.0,0.0,0.0,1.0,0.0,0.0,18.0,3.0,15.0,3.0,3.0,5.0,5.0,1.0,12.0,1.0,1.0,2.0,208.0
0.0,1.0,0.0,0.0,0.0,1.0,0.0,0.0,0.0,1.0,0.0,0.0,0.0,0.0,0.0,0.0,1.0,0.0,0.0,0.0,0.0,5.0,1.0,14.0,3.0,1.0,3.0,6.0,0.0,12.0,1.0,1.0,3.0,152.0
0.0,1.0,0.0,0.0,1.0,0.0,0.0,0.0,1.0,0.0,0.0,0.0,0.0,0.0,0.0,0.0,1.0,0.0,0.0,0.0,0.0,25.0,1.0,31.0,2.0,4.0,2.0,4.0,0.0,22.0,0.0,2.0,0.0,238.0
1.0,0.0,1.0,0.0,0.0,1.0,0.0,0.0,0.0,1.0,0.0,0.0,0.0,0.0,0.0,0.0,0.0,0.0,1.0,0.0,0.0,10.0,3.0,22.0,3.0,4.0,3.0,5.0,0.0,19.0,1.0,1.0,0.0,163.0
1.0,0.0,1.0,0.0,0.0,0.0,1.0,0.0,0.0,0.0,0.0,1.0,0.0,0.0,0.0,0.0,1.0,0.0,0.0,0.0,0.0,1.0,2.0,14.0,3.0,4.0,2.0,2.0,0.0,13.0,0.0,1.0,4.0,149.0
1.0,1.0,0.0,0.0,0.0,0.0,1.0,0.0,0.0,1.0,0.0,0.0,0.0,0.0,0.0,0.0,0.0,1.0,0.0,0.0,0.0,0.0,1.0,6.0,2.0,4.0,2.0,7.0,0.0,22.0,2.0,2.0,2.0,148.0
1.0,1.0,0.0,0.0,0.0,0.0,1.0,0.0,0.0,0.0,1.0,0.0,0.0,0.0,0.0,0.0,0.0,1.0,0.0,0.0,0.0,17.0,1.0,14.0,3.0,1.0,2.0,3.0,1.0,24.0,1.0,1.0,2.0,128.0
1.0,0.0,0.0,1.0,1.0,0.0,0.0,0.0,0.0,0.0,1.0,0.0,0.0,1.0,0.0,0.0,0.0,0.0,0.0,0.0,0.0,15.0,1.0,14.0,2.0,3.0,2.0,6.0,1.0,14.0,0.0,2.0,2.0,125.0
1.0,1.0,0.0,0.0,0.0,0.0,1.0,0.0,0.0,0.0,1.0,0.0,0.0,0.0,0.0,0.0,0.0,1.0,0.0,0.0,0.0,9.0,2.0,14.0,3.0,4.0,5.0,1.0,0.0,21.0,1.0,1.0,3.0,123.0
1.0,1.0,0.0,0.0,0.0,0.0,1.0,0.0,0.0,1.0,0.0,0.0,0.0,0.0,0.0,0.0,0.0,0.0,0.0,1.0,0.0,0.0,3.0,9.0,3.0,3.0,5.0,2.0,1.0,18.0,1.0,1.0,3.0,142.0
0.0,1.0,0.0,0.0,0.0,1.0,0.0,1.0,0.0,0.0,0.0,0.0,0.0,0.0,0.0,0.0,0.0,1.0,0.0,0.0,0.0,8.0,1.0,15.0,3.0,4.0,3.0,2.0,1.0,20.0,2.0,5.0,15.0,207.0
0.0,0.0,1.0,0.0,1.0,0.0,0.0,0.0,0.0,0.0,1.0,0.0,0.0,0.0,0.0,0.0,0.0,1.0,0.0,0.0,1.0,9.0,1.0,31.0,3.0,3.0,4.0,2.0,1.0,19.0,0.0,7.0,8.0,120.0
1.0,0.0,1.0,0.0,1.0,0.0,0.0,0.0,0.0,0.0,1.0,0.0,0.0,0.0,0.0,0.0,0.0,1.0,0.0,0.0,0.0,5.0,1.0,6.0,3.0,3.0,2.0,1.0,0.0,12.0,0.0,1.0,2.0,123.0
1.0,1.0,0.0,0.0,0.0,0.0,1.0,0.0,0.0,1.0,0.0,0.0,0.0,0.0,0.0,0.0,0.0,0.0,1.0,0.0,0.0,0.0,3.0,10.0,2.0,4.0,5.0,2.0,0.0,12.0,1.0,1.0,3.0,143.0
0.0,1.0,0.0,0.0,0.0,0.0,1.0,0.0,0.0,0.0,0.0,1.0,0.0,0.0,1.0,0.0,0.0,0.0,0.0,0.0,0.0,22.0,1.0,6.0,2.0,3.0,5.0,3.0,0.0,16.0,1.0,1.0,2.0,136.0
1.0,1.0,0.0,0.0,1.0,0.0,0.0,0.0,0.0,0.0,1.0,0.0,0.0,0.0,0.0,0.0,0.0,1.0,0.0,0.0,0.0,0.0,1.0,10.0,3.0,4.0,2.0,1.0,0.0,17.0,0.0,3.0,4.0,132.0
1.0,1.0,0.0,0.0,1.0,0.0,0.0,0.0,0.0,1.0,0.0,0.0,0.0,0.0,0.0,0.0,0.0,1.0,0.0,0.0,0.0,5.0,3.0,11.0,2.0,3.0,4.0,2.0,0.0,14.0,2.0,5.0,3.0,165.0
1.0,1.0,0.0,0.0,0.0,0.0,1.0,0.0,0.0,0.0,1.0,0.0,0.0,0.0,0.0,0.0,0.0,0.0,1.0,0.0,0.0,11.0,3.0,15.0,3.0,4.0,4.0,1.0,0.0,19.0,0.0,1.0,2.0,129.0
0.0,1.0,0.0,0.0,0.0,1.0,0.0,0.0,0.0,1.0,0.0,0.0,0.0,0.0,0.0,0.0,0.0,1.0,0.0,0.0,0.0,15.0,1.0,9.0,3.0,1.0,2.0,3.0,1.0,13.0,0.0,1.0,3.0,152.0
1.0,1.0,0.0,0.0,0.0,0.0,1.0,0.0,0.0,0.0,1.0,0.0,0.0,0.0,0.0,0.0,0.0,1.0,0.0,0.0,0.0,4.0,1.0,14.0,2.0,3.0,2.0,4.0,1.0,19.0,1.0,1.0,2.0,124.0
0.0,0.0,1.0,0.0,0.0,0.0,1.0,0.0,0.0,0.0,1.0,0.0,0.0,1.0,0.0,0.0,0.0,0.0,0.0,0.0,1.0,0.0,3.0,6.0,3.0,4.0,3.0,7.0,1.0,19.0,0.0,1.0,2.0,128.0
1.0,1.0,0.0,0.0,0.0,1.0,0.0,0.0,1.0,0.0,0.0,0.0,0.0,0.0,0.0,0.0,0.0,0.0,1.0,0.0,0.0,26.0,3.0,14.0,3.0,3.0,2.0,6.0,0.0,14.0,0.0,2.0,4.543490512868683,218.0
1.0,1.0,0.0,0.0,0.0,1.0,0.0,1.0,0.0,0.0,0.0,0.0,0.0,0.0,0.0,1.0,0.0,0.0,0.0,0.0,0.0,8.0,1.0,31.0,3.0,4.0,4.0,4.0,0.0,16.0,3.0,4.0,8.0,209.0
0.0,1.0,0.0,0.0,1.0,0.0,0.0,0.0,0.0,0.0,1.0,0.0,0.0,1.0,0.0,0.0,0.0,0.0,0.0,0.0,0.0,10.0,3.0,27.0,3.0,3.0,2.0,6.0,0.0,15.0,1.0,1.0,0.0,130.0
0.0,0.0,0.0,1.0,0.0,1.0,0.0,0.0,1.0,0.0,0.0,0.0,0.0,0.0,0.0,0.0,0.0,1.0,0.0,0.0,0.0,26.0,1.0,29.0,3.0,3.0,2.0,7.0,0.0,18.0,2.0,2.0,8.0,243.0
0.0,1.0,0.0,0.0,1.0,0.0,0.0,0.0,0.0,1.0,0.0,0.0,0.0,0.0,0.0,0.0,0.0,1.0,0.0,0.0,0.0,16.0,1.0,6.0,2.0,3.0,2.0,5.0,0.0,13.0,1.0,2.0,2.0,156.0
0.0,1.0,0.0,0.0,0.0,0.0,1.0,0.0,0.0,1.0,0.0,0.0,0.0,0.0,0.0,0.0,0.0,0.0,1.0,0.0,0.0,20.0,3.0,8.0,2.0,3.0,2.0,1.0,1.0,22.0,5.0,7.0,7.0,145.0
1.0,0.0,0.0,1.0,1.0,0.0,0.0,1.0,0.0,0.0,0.0,0.0,0.0,0.0,0.0,0.0,1.0,0.0,0.0,0.0,0.0,10.0,3.0,25.0,2.0,3.0,4.0,2.0,1.0,13.0,0.0,1.0,9.0,176.0
1.0,0.0,1.0,0.0,1.0,0.0,0.0,0.0,1.0,0.0,0.0,0.0,0.0,0.0,0.0,0.0,0.0,1.0,0.0,0.0,0.0,23.0,1.0,8.0,3.0,3.0,5.0,2.0,0.0,11.0,1.0,14.0,7.0,279.0
0.0,1.0,0.0,0.0,0.0,1.0,0.0,0.0,0.0,1.0,0.0,0.0,0.0,0.0,0.0,0.0,0.0,1.0,0.0,0.0,0.0,12.0,2.0,8.0,2.0,4.0,2.0,9.0,0.0,11.0,0.0,1.0,4.0,152.0
1.0,0.0,1.0,0.0,0.0,0.0,1.0,0.0,0.0,0.0,1.0,0.0,0.0,0.0,0.0,0.0,0.0,0.0,0.0,1.0,0.0,9.0,2.0,9.0,2.0,3.0,4.0,4.0,1.0,11.0,0.0,1.0,3.0,123.0
1.0,0.0,0.0,1.0,0.0,0.0,1.0,0.0,0.0,0.0,1.0,0.0,0.0,0.0,0.0,0.0,0.0,1.0,0.0,0.0,1.0,0.0,1.0,31.0,3.0,3.0,2.0,2.0,1.0,24.0,1.0,1.0,1.0,128.0
0.0,0.0,1.0,0.0,0.0,0.0,1.0,0.0,0.0,0.0,1.0,0.0,0.0,1.0,0.0,0.0,0.0,0.0,0.0,0.0,0.0,2.0,1.0,14.0,3.0,4.0,2.0,7.0,0.0,14.0,1.0,1.0,3.0,125.0
1.0,1.0,0.0,0.0,0.0,0.0,1.0,0.0,0.0,0.0,1.0,0.0,0.0,0.0,0.0,0.0,0.0,1.0,0.0,0.0,0.0,17.0,1.0,14.0,3.0,3.0,5.0,2.0,1.0,13.0,2.0,7.0,1.0,126.0
1.0,0.0,0.0,1.0,0.0,0.0,1.0,0.0,0.0,1.0,0.0,0.0,0.0,0.0,0.0,0.0,1.0,0.0,0.0,0.0,0.0,1.0,3.0,11.0,3.0,3.0,2.0,2.0,0.0,14.0,1.0,1.0,2.0,149.0
1.0,0.0,1.0,0.0,1.0,0.0,0.0,0.0,0.0,0.0,1.0,0.0,0.0,0.0,0.0,0.0,0.0,1.0,0.0,0.0,1.0,20.0,1.0,14.0,2.0,4.0,2.0,10.0,1.0,14.0,0.0,1.0,0.0,124.0
0.0,0.0,1.0,0.0,0.0,0.0,1.0,0.0,0.0,1.0,0.0,0.0,0.0,0.0,0.0,0.0,0.0,1.0,0.0,0.0,0.0,16.0,1.0,14.0,2.0,3.0,4.0,5.0,0.0,21.0,1.0,1.0,0.0,148.0
0.0,0.0,0.0,1.0,0.0,0.0,1.0,0.0,0.0,0.0,1.0,0.0,0.0,1.0,0.0,0.0,0.0,0.0,0.0,0.0,1.0,9.0,3.0,8.0,2.0,4.0,3.0,2.0,0.0,13.0,0.0,1.0,2.0,120.0
0.0,0.0,0.0,1.0,0.0,0.0,1.0,0.0,0.0,0.0,1.0,0.0,0.0,0.0,0.0,0.0,0.0,0.0,0.0,1.0,1.0,0.0,1.0,24.0,3.0,3.0,2.0,2.0,0.0,19.0,1.0,1.0,0.0,127.0
1.0,1.0,0.0,0.0,0.0,1.0,0.0,0.0,0.0,1.0,0.0,0.0,0.0,0.0,0.0,0.0,0.0,1.0,0.0,0.0,0.0,9.0,1.0,20.0,3.0,3.0,2.0,1.0,1.0,17.0,4.0,4.0,11.0,166.0
0.0,0.0,0.0,1.0,0.0,0.0,1.0,0.0,0.0,0.0,1.0,0.0,0.0,0.0,0.0,0.0,0.0,1.0,0.0,0.0,0.0,20.0,3.0,8.0,3.0,4.0,2.0,2.0,1.0,18.0,1.0,1.0,2.0,133.0
0.0,1.0,0.0,0.0,0.0,0.0,1.0,0.0,0.0,1.0,0.0,0.0,0.0,0.0,0.0,0.0,0.0,1.0,0.0,0.0,1.0,0.0,1.0,9.0,2.0,3.0,3.0,1.0,1.0,19.0,1.0,1.0,2.0,142.0
0.0,0.0,1.0,0.0,0.0,0.0,1.0,0.0,0.0,0.0,1.0,0.0,0.0,0.0,0.0,0.0,0.0,1.0,0.0,0.0,1.0,4.0,1.0,8.0,3.0,5.0,2.0,5.0,1.0,13.0,0.0,1.0,0.0,128.0
0.0,0.0,1.0,0.0,0.0,0.0,1.0,0.0,0.0,0.0,1.0,0.0,0.0,1.0,0.0,0.0,0.0,0.0,0.0,0.0,0.0,1.0,1.0,14.0,3.0,3.0,3.0,6.0,0.0,18.0,2.0,2.0,2.0,124.0
1.0,1.0,0.0,0.0,0.0,0.0,1.0,0.0,0.0,0.0,1.0,0.0,0.0,1.0,0.0,0.0,0.0,0.0,0.0,0.0,1.0,2.0,1.0,14.0,3.0,3.0,5.0,8.0,1.0,21.0,1.0,2.0,2.0,124.0
0.0,0.0,0.0,1.0,0.0,0.0,1.0,0.0,0.0,0.0,1.0,0.0,0.0,0.0,0.0,0.0,0.0,1.0,0.0,0.0,0.0,0.0,1.0,14.0,3.0,3.0,3.0,2.0,0.0,19.0,1.0,1.0,0.0,123.0
1.0,0.0,1.0,0.0,0.0,1.0,0.0,0.0,0.0,0.0,1.0,0.0,0.0,0.0,0.0,0.0,0.0,1.0,0.0,0.0,0.0,9.0,1.0,16.0,2.0,3.0,4.0,2.0,0.0,14.0,1.0,1.0,0.0,120.0
0.0,0.0,0.0,1.0,0.0,1.0,0.0,0.0,0.0,1.0,0.0,0.0,0.0,0.0,0.0,0.0,1.0,0.0,0.0,0.0,0.0,15.0,3.0,20.0,3.0,4.0,3.0,8.0,0.0,17.0,0.0,1.0,3.0,162.0
1.0,0.0,0.0,1.0,0.0,0.0,1.0,0.0,0.0,0.0,1.0,0.0,0.0,0.0,0.0,0.0,0.0,0.0,0.0,1.0,0.0,6.0,1.0,6.0,3.0,4.0,5.0,4.0,1.0,11.0,0.0,1.0,2.0,128.0
0.0,0.0,1.0,0.0,0.0,1.0,0.0,1.0,0.0,0.0,0.0,0.0,0.0,0.0,0.0,1.0,0.0,0.0,0.0,0.0,0.0,30.0,1.0,11.0,2.0,4.0,4.0,3.0,1.0,13.0,1.0,1.0,4.0,206.0
1.0,1.0,0.0,0.0,0.0,0.0,1.0,0.0,0.0,0.0,1.0,0.0,0.0,0.0,0.0,0.0,0.0,1.0,0.0,0.0,0.0,4.0,3.0,14.0,2.0,4.0,3.0,4.0,0.0,15.0,3.0,5.0,2.0,123.0
0.0,1.0,0.0,0.0,0.0,0.0,1.0,0.0,0.0,1.0,0.0,0.0,0.0,0.0,0.0,0.0,0.0,1.0,0.0,0.0,0.0,8.0,1.0,27.0,2.0,3.0,2.0,2.0,1.0,25.0,0.0,1.0,7.0,140.0
0.0,1.0,0.0,0.0,0.0,1.0,0.0,1.0,0.0,0.0,0.0,0.0,0.0,0.0,0.0,0.0,0.0,0.0,0.0,1.0,0.0,22.0,1.0,14.0,2.0,3.0,4.0,5.0,0.0,11.0,0.0,1.0,7.0,174.0
1.0,1.0,0.0,0.0,0.0,0.0,1.0,0.0,0.0,0.0,1.0,0.0,0.0,1.0,0.0,0.0,0.0,0.0,0.0,0.0,0.0,9.0,1.0,26.0,2.0,3.0,3.0,5.0,0.0,17.0,0.0,1.0,0.0,123.0
0.0,1.0,0.0,0.0,1.0,0.0,0.0,0.0,0.0,1.0,0.0,0.0,0.0,0.0,0.0,0.0,0.0,0.0,1.0,0.0,0.0,4.0,3.0,26.0,2.0,3.0,3.0,2.0,0.0,13.0,1.0,1.0,0.0,169.0
1.0,0.0,0.0,1.0,0.0,0.0,1.0,0.0,0.0,0.0,0.0,1.0,0.0,0.0,0.0,0.0,0.0,0.0,0.0,1.0,0.0,9.0,1.0,13.0,3.0,3.0,2.0,3.0,0.0,18.0,0.0,1.0,1.0,147.0
0.0,1.0,0.0,0.0,0.0,1.0,0.0,1.0,0.0,0.0,0.0,0.0,0.0,0.0,0.0,1.0,0.0,0.0,0.0,0.0,0.0,11.0,1.0,6.0,3.0,3.0,5.0,2.0,0.0,13.0,3.0,2.0,11.0,236.0
0.0,1.0,0.0,0.0,1.0,0.0,0.0,0.0,0.0,0.0,1.0,0.0,0.0,0.0,0.0,0.0,0.0,1.0,0.0,0.0,0.0,5.0,1.0,14.0,3.0,4.0,4.0,7.0,0.0,20.0,1.0,1.0,2.0,123.0
1.0,1.0,0.0,0.0,0.0,0.0,1.0,0.0,0.0,0.0,1.0,0.0,0.0,0.0,0.0,0.0,0.0,0.0,1.0,0.0,1.0,0.0,3.0,14.0,2.0,4.0,4.0,2.0,1.0,18.0,0.0,1.0,0.0,124.0
1.0,0.0,1.0,0.0,0.0,1.0,0.0,1.0,0.0,0.0,0.0,0.0,0.0,0.0,0.0,0.0,0.0,0.0,1.0,0.0,0.0,13.0,3.0,16.0,3.0,4.0,4.0,3.0,0.0,12.0,1.0,1.0,0.0,197.0
1.0,0.0,0.0,1.0,1.0,0.0,0.0,0.0,0.0,1.0,0.0,0.0,0.0,0.0,0.0,0.0,1.0,0.0,0.0,0.0,0.0,0.0,3.0,6.0,2.0,4.0,5.0,2.0,0.0,12.0,1.0,1.0,7.0,143.0
1.0,0.0,0.0,1.0,0.0,0.0,1.0,0.0,0.0,0.0,0.0,1.0,0.0,0.0,0.0,0.0,1.0,0.0,0.0,0.0,0.0,14.0,1.0,12.0,2.0,3.0,5.0,3.0,1.0,13.0,1.0,2.0,17.0,147.0
1.0,0.0,0.0,1.0,0.0,0.0,1.0,0.0,0.0,0.0,1.0,0.0,0.0,1.0,0.0,0.0,0.0,0.0,0.0,0.0,0.0,9.0,1.0,14.0,3.0,3.0,3.0,5.0,0.0,21.0,2.0,3.0,9.0,125.0
1.0,0.0,0.0,1.0,0.0,0.0,1.0,0.0,0.0,0.0,1.0,0.0,0.0,0.0,0.0,0.0,0.0,0.0,0.0,1.0,1.0,9.0,3.0,27.0,2.0,4.0,4.0,2.0,1.0,13.0,0.0,1.0,0.0,121.0
1.0,0.0,0.0,1.0,0.0,0.0,1.0,0.0,0.0,0.0,1.0,0.0,0.0,0.0,1.0,0.0,0.0,0.0,0.0,0.0,1.0,0.0,1.0,10.0,3.0,3.0,5.0,2.0,0.0,19.0,1.0,1.0,0.0,130.0
0.0,1.0,0.0,0.0,0.0,1.0,0.0,0.0,0.0,1.0,0.0,0.0,0.0,0.0,0.0,0.0,1.0,0.0,0.0,0.0,0.0,4.0,1.0,18.0,2.0,3.0,2.0,1.0,1.0,11.0,0.0,8.0,5.0,159.0
1.0,0.0,1.0,0.0,1.0,0.0,0.0,0.0,0.0,0.0,0.0,1.0,0.0,0.0,0.0,0.0,1.0,0.0,0.0,0.0,0.0,13.0,1.0,15.0,2.0,3.0,4.0,9.0,1.0,14.0,0.0,1.0,0.0,136.0
0.0,1.0,0.0,0.0,0.0,1.0,0.0,0.0,0.0,1.0,0.0,0.0,0.0,0.0,0.0,0.0,1.0,0.0,0.0,0.0,0.0,5.0,1.0,9.0,3.0,3.0,5.0,2.0,0.0,12.0,6.0,6.0,3.0,167.0
1.0,1.0,0.0,0.0,0.0,1.0,0.0,1.0,0.0,0.0,0.0,0.0,0.0,0.0,0.0,0.0,0.0,1.0,0.0,0.0,1.0,0.0,3.0,9.0,2.0,4.0,2.0,2.0,1.0,11.0,3.0,3.0,7.0,203.0
0.0,0.0,0.0,1.0,0.0,1.0,0.0,0.0,0.0,1.0,0.0,0.0,0.0,0.0,0.0,0.0,0.0,1.0,0.0,0.0,0.0,6.0,1.0,6.0,2.0,4.0,2.0,1.0,0.0,14.0,0.0,1.0,4.0,169.0
1.0,1.0,0.0,0.0,0.0,1.0,0.0,1.0,0.0,0.0,0.0,0.0,0.0,0.0,0.0,0.0,0.0,1.0,0.0,0.0,1.0,0.0,3.0,6.0,2.0,4.0,3.0,6.0,0.0,11.0,1.0,11.0,7.0,206.0
1.0,1.0,0.0,0.0,1.0,0.0,0.0,0.0,0.0,1.0,0.0,0.0,0.0,0.0,0.0,0.0,0.0,1.0,0.0,0.0,0.0,18.0,1.0,10.0,2.0,3.0,4.0,2.0,0.0,12.0,1.0,1.0,8.0,144.0
0.0,1.0,0.0,0.0,1.0,0.0,0.0,0.0,0.0,0.0,1.0,0.0,0.0,0.0,0.0,1.0,0.0,0.0,0.0,0.0,0.0,9.0,3.0,26.0,2.0,3.0,2.0,2.0,0.0,15.0,0.0,1.0,2.0,122.0
0.0,1.0,0.0,0.0,0.0,0.0,1.0,0.0,0.0,1.0,0.0,0.0,0.0,0.0,0.0,0.0,1.0,0.0,0.0,0.0,0.0,8.0,3.0,24.0,2.0,3.0,3.0,2.0,0.0,16.0,1.0,1.0,0.0,146.0
1.0,1.0,0.0,0.0,0.0,1.0,0.0,0.0,1.0,0.0,0.0,0.0,0.0,0.0,0.0,0.0,0.0,1.0,0.0,0.0,0.0,25.0,1.0,6.0,3.0,3.0,2.0,3.0,0.0,15.0,1.0,7.0,8.0,271.0
1.0,0.0,0.0,1.0,0.0,0.0,1.0,0.0,0.0,0.0,1.0,0.0,0.0,0.0,1.0,0.0,0.0,0.0,0.0,0.0,1.0,20.0,1.0,14.0,2.0,3.0,3.0,5.0,0.0,24.0,1.0,1.0,0.0,125.0
1.0,0.0,1.0,0.0,0.0,1.0,0.0,0.0,1.0,0.0,0.0,0.0,0.0,0.0,0.0,0.0,1.0,0.0,0.0,0.0,0.0,26.0,3.0,8.0,2.0,3.0,3.0,7.0,0.0,13.0,2.0,2.0,2.0,249.0
1.0,0.0,1.0,0.0,0.0,1.0,0.0,1.0,0.0,0.0,0.0,0.0,0.0,0.0,0.0,0.0,0.0,0.0,0.0,1.0,0.0,3.0,3.0,14.0,3.0,3.0,3.0,6.0,0.0,11.0,4.0,7.0,7.0,173.0
0.0,0.0,0.0,1.0,1.0,0.0,0.0,0.0,0.0,1.0,0.0,0.0,0.0,0.0,1.0,0.0,0.0,0.0,0.0,0.0,0.0,11.0,3.0,16.0,2.0,3.0,2.0,2.0,1.0,13.0,0.0,1.0,3.0,157.0
1.0,0.0,1.0,0.0,0.0,1.0,0.0,1.0,0.0,0.0,0.0,0.0,0.0,0.0,0.0,0.0,0.0,1.0,0.0,0.0,0.0,8.0,3.0,9.0,3.0,3.0,2.0,7.0,0.0,13.0,0.0,1.0,8.0,178.0
1.0,0.0,0.0,1.0,0.0,1.0,0.0,1.0,0.0,0.0,0.0,0.0,0.0,0.0,0.0,0.0,0.0,1.0,0.0,0.0,0.0,12.0,3.0,8.0,2.0,1.0,3.0,1.0,0.0,18.0,1.0,1.0,7.0,179.0
0.0,0.0,0.0,1.0,1.0,0.0,0.0,0.0,1.0,0.0,0.0,0.0,0.0,0.0,0.0,0.0,0.0,1.0,0.0,0.0,1.0,3.0,3.0,30.0,3.0,1.0,4.0,5.0,1.0,16.0,1.0,2.0,0.0,232.0
1.0,0.0,1.0,0.0,1.0,0.0,0.0,0.0,0.0,1.0,0.0,0.0,0.0,0.0,0.0,0.0,1.0,0.0,0.0,0.0,0.0,20.0,1.0,22.0,3.0,1.0,3.0,2.0,1.0,19.0,0.0,2.0,7.0,151.0
1.0,0.0,1.0,0.0,1.0,0.0,0.0,0.0,0.0,1.0,0.0,0.0,0.0,0.0,1.0,0.0,0.0,0.0,0.0,0.0,0.0,9.0,3.0,14.0,2.0,3.0,2.0,5.0,0.0,13.0,1.0,1.0,7.0,151.0
1.0,0.0,0.0,1.0,1.0,0.0,0.0,0.0,0.0,0.0,1.0,0.0,0.0,1.0,0.0,0.0,0.0,0.0,0.0,0.0,1.0,0.0,1.0,14.0,2.0,4.0,5.0,1.0,1.0,22.0,1.0,1.0,2.0,123.0
1.0,0.0,0.0,1.0,1.0,0.0,0.0,0.0,1.0,0.0,0.0,0.0,0.0,0.0,0.0,0.0,0.0,1.0,0.0,0.0,0.0,6.0,3.0,23.0,2.0,3.0,3.0,2.0,0.0,11.0,1.0,6.0,0.0,274.0
0.0,0.0,0.0,1.0,0.0,0.0,1.0,0.0,0.0,0.0,1.0,0.0,0.0,0.0,0.0,0.0,0.0,1.0,0.0,0.0,1.0,0.0,1.0,14.0,3.0,4.0,5.0,7.0,1.0,20.0,1.0,1.0,0.0,124.0
0.0,0.0,0.0,1.0,0.0,0.0,1.0,0.0,0.0,0.0,1.0,0.0,0.0,0.0,0.0,0.0,0.0,1.0,0.0,0.0,0.0,6.0,1.0,19.0,2.0,3.0,2.0,4.0,0.0,18.0,1.0,1.0,2.0,135.0
0.0,0.0,1.0,0.0,0.0,0.0,1.0,0.0,0.0,0.0,1.0,0.0,0.0,1.0,0.0,0.0,0.0,0.0,0.0,0.0,0.0,9.0,1.0,6.0,3.0,3.0,2.0,4.0,0.0,14.0,0.0,1.0,2.0,123.0
1.0,0.0,1.0,0.0,0.0,1.0,0.0,0.0,1.0,0.0,0.0,0.0,0.0,0.0,0.0,0.0,1.0,0.0,0.0,0.0,0.0,23.0,1.0,6.0,3.0,3.0,2.0,10.0,0.0,22.0,1.0,1.0,3.0,274.0
0.0,1.0,0.0,0.0,1.0,0.0,0.0,0.0,0.0,1.0,0.0,0.0,0.0,0.0,0.0,0.0,0.0,0.0,0.0,1.0,0.0,6.0,1.0,6.0,2.0,1.0,4.0,2.0,1.0,13.0,0.0,1.0,2.0,155.0
1.0,0.0,1.0,0.0,1.0,0.0,0.0,0.0,0.0,0.0,0.0,0.0,1.0,0.0,0.0,0.0,1.0,0.0,0.0,0.0,0.0,14.0,1.0,15.0,3.0,3.0,3.0,3.0,0.0,15.0,1.0,1.0,11.0,294.0
0.0,1.0,0.0,0.0,0.0,0.0,1.0,0.0,0.0,0.0,1.0,0.0,0.0,0.0,1.0,0.0,0.0,0.0,0.0,0.0,0.0,0.0,1.0,22.0,3.0,3.0,4.0,10.0,0.0,14.0,2.0,2.0,2.0,128.0
1.0,1.0,0.0,0.0,1.0,0.0,0.0,0.0,0.0,1.0,0.0,0.0,0.0,0.0,0.0,0.0,0.0,1.0,0.0,0.0,0.0,18.0,1.0,29.0,2.0,3.0,5.0,2.0,1.0,15.0,1.0,1.0,8.0,136.0
0.0,0.0,0.0,1.0,0.0,0.0,1.0,0.0,0.0,1.0,0.0,0.0,0.0,0.0,0.0,0.0,0.0,1.0,0.0,0.0,0.0,20.0,3.0,10.0,2.0,3.0,2.0,2.0,1.0,17.0,1.0,1.0,7.0,142.0
0.0,1.0,0.0,0.0,0.0,0.0,1.0,0.0,0.0,0.0,1.0,0.0,0.0,0.0,0.0,0.0,0.0,1.0,0.0,0.0,1.0,9.0,1.0,28.0,2.0,3.0,3.0,5.0,1.0,11.0,0.0,1.0,1.0,121.0
1.0,1.0,0.0,0.0,0.0,1.0,0.0,0.0,1.0,0.0,0.0,0.0,0.0,0.0,0.0,0.0,0.0,1.0,0.0,0.0,0.0,23.0,1.0,30.0,3.0,3.0,3.0,4.0,1.0,18.0,0.0,2.0,5.0,240.0
1.0,1.0,0.0,0.0,1.0,0.0,0.0,0.0,0.0,0.0,1.0,0.0,0.0,1.0,0.0,0.0,0.0,0.0,0.0,0.0,0.0,11.0,1.0,16.0,3.0,3.0,3.0,1.0,0.0,17.0,0.0,1.0,2.0,127.0
1.0,0.0,1.0,0.0,0.0,1.0,0.0,1.0,0.0,0.0,0.0,0.0,0.0,0.0,0.0,0.0,1.0,0.0,0.0,0.0,0.0,19.0,1.0,13.0,3.0,3.0,3.0,7.0,0.0,13.0,0.0,1.0,7.0,208.0
0.0,0.0,1.0,0.0,0.0,0.0,1.0,0.0,0.0,1.0,0.0,0.0,0.0,0.0,0.0,0.0,1.0,0.0,0.0,0.0,0.0,0.0,1.0,23.0,2.0,4.0,3.0,2.0,0.0,15.0,2.0,3.0,2.0,144.0
1.0,0.0,1.0,0.0,0.0,0.0,1.0,0.0,0.0,0.0,0.0,1.0,0.0,0.0,0.0,0.0,0.0,0.0,0.0,1.0,1.0,0.0,1.0,20.0,2.0,4.0,4.0,2.0,1.0,24.0,1.0,1.0,2.0,137.0
0.0,1.0,0.0,0.0,1.0,0.0,0.0,0.0,0.0,1.0,0.0,0.0,0.0,0.0,0.0,0.0,0.0,1.0,0.0,0.0,0.0,4.0,1.0,6.0,3.0,3.0,5.0,2.0,0.0,12.0,1.0,1.0,3.0,141.0
1.0,0.0,0.0,1.0,1.0,0.0,0.0,0.0,0.0,0.0,0.0,1.0,0.0,0.0,0.0,0.0,0.0,1.0,0.0,0.0,0.0,0.0,1.0,11.0,3.0,3.0,2.0,2.0,0.0,15.0,1.0,1.0,0.0,111.0
0.0,1.0,0.0,0.0,0.0,1.0,0.0,1.0,0.0,0.0,0.0,0.0,0.0,0.0,0.0,1.0,0.0,0.0,0.0,0.0,0.0,27.0,1.0,23.0,2.0,3.0,3.0,9.0,0.0,11.0,1.0,1.0,8.0,207.0
0.0,0.0,1.0,0.0,0.0,1.0,0.0,1.0,0.0,0.0,0.0,0.0,0.0,0.0,0.0,0.0,1.0,0.0,0.0,0.0,0.0,8.0,1.0,31.0,2.0,3.0,3.0,2.0,1.0,11.0,2.0,10.0,1.0,204.0
0.0,1.0,0.0,0.0,0.0,1.0,0.0,1.0,0.0,0.0,0.0,0.0,0.0,0.0,0.0,0.0,0.0,1.0,0.0,0.0,0.0,3.0,1.0,14.0,3.0,1.0,5.0,1.0,1.0,12.0,0.0,1.0,4.543490512868683,214.0
0.0,0.0,0.0,1.0,0.0,0.0,1.0,0.0,0.0,0.0,1.0,0.0,0.0,1.0,0.0,0.0,0.0,0.0,0.0,0.0,1.0,0.0,1.0,14.0,3.0,4.0,5.0,2.0,1.0,15.0,0.0,1.0,0.0,126.0
0.0,0.0,0.0,1.0,1.0,0.0,0.0,0.0,0.0,0.0,1.0,0.0,0.0,1.0,0.0,0.0,0.0,0.0,0.0,0.0,1.0,0.0,1.0,14.0,2.0,3.0,4.0,1.0,0.0,17.0,0.0,1.0,2.0,124.0
1.0,1.0,0.0,0.0,0.0,1.0,0.0,0.0,0.0,1.0,0.0,0.0,0.0,0.0,0.0,0.0,1.0,0.0,0.0,0.0,0.0,0.0,1.0,8.0,2.0,1.0,2.0,2.0,0.0,12.0,1.0,1.0,3.0,155.0
1.0,1.0,0.0,0.0,0.0,0.0,1.0,0.0,0.0,0.0,1.0,0.0,0.0,0.0,0.0,0.0,0.0,1.0,0.0,0.0,0.0,0.0,1.0,14.0,3.0,5.0,5.0,2.0,0.0,15.0,1.0,1.0,1.0,125.0
1.0,0.0,0.0,1.0,0.0,0.0,1.0,0.0,0.0,1.0,0.0,0.0,0.0,0.0,0.0,0.0,0.0,1.0,0.0,0.0,0.0,21.0,1.0,12.0,3.0,4.0,3.0,3.0,0.0,13.0,0.0,2.0,2.0,142.0
1.0,0.0,0.0,1.0,0.0,1.0,0.0,1.0,0.0,0.0,0.0,0.0,0.0,0.0,0.0,0.0,0.0,1.0,0.0,0.0,0.0,21.0,1.0,10.0,3.0,4.0,3.0,8.0,0.0,14.0,1.0,4.0,4.543490512868683,210.0
0.0,0.0,0.0,1.0,0.0,1.0,0.0,0.0,0.0,1.0,0.0,0.0,0.0,0.0,0.0,0.0,1.0,0.0,0.0,0.0,0.0,14.0,1.0,13.0,2.0,3.0,3.0,7.0,0.0,14.0,1.0,2.0,1.0,150.0
0.0,1.0,0.0,0.0,0.0,1.0,0.0,0.0,1.0,0.0,0.0,0.0,0.0,0.0,0.0,0.0,0.0,1.0,0.0,0.0,0.0,12.0,1.0,6.0,3.0,4.0,2.0,2.0,0.0,16.0,0.0,11.0,4.543490512868683,227.0
0.0,1.0,0.0,0.0,0.0,0.0,1.0,0.0,0.0,1.0,0.0,0.0,0.0,0.0,0.0,0.0,0.0,1.0,0.0,0.0,0.0,0.0,1.0,8.0,2.0,3.0,2.0,1.0,0.0,18.0,0.0,2.0,2.0,142.0
1.0,0.0,1.0,0.0,0.0,0.0,1.0,0.0,0.0,0.0,0.0,1.0,0.0,0.0,0.0,0.0,0.0,0.0,0.0,1.0,0.0,8.0,1.0,16.0,2.0,3.0,2.0,2.0,0.0,20.0,1.0,1.0,2.0,139.0
1.0,1.0,0.0,0.0,0.0,1.0,0.0,0.0,0.0,0.0,0.0,0.0,1.0,0.0,0.0,0.0,0.0,0.0,1.0,0.0,0.0,15.0,3.0,11.0,2.0,3.0,3.0,7.0,0.0,13.0,1.0,1.0,0.0,283.0
1.0,1.0,0.0,0.0,0.0,0.0,1.0,0.0,0.0,0.0,1.0,0.0,0.0,0.0,0.0,0.0,0.0,1.0,0.0,0.0,0.0,23.0,1.0,14.0,3.0,3.0,2.0,5.0,0.0,18.0,1.0,1.0,0.0,124.0
0.0,0.0,0.0,1.0,0.0,1.0,0.0,0.0,1.0,0.0,0.0,0.0,0.0,0.0,0.0,0.0,0.0,1.0,0.0,0.0,0.0,30.0,1.0,8.0,3.0,4.0,2.0,4.0,1.0,13.0,0.0,2.0,3.0,237.0
0.0,1.0,0.0,0.0,0.0,0.0,1.0,0.0,0.0,1.0,0.0,0.0,0.0,0.0,0.0,0.0,1.0,0.0,0.0,0.0,1.0,0.0,1.0,17.0,3.0,5.0,4.0,6.0,0.0,15.0,1.0,1.0,0.0,148.0
1.0,1.0,0.0,0.0,1.0,0.0,0.0,0.0,0.0,1.0,0.0,0.0,0.0,0.0,0.0,0.0,1.0,0.0,0.0,0.0,0.0,28.0,1.0,24.0,3.0,3.0,4.0,4.0,1.0,14.0,6.0,6.0,7.0,164.0
0.0,0.0,1.0,0.0,1.0,0.0,0.0,0.0,0.0,0.0,0.0,0.0,1.0,0.0,0.0,0.0,0.0,1.0,0.0,0.0,0.0,14.0,1.0,13.0,2.0,5.0,3.0,2.0,0.0,15.0,1.0,5.0,10.0,300.0
1.0,0.0,0.0,1.0,0.0,1.0,0.0,0.0,0.0,1.0,0.0,0.0,0.0,0.0,0.0,0.0,0.0,1.0,0.0,0.0,0.0,11.0,3.0,9.0,2.0,3.0,2.0,9.0,1.0,12.0,1.0,1.0,0.0,169.0
1.0,0.0,0.0,1.0,1.0,0.0,0.0,0.0,0.0,1.0,0.0,0.0,0.0,0.0,0.0,0.0,1.0,0.0,0.0,0.0,1.0,0.0,3.0,35.0,3.0,5.0,5.0,9.0,0.0,18.0,0.0,2.0,2.0,150.0
0.0,1.0,0.0,0.0,0.0,1.0,0.0,0.0,0.0,0.0,0.0,0.0,1.0,0.0,0.0,0.0,0.0,0.0,1.0,0.0,1.0,15.0,3.0,8.0,2.0,5.0,2.0,2.0,0.0,15.0,5.0,6.0,9.0,298.0
0.0,1.0,0.0,0.0,0.0,1.0,0.0,0.0,1.0,0.0,0.0,0.0,0.0,0.0,0.0,0.0,1.0,0.0,0.0,0.0,0.0,17.0,3.0,34.0,2.0,1.0,2.0,4.0,1.0,18.0,1.0,2.0,11.0,233.0
0.0,1.0,0.0,0.0,1.0,0.0,0.0,0.0,0.0,1.0,0.0,0.0,0.0,0.0,0.0,0.0,0.0,1.0,0.0,0.0,0.0,23.0,3.0,6.0,3.0,3.0,3.0,1.0,0.0,12.0,1.0,1.0,13.0,163.0
0.0,0.0,0.0,1.0,0.0,0.0,1.0,0.0,0.0,0.0,1.0,0.0,0.0,0.0,0.0,0.0,0.0,1.0,0.0,0.0,1.0,0.0,1.0,22.0,3.0,1.0,5.0,2.0,0.0,16.0,15.0,15.0,14.0,127.0
0.0,0.0,0.0,1.0,1.0,0.0,0.0,1.0,0.0,0.0,0.0,0.0,0.0,0.0,0.0,0.0,1.0,0.0,0.0,0.0,0.0,12.0,1.0,28.0,2.0,3.0,5.0,2.0,1.0,13.0,1.0,2.0,8.0,209.0
0.0,0.0,0.0,1.0,1.0,0.0,0.0,0.0,0.0,0.0,1.0,0.0,0.0,0.0,0.0,0.0,0.0,1.0,0.0,0.0,0.0,6.0,3.0,14.0,2.0,4.0,2.0,1.0,0.0,19.0,2.0,2.0,2.0,123.0
0.0,1.0,0.0,0.0,0.0,1.0,0.0,0.0,1.0,0.0,0.0,0.0,0.0,0.0,0.0,0.0,0.0,1.0,0.0,0.0,0.0,18.0,3.0,17.0,2.0,3.0,2.0,4.0,0.0,13.0,1.0,1.0,1.0,277.0
0.0,0.0,0.0,1.0,1.0,0.0,0.0,0.0,0.0,0.0,0.0,1.0,0.0,0.0,0.0,0.0,1.0,0.0,0.0,0.0,0.0,5.0,1.0,35.0,3.0,3.0,3.0,10.0,0.0,12.0,5.0,7.0,7.0,140.0
1.0,0.0,1.0,0.0,0.0,1.0,0.0,0.0,0.0,1.0,0.0,0.0,0.0,0.0,0.0,0.0,0.0,0.0,1.0,0.0,0.0,7.0,3.0,6.0,3.0,1.0,2.0,1.0,0.0,11.0,1.0,1.0,9.0,197.0
1.0,1.0,0.0,0.0,0.0,1.0,0.0,1.0,0.0,0.0,0.0,0.0,0.0,0.0,0.0,1.0,0.0,0.0,0.0,0.0,0.0,30.0,3.0,6.0,3.0,3.0,2.0,4.0,1.0,14.0,0.0,1.0,4.543490512868683,219.0
1.0,0.0,0.0,1.0,0.0,0.0,1.0,0.0,0.0,0.0,1.0,0.0,0.0,1.0,0.0,0.0,0.0,0.0,0.0,0.0,0.0,9.0,2.0,30.0,2.0,3.0,4.0,2.0,0.0,16.0,0.0,1.0,4.0,122.0
0.0,1.0,0.0,0.0,1.0,0.0,0.0,1.0,0.0,0.0,0.0,0.0,0.0,0.0,0.0,0.0,0.0,0.0,1.0,0.0,0.0,26.0,3.0,8.0,2.0,4.0,4.0,3.0,0.0,12.0,0.0,6.0,12.0,175.0
1.0,0.0,1.0,0.0,0.0,0.0,1.0,0.0,0.0,1.0,0.0,0.0,0.0,0.0,0.0,0.0,0.0,0.0,0.0,1.0,1.0,0.0,1.0,21.0,2.0,3.0,3.0,8.0,0.0,14.0,0.0,1.0,0.0,148.0
1.0,1.0,0.0,0.0,1.0,0.0,0.0,0.0,0.0,0.0,1.0,0.0,0.0,0.0,0.0,0.0,0.0,1.0,0.0,0.0,1.0,9.0,1.0,8.0,2.0,3.0,5.0,7.0,1.0,14.0,1.0,1.0,2.0,120.0
0.0,1.0,0.0,0.0,0.0,0.0,1.0,0.0,0.0,0.0,1.0,0.0,0.0,0.0,0.0,0.0,0.0,1.0,0.0,0.0,0.0,9.0,3.0,16.0,2.0,3.0,3.0,2.0,1.0,19.0,0.0,1.0,0.0,122.0
1.0,1.0,0.0,0.0,0.0,1.0,0.0,0.0,0.0,0.0,0.0,1.0,0.0,0.0,0.0,0.0,1.0,0.0,0.0,0.0,0.0,1.0,3.0,16.0,3.0,3.0,4.0,2.0,0.0,22.0,1.0,1.0,0.0,111.0
1.0,1.0,0.0,0.0,1.0,0.0,0.0,0.0,0.0,0.0,1.0,0.0,0.0,0.0,0.0,0.0,0.0,0.0,0.0,1.0,0.0,11.0,1.0,9.0,3.0,3.0,3.0,4.0,0.0,16.0,2.0,2.0,2.0,128.0
1.0,1.0,0.0,0.0,0.0,1.0,0.0,0.0,0.0,0.0,0.0,0.0,1.0,0.0,0.0,0.0,1.0,0.0,0.0,0.0,0.0,23.0,1.0,8.0,3.0,3.0,3.0,3.0,1.0,15.0,7.0,7.0,7.0,292.0
0.0,0.0,0.0,1.0,0.0,0.0,1.0,0.0,0.0,1.0,0.0,0.0,0.0,0.0,0.0,0.0,0.0,0.0,0.0,1.0,0.0,10.0,1.0,9.0,2.0,3.0,4.0,4.0,0.0,15.0,1.0,1.0,1.0,141.0
1.0,1.0,0.0,0.0,0.0,1.0,0.0,0.0,0.0,1.0,0.0,0.0,0.0,0.0,0.0,0.0,0.0,0.0,1.0,0.0,0.0,13.0,3.0,32.0,3.0,3.0,5.0,2.0,0.0,14.0,5.0,7.0,5.0,184.0
0.0,0.0,1.0,0.0,1.0,0.0,0.0,0.0,0.0,0.0,1.0,0.0,0.0,1.0,0.0,0.0,0.0,0.0,0.0,0.0,0.0,9.0,1.0,6.0,3.0,4.0,3.0,2.0,0.0,13.0,1.0,1.0,3.0,120.0
1.0,0.0,1.0,0.0,0.0,1.0,0.0,0.0,0.0,0.0,0.0,0.0,1.0,0.0,0.0,0.0,1.0,0.0,0.0,0.0,0.0,19.0,1.0,6.0,2.0,3.0,2.0,10.0,0.0,15.0,1.0,2.0,2.0,296.0
0.0,1.0,0.0,0.0,0.0,1.0,0.0,1.0,0.0,0.0,0.0,0.0,0.0,0.0,0.0,0.0,0.0,1.0,0.0,0.0,0.0,27.0,3.0,8.0,2.0,4.0,3.0,7.0,0.0,11.0,6.0,7.0,0.0,207.0
0.0,1.0,0.0,0.0,1.0,0.0,0.0,0.0,0.0,0.0,1.0,0.0,0.0,1.0,0.0,0.0,0.0,0.0,0.0,0.0,0.0,29.0,1.0,15.0,3.0,3.0,3.0,3.0,0.0,19.0,0.0,1.0,3.0,129.0
0.0,0.0,0.0,1.0,0.0,1.0,0.0,1.0,0.0,0.0,0.0,0.0,0.0,0.0,0.0,0.0,1.0,0.0,0.0,0.0,0.0,9.0,1.0,18.0,2.0,4.0,2.0,1.0,0.0,11.0,5.0,7.0,8.0,189.0
1.0,0.0,0.0,1.0,1.0,0.0,0.0,0.0,1.0,0.0,0.0,0.0,0.0,0.0,0.0,0.0,1.0,0.0,0.0,0.0,0.0,28.0,1.0,8.0,2.0,4.0,5.0,8.0,0.0,15.0,1.0,6.0,2.0,268.0
1.0,0.0,1.0,0.0,0.0,1.0,0.0,1.0,0.0,0.0,0.0,0.0,0.0,0.0,0.0,0.0,1.0,0.0,0.0,0.0,0.0,16.0,3.0,31.0,3.0,4.0,2.0,6.0,0.0,13.0,1.0,2.0,0.0,234.0
0.0,0.0,0.0,1.0,1.0,0.0,0.0,0.0,0.0,0.0,1.0,0.0,0.0,0.0,0.0,0.0,0.0,0.0,1.0,0.0,1.0,0.0,3.0,14.0,2.0,3.0,2.0,2.0,1.0,14.0,0.0,1.0,2.0,123.0
0.0,0.0,0.0,1.0,0.0,1.0,0.0,0.0,0.0,0.0,0.0,1.0,0.0,0.0,0.0,0.0,0.0,1.0,0.0,0.0,1.0,9.0,1.0,16.0,2.0,4.0,5.0,2.0,0.0,13.0,1.0,1.0,0.0,114.0
0.0,0.0,1.0,0.0,0.0,0.0,1.0,0.0,0.0,1.0,0.0,0.0,0.0,0.0,0.0,0.0,0.0,1.0,0.0,0.0,0.0,19.0,1.0,14.0,3.0,4.0,5.0,9.0,1.0,23.0,1.0,1.0,7.0,146.0
1.0,1.0,0.0,0.0,0.0,0.0,1.0,0.0,0.0,0.0,1.0,0.0,0.0,0.0,0.0,0.0,0.0,1.0,0.0,0.0,1.0,14.0,1.0,14.0,2.0,3.0,3.0,10.0,1.0,12.0,1.0,2.0,7.0,125.0
1.0,0.0,0.0,1.0,1.0,0.0,0.0,1.0,0.0,0.0,0.0,0.0,0.0,0.0,1.0,0.0,0.0,0.0,0.0,0.0,1.0,0.0,1.0,30.0,3.0,4.0,5.0,2.0,0.0,12.0,0.0,1.0,9.0,187.0
1.0,1.0,0.0,0.0,0.0,0.0,1.0,0.0,0.0,0.0,0.0,1.0,0.0,0.0,0.0,0.0,1.0,0.0,0.0,0.0,0.0,0.0,1.0,6.0,2.0,4.0,5.0,2.0,0.0,16.0,0.0,1.0,3.0,140.0
1.0,1.0,0.0,0.0,0.0,1.0,0.0,0.0,0.0,1.0,0.0,0.0,0.0,0.0,0.0,0.0,0.0,0.0,0.0,1.0,0.0,3.0,1.0,26.0,2.0,3.0,5.0,1.0,0.0,15.0,1.0,1.0,2.0,200.0
0.0,1.0,0.0,0.0,0.0,0.0,1.0,0.0,0.0,0.0,1.0,0.0,0.0,0.0,1.0,0.0,0.0,0.0,0.0,0.0,0.0,14.0,1.0,13.0,2.0,1.0,3.0,2.0,0.0,13.0,1.0,1.0,8.0,134.0
0.0,1.0,0.0,0.0,0.0,1.0,0.0,1.0,0.0,0.0,0.0,0.0,0.0,0.0,0.0,0.0,0.0,1.0,0.0,0.0,0.0,11.0,1.0,23.0,3.0,4.0,3.0,1.0,0.0,18.0,0.0,1.0,9.0,188.0
1.0,1.0,0.0,0.0,0.0,1.0,0.0,1.0,0.0,0.0,0.0,0.0,0.0,0.0,0.0,1.0,0.0,0.0,0.0,0.0,0.0,13.0,1.0,26.0,3.0,3.0,2.0,5.0,0.0,20.0,4.0,11.0,1.0,203.0
1.0,1.0,0.0,0.0,1.0,0.0,0.0,0.0,0.0,0.0,0.0,1.0,0.0,0.0,0.0,0.0,0.0,1.0,0.0,0.0,0.0,0.0,1.0,14.0,2.0,5.0,3.0,2.0,0.0,19.0,1.0,1.0,2.0,146.0
1.0,1.0,0.0,0.0,1.0,0.0,0.0,1.0,0.0,0.0,0.0,0.0,0.0,0.0,0.0,0.0,0.0,1.0,0.0,0.0,0.0,28.0,1.0,8.0,3.0,3.0,4.0,4.0,0.0,18.0,1.0,1.0,4.543490512868683,210.0
0.0,0.0,0.0,1.0,0.0,0.0,1.0,0.0,0.0,1.0,0.0,0.0,0.0,0.0,0.0,0.0,0.0,0.0,0.0,1.0,0.0,1.0,1.0,16.0,2.0,3.0,3.0,4.0,0.0,13.0,1.0,1.0,7.0,137.0
1.0,1.0,0.0,0.0,0.0,1.0,0.0,1.0,0.0,0.0,0.0,0.0,0.0,0.0,0.0,0.0,1.0,0.0,0.0,0.0,1.0,7.0,2.0,6.0,3.0,4.0,5.0,10.0,0.0,14.0,2.0,3.0,6.0,205.0
1.0,0.0,1.0,0.0,0.0,1.0,0.0,1.0,0.0,0.0,0.0,0.0,0.0,0.0,0.0,0.0,0.0,1.0,0.0,0.0,0.0,6.0,1.0,11.0,2.0,4.0,2.0,5.0,0.0,15.0,0.0,1.0,2.0,171.0
1.0,0.0,0.0,1.0,0.0,1.0,0.0,1.0,0.0,0.0,0.0,0.0,0.0,0.0,0.0,1.0,0.0,0.0,0.0,0.0,1.0,0.0,3.0,10.0,2.0,3.0,5.0,1.0,1.0,22.0,3.0,4.0,7.0,196.0
0.0,0.0,0.0,1.0,1.0,0.0,0.0,0.0,0.0,1.0,0.0,0.0,0.0,0.0,0.0,0.0,1.0,0.0,0.0,0.0,1.0,0.0,1.0,35.0,2.0,4.0,3.0,2.0,0.0,22.0,3.0,3.0,8.0,145.0
1.0,0.0,1.0,0.0,0.0,0.0,1.0,0.0,0.0,0.0,1.0,0.0,0.0,0.0,0.0,0.0,0.0,1.0,0.0,0.0,0.0,9.0,1.0,21.0,2.0,3.0,3.0,2.0,0.0,16.0,2.0,2.0,2.0,122.0
1.0,0.0,0.0,1.0,1.0,0.0,0.0,0.0,0.0,1.0,0.0,0.0,0.0,0.0,0.0,0.0,0.0,1.0,0.0,0.0,0.0,7.0,1.0,9.0,2.0,3.0,2.0,1.0,0.0,17.0,1.0,1.0,4.0,178.0
0.0,0.0,1.0,0.0,0.0,1.0,0.0,0.0,0.0,1.0,0.0,0.0,0.0,0.0,0.0,0.0,0.0,1.0,0.0,0.0,0.0,10.0,3.0,16.0,2.0,4.0,2.0,3.0,1.0,14.0,0.0,1.0,0.0,167.0
1.0,1.0,0.0,0.0,0.0,0.0,1.0,0.0,0.0,0.0,0.0,1.0,0.0,0.0,1.0,0.0,0.0,0.0,0.0,0.0,1.0,0.0,1.0,10.0,2.0,3.0,2.0,2.0,1.0,15.0,5.0,5.0,6.0,137.0
1.0,0.0,1.0,0.0,0.0,0.0,1.0,0.0,0.0,0.0,1.0,0.0,0.0,1.0,0.0,0.0,0.0,0.0,0.0,0.0,1.0,0.0,1.0,14.0,2.0,3.0,3.0,2.0,0.0,20.0,1.0,1.0,0.0,124.0
1.0,0.0,0.0,1.0,0.0,0.0,1.0,0.0,0.0,0.0,1.0,0.0,0.0,1.0,0.0,0.0,0.0,0.0,0.0,0.0,1.0,9.0,1.0,31.0,2.0,4.0,4.0,5.0,1.0,20.0,0.0,2.0,2.0,123.0
1.0,1.0,0.0,0.0,0.0,1.0,0.0,0.0,1.0,0.0,0.0,0.0,0.0,0.0,0.0,0.0,1.0,0.0,0.0,0.0,0.0,15.0,1.0,8.0,2.0,3.0,5.0,1.0,0.0,17.0,1.0,13.0,7.0,277.0
1.0,0.0,1.0,0.0,1.0,0.0,0.0,0.0,0.0,0.0,1.0,0.0,0.0,1.0,0.0,0.0,0.0,0.0,0.0,0.0,1.0,0.0,1.0,14.0,2.0,4.0,4.0,2.0,0.0,15.0,0.0,1.0,0.0,126.0
1.0,0.0,0.0,1.0,1.0,0.0,0.0,0.0,0.0,1.0,0.0,0.0,0.0,0.0,0.0,0.0,0.0,0.0,0.0,1.0,1.0,13.0,3.0,6.0,2.0,3.0,3.0,4.0,1.0,14.0,0.0,1.0,0.0,147.0
0.0,1.0,0.0,0.0,1.0,0.0,0.0,0.0,0.0,1.0,0.0,0.0,0.0,0.0,0.0,0.0,0.0,1.0,0.0,0.0,0.0,6.0,3.0,13.0,1.0,3.0,4.0,1.0,0.0,17.0,1.0,1.0,2.0,143.0
1.0,1.0,0.0,0.0,1.0,0.0,0.0,0.0,0.0,0.0,1.0,0.0,0.0,0.0,0.0,0.0,0.0,1.0,0.0,0.0,0.0,7.0,1.0,9.0,3.0,4.0,2.0,4.0,0.0,17.0,1.0,1.0,0.0,130.0
1.0,0.0,0.0,1.0,1.0,0.0,0.0,0.0,1.0,0.0,0.0,0.0,0.0,0.0,0.0,0.0,1.0,0.0,0.0,0.0,0.0,21.0,1.0,6.0,2.0,1.0,2.0,3.0,0.0,22.0,1.0,2.0,1.0,269.0
0.0,1.0,0.0,0.0,1.0,0.0,0.0,0.0,0.0,1.0,0.0,0.0,0.0,0.0,0.0,0.0,0.0,1.0,0.0,0.0,0.0,18.0,3.0,15.0,3.0,4.0,3.0,2.0,0.0,13.0,0.0,4.0,12.0,156.0
1.0,0.0,0.0,1.0,0.0,1.0,0.0,1.0,0.0,0.0,0.0,0.0,0.0,0.0,0.0,0.0,0.0,1.0,0.0,0.0,0.0,25.0,1.0,13.0,2.0,3.0,4.0,8.0,0.0,19.0,3.0,4.0,0.0,204.0
1.0,0.0,1.0,0.0,0.0,1.0,0.0,1.0,0.0,0.0,0.0,0.0,0.0,0.0,0.0,0.0,0.0,0.0,1.0,0.0,0.0,11.0,3.0,16.0,3.0,4.0,3.0,1.0,1.0,14.0,2.0,2.0,7.0,187.0
0.0,0.0,1.0,0.0,0.0,0.0,1.0,0.0,0.0,0.0,1.0,0.0,0.0,0.0,0.0,0.0,0.0,1.0,0.0,0.0,0.0,2.0,1.0,14.0,3.0,3.0,2.0,5.0,0.0,22.0,0.0,1.0,7.0,125.0
0.0,0.0,1.0,0.0,0.0,1.0,0.0,1.0,0.0,0.0,0.0,0.0,0.0,0.0,0.0,0.0,1.0,0.0,0.0,0.0,0.0,1.0,1.0,9.0,3.0,3.0,4.0,1.0,0.0,17.0,0.0,1.0,7.0,177.0
1.0,1.0,0.0,0.0,0.0,1.0,0.0,0.0,1.0,0.0,0.0,0.0,0.0,0.0,0.0,0.0,0.0,0.0,1.0,0.0,0.0,19.0,3.0,9.0,2.0,3.0,3.0,4.0,0.0,12.0,1.0,4.0,9.0,275.0
1.0,0.0,0.0,1.0,0.0,1.0,0.0,1.0,0.0,0.0,0.0,0.0,0.0,0.0,0.0,0.0,0.0,0.0,1.0,0.0,0.0,11.0,3.0,8.0,2.0,3.0,4.0,8.0,0.0,16.0,1.0,1.0,0.0,174.0
0.0,1.0,0.0,0.0,1.0,0.0,0.0,1.0,0.0,0.0,0.0,0.0,0.0,0.0,0.0,0.0,0.0,1.0,0.0,0.0,0.0,16.0,1.0,33.0,2.0,3.0,5.0,9.0,0.0,11.0,0.0,1.0,1.0,208.0
1.0,0.0,1.0,0.0,1.0,0.0,0.0,0.0,1.0,0.0,0.0,0.0,0.0,0.0,0.0,0.0,0.0,1.0,0.0,0.0,1.0,2.0,1.0,8.0,2.0,3.0,2.0,8.0,0.0,11.0,7.0,11.0,4.543490512868683,222.0
1.0,0.0,0.0,1.0,0.0,1.0,0.0,0.0,0.0,0.0,0.0,0.0,1.0,0.0,0.0,0.0,1.0,0.0,0.0,0.0,0.0,13.0,1.0,20.0,2.0,4.0,3.0,2.0,0.0,15.0,4.0,4.0,9.0,296.0
0.0,0.0,0.0,1.0,0.0,0.0,1.0,0.0,0.0,0.0,1.0,0.0,0.0,0.0,0.0,1.0,0.0,0.0,0.0,0.0,0.0,9.0,1.0,6.0,3.0,4.0,4.0,2.0,1.0,11.0,0.0,2.0,2.0,121.0
1.0,0.0,0.0,1.0,1.0,0.0,0.0,0.0,0.0,1.0,0.0,0.0,0.0,0.0,0.0,0.0,0.0,1.0,0.0,0.0,0.0,12.0,1.0,15.0,3.0,3.0,4.0,21.0,0.0,15.0,1.0,1.0,3.0,168.0
1.0,0.0,0.0,1.0,1.0,0.0,0.0,0.0,0.0,1.0,0.0,0.0,0.0,0.0,0.0,0.0,0.0,1.0,0.0,0.0,0.0,9.0,1.0,24.0,3.0,3.0,2.0,3.0,0.0,20.0,1.0,1.0,9.0,178.0
1.0,1.0,0.0,0.0,1.0,0.0,0.0,0.0,0.0,0.0,1.0,0.0,0.0,0.0,0.0,0.0,0.0,1.0,0.0,0.0,0.0,4.0,3.0,26.0,3.0,1.0,2.0,1.0,0.0,12.0,1.0,2.0,2.0,128.0
1.0,1.0,0.0,0.0,0.0,0.0,1.0,0.0,0.0,0.0,1.0,0.0,0.0,0.0,0.0,0.0,0.0,1.0,0.0,0.0,0.0,1.0,1.0,8.0,3.0,4.0,4.0,1.0,0.0,17.0,0.0,1.0,4.0,132.0
1.0,0.0,1.0,0.0,1.0,0.0,0.0,0.0,0.0,1.0,0.0,0.0,0.0,0.0,0.0,0.0,0.0,0.0,1.0,0.0,0.0,8.0,3.0,17.0,2.0,3.0,2.0,2.0,0.0,11.0,0.0,1.0,2.0,150.0
1.0,1.0,0.0,0.0,0.0,1.0,0.0,0.0,1.0,0.0,0.0,0.0,0.0,0.0,0.0,1.0,0.0,0.0,0.0,0.0,0.0,22.0,3.0,14.0,2.0,4.0,4.0,7.0,0.0,17.0,1.0,2.0,4.543490512868683,231.0
1.0,0.0,0.0,1.0,1.0,0.0,0.0,0.0,0.0,1.0,0.0,0.0,0.0,0.0,0.0,0.0,0.0,1.0,0.0,0.0,0.0,7.0,1.0,8.0,3.0,3.0,3.0,3.0,0.0,11.0,1.0,1.0,2.0,140.0
0.0,0.0,1.0,0.0,1.0,0.0,0.0,0.0,0.0,0.0,1.0,0.0,0.0,0.0,0.0,0.0,0.0,1.0,0.0,0.0,0.0,2.0,1.0,16.0,3.0,3.0,4.0,1.0,0.0,14.0,1.0,1.0,1.0,133.0
1.0,0.0,0.0,1.0,0.0,0.0,1.0,0.0,0.0,1.0,0.0,0.0,0.0,0.0,0.0,0.0,1.0,0.0,0.0,0.0,0.0,15.0,1.0,35.0,2.0,5.0,2.0,5.0,0.0,19.0,1.0,1.0,0.0,143.0
1.0,1.0,0.0,0.0,0.0,1.0,0.0,0.0,0.0,1.0,0.0,0.0,0.0,0.0,0.0,0.0,1.0,0.0,0.0,0.0,0.0,2.0,1.0,14.0,3.0,4.0,2.0,2.0,1.0,13.0,0.0,1.0,2.0,151.0
1.0,1.0,0.0,0.0,0.0,0.0,1.0,0.0,0.0,0.0,1.0,0.0,0.0,0.0,0.0,0.0,0.0,0.0,0.0,1.0,0.0,11.0,2.0,6.0,3.0,1.0,3.0,2.0,0.0,13.0,1.0,5.0,0.0,128.0
1.0,0.0,1.0,0.0,1.0,0.0,0.0,0.0,0.0,0.0,1.0,0.0,0.0,0.0,0.0,0.0,0.0,1.0,0.0,0.0,0.0,4.0,1.0,12.0,3.0,4.0,3.0,2.0,1.0,14.0,1.0,1.0,2.0,127.0
1.0,0.0,0.0,1.0,1.0,0.0,0.0,0.0,0.0,0.0,0.0,1.0,0.0,1.0,0.0,0.0,0.0,0.0,0.0,0.0,1.0,9.0,1.0,14.0,3.0,3.0,3.0,2.0,0.0,12.0,0.0,1.0,0.0,119.0
0.0,0.0,0.0,1.0,0.0,1.0,0.0,0.0,0.0,1.0,0.0,0.0,0.0,0.0,0.0,0.0,0.0,0.0,1.0,0.0,1.0,0.0,3.0,15.0,3.0,3.0,5.0,1.0,1.0,17.0,0.0,1.0,3.0,182.0
1.0,1.0,0.0,0.0,0.0,0.0,1.0,0.0,0.0,0.0,0.0,1.0,0.0,0.0,0.0,0.0,0.0,1.0,0.0,0.0,0.0,14.0,1.0,18.0,2.0,3.0,2.0,4.0,1.0,11.0,1.0,1.0,0.0,148.0
1.0,1.0,0.0,0.0,1.0,0.0,0.0,0.0,0.0,0.0,1.0,0.0,0.0,1.0,0.0,0.0,0.0,0.0,0.0,0.0,1.0,0.0,1.0,14.0,3.0,3.0,3.0,2.0,0.0,12.0,2.0,2.0,2.0,126.0
0.0,0.0,1.0,0.0,0.0,1.0,0.0,0.0,0.0,1.0,0.0,0.0,0.0,0.0,0.0,0.0,1.0,0.0,0.0,0.0,0.0,10.0,1.0,31.0,2.0,4.0,2.0,8.0,0.0,13.0,0.0,1.0,3.0,157.0
1.0,1.0,0.0,0.0,0.0,0.0,1.0,0.0,0.0,0.0,1.0,0.0,0.0,0.0,0.0,0.0,0.0,1.0,0.0,0.0,0.0,0.0,1.0,14.0,2.0,4.0,3.0,2.0,0.0,13.0,2.0,2.0,2.0,125.0
0.0,1.0,0.0,0.0,0.0,1.0,0.0,0.0,0.0,1.0,0.0,0.0,0.0,0.0,0.0,0.0,0.0,1.0,0.0,0.0,0.0,7.0,3.0,15.0,3.0,3.0,3.0,2.0,0.0,20.0,1.0,1.0,3.0,157.0
1.0,0.0,0.0,1.0,0.0,0.0,1.0,0.0,0.0,0.0,0.0,1.0,0.0,0.0,1.0,0.0,0.0,0.0,0.0,0.0,0.0,8.0,2.0,14.0,3.0,3.0,3.0,2.0,0.0,17.0,0.0,1.0,4.0,143.0
0.0,1.0,0.0,0.0,0.0,1.0,0.0,1.0,0.0,0.0,0.0,0.0,0.0,0.0,0.0,0.0,0.0,1.0,0.0,0.0,1.0,0.0,3.0,29.0,2.0,4.0,5.0,2.0,0.0,13.0,0.0,3.0,10.0,173.0
0.0,0.0,0.0,1.0,1.0,0.0,0.0,1.0,0.0,0.0,0.0,0.0,0.0,0.0,0.0,0.0,1.0,0.0,0.0,0.0,0.0,13.0,1.0,15.0,2.0,3.0,3.0,10.0,0.0,17.0,0.0,2.0,13.0,235.0
1.0,0.0,0.0,1.0,1.0,0.0,0.0,0.0,1.0,0.0,0.0,0.0,0.0,0.0,0.0,0.0,0.0,1.0,0.0,0.0,1.0,5.0,3.0,18.0,2.0,3.0,5.0,1.0,1.0,12.0,7.0,2.0,14.0,238.0
1.0,0.0,0.0,1.0,0.0,1.0,0.0,0.0,0.0,1.0,0.0,0.0,0.0,0.0,0.0,0.0,0.0,0.0,1.0,0.0,0.0,15.0,3.0,10.0,2.0,3.0,5.0,8.0,0.0,13.0,1.0,1.0,5.0,152.0
1.0,1.0,0.0,0.0,0.0,0.0,1.0,0.0,0.0,0.0,1.0,0.0,0.0,1.0,0.0,0.0,0.0,0.0,0.0,0.0,0.0,9.0,1.0,6.0,2.0,4.0,3.0,7.0,0.0,12.0,1.0,1.0,7.0,123.0
1.0,0.0,0.0,1.0,0.0,0.0,1.0,0.0,0.0,0.0,0.0,1.0,0.0,0.0,0.0,0.0,1.0,0.0,0.0,0.0,0.0,0.0,1.0,30.0,2.0,3.0,4.0,9.0,0.0,22.0,1.0,1.0,2.0,136.0
0.0,1.0,0.0,0.0,0.0,0.0,1.0,0.0,0.0,0.0,1.0,0.0,0.0,0.0,0.0,0.0,0.0,1.0,0.0,0.0,1.0,0.0,1.0,14.0,3.0,3.0,2.0,2.0,1.0,11.0,1.0,1.0,0.0,125.0
1.0,1.0,0.0,0.0,0.0,0.0,1.0,0.0,0.0,0.0,0.0,1.0,0.0,0.0,0.0,0.0,1.0,0.0,0.0,0.0,0.0,0.0,1.0,9.0,2.0,1.0,2.0,2.0,0.0,22.0,1.0,1.0,7.0,144.0
1.0,1.0,0.0,0.0,0.0,1.0,0.0,0.0,0.0,1.0,0.0,0.0,0.0,0.0,0.0,0.0,0.0,0.0,1.0,0.0,0.0,3.0,3.0,16.0,3.0,4.0,3.0,2.0,0.0,18.0,1.0,1.0,4.0,166.0
0.0,1.0,0.0,0.0,1.0,0.0,0.0,0.0,0.0,1.0,0.0,0.0,0.0,0.0,0.0,0.0,1.0,0.0,0.0,0.0,0.0,13.0,1.0,32.0,3.0,4.0,2.0,4.0,1.0,13.0,1.0,1.0,0.0,144.0
1.0,0.0,1.0,0.0,0.0,1.0,0.0,1.0,0.0,0.0,0.0,0.0,0.0,0.0,0.0,0.0,0.0,1.0,0.0,0.0,0.0,8.0,1.0,8.0,2.0,4.0,4.0,3.0,0.0,18.0,6.0,6.0,4.0,203.0
1.0,0.0,0.0,1.0,1.0,0.0,0.0,0.0,0.0,1.0,0.0,0.0,0.0,0.0,0.0,0.0,1.0,0.0,0.0,0.0,0.0,7.0,1.0,6.0,3.0,4.0,5.0,1.0,0.0,20.0,1.0,4.0,9.0,153.0
1.0,1.0,0.0,0.0,1.0,0.0,0.0,0.0,0.0,0.0,1.0,0.0,0.0,0.0,0.0,0.0,0.0,0.0,0.0,1.0,0.0,8.0,1.0,14.0,2.0,4.0,2.0,2.0,0.0,13.0,2.0,2.0,2.0,124.0
0.0,0.0,0.0,1.0,0.0,1.0,0.0,0.0,0.0,1.0,0.0,0.0,0.0,0.0,0.0,0.0,0.0,0.0,1.0,0.0,1.0,6.0,3.0,15.0,2.0,5.0,3.0,9.0,0.0,13.0,1.0,1.0,3.0,153.0
0.0,0.0,1.0,0.0,1.0,0.0,0.0,0.0,0.0,0.0,1.0,0.0,0.0,0.0,0.0,0.0,0.0,1.0,0.0,0.0,0.0,5.0,3.0,8.0,3.0,3.0,5.0,2.0,0.0,12.0,0.0,1.0,0.0,128.0
0.0,0.0,1.0,0.0,0.0,1.0,0.0,0.0,0.0,0.0,0.0,0.0,1.0,0.0,0.0,1.0,0.0,0.0,0.0,0.0,0.0,29.0,1.0,10.0,3.0,3.0,5.0,5.0,0.0,15.0,0.0,4.0,2.0,299.0
0.0,1.0,0.0,0.0,0.0,0.0,1.0,0.0,0.0,0.0,1.0,0.0,0.0,1.0,0.0,0.0,0.0,0.0,0.0,0.0,0.0,2.0,1.0,12.0,3.0,3.0,2.0,2.0,0.0,13.0,0.0,1.0,8.0,131.0
1.0,0.0,0.0,1.0,0.0,0.0,1.0,0.0,0.0,0.0,1.0,0.0,0.0,0.0,0.0,0.0,0.0,1.0,0.0,0.0,0.0,0.0,1.0,14.0,2.0,3.0,5.0,2.0,0.0,25.0,0.0,1.0,0.0,126.0
0.0,1.0,0.0,0.0,0.0,0.0,1.0,0.0,0.0,0.0,0.0,1.0,0.0,0.0,0.0,0.0,1.0,0.0,0.0,0.0,0.0,18.0,1.0,13.0,2.0,3.0,3.0,5.0,1.0,19.0,1.0,1.0,2.0,145.0
0.0,1.0,0.0,0.0,0.0,1.0,0.0,0.0,0.0,1.0,0.0,0.0,0.0,0.0,0.0,0.0,0.0,1.0,0.0,0.0,0.0,10.0,1.0,6.0,2.0,4.0,2.0,2.0,0.0,13.0,3.0,3.0,11.0,165.0
1.0,0.0,0.0,1.0,0.0,0.0,1.0,0.0,0.0,0.0,1.0,0.0,0.0,0.0,0.0,0.0,0.0,1.0,0.0,0.0,0.0,0.0,1.0,9.0,3.0,4.0,3.0,2.0,0.0,12.0,0.0,1.0,2.0,130.0
1.0,0.0,0.0,1.0,0.0,0.0,1.0,0.0,0.0,0.0,1.0,0.0,0.0,0.0,0.0,0.0,0.0,1.0,0.0,0.0,1.0,7.0,1.0,16.0,3.0,3.0,3.0,2.0,1.0,11.0,1.0,1.0,2.0,129.0
0.0,0.0,1.0,0.0,0.0,1.0,0.0,0.0,0.0,0.0,0.0,0.0,1.0,0.0,0.0,0.0,1.0,0.0,0.0,0.0,0.0,26.0,1.0,13.0,2.0,3.0,3.0,4.0,0.0,18.0,1.0,4.0,7.0,286.0
0.0,1.0,0.0,0.0,0.0,0.0,1.0,0.0,0.0,0.0,1.0,0.0,0.0,0.0,0.0,0.0,0.0,1.0,0.0,0.0,0.0,9.0,1.0,21.0,3.0,5.0,2.0,1.0,1.0,18.0,1.0,1.0,3.0,122.0
1.0,1.0,0.0,0.0,1.0,0.0,0.0,0.0,0.0,0.0,1.0,0.0,0.0,0.0,0.0,0.0,0.0,1.0,0.0,0.0,1.0,0.0,1.0,9.0,3.0,4.0,2.0,1.0,1.0,11.0,0.0,1.0,0.0,129.0
0.0,1.0,0.0,0.0,0.0,1.0,0.0,0.0,1.0,0.0,0.0,0.0,0.0,0.0,0.0,0.0,0.0,0.0,1.0,0.0,0.0,19.0,3.0,8.0,3.0,3.0,5.0,9.0,0.0,23.0,1.0,15.0,9.0,270.0
1.0,0.0,0.0,1.0,1.0,0.0,0.0,0.0,0.0,0.0,1.0,0.0,0.0,0.0,0.0,0.0,0.0,1.0,0.0,0.0,0.0,9.0,1.0,23.0,3.0,5.0,3.0,3.0,0.0,13.0,1.0,1.0,0.0,123.0
1.0,1.0,0.0,0.0,0.0,0.0,1.0,0.0,0.0,0.0,0.0,1.0,0.0,0.0,0.0,0.0,0.0,0.0,0.0,1.0,0.0,6.0,2.0,8.0,2.0,3.0,3.0,2.0,0.0,13.0,0.0,1.0,4.0,136.0
1.0,0.0,1.0,0.0,1.0,0.0,0.0,0.0,0.0,0.0,1.0,0.0,0.0,0.0,0.0,0.0,0.0,1.0,0.0,0.0,1.0,9.0,1.0,11.0,3.0,4.0,5.0,7.0,0.0,17.0,1.0,1.0,0.0,121.0
1.0,0.0,1.0,0.0,0.0,0.0,1.0,0.0,0.0,1.0,0.0,0.0,0.0,0.0,0.0,0.0,0.0,1.0,0.0,0.0,0.0,3.0,3.0,35.0,3.0,3.0,5.0,9.0,0.0,19.0,1.0,1.0,3.0,141.0
1.0,1.0,0.0,0.0,1.0,0.0,0.0,0.0,0.0,1.0,0.0,0.0,0.0,0.0,0.0,0.0,1.0,0.0,0.0,0.0,0.0,13.0,3.0,8.0,3.0,3.0,4.0,6.0,0.0,12.0,1.0,1.0,0.0,143.0
0.0,1.0,0.0,0.0,1.0,0.0,0.0,0.0,1.0,0.0,0.0,0.0,0.0,0.0,0.0,0.0,1.0,0.0,0.0,0.0,0.0,23.0,1.0,8.0,1.0,3.0,5.0,3.0,0.0,22.0,1.0,2.0,2.0,279.0
1.0,1.0,0.0,0.0,0.0,0.0,1.0,0.0,0.0,0.0,1.0,0.0,0.0,1.0,0.0,0.0,0.0,0.0,0.0,0.0,0.0,1.0,1.0,25.0,3.0,4.0,5.0,2.0,0.0,12.0,1.0,3.0,3.0,132.0
1.0,1.0,0.0,0.0,0.0,1.0,0.0,0.0,0.0,0.0,0.0,0.0,1.0,0.0,0.0,0.0,0.0,1.0,0.0,0.0,0.0,19.0,1.0,21.0,2.0,3.0,4.0,6.0,0.0,11.0,1.0,1.0,3.0,291.0
1.0,1.0,0.0,0.0,0.0,1.0,0.0,0.0,0.0,1.0,0.0,0.0,0.0,0.0,0.0,0.0,0.0,1.0,0.0,0.0,0.0,8.0,3.0,23.0,3.0,3.0,5.0,4.0,1.0,15.0,1.0,1.0,7.0,190.0
0.0,1.0,0.0,0.0,0.0,0.0,1.0,0.0,0.0,0.0,1.0,0.0,0.0,0.0,0.0,0.0,0.0,1.0,0.0,0.0,1.0,9.0,1.0,23.0,3.0,3.0,4.0,2.0,0.0,13.0,0.0,1.0,0.0,122.0
0.0,1.0,0.0,0.0,1.0,0.0,0.0,0.0,0.0,1.0,0.0,0.0,0.0,0.0,0.0,0.0,1.0,0.0,0.0,0.0,0.0,6.0,3.0,31.0,2.0,3.0,3.0,2.0,0.0,12.0,0.0,1.0,1.0,145.0
1.0,0.0,1.0,0.0,0.0,0.0,1.0,0.0,0.0,0.0,1.0,0.0,0.0,0.0,0.0,0.0,0.0,1.0,0.0,0.0,0.0,9.0,1.0,12.0,3.0,5.0,3.0,2.0,0.0,14.0,0.0,1.0,7.0,127.0
1.0,0.0,1.0,0.0,0.0,0.0,1.0,0.0,0.0,1.0,0.0,0.0,0.0,0.0,0.0,0.0,0.0,1.0,0.0,0.0,0.0,3.0,1.0,13.0,2.0,3.0,3.0,2.0,0.0,13.0,8.0,8.0,9.0,135.0
1.0,0.0,0.0,1.0,0.0,0.0,1.0,0.0,0.0,1.0,0.0,0.0,0.0,0.0,0.0,0.0,0.0,0.0,0.0,1.0,0.0,17.0,1.0,35.0,2.0,3.0,2.0,2.0,0.0,25.0,1.0,1.0,17.0,145.0
1.0,0.0,0.0,1.0,0.0,0.0,1.0,0.0,0.0,0.0,1.0,0.0,0.0,0.0,0.0,0.0,0.0,0.0,1.0,0.0,0.0,0.0,3.0,27.0,3.0,1.0,2.0,2.0,0.0,17.0,0.0,2.0,2.0,127.0
1.0,0.0,1.0,0.0,0.0,1.0,0.0,0.0,0.0,1.0,0.0,0.0,0.0,0.0,1.0,0.0,0.0,0.0,0.0,0.0,0.0,19.0,1.0,8.0,2.0,3.0,2.0,3.0,0.0,11.0,1.0,1.0,4.0,174.0
1.0,1.0,0.0,0.0,1.0,0.0,0.0,0.0,0.0,1.0,0.0,0.0,0.0,0.0,0.0,0.0,1.0,0.0,0.0,0.0,0.0,15.0,2.0,8.0,3.0,1.0,5.0,8.0,0.0,16.0,0.0,1.0,3.0,163.0
1.0,0.0,1.0,0.0,0.0,1.0,0.0,0.0,0.0,1.0,0.0,0.0,0.0,0.0,0.0,0.0,0.0,0.0,1.0,0.0,0.0,30.0,3.0,13.0,2.0,1.0,2.0,1.0,1.0,18.0,0.0,1.0,9.0,152.0
0.0,1.0,0.0,0.0,1.0,0.0,0.0,0.0,0.0,0.0,1.0,0.0,0.0,0.0,0.0,0.0,0.0,0.0,0.0,1.0,0.0,5.0,1.0,19.0,3.0,4.0,4.0,2.0,0.0,20.0,0.0,2.0,2.0,127.0
0.0,0.0,0.0,1.0,1.0,0.0,0.0,0.0,0.0,1.0,0.0,0.0,0.0,0.0,0.0,0.0,0.0,1.0,0.0,0.0,0.0,5.0,1.0,8.0,2.0,3.0,3.0,5.0,1.0,14.0,1.0,1.0,7.0,150.0
0.0,0.0,1.0,0.0,0.0,1.0,0.0,1.0,0.0,0.0,0.0,0.0,0.0,0.0,0.0,1.0,0.0,0.0,0.0,0.0,0.0,9.0,1.0,6.0,3.0,5.0,5.0,3.0,1.0,21.0,5.0,7.0,7.0,203.0
1.0,1.0,0.0,0.0,0.0,0.0,1.0,0.0,0.0,0.0,1.0,0.0,0.0,1.0,0.0,0.0,0.0,0.0,0.0,0.0,0.0,6.0,1.0,15.0,3.0,3.0,2.0,1.0,0.0,13.0,1.0,4.0,10.0,128.0
0.0,0.0,1.0,0.0,0.0,1.0,0.0,0.0,0.0,1.0,0.0,0.0,0.0,0.0,1.0,0.0,0.0,0.0,0.0,0.0,0.0,13.0,3.0,16.0,2.0,4.0,4.0,8.0,0.0,12.0,1.0,1.0,3.0,169.0
1.0,0.0,0.0,1.0,0.0,0.0,1.0,0.0,0.0,1.0,0.0,0.0,0.0,0.0,0.0,0.0,0.0,1.0,0.0,0.0,0.0,0.0,3.0,16.0,2.0,3.0,2.0,1.0,0.0,14.0,0.0,1.0,1.0,150.0
1.0,1.0,0.0,0.0,0.0,0.0,1.0,0.0,0.0,0.0,0.0,1.0,0.0,0.0,0.0,0.0,1.0,0.0,0.0,0.0,0.0,3.0,1.0,6.0,3.0,3.0,4.0,1.0,1.0,21.0,1.0,5.0,7.0,136.0
0.0,1.0,0.0,0.0,1.0,0.0,0.0,1.0,0.0,0.0,0.0,0.0,0.0,0.0,0.0,0.0,1.0,0.0,0.0,0.0,0.0,15.0,1.0,32.0,2.0,3.0,5.0,4.0,1.0,17.0,0.0,2.0,0.0,232.0
0.0,1.0,0.0,0.0,1.0,0.0,0.0,1.0,0.0,0.0,0.0,0.0,0.0,0.0,0.0,0.0,0.0,0.0,1.0,0.0,0.0,8.0,3.0,14.0,3.0,4.0,2.0,5.0,1.0,11.0,2.0,4.0,12.0,204.0
1.0,1.0,0.0,0.0,0.0,0.0,1.0,0.0,0.0,0.0,1.0,0.0,0.0,0.0,0.0,0.0,0.0,1.0,0.0,0.0,0.0,9.0,1.0,20.0,2.0,3.0,5.0,2.0,1.0,14.0,2.0,6.0,8.0,122.0
0.0,0.0,1.0,0.0,1.0,0.0,0.0,1.0,0.0,0.0,0.0,0.0,0.0,0.0,0.0,0.0,0.0,1.0,0.0,0.0,0.0,27.0,1.0,6.0,2.0,3.0,3.0,8.0,0.0,17.0,1.0,1.0,4.0,205.0
0.0,1.0,0.0,0.0,0.0,1.0,0.0,0.0,0.0,0.0,1.0,0.0,0.0,0.0,0.0,0.0,0.0,1.0,0.0,0.0,0.0,9.0,1.0,8.0,3.0,1.0,2.0,2.0,0.0,13.0,6.0,7.0,7.0,120.0
0.0,0.0,0.0,1.0,1.0,0.0,0.0,0.0,0.0,0.0,0.0,1.0,0.0,1.0,0.0,0.0,0.0,0.0,0.0,0.0,1.0,9.0,1.0,16.0,3.0,4.0,4.0,2.0,1.0,25.0,1.0,1.0,0.0,119.0
0.0,0.0,1.0,0.0,0.0,0.0,1.0,0.0,0.0,0.0,0.0,1.0,0.0,0.0,0.0,0.0,0.0,1.0,0.0,0.0,0.0,2.0,1.0,6.0,3.0,3.0,2.0,2.0,0.0,15.0,0.0,1.0,2.0,138.0
1.0,1.0,0.0,0.0,0.0,1.0,0.0,0.0,1.0,0.0,0.0,0.0,0.0,0.0,0.0,0.0,0.0,1.0,0.0,0.0,0.0,27.0,1.0,9.0,2.0,3.0,2.0,4.0,0.0,14.0,1.0,1.0,9.0,278.0
1.0,1.0,0.0,0.0,0.0,1.0,0.0,0.0,0.0,1.0,0.0,0.0,0.0,0.0,0.0,0.0,1.0,0.0,0.0,0.0,0.0,4.0,1.0,17.0,3.0,3.0,5.0,2.0,1.0,12.0,0.0,1.0,1.0,168.0
0.0,0.0,0.0,1.0,0.0,1.0,0.0,0.0,0.0,1.0,0.0,0.0,0.0,0.0,0.0,0.0,1.0,0.0,0.0,0.0,0.0,4.0,1.0,30.0,3.0,4.0,5.0,2.0,0.0,19.0,0.0,1.0,8.0,168.0
0.0,0.0,0.0,1.0,0.0,1.0,0.0,0.0,0.0,1.0,0.0,0.0,0.0,0.0,0.0,0.0,0.0,1.0,0.0,0.0,0.0,30.0,3.0,9.0,2.0,4.0,2.0,6.0,0.0,17.0,0.0,1.0,5.0,152.0
1.0,1.0,0.0,0.0,0.0,1.0,0.0,0.0,0.0,0.0,0.0,0.0,1.0,0.0,0.0,0.0,0.0,1.0,0.0,0.0,0.0,16.0,1.0,9.0,3.0,5.0,2.0,4.0,0.0,15.0,1.0,1.0,7.0,297.0
1.0,1.0,0.0,0.0,0.0,1.0,0.0,0.0,0.0,0.0,0.0,0.0,1.0,0.0,0.0,0.0,1.0,0.0,0.0,0.0,0.0,22.0,1.0,10.0,2.0,4.0,3.0,3.0,0.0,13.0,1.0,1.0,0.0,287.0
1.0,1.0,0.0,0.0,1.0,0.0,0.0,0.0,0.0,0.0,0.0,1.0,0.0,0.0,1.0,0.0,0.0,0.0,0.0,0.0,0.0,9.0,1.0,9.0,2.0,3.0,4.0,2.0,0.0,12.0,1.0,1.0,7.0,137.0
1.0,0.0,0.0,1.0,0.0,0.0,1.0,0.0,0.0,0.0,1.0,0.0,0.0,0.0,1.0,0.0,0.0,0.0,0.0,0.0,0.0,21.0,1.0,14.0,3.0,1.0,4.0,6.0,0.0,11.0,0.0,1.0,0.0,126.0
1.0,0.0,1.0,0.0,0.0,0.0,1.0,0.0,0.0,0.0,1.0,0.0,0.0,0.0,0.0,0.0,0.0,1.0,0.0,0.0,0.0,0.0,1.0,14.0,3.0,3.0,3.0,2.0,0.0,11.0,1.0,1.0,3.0,125.0
1.0,0.0,1.0,0.0,0.0,1.0,0.0,0.0,0.0,1.0,0.0,0.0,0.0,0.0,0.0,0.0,0.0,1.0,0.0,0.0,0.0,2.0,1.0,13.0,2.0,3.0,2.0,2.0,1.0,11.0,0.0,1.0,0.0,166.0
1.0,0.0,0.0,1.0,0.0,1.0,0.0,0.0,0.0,0.0,0.0,0.0,1.0,0.0,0.0,0.0,0.0,1.0,0.0,0.0,0.0,21.0,1.0,6.0,3.0,4.0,2.0,7.0,0.0,12.0,1.0,1.0,0.0,283.0
0.0,0.0,1.0,0.0,0.0,1.0,0.0,0.0,1.0,0.0,0.0,0.0,0.0,0.0,0.0,0.0,0.0,1.0,0.0,0.0,0.0,2.0,1.0,6.0,2.0,4.0,2.0,4.0,0.0,14.0,1.0,1.0,7.0,261.0
0.0,1.0,0.0,0.0,0.0,0.0,1.0,0.0,0.0,0.0,1.0,0.0,0.0,0.0,1.0,0.0,0.0,0.0,0.0,0.0,0.0,7.0,1.0,14.0,2.0,1.0,3.0,1.0,0.0,17.0,1.0,1.0,0.0,126.0
1.0,1.0,0.0,0.0,0.0,1.0,0.0,0.0,0.0,0.0,0.0,0.0,1.0,0.0,0.0,0.0,0.0,0.0,1.0,0.0,0.0,17.0,3.0,11.0,2.0,3.0,4.0,8.0,0.0,11.0,1.0,3.0,10.0,282.0
1.0,0.0,1.0,0.0,0.0,1.0,0.0,1.0,0.0,0.0,0.0,0.0,0.0,0.0,0.0,0.0,0.0,0.0,1.0,0.0,0.0,6.0,3.0,16.0,2.0,1.0,3.0,1.0,1.0,14.0,1.0,1.0,8.0,184.0
0.0,0.0,0.0,1.0,0.0,0.0,1.0,0.0,0.0,0.0,1.0,0.0,0.0,0.0,0.0,0.0,0.0,1.0,0.0,0.0,0.0,0.0,1.0,31.0,3.0,1.0,2.0,2.0,1.0,12.0,1.0,1.0,1.0,130.0
1.0,1.0,0.0,0.0,0.0,1.0,0.0,0.0,0.0,0.0,0.0,1.0,0.0,0.0,0.0,0.0,0.0,1.0,0.0,0.0,0.0,9.0,1.0,6.0,2.0,3.0,3.0,2.0,0.0,22.0,0.0,1.0,1.0,112.0
1.0,0.0,0.0,1.0,1.0,0.0,0.0,0.0,0.0,0.0,0.0,1.0,0.0,0.0,0.0,0.0,0.0,1.0,0.0,0.0,1.0,0.0,3.0,30.0,3.0,5.0,2.0,2.0,1.0,14.0,1.0,1.0,0.0,111.0
1.0,0.0,0.0,1.0,0.0,0.0,1.0,0.0,0.0,0.0,1.0,0.0,0.0,0.0,0.0,0.0,0.0,1.0,0.0,0.0,0.0,0.0,1.0,10.0,3.0,3.0,2.0,2.0,1.0,20.0,0.0,2.0,2.0,129.0
0.0,0.0,0.0,1.0,0.0,1.0,0.0,0.0,0.0,0.0,0.0,0.0,1.0,0.0,0.0,0.0,0.0,0.0,1.0,0.0,1.0,8.0,3.0,8.0,3.0,5.0,4.0,3.0,1.0,16.0,1.0,1.0,11.0,288.0
1.0,0.0,1.0,0.0,1.0,0.0,0.0,0.0,1.0,0.0,0.0,0.0,0.0,0.0,0.0,0.0,1.0,0.0,0.0,0.0,0.0,28.0,1.0,14.0,2.0,4.0,4.0,2.0,1.0,15.0,3.0,2.0,0.0,236.0
0.0,0.0,0.0,1.0,1.0,0.0,0.0,0.0,0.0,0.0,1.0,0.0,0.0,0.0,0.0,0.0,0.0,1.0,0.0,0.0,1.0,0.0,1.0,14.0,2.0,4.0,3.0,2.0,0.0,20.0,2.0,2.0,2.0,126.0
0.0,1.0,0.0,0.0,0.0,1.0,0.0,0.0,0.0,0.0,0.0,0.0,1.0,0.0,0.0,0.0,0.0,0.0,1.0,0.0,0.0,19.0,3.0,10.0,2.0,4.0,4.0,3.0,0.0,14.0,1.0,1.0,8.0,288.0
0.0,0.0,0.0,1.0,0.0,0.0,1.0,0.0,0.0,1.0,0.0,0.0,0.0,0.0,0.0,0.0,0.0,0.0,1.0,0.0,0.0,7.0,3.0,8.0,2.0,3.0,5.0,1.0,1.0,12.0,1.0,1.0,2.0,145.0
1.0,0.0,1.0,0.0,1.0,0.0,0.0,0.0,0.0,0.0,0.0,0.0,1.0,0.0,0.0,0.0,0.0,1.0,0.0,0.0,0.0,24.0,3.0,15.0,2.0,3.0,4.0,5.0,1.0,15.0,2.0,11.0,10.0,298.0
1.0,0.0,0.0,1.0,0.0,1.0,0.0,1.0,0.0,0.0,0.0,0.0,0.0,0.0,0.0,0.0,1.0,0.0,0.0,0.0,0.0,30.0,1.0,24.0,3.0,3.0,2.0,7.0,0.0,12.0,1.0,5.0,4.0,205.0
0.0,0.0,1.0,0.0,1.0,0.0,0.0,0.0,0.0,1.0,0.0,0.0,0.0,0.0,0.0,0.0,1.0,0.0,0.0,0.0,0.0,7.0,1.0,25.0,2.0,3.0,4.0,5.0,0.0,13.0,3.0,5.0,10.0,144.0
1.0,0.0,0.0,1.0,1.0,0.0,0.0,0.0,0.0,0.0,1.0,0.0,0.0,1.0,0.0,0.0,0.0,0.0,0.0,0.0,0.0,9.0,1.0,6.0,2.0,3.0,3.0,1.0,1.0,11.0,0.0,1.0,2.0,122.0
1.0,0.0,1.0,0.0,0.0,1.0,0.0,0.0,0.0,0.0,0.0,0.0,1.0,0.0,0.0,0.0,0.0,1.0,0.0,0.0,0.0,17.0,1.0,10.0,3.0,1.0,5.0,2.0,0.0,14.0,1.0,14.0,13.0,292.0
1.0,1.0,0.0,0.0,1.0,0.0,0.0,0.0,0.0,1.0,0.0,0.0,0.0,0.0,0.0,0.0,0.0,1.0,0.0,0.0,0.0,7.0,2.0,17.0,2.0,4.0,4.0,5.0,0.0,11.0,0.0,1.0,8.0,145.0
1.0,1.0,0.0,0.0,0.0,0.0,1.0,0.0,0.0,0.0,1.0,0.0,0.0,0.0,0.0,0.0,0.0,1.0,0.0,0.0,0.0,8.0,1.0,12.0,3.0,3.0,3.0,1.0,1.0,14.0,1.0,2.0,2.0,135.0
0.0,1.0,0.0,0.0,0.0,0.0,1.0,0.0,0.0,1.0,0.0,0.0,0.0,1.0,0.0,0.0,0.0,0.0,0.0,0.0,0.0,15.0,1.0,14.0,3.0,1.0,4.0,7.0,1.0,16.0,0.0,1.0,0.0,124.0
0.0,0.0,0.0,1.0,0.0,1.0,0.0,1.0,0.0,0.0,0.0,0.0,0.0,0.0,0.0,0.0,0.0,0.0,1.0,0.0,0.0,16.0,3.0,10.0,2.0,4.0,2.0,4.0,0.0,14.0,10.0,15.0,17.0,202.0
0.0,0.0,0.0,1.0,0.0,1.0,0.0,0.0,0.0,1.0,0.0,0.0,0.0,0.0,0.0,0.0,0.0,1.0,0.0,0.0,0.0,9.0,1.0,8.0,2.0,3.0,4.0,10.0,1.0,11.0,4.0,5.0,12.0,154.0
0.0,1.0,0.0,0.0,0.0,1.0,0.0,1.0,0.0,0.0,0.0,0.0,0.0,0.0,0.0,0.0,1.0,0.0,0.0,0.0,1.0,7.0,1.0,21.0,3.0,3.0,2.0,2.0,0.0,11.0,0.0,1.0,5.0,180.0
1.0,1.0,0.0,0.0,1.0,0.0,0.0,0.0,0.0,0.0,0.0,1.0,0.0,0.0,0.0,0.0,0.0,1.0,0.0,0.0,0.0,1.0,1.0,8.0,2.0,4.0,2.0,2.0,1.0,12.0,2.0,2.0,2.0,139.0
0.0,0.0,0.0,1.0,1.0,0.0,0.0,0.0,0.0,0.0,1.0,0.0,0.0,1.0,0.0,0.0,0.0,0.0,0.0,0.0,0.0,24.0,1.0,12.0,3.0,4.0,3.0,1.0,0.0,14.0,7.0,7.0,7.0,128.0
0.0,0.0,0.0,1.0,1.0,0.0,0.0,0.0,0.0,1.0,0.0,0.0,0.0,0.0,0.0,0.0,1.0,0.0,0.0,0.0,0.0,3.0,1.0,15.0,3.0,3.0,3.0,8.0,1.0,18.0,1.0,1.0,7.0,147.0
0.0,0.0,1.0,0.0,0.0,0.0,1.0,0.0,0.0,0.0,1.0,0.0,0.0,0.0,1.0,0.0,0.0,0.0,0.0,0.0,1.0,0.0,1.0,13.0,2.0,3.0,3.0,4.0,1.0,13.0,1.0,7.0,7.0,133.0
1.0,0.0,0.0,1.0,0.0,0.0,1.0,0.0,0.0,0.0,1.0,0.0,0.0,0.0,0.0,1.0,0.0,0.0,0.0,0.0,0.0,9.0,1.0,6.0,2.0,3.0,5.0,3.0,0.0,11.0,0.0,1.0,2.0,121.0
0.0,0.0,0.0,1.0,0.0,0.0,1.0,0.0,0.0,0.0,1.0,0.0,0.0,1.0,0.0,0.0,0.0,0.0,0.0,0.0,0.0,9.0,1.0,6.0,2.0,3.0,4.0,2.0,0.0,18.0,1.0,2.0,1.0,121.0
1.0,1.0,0.0,0.0,0.0,1.0,0.0,0.0,0.0,1.0,0.0,0.0,0.0,0.0,0.0,0.0,1.0,0.0,0.0,0.0,0.0,5.0,3.0,14.0,2.0,1.0,2.0,2.0,0.0,15.0,0.0,1.0,8.0,162.0
0.0,0.0,0.0,1.0,1.0,0.0,0.0,0.0,0.0,0.0,0.0,0.0,1.0,0.0,0.0,0.0,1.0,0.0,0.0,0.0,0.0,18.0,1.0,31.0,2.0,3.0,4.0,4.0,0.0,22.0,1.0,1.0,0.0,281.0
0.0,0.0,1.0,0.0,0.0,1.0,0.0,0.0,1.0,0.0,0.0,0.0,0.0,0.0,0.0,0.0,1.0,0.0,0.0,0.0,0.0,12.0,1.0,19.0,3.0,4.0,4.0,7.0,1.0,13.0,1.0,15.0,2.0,271.0
1.0,0.0,1.0,0.0,0.0,0.0,1.0,0.0,0.0,0.0,1.0,0.0,0.0,0.0,0.0,0.0,0.0,1.0,0.0,0.0,0.0,30.0,1.0,14.0,2.0,3.0,3.0,2.0,0.0,12.0,2.0,2.0,2.0,124.0
1.0,1.0,0.0,0.0,0.0,0.0,1.0,0.0,0.0,1.0,0.0,0.0,0.0,0.0,0.0,0.0,0.0,1.0,0.0,0.0,1.0,0.0,1.0,13.0,3.0,3.0,3.0,2.0,0.0,18.0,1.0,1.0,1.0,149.0
1.0,0.0,0.0,1.0,0.0,0.0,1.0,0.0,0.0,0.0,0.0,1.0,0.0,0.0,0.0,0.0,1.0,0.0,0.0,0.0,1.0,2.0,1.0,29.0,3.0,3.0,5.0,1.0,0.0,13.0,0.0,1.0,3.0,139.0
0.0,1.0,0.0,0.0,0.0,0.0,1.0,0.0,0.0,1.0,0.0,0.0,0.0,0.0,1.0,0.0,0.0,0.0,0.0,0.0,0.0,3.0,1.0,12.0,2.0,4.0,2.0,1.0,0.0,12.0,5.0,6.0,7.0,146.0
0.0,1.0,0.0,0.0,0.0,1.0,0.0,1.0,0.0,0.0,0.0,0.0,0.0,0.0,1.0,0.0,0.0,0.0,0.0,0.0,0.0,9.0,1.0,16.0,3.0,3.0,3.0,4.0,0.0,12.0,0.0,1.0,7.0,171.0
0.0,0.0,0.0,1.0,0.0,0.0,1.0,0.0,0.0,0.0,1.0,0.0,0.0,0.0,0.0,0.0,0.0,1.0,0.0,0.0,0.0,19.0,2.0,6.0,2.0,3.0,5.0,7.0,0.0,12.0,3.0,5.0,7.0,134.0
0.0,1.0,0.0,0.0,1.0,0.0,0.0,0.0,0.0,1.0,0.0,0.0,0.0,0.0,0.0,0.0,0.0,1.0,0.0,0.0,0.0,1.0,1.0,6.0,2.0,5.0,2.0,1.0,0.0,11.0,7.0,7.0,5.0,167.0
0.0,1.0,0.0,0.0,0.0,1.0,0.0,0.0,1.0,0.0,0.0,0.0,0.0,0.0,0.0,0.0,0.0,1.0,0.0,0.0,0.0,23.0,1.0,34.0,2.0,3.0,5.0,5.0,1.0,11.0,1.0,1.0,2.0,269.0
1.0,0.0,0.0,1.0,0.0,1.0,0.0,1.0,0.0,0.0,0.0,0.0,0.0,0.0,0.0,0.0,0.0,0.0,1.0,0.0,1.0,3.0,3.0,31.0,2.0,4.0,4.0,3.0,1.0,12.0,0.0,1.0,0.0,191.0
1.0,0.0,0.0,1.0,0.0,1.0,0.0,1.0,0.0,0.0,0.0,0.0,0.0,0.0,0.0,0.0,0.0,1.0,0.0,0.0,1.0,15.0,3.0,11.0,3.0,3.0,4.0,10.0,1.0,19.0,5.0,7.0,7.0,184.0
0.0,1.0,0.0,0.0,0.0,1.0,0.0,1.0,0.0,0.0,0.0,0.0,0.0,0.0,0.0,0.0,1.0,0.0,0.0,0.0,0.0,3.0,1.0,23.0,3.0,3.0,5.0,2.0,1.0,23.0,0.0,1.0,4.543490512868683,219.0
1.0,0.0,0.0,1.0,0.0,0.0,1.0,0.0,0.0,1.0,0.0,0.0,0.0,0.0,0.0,0.0,0.0,1.0,0.0,0.0,0.0,12.0,1.0,24.0,2.0,3.0,3.0,1.0,0.0,11.0,0.0,1.0,7.0,145.0
0.0,0.0,1.0,0.0,1.0,0.0,0.0,1.0,0.0,0.0,0.0,0.0,0.0,0.0,0.0,0.0,0.0,1.0,0.0,0.0,0.0,4.0,3.0,8.0,2.0,3.0,3.0,2.0,1.0,19.0,3.0,9.0,6.0,199.0
1.0,0.0,0.0,1.0,1.0,0.0,0.0,0.0,0.0,1.0,0.0,0.0,0.0,0.0,0.0,0.0,1.0,0.0,0.0,0.0,0.0,14.0,3.0,16.0,2.0,5.0,4.0,2.0,0.0,13.0,3.0,11.0,9.0,162.0
0.0,0.0,0.0,1.0,1.0,0.0,0.0,0.0,0.0,0.0,1.0,0.0,0.0,0.0,0.0,0.0,0.0,1.0,0.0,0.0,1.0,9.0,3.0,6.0,2.0,3.0,4.0,2.0,1.0,11.0,1.0,2.0,2.0,123.0
1.0,1.0,0.0,0.0,0.0,0.0,1.0,0.0,0.0,0.0,1.0,0.0,0.0,0.0,0.0,0.0,0.0,1.0,0.0,0.0,1.0,7.0,1.0,14.0,2.0,3.0,5.0,5.0,0.0,12.0,1.0,1.0,2.0,124.0
1.0,1.0,0.0,0.0,1.0,0.0,0.0,0.0,1.0,0.0,0.0,0.0,0.0,0.0,0.0,0.0,0.0,1.0,0.0,0.0,0.0,15.0,1.0,8.0,2.0,3.0,3.0,1.0,1.0,13.0,1.0,2.0,10.0,279.0
0.0,1.0,0.0,0.0,0.0,1.0,0.0,0.0,0.0,0.0,0.0,0.0,1.0,0.0,0.0,0.0,1.0,0.0,0.0,0.0,0.0,28.0,1.0,8.0,2.0,5.0,3.0,5.0,0.0,14.0,1.0,9.0,11.0,292.0
1.0,0.0,0.0,1.0,0.0,1.0,0.0,0.0,0.0,0.0,0.0,0.0,1.0,0.0,0.0,0.0,0.0,1.0,0.0,0.0,0.0,29.0,2.0,14.0,2.0,3.0,4.0,7.0,0.0,15.0,1.0,7.0,7.0,297.0
1.0,0.0,1.0,0.0,1.0,0.0,0.0,0.0,0.0,0.0,1.0,0.0,0.0,0.0,0.0,0.0,0.0,1.0,0.0,0.0,0.0,13.0,1.0,22.0,3.0,3.0,3.0,10.0,0.0,16.0,1.0,1.0,0.0,135.0
1.0,0.0,1.0,0.0,0.0,1.0,0.0,1.0,0.0,0.0,0.0,0.0,0.0,0.0,0.0,0.0,0.0,1.0,0.0,0.0,0.0,7.0,1.0,15.0,2.0,3.0,2.0,1.0,0.0,11.0,1.0,1.0,6.0,185.0
1.0,0.0,0.0,1.0,0.0,0.0,1.0,0.0,0.0,1.0,0.0,0.0,0.0,0.0,0.0,0.0,0.0,1.0,0.0,0.0,0.0,13.0,1.0,8.0,3.0,3.0,2.0,2.0,0.0,13.0,3.0,8.0,8.0,147.0
0.0,0.0,1.0,0.0,1.0,0.0,0.0,0.0,0.0,1.0,0.0,0.0,0.0,0.0,0.0,0.0,0.0,0.0,1.0,0.0,0.0,14.0,3.0,6.0,3.0,3.0,5.0,1.0,0.0,17.0,0.0,1.0,7.0,141.0
1.0,0.0,0.0,1.0,1.0,0.0,0.0,0.0,0.0,1.0,0.0,0.0,0.0,0.0,0.0,0.0,0.0,1.0,0.0,0.0,0.0,8.0,1.0,10.0,2.0,3.0,3.0,2.0,1.0,11.0,1.0,1.0,1.0,142.0
1.0,0.0,1.0,0.0,0.0,1.0,0.0,0.0,1.0,0.0,0.0,0.0,0.0,0.0,0.0,0.0,0.0,1.0,0.0,0.0,0.0,24.0,2.0,11.0,2.0,3.0,4.0,2.0,1.0,11.0,1.0,2.0,10.0,240.0
0.0,0.0,1.0,0.0,0.0,1.0,0.0,0.0,0.0,1.0,0.0,0.0,0.0,0.0,0.0,0.0,0.0,1.0,0.0,0.0,0.0,11.0,3.0,8.0,2.0,3.0,5.0,4.0,0.0,15.0,0.0,1.0,7.0,169.0
0.0,0.0,0.0,1.0,0.0,1.0,0.0,0.0,0.0,1.0,0.0,0.0,0.0,0.0,0.0,0.0,1.0,0.0,0.0,0.0,0.0,7.0,3.0,21.0,3.0,3.0,5.0,2.0,0.0,12.0,1.0,9.0,6.0,161.0
1.0,1.0,0.0,0.0,0.0,0.0,1.0,0.0,0.0,0.0,0.0,1.0,0.0,0.0,0.0,0.0,1.0,0.0,0.0,0.0,0.0,0.0,1.0,25.0,3.0,3.0,2.0,4.0,0.0,11.0,1.0,1.0,2.0,137.0
0.0,1.0,0.0,0.0,0.0,1.0,0.0,1.0,0.0,0.0,0.0,0.0,0.0,0.0,0.0,0.0,1.0,0.0,0.0,0.0,1.0,20.0,1.0,13.0,2.0,4.0,5.0,8.0,1.0,14.0,4.0,5.0,9.0,200.0
1.0,1.0,0.0,0.0,0.0,0.0,1.0,0.0,0.0,0.0,1.0,0.0,0.0,0.0,0.0,0.0,0.0,1.0,0.0,0.0,0.0,13.0,1.0,14.0,2.0,3.0,4.0,4.0,0.0,22.0,1.0,1.0,3.0,124.0
0.0,1.0,0.0,0.0,1.0,0.0,0.0,0.0,0.0,1.0,0.0,0.0,0.0,0.0,0.0,0.0,0.0,0.0,1.0,0.0,0.0,9.0,3.0,13.0,2.0,1.0,5.0,3.0,0.0,16.0,5.0,6.0,13.0,146.0
1.0,0.0,0.0,1.0,0.0,1.0,0.0,1.0,0.0,0.0,0.0,0.0,0.0,0.0,0.0,0.0,0.0,1.0,0.0,0.0,0.0,21.0,1.0,10.0,2.0,3.0,2.0,2.0,0.0,11.0,1.0,1.0,8.0,179.0
0.0,1.0,0.0,0.0,0.0,0.0,1.0,0.0,0.0,0.0,1.0,0.0,0.0,1.0,0.0,0.0,0.0,0.0,0.0,0.0,0.0,0.0,3.0,14.0,3.0,1.0,2.0,9.0,0.0,14.0,1.0,1.0,0.0,125.0
0.0,0.0,0.0,1.0,0.0,1.0,0.0,0.0,1.0,0.0,0.0,0.0,0.0,0.0,0.0,1.0,0.0,0.0,0.0,0.0,0.0,24.0,1.0,17.0,2.0,4.0,4.0,4.0,0.0,16.0,0.0,1.0,4.543490512868683,231.0
0.0,0.0,0.0,1.0,1.0,0.0,0.0,0.0,0.0,0.0,0.0,1.0,0.0,0.0,0.0,0.0,0.0,1.0,0.0,0.0,0.0,9.0,1.0,6.0,3.0,3.0,2.0,2.0,0.0,15.0,1.0,1.0,0.0,116.0
0.0,1.0,0.0,0.0,0.0,1.0,0.0,0.0,0.0,1.0,0.0,0.0,0.0,0.0,0.0,0.0,1.0,0.0,0.0,0.0,0.0,8.0,1.0,6.0,2.0,4.0,2.0,1.0,0.0,12.0,1.0,1.0,0.0,154.0
1.0,0.0,0.0,1.0,1.0,0.0,0.0,0.0,0.0,1.0,0.0,0.0,0.0,0.0,0.0,0.0,0.0,1.0,0.0,0.0,0.0,0.0,3.0,8.0,2.0,5.0,2.0,4.0,0.0,20.0,1.0,1.0,0.0,151.0
1.0,0.0,0.0,1.0,0.0,1.0,0.0,0.0,1.0,0.0,0.0,0.0,0.0,0.0,0.0,0.0,0.0,0.0,1.0,0.0,1.0,18.0,3.0,19.0,2.0,1.0,3.0,7.0,1.0,17.0,2.0,2.0,8.0,237.0
1.0,1.0,0.0,0.0,0.0,1.0,0.0,0.0,1.0,0.0,0.0,0.0,0.0,0.0,0.0,0.0,0.0,1.0,0.0,0.0,0.0,29.0,1.0,29.0,3.0,3.0,4.0,5.0,1.0,12.0,11.0,2.0,9.0,234.0
0.0,0.0,1.0,0.0,1.0,0.0,0.0,0.0,0.0,0.0,1.0,0.0,0.0,0.0,0.0,1.0,0.0,0.0,0.0,0.0,0.0,9.0,1.0,32.0,3.0,4.0,3.0,2.0,0.0,20.0,1.0,1.0,0.0,120.0
0.0,0.0,1.0,0.0,0.0,1.0,0.0,0.0,0.0,1.0,0.0,0.0,0.0,0.0,0.0,0.0,1.0,0.0,0.0,0.0,0.0,13.0,1.0,8.0,2.0,1.0,3.0,6.0,0.0,20.0,5.0,11.0,8.0,164.0
1.0,1.0,0.0,0.0,0.0,1.0,0.0,0.0,0.0,1.0,0.0,0.0,0.0,0.0,0.0,0.0,1.0,0.0,0.0,0.0,0.0,7.0,1.0,35.0,2.0,3.0,3.0,5.0,0.0,13.0,0.0,7.0,7.0,154.0
0.0,0.0,0.0,1.0,1.0,0.0,0.0,0.0,0.0,0.0,1.0,0.0,0.0,0.0,0.0,0.0,0.0,1.0,0.0,0.0,1.0,0.0,3.0,8.0,3.0,4.0,2.0,8.0,0.0,14.0,0.0,1.0,0.0,128.0
0.0,1.0,0.0,0.0,1.0,0.0,0.0,0.0,0.0,1.0,0.0,0.0,0.0,0.0,0.0,0.0,0.0,0.0,1.0,0.0,1.0,0.0,3.0,24.0,3.0,3.0,3.0,1.0,1.0,18.0,3.0,3.0,2.0,146.0
1.0,0.0,1.0,0.0,1.0,0.0,0.0,0.0,0.0,0.0,1.0,0.0,0.0,0.0,0.0,0.0,0.0,1.0,0.0,0.0,0.0,11.0,1.0,14.0,2.0,1.0,3.0,2.0,0.0,11.0,0.0,1.0,3.0,126.0
0.0,0.0,0.0,1.0,0.0,1.0,0.0,0.0,0.0,1.0,0.0,0.0,0.0,0.0,1.0,0.0,0.0,0.0,0.0,0.0,0.0,7.0,1.0,8.0,3.0,3.0,2.0,2.0,0.0,11.0,1.0,4.0,11.0,167.0
1.0,1.0,0.0,0.0,0.0,0.0,1.0,0.0,0.0,1.0,0.0,0.0,0.0,0.0,0.0,0.0,0.0,1.0,0.0,0.0,0.0,1.0,3.0,32.0,2.0,4.0,5.0,2.0,0.0,11.0,1.0,1.0,4.0,147.0
1.0,1.0,0.0,0.0,0.0,1.0,0.0,0.0,0.0,1.0,0.0,0.0,0.0,0.0,0.0,0.0,1.0,0.0,0.0,0.0,1.0,0.0,1.0,28.0,3.0,3.0,3.0,2.0,1.0,15.0,3.0,6.0,7.0,162.0
1.0,1.0,0.0,0.0,0.0,1.0,0.0,0.0,0.0,1.0,0.0,0.0,0.0,0.0,0.0,0.0,0.0,1.0,0.0,0.0,0.0,12.0,3.0,27.0,2.0,4.0,2.0,4.0,1.0,12.0,0.0,1.0,4.0,161.0
1.0,1.0,0.0,0.0,1.0,0.0,0.0,1.0,0.0,0.0,0.0,0.0,0.0,0.0,0.0,0.0,0.0,0.0,1.0,0.0,0.0,24.0,3.0,8.0,2.0,3.0,4.0,3.0,0.0,11.0,0.0,3.0,2.0,206.0
0.0,0.0,1.0,0.0,1.0,0.0,0.0,0.0,0.0,1.0,0.0,0.0,0.0,0.0,0.0,0.0,0.0,1.0,0.0,0.0,0.0,14.0,1.0,28.0,3.0,3.0,2.0,4.0,1.0,14.0,0.0,3.0,3.0,155.0
1.0,1.0,0.0,0.0,0.0,0.0,1.0,0.0,0.0,0.0,1.0,0.0,0.0,0.0,0.0,0.0,0.0,1.0,0.0,0.0,0.0,10.0,1.0,10.0,3.0,3.0,3.0,8.0,1.0,15.0,1.0,1.0,3.0,130.0
1.0,1.0,0.0,0.0,1.0,0.0,0.0,0.0,0.0,1.0,0.0,0.0,0.0,0.0,0.0,0.0,0.0,1.0,0.0,0.0,0.0,6.0,3.0,11.0,3.0,3.0,2.0,7.0,0.0,13.0,1.0,1.0,2.0,200.0
1.0,1.0,0.0,0.0,0.0,0.0,1.0,0.0,0.0,1.0,0.0,0.0,0.0,0.0,0.0,0.0,0.0,0.0,1.0,0.0,0.0,5.0,3.0,8.0,2.0,3.0,4.0,1.0,1.0,13.0,0.0,1.0,2.0,141.0
1.0,1.0,0.0,0.0,1.0,0.0,0.0,1.0,0.0,0.0,0.0,0.0,0.0,0.0,0.0,0.0,0.0,1.0,0.0,0.0,0.0,12.0,1.0,31.0,3.0,3.0,3.0,4.0,0.0,21.0,0.0,1.0,5.0,209.0
1.0,1.0,0.0,0.0,0.0,1.0,0.0,0.0,0.0,1.0,0.0,0.0,0.0,0.0,0.0,0.0,0.0,1.0,0.0,0.0,0.0,0.0,3.0,24.0,3.0,1.0,3.0,3.0,0.0,11.0,0.0,1.0,2.0,162.0
0.0,1.0,0.0,0.0,1.0,0.0,0.0,0.0,1.0,0.0,0.0,0.0,0.0,0.0,0.0,0.0,1.0,0.0,0.0,0.0,0.0,25.0,1.0,34.0,2.0,1.0,3.0,3.0,1.0,11.0,0.0,2.0,2.0,232.0
0.0,0.0,0.0,1.0,0.0,0.0,1.0,0.0,0.0,1.0,0.0,0.0,0.0,0.0,0.0,0.0,1.0,0.0,0.0,0.0,0.0,16.0,1.0,12.0,3.0,4.0,3.0,2.0,1.0,14.0,1.0,1.0,8.0,141.0
0.0,1.0,0.0,0.0,0.0,1.0,0.0,0.0,0.0,1.0,0.0,0.0,0.0,0.0,0.0,0.0,0.0,0.0,1.0,0.0,0.0,0.0,3.0,16.0,3.0,4.0,2.0,2.0,1.0,11.0,2.0,4.0,4.0,158.0
0.0,0.0,0.0,1.0,0.0,0.0,1.0,0.0,0.0,0.0,1.0,0.0,0.0,0.0,0.0,0.0,0.0,1.0,0.0,0.0,1.0,0.0,1.0,14.0,2.0,3.0,3.0,2.0,1.0,13.0,3.0,7.0,7.0,124.0
1.0,0.0,0.0,1.0,0.0,0.0,1.0,0.0,0.0,0.0,0.0,1.0,0.0,0.0,0.0,0.0,1.0,0.0,0.0,0.0,0.0,0.0,1.0,8.0,2.0,4.0,2.0,1.0,0.0,12.0,0.0,1.0,1.0,139.0
0.0,1.0,0.0,0.0,0.0,1.0,0.0,0.0,1.0,0.0,0.0,0.0,0.0,0.0,0.0,0.0,0.0,0.0,0.0,1.0,0.0,15.0,2.0,16.0,2.0,3.0,5.0,1.0,0.0,14.0,1.0,1.0,9.0,268.0
0.0,1.0,0.0,0.0,0.0,0.0,1.0,0.0,0.0,0.0,1.0,0.0,0.0,0.0,0.0,0.0,0.0,0.0,0.0,1.0,0.0,25.0,1.0,14.0,3.0,3.0,5.0,10.0,0.0,13.0,1.0,1.0,4.0,130.0
0.0,0.0,0.0,1.0,0.0,0.0,1.0,0.0,0.0,0.0,0.0,1.0,0.0,0.0,0.0,0.0,1.0,0.0,0.0,0.0,0.0,10.0,1.0,17.0,3.0,3.0,3.0,5.0,0.0,18.0,0.0,1.0,2.0,136.0
1.0,0.0,0.0,1.0,1.0,0.0,0.0,1.0,0.0,0.0,0.0,0.0,0.0,0.0,0.0,0.0,0.0,1.0,0.0,0.0,0.0,8.0,1.0,24.0,2.0,3.0,2.0,3.0,0.0,11.0,0.0,2.0,2.0,194.0
1.0,1.0,0.0,0.0,0.0,0.0,1.0,0.0,0.0,0.0,1.0,0.0,0.0,0.0,1.0,0.0,0.0,0.0,0.0,0.0,0.0,0.0,1.0,6.0,2.0,3.0,2.0,5.0,0.0,11.0,1.0,1.0,2.0,132.0
1.0,0.0,0.0,1.0,0.0,0.0,1.0,0.0,0.0,0.0,0.0,1.0,0.0,0.0,0.0,0.0,0.0,0.0,0.0,1.0,0.0,0.0,1.0,13.0,3.0,1.0,5.0,1.0,0.0,12.0,1.0,1.0,7.0,136.0
1.0,0.0,0.0,1.0,0.0,1.0,0.0,1.0,0.0,0.0,0.0,0.0,0.0,0.0,0.0,0.0,0.0,0.0,0.0,1.0,0.0,2.0,2.0,23.0,2.0,4.0,5.0,2.0,0.0,13.0,0.0,1.0,9.0,180.0
1.0,0.0,0.0,1.0,1.0,0.0,0.0,0.0,0.0,1.0,0.0,0.0,0.0,0.0,0.0,0.0,0.0,1.0,0.0,0.0,1.0,0.0,1.0,34.0,3.0,4.0,5.0,4.0,0.0,20.0,0.0,1.0,3.0,143.0
0.0,0.0,0.0,1.0,1.0,0.0,0.0,1.0,0.0,0.0,0.0,0.0,0.0,0.0,0.0,0.0,0.0,0.0,0.0,1.0,1.0,0.0,1.0,20.0,2.0,3.0,2.0,1.0,1.0,12.0,2.0,7.0,7.0,176.0
0.0,0.0,0.0,1.0,0.0,1.0,0.0,0.0,1.0,0.0,0.0,0.0,0.0,0.0,0.0,0.0,1.0,0.0,0.0,0.0,0.0,27.0,1.0,6.0,2.0,3.0,2.0,7.0,0.0,19.0,1.0,12.0,7.0,273.0
0.0,1.0,0.0,0.0,0.0,1.0,0.0,0.0,0.0,0.0,0.0,0.0,1.0,0.0,0.0,0.0,1.0,0.0,0.0,0.0,0.0,30.0,1.0,6.0,3.0,3.0,5.0,4.0,1.0,15.0,1.0,1.0,5.0,297.0
1.0,0.0,1.0,0.0,0.0,1.0,0.0,0.0,1.0,0.0,0.0,0.0,0.0,0.0,0.0,0.0,1.0,0.0,0.0,0.0,0.0,28.0,1.0,6.0,2.0,1.0,2.0,3.0,0.0,13.0,1.0,2.0,0.0,247.0
0.0,0.0,0.0,1.0,0.0,1.0,0.0,0.0,0.0,1.0,0.0,0.0,0.0,0.0,0.0,0.0,0.0,0.0,1.0,0.0,0.0,9.0,3.0,9.0,2.0,3.0,4.0,4.0,1.0,16.0,0.0,1.0,1.0,193.0
0.0,0.0,0.0,1.0,1.0,0.0,0.0,0.0,0.0,0.0,0.0,1.0,0.0,0.0,0.0,0.0,0.0,1.0,0.0,0.0,1.0,9.0,3.0,6.0,2.0,5.0,3.0,2.0,0.0,12.0,1.0,1.0,0.0,114.0
0.0,0.0,1.0,0.0,0.0,0.0,1.0,0.0,0.0,1.0,0.0,0.0,0.0,0.0,0.0,0.0,0.0,0.0,1.0,0.0,0.0,3.0,3.0,13.0,3.0,3.0,5.0,8.0,0.0,14.0,1.0,1.0,2.0,148.0
0.0,0.0,0.0,1.0,0.0,1.0,0.0,0.0,1.0,0.0,0.0,0.0,0.0,0.0,0.0,0.0,0.0,1.0,0.0,0.0,0.0,4.0,1.0,14.0,3.0,3.0,4.0,4.0,0.0,11.0,1.0,1.0,0.0,264.0
1.0,0.0,1.0,0.0,1.0,0.0,0.0,0.0,0.0,0.0,1.0,0.0,0.0,0.0,0.0,0.0,0.0,0.0,0.0,1.0,0.0,7.0,1.0,6.0,3.0,3.0,5.0,6.0,0.0,14.0,1.0,1.0,3.0,130.0
0.0,0.0,0.0,1.0,0.0,1.0,0.0,0.0,0.0,0.0,0.0,1.0,0.0,0.0,0.0,0.0,0.0,1.0,0.0,0.0,1.0,9.0,1.0,14.0,2.0,4.0,4.0,2.0,0.0,12.0,0.0,1.0,0.0,113.0
1.0,1.0,0.0,0.0,0.0,0.0,1.0,0.0,0.0,0.0,1.0,0.0,0.0,0.0,0.0,0.0,0.0,1.0,0.0,0.0,0.0,9.0,1.0,17.0,3.0,3.0,5.0,1.0,0.0,14.0,1.0,1.0,4.0,121.0
1.0,0.0,0.0,1.0,0.0,1.0,0.0,0.0,0.0,1.0,0.0,0.0,0.0,0.0,0.0,0.0,0.0,1.0,0.0,0.0,0.0,9.0,1.0,10.0,2.0,4.0,2.0,2.0,0.0,16.0,1.0,1.0,8.0,158.0
0.0,1.0,0.0,0.0,0.0,1.0,0.0,0.0,0.0,1.0,0.0,0.0,0.0,0.0,0.0,0.0,0.0,0.0,1.0,0.0,0.0,9.0,3.0,22.0,3.0,4.0,5.0,5.0,0.0,13.0,1.0,1.0,2.0,156.0
1.0,1.0,0.0,0.0,0.0,0.0,1.0,0.0,0.0,0.0,1.0,0.0,0.0,0.0,1.0,0.0,0.0,0.0,0.0,0.0,0.0,20.0,1.0,6.0,3.0,3.0,2.0,8.0,0.0,12.0,1.0,1.0,2.0,134.0
1.0,1.0,0.0,0.0,0.0,0.0,1.0,0.0,0.0,0.0,0.0,1.0,0.0,0.0,0.0,0.0,0.0,1.0,0.0,0.0,1.0,0.0,3.0,15.0,3.0,4.0,5.0,4.0,0.0,12.0,1.0,2.0,2.0,144.0
1.0,0.0,0.0,1.0,1.0,0.0,0.0,0.0,0.0,0.0,1.0,0.0,0.0,0.0,1.0,0.0,0.0,0.0,0.0,0.0,0.0,10.0,1.0,11.0,2.0,1.0,3.0,1.0,0.0,14.0,1.0,1.0,3.0,135.0
0.0,1.0,0.0,0.0,0.0,0.0,1.0,0.0,0.0,0.0,1.0,0.0,0.0,0.0,0.0,0.0,0.0,1.0,0.0,0.0,0.0,9.0,1.0,6.0,2.0,3.0,5.0,3.0,0.0,22.0,1.0,1.0,0.0,121.0
0.0,1.0,0.0,0.0,0.0,1.0,0.0,0.0,1.0,0.0,0.0,0.0,0.0,0.0,0.0,0.0,1.0,0.0,0.0,0.0,0.0,20.0,1.0,8.0,2.0,3.0,3.0,4.0,0.0,19.0,1.0,5.0,6.0,272.0
0.0,1.0,0.0,0.0,0.0,0.0,1.0,0.0,0.0,1.0,0.0,0.0,0.0,0.0,0.0,0.0,1.0,0.0,0.0,0.0,0.0,0.0,3.0,10.0,2.0,3.0,3.0,2.0,1.0,12.0,1.0,1.0,3.0,142.0
1.0,1.0,0.0,0.0,0.0,1.0,0.0,0.0,0.0,1.0,0.0,0.0,0.0,0.0,0.0,0.0,0.0,0.0,1.0,0.0,0.0,5.0,3.0,13.0,3.0,3.0,2.0,5.0,0.0,12.0,1.0,1.0,3.0,192.0
0.0,1.0,0.0,0.0,0.0,0.0,1.0,0.0,0.0,0.0,1.0,0.0,0.0,0.0,0.0,0.0,0.0,1.0,0.0,0.0,0.0,7.0,1.0,6.0,2.0,4.0,4.0,6.0,0.0,17.0,1.0,1.0,2.0,133.0
1.0,1.0,0.0,0.0,0.0,0.0,1.0,0.0,0.0,0.0,1.0,0.0,0.0,1.0,0.0,0.0,0.0,0.0,0.0,0.0,0.0,9.0,1.0,11.0,2.0,1.0,3.0,3.0,1.0,12.0,1.0,1.0,3.0,121.0
1.0,0.0,1.0,0.0,1.0,0.0,0.0,0.0,0.0,1.0,0.0,0.0,0.0,0.0,0.0,0.0,0.0,0.0,0.0,1.0,0.0,13.0,1.0,15.0,2.0,3.0,3.0,4.0,0.0,11.0,1.0,1.0,7.0,140.0
1.0,0.0,1.0,0.0,0.0,1.0,0.0,1.0,0.0,0.0,0.0,0.0,0.0,0.0,0.0,0.0,0.0,1.0,0.0,0.0,0.0,4.0,3.0,14.0,2.0,3.0,2.0,2.0,0.0,18.0,2.0,9.0,9.0,208.0
1.0,0.0,1.0,0.0,0.0,1.0,0.0,1.0,0.0,0.0,0.0,0.0,0.0,0.0,0.0,0.0,0.0,0.0,1.0,0.0,1.0,9.0,3.0,15.0,2.0,3.0,1.0,5.0,0.0,11.0,0.0,4.0,3.0,201.0
0.0,0.0,0.0,1.0,1.0,0.0,0.0,0.0,0.0,0.0,0.0,1.0,0.0,0.0,0.0,0.0,0.0,1.0,0.0,0.0,1.0,2.0,1.0,8.0,2.0,4.0,5.0,3.0,1.0,23.0,0.0,1.0,0.0,136.0
0.0,0.0,0.0,1.0,1.0,0.0,0.0,1.0,0.0,0.0,0.0,0.0,0.0,0.0,0.0,0.0,0.0,1.0,0.0,0.0,1.0,0.0,1.0,6.0,3.0,1.0,4.0,2.0,0.0,11.0,3.0,4.0,7.0,174.0
1.0,0.0,1.0,0.0,0.0,1.0,0.0,1.0,0.0,0.0,0.0,0.0,0.0,0.0,0.0,0.0,1.0,0.0,0.0,0.0,0.0,18.0,1.0,26.0,3.0,5.0,5.0,3.0,1.0,18.0,0.0,1.0,7.0,209.0
0.0,0.0,0.0,1.0,0.0,0.0,1.0,0.0,0.0,0.0,1.0,0.0,0.0,1.0,0.0,0.0,0.0,0.0,0.0,0.0,0.0,9.0,2.0,14.0,3.0,1.0,4.0,10.0,0.0,18.0,0.0,1.0,2.0,121.0
1.0,1.0,0.0,0.0,1.0,0.0,0.0,0.0,0.0,0.0,0.0,1.0,0.0,0.0,0.0,0.0,0.0,1.0,0.0,0.0,1.0,0.0,1.0,8.0,3.0,3.0,1.0,7.0,1.0,13.0,2.0,2.0,2.0,137.0
1.0,1.0,0.0,0.0,0.0,1.0,0.0,1.0,0.0,0.0,0.0,0.0,0.0,0.0,0.0,1.0,0.0,0.0,0.0,0.0,0.0,18.0,1.0,35.0,2.0,3.0,1.0,5.0,1.0,18.0,1.0,1.0,2.0,194.0
1.0,0.0,1.0,0.0,0.0,1.0,0.0,0.0,0.0,1.0,0.0,0.0,0.0,0.0,0.0,0.0,0.0,0.0,1.0,0.0,0.0,21.0,3.0,13.0,3.0,3.0,5.0,5.0,0.0,11.0,1.0,2.0,2.0,155.0
0.0,1.0,0.0,0.0,0.0,0.0,1.0,0.0,0.0,0.0,1.0,0.0,0.0,0.0,1.0,0.0,0.0,0.0,0.0,0.0,1.0,0.0,2.0,15.0,3.0,3.0,3.0,2.0,0.0,15.0,1.0,2.0,2.0,127.0
1.0,0.0,1.0,0.0,1.0,0.0,0.0,1.0,0.0,0.0,0.0,0.0,0.0,0.0,0.0,0.0,1.0,0.0,0.0,0.0,0.0,13.0,1.0,14.0,2.0,4.0,4.0,3.0,0.0,11.0,1.0,2.0,8.0,238.0
1.0,0.0,0.0,1.0,0.0,1.0,0.0,0.0,0.0,1.0,0.0,0.0,0.0,0.0,0.0,0.0,1.0,0.0,0.0,0.0,0.0,1.0,3.0,11.0,2.0,3.0,5.0,1.0,0.0,18.0,1.0,1.0,3.0,185.0
1.0,0.0,0.0,1.0,1.0,0.0,0.0,0.0,0.0,0.0,1.0,0.0,0.0,0.0,0.0,0.0,0.0,1.0,0.0,0.0,0.0,17.0,1.0,11.0,3.0,4.0,3.0,4.0,0.0,14.0,0.0,1.0,3.0,132.0
1.0,0.0,0.0,1.0,0.0,1.0,0.0,0.0,1.0,0.0,0.0,0.0,0.0,0.0,0.0,0.0,1.0,0.0,0.0,0.0,0.0,26.0,1.0,8.0,2.0,1.0,4.0,5.0,0.0,12.0,1.0,8.0,8.0,266.0
1.0,1.0,0.0,0.0,0.0,1.0,0.0,0.0,0.0,1.0,0.0,0.0,0.0,0.0,1.0,0.0,0.0,0.0,0.0,0.0,0.0,22.0,1.0,11.0,3.0,3.0,3.0,3.0,0.0,14.0,0.0,1.0,2.0,167.0
1.0,0.0,1.0,0.0,0.0,0.0,1.0,0.0,0.0,0.0,1.0,0.0,0.0,1.0,0.0,0.0,0.0,0.0,0.0,0.0,0.0,13.0,1.0,14.0,3.0,3.0,3.0,3.0,0.0,14.0,0.0,1.0,2.0,123.0
1.0,0.0,0.0,1.0,0.0,0.0,1.0,0.0,0.0,0.0,1.0,0.0,0.0,0.0,0.0,0.0,0.0,1.0,0.0,0.0,0.0,17.0,1.0,26.0,2.0,3.0,4.0,2.0,0.0,13.0,1.0,1.0,3.0,134.0
1.0,1.0,0.0,0.0,1.0,0.0,0.0,0.0,0.0,1.0,0.0,0.0,0.0,0.0,0.0,0.0,1.0,0.0,0.0,0.0,0.0,6.0,3.0,13.0,2.0,3.0,5.0,1.0,0.0,14.0,0.0,1.0,3.0,144.0
1.0,0.0,0.0,1.0,0.0,0.0,1.0,0.0,0.0,1.0,0.0,0.0,0.0,0.0,0.0,0.0,0.0,0.0,0.0,1.0,0.0,7.0,3.0,9.0,2.0,5.0,5.0,4.0,0.0,18.0,2.0,3.0,12.0,148.0
1.0,1.0,0.0,0.0,0.0,1.0,0.0,0.0,0.0,1.0,0.0,0.0,0.0,0.0,0.0,0.0,0.0,1.0,0.0,0.0,0.0,3.0,3.0,22.0,3.0,3.0,3.0,9.0,0.0,15.0,0.0,2.0,2.0,153.0
0.0,0.0,0.0,1.0,1.0,0.0,0.0,0.0,0.0,0.0,0.0,1.0,0.0,0.0,0.0,0.0,1.0,0.0,0.0,0.0,0.0,15.0,1.0,15.0,3.0,3.0,1.0,2.0,0.0,13.0,4.0,5.0,8.0,137.0
0.0,1.0,0.0,0.0,1.0,0.0,0.0,0.0,0.0,1.0,0.0,0.0,0.0,0.0,0.0,0.0,0.0,0.0,1.0,0.0,0.0,17.0,3.0,6.0,3.0,3.0,3.0,8.0,0.0,12.0,1.0,1.0,0.0,148.0
1.0,0.0,1.0,0.0,1.0,0.0,0.0,0.0,0.0,0.0,0.0,1.0,0.0,0.0,0.0,1.0,0.0,0.0,0.0,0.0,0.0,9.0,1.0,13.0,3.0,3.0,3.0,2.0,0.0,13.0,0.0,1.0,0.0,113.0
1.0,1.0,0.0,0.0,0.0,0.0,1.0,0.0,0.0,1.0,0.0,0.0,0.0,0.0,0.0,0.0,0.0,1.0,0.0,0.0,0.0,50.0,1.0,6.0,3.0,1.0,3.0,1.0,0.0,24.0,1.0,2.0,8.0,149.0
1.0,0.0,1.0,0.0,0.0,1.0,0.0,1.0,0.0,0.0,0.0,0.0,0.0,0.0,0.0,0.0,0.0,1.0,0.0,0.0,0.0,22.0,1.0,13.0,2.0,3.0,4.0,4.0,0.0,14.0,0.0,1.0,7.0,205.0
1.0,0.0,1.0,0.0,1.0,0.0,0.0,0.0,1.0,0.0,0.0,0.0,0.0,0.0,0.0,0.0,1.0,0.0,0.0,0.0,0.0,7.0,1.0,21.0,3.0,3.0,5.0,8.0,0.0,14.0,1.0,6.0,9.0,270.0
1.0,1.0,0.0,0.0,1.0,0.0,0.0,0.0,0.0,0.0,1.0,0.0,0.0,0.0,1.0,0.0,0.0,0.0,0.0,0.0,1.0,0.0,3.0,6.0,3.0,3.0,3.0,4.0,0.0,15.0,1.0,1.0,2.0,129.0
0.0,0.0,0.0,1.0,1.0,0.0,0.0,0.0,0.0,1.0,0.0,0.0,0.0,0.0,1.0,0.0,0.0,0.0,0.0,0.0,1.0,0.0,3.0,19.0,2.0,3.0,4.0,6.0,0.0,11.0,0.0,1.0,0.0,158.0
0.0,0.0,0.0,1.0,0.0,0.0,1.0,0.0,0.0,1.0,0.0,0.0,0.0,0.0,0.0,0.0,1.0,0.0,0.0,0.0,1.0,0.0,3.0,30.0,2.0,4.0,4.0,1.0,1.0,23.0,2.0,10.0,10.0,146.0
1.0,1.0,0.0,0.0,0.0,0.0,1.0,0.0,0.0,0.0,1.0,0.0,0.0,0.0,0.0,0.0,0.0,1.0,0.0,0.0,0.0,8.0,3.0,14.0,3.0,3.0,3.0,2.0,0.0,13.0,1.0,1.0,0.0,124.0
1.0,0.0,0.0,1.0,1.0,0.0,0.0,0.0,0.0,0.0,1.0,0.0,0.0,1.0,0.0,0.0,0.0,0.0,0.0,0.0,1.0,0.0,1.0,15.0,2.0,3.0,5.0,3.0,1.0,11.0,0.0,1.0,0.0,132.0
0.0,1.0,0.0,0.0,1.0,0.0,0.0,0.0,0.0,0.0,1.0,0.0,0.0,0.0,0.0,0.0,0.0,1.0,0.0,0.0,0.0,9.0,3.0,19.0,3.0,3.0,4.0,2.0,0.0,13.0,0.0,1.0,0.0,120.0
1.0,0.0,0.0,1.0,1.0,0.0,0.0,1.0,0.0,0.0,0.0,0.0,0.0,0.0,0.0,0.0,1.0,0.0,0.0,0.0,0.0,17.0,1.0,8.0,2.0,3.0,3.0,6.0,1.0,18.0,0.0,2.0,2.0,202.0
1.0,0.0,1.0,0.0,0.0,1.0,0.0,0.0,0.0,1.0,0.0,0.0,0.0,0.0,0.0,0.0,0.0,1.0,0.0,0.0,0.0,2.0,3.0,25.0,3.0,4.0,3.0,2.0,0.0,14.0,1.0,1.0,4.0,186.0
1.0,0.0,1.0,0.0,0.0,0.0,1.0,0.0,0.0,0.0,1.0,0.0,0.0,0.0,0.0,0.0,0.0,1.0,0.0,0.0,0.0,9.0,2.0,6.0,2.0,3.0,3.0,1.0,0.0,21.0,0.0,1.0,3.0,121.0
1.0,1.0,0.0,0.0,0.0,0.0,1.0,0.0,0.0,1.0,0.0,0.0,0.0,0.0,0.0,0.0,0.0,1.0,0.0,0.0,0.0,28.0,1.0,10.0,1.0,3.0,3.0,1.0,1.0,16.0,0.0,1.0,2.0,140.0
0.0,1.0,0.0,0.0,0.0,0.0,1.0,0.0,0.0,0.0,0.0,1.0,0.0,0.0,0.0,0.0,1.0,0.0,0.0,0.0,0.0,6.0,1.0,10.0,2.0,4.0,4.0,9.0,0.0,11.0,0.0,1.0,2.0,138.0
0.0,1.0,0.0,0.0,0.0,0.0,1.0,0.0,0.0,1.0,0.0,0.0,0.0,0.0,0.0,0.0,1.0,0.0,0.0,0.0,0.0,20.0,3.0,20.0,3.0,3.0,3.0,4.0,1.0,17.0,1.0,1.0,2.0,146.0
1.0,0.0,0.0,1.0,1.0,0.0,0.0,0.0,0.0,0.0,1.0,0.0,0.0,1.0,0.0,0.0,0.0,0.0,0.0,0.0,1.0,0.0,1.0,14.0,2.0,4.0,5.0,8.0,0.0,11.0,0.0,1.0,0.0,126.0
1.0,0.0,1.0,0.0,0.0,1.0,0.0,0.0,0.0,0.0,0.0,1.0,0.0,0.0,0.0,0.0,0.0,1.0,0.0,0.0,0.0,9.0,1.0,6.0,3.0,4.0,3.0,2.0,0.0,14.0,0.0,1.0,0.0,116.0
1.0,0.0,0.0,1.0,1.0,0.0,0.0,0.0,0.0,1.0,0.0,0.0,0.0,0.0,0.0,0.0,0.0,1.0,0.0,0.0,0.0,1.0,3.0,13.0,2.0,3.0,5.0,1.0,0.0,14.0,1.0,1.0,3.0,149.0
0.0,1.0,0.0,0.0,0.0,0.0,1.0,0.0,0.0,1.0,0.0,0.0,0.0,0.0,0.0,0.0,1.0,0.0,0.0,0.0,0.0,22.0,1.0,9.0,2.0,4.0,5.0,5.0,0.0,25.0,1.0,1.0,2.0,148.0
0.0,1.0,0.0,0.0,1.0,0.0,0.0,0.0,0.0,0.0,1.0,0.0,0.0,0.0,0.0,0.0,0.0,1.0,0.0,0.0,0.0,2.0,1.0,8.0,3.0,3.0,4.0,1.0,0.0,13.0,0.0,1.0,2.0,132.0
1.0,1.0,0.0,0.0,0.0,1.0,0.0,0.0,0.0,1.0,0.0,0.0,0.0,0.0,0.0,0.0,0.0,1.0,0.0,0.0,0.0,1.0,1.0,35.0,3.0,5.0,4.0,2.0,0.0,14.0,1.0,1.0,7.0,165.0
1.0,0.0,0.0,1.0,0.0,1.0,0.0,0.0,0.0,1.0,0.0,0.0,0.0,0.0,0.0,0.0,0.0,1.0,0.0,0.0,0.0,6.0,1.0,14.0,3.0,3.0,3.0,3.0,1.0,17.0,0.0,1.0,0.0,164.0
1.0,0.0,0.0,1.0,0.0,1.0,0.0,1.0,0.0,0.0,0.0,0.0,0.0,0.0,0.0,0.0,1.0,0.0,0.0,0.0,0.0,5.0,1.0,16.0,0.0,3.0,1.0,3.0,0.0,25.0,0.0,1.0,4.543490512868683,212.0
0.0,0.0,1.0,0.0,1.0,0.0,0.0,0.0,1.0,0.0,0.0,0.0,0.0,0.0,0.0,0.0,1.0,0.0,0.0,0.0,0.0,27.0,1.0,17.0,2.0,3.0,1.0,4.0,0.0,20.0,1.0,2.0,12.0,260.0
1.0,0.0,0.0,1.0,0.0,0.0,1.0,0.0,0.0,0.0,1.0,0.0,0.0,0.0,1.0,0.0,0.0,0.0,0.0,0.0,1.0,0.0,1.0,14.0,3.0,4.0,5.0,7.0,0.0,13.0,0.0,1.0,7.0,124.0
1.0,1.0,0.0,0.0,0.0,1.0,0.0,0.0,1.0,0.0,0.0,0.0,0.0,0.0,0.0,0.0,0.0,1.0,0.0,0.0,0.0,17.0,1.0,34.0,2.0,3.0,5.0,4.0,0.0,13.0,1.0,14.0,17.0,263.0
0.0,0.0,0.0,1.0,0.0,1.0,0.0,1.0,0.0,0.0,0.0,0.0,0.0,0.0,0.0,0.0,0.0,1.0,0.0,0.0,0.0,12.0,1.0,12.0,2.0,3.0,4.0,5.0,0.0,18.0,0.0,2.0,2.0,184.0
0.0,1.0,0.0,0.0,0.0,1.0,0.0,0.0,1.0,0.0,0.0,0.0,0.0,0.0,0.0,0.0,0.0,1.0,0.0,0.0,0.0,19.0,3.0,9.0,2.0,3.0,4.0,9.0,0.0,12.0,1.0,5.0,1.0,266.0
0.0,0.0,0.0,1.0,0.0,1.0,0.0,1.0,0.0,0.0,0.0,0.0,0.0,0.0,0.0,0.0,0.0,1.0,0.0,0.0,0.0,8.0,1.0,22.0,3.0,4.0,4.0,2.0,0.0,19.0,1.0,3.0,3.0,186.0
1.0,0.0,0.0,1.0,0.0,0.0,1.0,0.0,0.0,1.0,0.0,0.0,0.0,0.0,0.0,0.0,0.0,1.0,0.0,0.0,0.0,9.0,1.0,26.0,3.0,3.0,3.0,1.0,0.0,14.0,1.0,1.0,2.0,123.0
1.0,0.0,0.0,1.0,0.0,1.0,0.0,0.0,0.0,0.0,1.0,0.0,0.0,0.0,0.0,0.0,0.0,1.0,0.0,0.0,1.0,9.0,1.0,15.0,2.0,3.0,5.0,4.0,0.0,14.0,1.0,1.0,0.0,120.0
1.0,1.0,0.0,0.0,0.0,1.0,0.0,1.0,0.0,0.0,0.0,0.0,0.0,0.0,1.0,0.0,0.0,0.0,0.0,0.0,0.0,7.0,3.0,6.0,3.0,4.0,3.0,2.0,1.0,14.0,7.0,8.0,6.0,171.0
0.0,0.0,0.0,1.0,1.0,0.0,0.0,0.0,0.0,0.0,0.0,1.0,0.0,0.0,0.0,0.0,0.0,1.0,0.0,0.0,1.0,0.0,1.0,9.0,2.0,3.0,3.0,2.0,0.0,12.0,6.0,7.0,7.0,141.0
1.0,0.0,0.0,1.0,1.0,0.0,0.0,0.0,1.0,0.0,0.0,0.0,0.0,0.0,0.0,0.0,1.0,0.0,0.0,0.0,0.0,23.0,1.0,28.0,2.0,5.0,1.0,2.0,1.0,13.0,13.0,2.0,9.0,244.0
1.0,0.0,1.0,0.0,0.0,0.0,1.0,0.0,0.0,0.0,1.0,0.0,0.0,0.0,1.0,0.0,0.0,0.0,0.0,0.0,0.0,9.0,3.0,13.0,2.0,3.0,3.0,1.0,1.0,25.0,0.0,5.0,7.0,123.0
1.0,0.0,1.0,0.0,0.0,0.0,1.0,0.0,0.0,0.0,0.0,1.0,0.0,0.0,0.0,0.0,1.0,0.0,0.0,0.0,0.0,15.0,1.0,8.0,3.0,4.0,4.0,5.0,0.0,14.0,1.0,1.0,0.0,148.0
1.0,0.0,1.0,0.0,0.0,0.0,1.0,0.0,0.0,1.0,0.0,0.0,0.0,0.0,0.0,0.0,1.0,0.0,0.0,0.0,0.0,10.0,1.0,19.0,2.0,3.0,1.0,2.0,0.0,17.0,0.0,3.0,7.0,143.0
0.0,0.0,1.0,0.0,0.0,1.0,0.0,0.0,0.0,1.0,0.0,0.0,0.0,0.0,0.0,0.0,0.0,0.0,0.0,1.0,0.0,2.0,1.0,14.0,2.0,5.0,5.0,4.0,0.0,13.0,0.0,1.0,7.0,197.0
1.0,0.0,0.0,1.0,0.0,0.0,1.0,0.0,0.0,1.0,0.0,0.0,0.0,0.0,0.0,0.0,0.0,1.0,0.0,0.0,0.0,6.0,1.0,31.0,2.0,4.0,4.0,2.0,0.0,13.0,0.0,1.0,2.0,143.0
1.0,0.0,1.0,0.0,0.0,0.0,1.0,0.0,0.0,0.0,1.0,0.0,0.0,0.0,0.0,1.0,0.0,0.0,0.0,0.0,0.0,9.0,1.0,34.0,3.0,3.0,1.0,5.0,0.0,20.0,1.0,1.0,3.0,121.0
1.0,0.0,1.0,0.0,1.0,0.0,0.0,1.0,0.0,0.0,0.0,0.0,0.0,0.0,0.0,0.0,0.0,1.0,0.0,0.0,0.0,15.0,1.0,8.0,2.0,3.0,1.0,3.0,1.0,14.0,12.0,13.0,9.0,201.0
1.0,0.0,1.0,0.0,0.0,1.0,0.0,0.0,0.0,1.0,0.0,0.0,0.0,0.0,0.0,0.0,1.0,0.0,0.0,0.0,0.0,13.0,3.0,15.0,2.0,3.0,5.0,1.0,0.0,12.0,2.0,7.0,1.0,155.0
1.0,0.0,1.0,0.0,0.0,1.0,0.0,0.0,0.0,1.0,0.0,0.0,0.0,0.0,0.0,0.0,0.0,1.0,0.0,0.0,0.0,6.0,1.0,34.0,3.0,3.0,3.0,2.0,1.0,12.0,1.0,5.0,7.0,152.0
1.0,0.0,0.0,1.0,0.0,1.0,0.0,0.0,1.0,0.0,0.0,0.0,0.0,0.0,0.0,0.0,1.0,0.0,0.0,0.0,0.0,13.0,2.0,12.0,2.0,3.0,1.0,2.0,1.0,21.0,1.0,7.0,7.0,264.0
1.0,0.0,1.0,0.0,0.0,0.0,1.0,0.0,0.0,0.0,1.0,0.0,0.0,0.0,1.0,0.0,0.0,0.0,0.0,0.0,0.0,9.0,1.0,27.0,2.0,4.0,5.0,1.0,0.0,14.0,0.0,1.0,0.0,123.0
1.0,0.0,1.0,0.0,1.0,0.0,0.0,0.0,0.0,1.0,0.0,0.0,0.0,0.0,0.0,0.0,0.0,1.0,0.0,0.0,0.0,13.0,1.0,14.0,3.0,3.0,1.0,4.0,1.0,18.0,2.0,2.0,2.0,141.0
1.0,0.0,1.0,0.0,0.0,1.0,0.0,1.0,0.0,0.0,0.0,0.0,0.0,0.0,1.0,0.0,0.0,0.0,0.0,0.0,0.0,18.0,1.0,6.0,3.0,3.0,4.0,2.0,0.0,12.0,6.0,7.0,7.0,174.0
0.0,0.0,1.0,0.0,0.0,0.0,1.0,0.0,0.0,0.0,1.0,0.0,0.0,0.0,0.0,0.0,0.0,1.0,0.0,0.0,0.0,8.0,3.0,14.0,3.0,4.0,3.0,1.0,0.0,23.0,2.0,4.0,2.0,124.0
0.0,0.0,1.0,0.0,0.0,1.0,0.0,0.0,0.0,1.0,0.0,0.0,0.0,0.0,0.0,0.0,0.0,1.0,0.0,0.0,0.0,5.0,1.0,11.0,3.0,4.0,4.0,4.0,0.0,12.0,1.0,2.0,5.0,159.0
1.0,0.0,0.0,1.0,0.0,0.0,1.0,0.0,0.0,0.0,1.0,0.0,0.0,0.0,0.0,0.0,0.0,1.0,0.0,0.0,0.0,9.0,3.0,14.0,3.0,3.0,1.0,4.0,1.0,21.0,0.0,1.0,2.0,126.0
0.0,0.0,1.0,0.0,0.0,1.0,0.0,0.0,0.0,1.0,0.0,0.0,0.0,0.0,0.0,0.0,0.0,1.0,0.0,0.0,0.0,21.0,3.0,22.0,3.0,3.0,3.0,9.0,0.0,14.0,1.0,7.0,7.0,164.0
1.0,0.0,1.0,0.0,0.0,0.0,1.0,0.0,0.0,0.0,1.0,0.0,0.0,0.0,0.0,0.0,0.0,1.0,0.0,0.0,0.0,2.0,1.0,14.0,3.0,1.0,3.0,7.0,0.0,18.0,1.0,1.0,0.0,125.0
1.0,0.0,1.0,0.0,0.0,1.0,0.0,0.0,0.0,1.0,0.0,0.0,0.0,0.0,0.0,0.0,0.0,1.0,0.0,0.0,0.0,6.0,3.0,14.0,2.0,3.0,5.0,3.0,0.0,13.0,2.0,2.0,2.0,164.0
1.0,0.0,1.0,0.0,0.0,1.0,0.0,0.0,0.0,1.0,0.0,0.0,0.0,0.0,0.0,0.0,0.0,1.0,0.0,0.0,1.0,0.0,3.0,6.0,3.0,4.0,5.0,2.0,0.0,11.0,3.0,6.0,7.0,197.0
1.0,0.0,1.0,0.0,1.0,0.0,0.0,0.0,0.0,1.0,0.0,0.0,0.0,0.0,0.0,0.0,0.0,0.0,0.0,1.0,0.0,11.0,2.0,16.0,3.0,3.0,3.0,4.0,0.0,11.0,0.0,1.0,2.0,161.0
1.0,0.0,0.0,1.0,0.0,0.0,1.0,0.0,0.0,0.0,1.0,0.0,0.0,1.0,0.0,0.0,0.0,0.0,0.0,0.0,0.0,8.0,1.0,14.0,3.0,4.0,5.0,2.0,0.0,19.0,0.0,1.0,2.0,125.0
1.0,0.0,1.0,0.0,0.0,1.0,0.0,1.0,0.0,0.0,0.0,0.0,0.0,0.0,1.0,0.0,0.0,0.0,0.0,0.0,0.0,3.0,3.0,35.0,2.0,3.0,4.0,4.0,0.0,12.0,0.0,1.0,3.0,193.0
0.0,0.0,1.0,0.0,0.0,0.0,1.0,0.0,0.0,0.0,1.0,0.0,0.0,0.0,0.0,0.0,0.0,1.0,0.0,0.0,1.0,9.0,1.0,8.0,3.0,3.0,5.0,2.0,1.0,12.0,1.0,1.0,0.0,121.0
0.0,0.0,1.0,0.0,0.0,1.0,0.0,1.0,0.0,0.0,0.0,0.0,0.0,0.0,0.0,1.0,0.0,0.0,0.0,0.0,1.0,16.0,1.0,8.0,3.0,4.0,1.0,1.0,0.0,16.0,1.0,1.0,9.0,202.0
1.0,0.0,1.0,0.0,0.0,0.0,1.0,0.0,0.0,1.0,0.0,0.0,0.0,0.0,0.0,0.0,1.0,0.0,0.0,0.0,1.0,1.0,1.0,8.0,2.0,3.0,4.0,5.0,0.0,11.0,0.0,1.0,4.0,149.0
1.0,0.0,1.0,0.0,1.0,0.0,0.0,0.0,0.0,1.0,0.0,0.0,0.0,0.0,1.0,0.0,0.0,0.0,0.0,0.0,0.0,5.0,1.0,6.0,3.0,3.0,5.0,5.0,0.0,14.0,1.0,1.0,2.0,141.0
0.0,0.0,1.0,0.0,0.0,0.0,1.0,0.0,0.0,0.0,1.0,0.0,0.0,0.0,0.0,0.0,0.0,0.0,0.0,1.0,0.0,21.0,1.0,14.0,3.0,3.0,5.0,9.0,0.0,12.0,7.0,7.0,6.0,124.0
1.0,0.0,0.0,1.0,0.0,0.0,1.0,0.0,0.0,0.0,1.0,0.0,0.0,1.0,0.0,0.0,0.0,0.0,0.0,0.0,0.0,7.0,1.0,13.0,3.0,3.0,1.0,2.0,0.0,13.0,0.0,1.0,0.0,130.0
1.0,0.0,1.0,0.0,0.0,1.0,0.0,0.0,0.0,0.0,0.0,0.0,1.0,0.0,0.0,0.0,0.0,0.0,1.0,0.0,0.0,28.0,3.0,32.0,2.0,4.0,1.0,2.0,0.0,15.0,2.0,2.0,13.0,296.0
1.0,0.0,1.0,0.0,0.0,1.0,0.0,0.0,0.0,1.0,0.0,0.0,0.0,0.0,0.0,0.0,0.0,1.0,0.0,0.0,0.0,7.0,1.0,6.0,2.0,3.0,1.0,10.0,0.0,17.0,1.0,2.0,1.0,155.0
0.0,0.0,1.0,0.0,0.0,0.0,1.0,0.0,0.0,0.0,1.0,0.0,0.0,0.0,0.0,0.0,0.0,1.0,0.0,0.0,0.0,9.0,1.0,9.0,2.0,3.0,1.0,2.0,0.0,21.0,1.0,1.0,0.0,121.0
1.0,0.0,1.0,0.0,0.0,1.0,0.0,0.0,0.0,1.0,0.0,0.0,0.0,0.0,0.0,0.0,0.0,1.0,0.0,0.0,0.0,11.0,3.0,20.0,3.0,3.0,4.0,1.0,0.0,11.0,5.0,7.0,7.0,199.0
0.0,0.0,0.0,1.0,0.0,0.0,1.0,0.0,0.0,1.0,0.0,0.0,0.0,0.0,0.0,0.0,0.0,1.0,0.0,0.0,0.0,11.0,3.0,22.0,2.0,3.0,4.0,3.0,0.0,12.0,0.0,1.0,2.0,142.0
0.0,0.0,0.0,1.0,0.0,1.0,0.0,0.0,0.0,1.0,0.0,0.0,0.0,0.0,0.0,0.0,0.0,1.0,0.0,0.0,0.0,9.0,3.0,6.0,3.0,3.0,3.0,7.0,0.0,13.0,1.0,1.0,0.0,168.0
1.0,0.0,0.0,1.0,0.0,0.0,1.0,0.0,0.0,0.0,0.0,1.0,0.0,0.0,0.0,0.0,1.0,0.0,0.0,0.0,0.0,2.0,1.0,9.0,2.0,3.0,5.0,2.0,1.0,18.0,0.0,1.0,5.0,147.0
0.0,0.0,0.0,1.0,0.0,1.0,0.0,0.0,0.0,1.0,0.0,0.0,0.0,0.0,0.0,0.0,1.0,0.0,0.0,0.0,0.0,8.0,1.0,16.0,2.0,3.0,3.0,4.0,1.0,16.0,1.0,1.0,4.0,161.0
1.0,0.0,1.0,0.0,0.0,1.0,0.0,1.0,0.0,0.0,0.0,0.0,0.0,0.0,0.0,0.0,1.0,0.0,0.0,0.0,0.0,12.0,3.0,12.0,2.0,1.0,3.0,3.0,0.0,11.0,4.0,7.0,6.0,182.0
1.0,0.0,1.0,0.0,1.0,0.0,0.0,0.0,0.0,1.0,0.0,0.0,0.0,0.0,0.0,0.0,0.0,1.0,0.0,0.0,0.0,2.0,1.0,8.0,2.0,3.0,1.0,2.0,0.0,19.0,0.0,1.0,3.0,189.0
1.0,0.0,1.0,0.0,0.0,1.0,0.0,0.0,0.0,0.0,0.0,0.0,1.0,0.0,0.0,0.0,0.0,0.0,1.0,0.0,0.0,23.0,3.0,5.0,2.0,3.0,3.0,5.0,1.0,15.0,0.0,1.0,0.0,293.0
1.0,0.0,1.0,0.0,0.0,0.0,1.0,0.0,0.0,0.0,1.0,0.0,0.0,0.0,0.0,1.0,0.0,0.0,0.0,0.0,0.0,9.0,1.0,16.0,2.0,1.0,3.0,3.0,0.0,16.0,2.0,2.0,2.0,121.0
1.0,0.0,1.0,0.0,1.0,0.0,0.0,0.0,0.0,1.0,0.0,0.0,0.0,0.0,0.0,0.0,0.0,1.0,0.0,0.0,0.0,9.0,1.0,12.0,3.0,1.0,5.0,4.0,1.0,13.0,1.0,1.0,2.0,156.0
1.0,0.0,0.0,1.0,0.0,1.0,0.0,0.0,0.0,0.0,0.0,0.0,1.0,0.0,0.0,0.0,0.0,0.0,0.0,1.0,0.0,15.0,1.0,15.0,3.0,4.0,1.0,9.0,0.0,15.0,1.0,1.0,1.0,296.0
1.0,0.0,1.0,0.0,0.0,0.0,1.0,0.0,0.0,1.0,0.0,0.0,0.0,0.0,0.0,0.0,0.0,1.0,0.0,0.0,0.0,8.0,1.0,34.0,2.0,1.0,3.0,2.0,0.0,17.0,5.0,6.0,8.0,134.0
1.0,0.0,1.0,0.0,1.0,0.0,0.0,0.0,0.0,1.0,0.0,0.0,0.0,0.0,1.0,0.0,0.0,0.0,0.0,0.0,0.0,7.0,1.0,16.0,3.0,4.0,3.0,2.0,0.0,14.0,2.0,7.0,7.0,151.0
0.0,0.0,1.0,0.0,0.0,0.0,1.0,0.0,0.0,1.0,0.0,0.0,0.0,0.0,0.0,0.0,0.0,1.0,0.0,0.0,0.0,13.0,3.0,20.0,2.0,3.0,5.0,2.0,0.0,15.0,0.0,1.0,2.0,146.0
1.0,0.0,1.0,0.0,0.0,0.0,1.0,0.0,0.0,0.0,0.0,1.0,0.0,0.0,1.0,0.0,0.0,0.0,0.0,0.0,0.0,16.0,1.0,33.0,2.0,1.0,4.0,6.0,0.0,12.0,1.0,1.0,2.0,149.0
1.0,0.0,1.0,0.0,0.0,0.0,1.0,0.0,0.0,0.0,1.0,0.0,0.0,0.0,0.0,0.0,0.0,1.0,0.0,0.0,0.0,8.0,1.0,13.0,3.0,4.0,1.0,2.0,0.0,18.0,1.0,1.0,1.0,127.0
1.0,0.0,0.0,1.0,0.0,1.0,0.0,0.0,1.0,0.0,0.0,0.0,0.0,0.0,0.0,0.0,0.0,1.0,0.0,0.0,0.0,19.0,3.0,6.0,2.0,1.0,5.0,2.0,0.0,15.0,1.0,1.0,12.0,276.0
1.0,0.0,1.0,0.0,0.0,0.0,1.0,0.0,0.0,0.0,1.0,0.0,0.0,1.0,0.0,0.0,0.0,0.0,0.0,0.0,1.0,0.0,1.0,14.0,2.0,3.0,4.0,2.0,1.0,17.0,0.0,1.0,0.0,124.0
0.0,0.0,1.0,0.0,1.0,0.0,0.0,0.0,0.0,0.0,1.0,0.0,0.0,0.0,0.0,0.0,0.0,0.0,0.0,1.0,0.0,0.0,1.0,32.0,3.0,4.0,3.0,2.0,1.0,14.0,0.0,1.0,3.0,128.0
1.0,0.0,1.0,0.0,1.0,0.0,0.0,0.0,1.0,0.0,0.0,0.0,0.0,0.0,0.0,0.0,1.0,0.0,0.0,0.0,0.0,23.0,1.0,26.0,2.0,3.0,3.0,3.0,1.0,15.0,3.0,12.0,4.543490512868683,212.0
0.0,0.0,1.0,0.0,0.0,0.0,1.0,0.0,0.0,0.0,1.0,0.0,0.0,0.0,0.0,0.0,0.0,0.0,0.0,1.0,0.0,5.0,1.0,11.0,2.0,1.0,1.0,4.0,0.0,17.0,1.0,1.0,2.0,133.0
0.0,0.0,1.0,0.0,0.0,1.0,0.0,0.0,0.0,0.0,0.0,0.0,1.0,0.0,0.0,0.0,1.0,0.0,0.0,0.0,0.0,17.0,1.0,13.0,2.0,3.0,1.0,1.0,1.0,14.0,1.0,1.0,10.0,290.0
1.0,0.0,1.0,0.0,0.0,0.0,1.0,0.0,0.0,0.0,1.0,0.0,0.0,1.0,0.0,0.0,0.0,0.0,0.0,0.0,0.0,9.0,1.0,13.0,2.0,4.0,4.0,2.0,0.0,12.0,0.0,1.0,1.0,121.0
0.0,0.0,0.0,1.0,0.0,1.0,0.0,0.0,0.0,1.0,0.0,0.0,0.0,0.0,0.0,0.0,1.0,0.0,0.0,0.0,0.0,18.0,1.0,11.0,2.0,5.0,5.0,2.0,1.0,14.0,1.0,1.0,4.0,158.0
1.0,0.0,1.0,0.0,1.0,0.0,0.0,0.0,0.0,1.0,0.0,0.0,0.0,0.0,0.0,0.0,0.0,0.0,1.0,0.0,0.0,18.0,3.0,32.0,2.0,4.0,5.0,2.0,0.0,15.0,0.0,4.0,5.0,144.0
1.0,0.0,0.0,1.0,1.0,0.0,0.0,0.0,0.0,1.0,0.0,0.0,0.0,0.0,0.0,0.0,0.0,0.0,0.0,1.0,0.0,4.0,3.0,8.0,2.0,3.0,5.0,8.0,0.0,13.0,0.0,1.0,3.0,153.0
0.0,0.0,1.0,0.0,0.0,0.0,1.0,0.0,0.0,1.0,0.0,0.0,0.0,0.0,0.0,0.0,0.0,1.0,0.0,0.0,0.0,9.0,1.0,18.0,3.0,3.0,3.0,10.0,1.0,12.0,0.0,1.0,1.0,147.0
1.0,0.0,1.0,0.0,1.0,0.0,0.0,0.0,0.0,1.0,0.0,0.0,0.0,0.0,0.0,0.0,0.0,1.0,0.0,0.0,0.0,7.0,1.0,16.0,2.0,1.0,1.0,2.0,0.0,13.0,5.0,7.0,2.0,147.0
0.0,0.0,1.0,0.0,0.0,0.0,1.0,0.0,0.0,0.0,1.0,0.0,0.0,0.0,0.0,0.0,0.0,1.0,0.0,0.0,0.0,22.0,1.0,31.0,2.0,3.0,5.0,2.0,0.0,14.0,0.0,1.0,4.0,132.0
1.0,0.0,1.0,0.0,0.0,1.0,0.0,0.0,0.0,1.0,0.0,0.0,0.0,0.0,0.0,0.0,1.0,0.0,0.0,0.0,0.0,12.0,1.0,16.0,3.0,3.0,5.0,3.0,0.0,13.0,4.0,7.0,7.0,154.0
1.0,0.0,1.0,0.0,0.0,0.0,1.0,0.0,0.0,0.0,0.0,1.0,0.0,0.0,0.0,0.0,0.0,0.0,0.0,1.0,0.0,0.0,1.0,25.0,3.0,4.0,5.0,2.0,0.0,11.0,0.0,1.0,7.0,141.0
1.0,0.0,1.0,0.0,0.0,1.0,0.0,0.0,0.0,1.0,0.0,0.0,0.0,0.0,0.0,0.0,0.0,1.0,0.0,0.0,0.0,8.0,1.0,24.0,2.0,1.0,5.0,2.0,0.0,11.0,0.0,1.0,10.0,152.0
0.0,0.0,1.0,0.0,0.0,1.0,0.0,0.0,0.0,1.0,0.0,0.0,0.0,0.0,0.0,0.0,1.0,0.0,0.0,0.0,0.0,1.0,1.0,33.0,2.0,5.0,5.0,1.0,0.0,21.0,1.0,1.0,0.0,0.0
1.0,0.0,0.0,1.0,0.0,0.0,1.0,0.0,0.0,0.0,1.0,0.0,0.0,1.0,0.0,0.0,0.0,0.0,0.0,0.0,0.0,0.0,1.0,11.0,3.0,3.0,1.0,2.0,0.0,18.0,1.0,2.0,2.0,131.0
0.0,0.0,0.0,1.0,1.0,0.0,0.0,0.0,0.0,0.0,0.0,1.0,0.0,0.0,0.0,0.0,1.0,0.0,0.0,0.0,1.0,9.0,3.0,9.0,3.0,3.0,1.0,2.0,1.0,12.0,0.0,1.0,0.0,116.0
0.0,0.0,1.0,0.0,0.0,1.0,0.0,0.0,0.0,0.0,0.0,0.0,1.0,0.0,0.0,0.0,0.0,1.0,0.0,0.0,0.0,20.0,2.0,32.0,3.0,3.0,3.0,4.0,0.0,15.0,1.0,1.0,0.0,297.0
1.0,0.0,1.0,0.0,0.0,0.0,1.0,0.0,0.0,1.0,0.0,0.0,0.0,1.0,0.0,0.0,0.0,0.0,0.0,0.0,0.0,12.0,1.0,9.0,3.0,4.0,3.0,1.0,0.0,15.0,0.0,1.0,7.0,131.0
0.0,0.0,1.0,0.0,0.0,1.0,0.0,1.0,0.0,0.0,0.0,0.0,0.0,0.0,0.0,0.0,0.0,1.0,0.0,0.0,0.0,13.0,1.0,21.0,3.0,4.0,3.0,2.0,0.0,13.0,1.0,14.0,12.0,204.0
0.0,0.0,1.0,0.0,1.0,0.0,0.0,0.0,0.0,1.0,0.0,0.0,0.0,0.0,0.0,0.0,0.0,1.0,0.0,0.0,0.0,8.0,1.0,14.0,2.0,3.0,3.0,2.0,0.0,12.0,2.0,2.0,9.0,141.0
1.0,0.0,1.0,0.0,0.0,1.0,0.0,0.0,0.0,1.0,0.0,0.0,0.0,0.0,0.0,0.0,0.0,1.0,0.0,0.0,0.0,10.0,1.0,25.0,2.0,3.0,3.0,4.0,0.0,17.0,0.0,1.0,2.0,158.0
0.0,0.0,0.0,1.0,1.0,0.0,0.0,0.0,0.0,1.0,0.0,0.0,0.0,0.0,0.0,0.0,1.0,0.0,0.0,0.0,0.0,12.0,1.0,10.0,2.0,3.0,3.0,1.0,0.0,13.0,3.0,3.0,8.0,150.0
0.0,0.0,1.0,0.0,0.0,1.0,0.0,0.0,0.0,1.0,0.0,0.0,0.0,0.0,0.0,0.0,0.0,0.0,0.0,1.0,0.0,18.0,1.0,8.0,2.0,4.0,1.0,2.0,0.0,19.0,2.0,3.0,9.0,158.0
0.0,0.0,1.0,0.0,0.0,1.0,0.0,1.0,0.0,0.0,0.0,0.0,0.0,0.0,0.0,0.0,1.0,0.0,0.0,0.0,0.0,11.0,1.0,8.0,2.0,4.0,3.0,4.0,1.0,19.0,1.0,1.0,2.0,178.0
1.0,0.0,1.0,0.0,0.0,1.0,0.0,1.0,0.0,0.0,0.0,0.0,0.0,0.0,0.0,0.0,1.0,0.0,0.0,0.0,1.0,0.0,3.0,16.0,2.0,4.0,5.0,10.0,0.0,17.0,4.0,6.0,0.0,203.0
0.0,0.0,1.0,0.0,0.0,0.0,1.0,0.0,0.0,0.0,0.0,1.0,0.0,0.0,0.0,0.0,1.0,0.0,0.0,0.0,0.0,10.0,1.0,16.0,3.0,3.0,4.0,2.0,0.0,11.0,1.0,7.0,7.0,139.0
0.0,0.0,0.0,1.0,0.0,1.0,0.0,1.0,0.0,0.0,0.0,0.0,0.0,0.0,0.0,0.0,0.0,1.0,0.0,0.0,0.0,13.0,1.0,22.0,2.0,3.0,1.0,7.0,1.0,15.0,1.0,3.0,3.0,179.0
1.0,0.0,1.0,0.0,1.0,0.0,0.0,0.0,0.0,1.0,0.0,0.0,0.0,0.0,0.0,0.0,0.0,0.0,0.0,1.0,0.0,17.0,2.0,6.0,2.0,3.0,1.0,5.0,1.0,11.0,1.0,1.0,2.0,157.0
1.0,0.0,1.0,0.0,1.0,0.0,0.0,0.0,1.0,0.0,0.0,0.0,0.0,0.0,0.0,0.0,1.0,0.0,0.0,0.0,0.0,21.0,1.0,10.0,2.0,4.0,1.0,3.0,0.0,25.0,2.0,2.0,2.0,252.0
1.0,0.0,1.0,0.0,0.0,1.0,0.0,0.0,0.0,1.0,0.0,0.0,0.0,0.0,0.0,0.0,1.0,0.0,0.0,0.0,1.0,0.0,3.0,21.0,2.0,5.0,1.0,7.0,1.0,14.0,1.0,2.0,2.0,154.0
0.0,0.0,0.0,1.0,1.0,0.0,0.0,0.0,0.0,0.0,0.0,1.0,0.0,0.0,1.0,0.0,0.0,0.0,0.0,0.0,0.0,0.0,1.0,8.0,2.0,3.0,1.0,2.0,1.0,13.0,1.0,1.0,3.0,138.0
0.0,0.0,1.0,0.0,0.0,0.0,1.0,0.0,0.0,0.0,1.0,0.0,0.0,0.0,0.0,0.0,1.0,0.0,0.0,0.0,0.0,0.0,1.0,14.0,2.0,1.0,3.0,8.0,0.0,17.0,0.0,1.0,2.0,135.0
1.0,0.0,0.0,1.0,1.0,0.0,0.0,0.0,0.0,0.0,1.0,0.0,0.0,1.0,0.0,0.0,0.0,0.0,0.0,0.0,0.0,0.0,1.0,14.0,2.0,3.0,1.0,3.0,0.0,13.0,0.0,1.0,2.0,126.0
1.0,0.0,0.0,1.0,0.0,0.0,1.0,0.0,0.0,0.0,1.0,0.0,0.0,0.0,0.0,0.0,0.0,1.0,0.0,0.0,1.0,9.0,1.0,13.0,3.0,3.0,5.0,4.0,1.0,14.0,0.0,1.0,3.0,122.0
1.0,0.0,0.0,1.0,0.0,1.0,0.0,0.0,0.0,1.0,0.0,0.0,0.0,0.0,0.0,0.0,1.0,0.0,0.0,0.0,0.0,2.0,3.0,16.0,2.0,4.0,3.0,10.0,0.0,11.0,1.0,1.0,4.0,159.0
0.0,0.0,1.0,0.0,0.0,1.0,0.0,1.0,0.0,0.0,0.0,0.0,0.0,0.0,0.0,0.0,0.0,1.0,0.0,0.0,0.0,9.0,1.0,11.0,2.0,3.0,5.0,5.0,0.0,12.0,1.0,1.0,2.0,180.0
1.0,0.0,1.0,0.0,1.0,0.0,0.0,0.0,0.0,1.0,0.0,0.0,0.0,0.0,0.0,0.0,0.0,1.0,0.0,0.0,0.0,0.0,1.0,8.0,3.0,1.0,3.0,2.0,0.0,17.0,0.0,1.0,7.0,152.0
1.0,0.0,1.0,0.0,0.0,1.0,0.0,0.0,0.0,1.0,0.0,0.0,0.0,0.0,0.0,0.0,1.0,0.0,0.0,0.0,0.0,12.0,1.0,18.0,3.0,3.0,4.0,5.0,0.0,21.0,1.0,1.0,0.0,153.0
0.0,0.0,1.0,0.0,0.0,1.0,0.0,0.0,1.0,0.0,0.0,0.0,0.0,0.0,0.0,0.0,0.0,0.0,0.0,1.0,0.0,22.0,1.0,28.0,3.0,3.0,4.0,4.0,0.0,16.0,1.0,1.0,2.0,264.0
0.0,0.0,1.0,0.0,0.0,1.0,0.0,1.0,0.0,0.0,0.0,0.0,0.0,0.0,0.0,0.0,0.0,1.0,0.0,0.0,0.0,23.0,1.0,23.0,2.0,4.0,5.0,6.0,0.0,15.0,1.0,2.0,11.0,233.0
0.0,0.0,0.0,1.0,0.0,0.0,1.0,0.0,0.0,0.0,1.0,0.0,0.0,1.0,0.0,0.0,0.0,0.0,0.0,0.0,0.0,0.0,3.0,8.0,3.0,3.0,3.0,2.0,0.0,19.0,0.0,2.0,2.0,128.0
0.0,0.0,1.0,0.0,0.0,1.0,0.0,0.0,0.0,1.0,0.0,0.0,0.0,0.0,0.0,0.0,0.0,1.0,0.0,0.0,0.0,7.0,1.0,9.0,3.0,3.0,4.0,2.0,0.0,12.0,7.0,7.0,9.0,154.0
1.0,0.0,0.0,1.0,0.0,1.0,0.0,0.0,0.0,0.0,1.0,0.0,0.0,0.0,0.0,0.0,0.0,1.0,0.0,0.0,0.0,9.0,1.0,13.0,3.0,3.0,4.0,3.0,0.0,11.0,0.0,1.0,3.0,120.0
0.0,0.0,1.0,0.0,0.0,1.0,0.0,0.0,1.0,0.0,0.0,0.0,0.0,0.0,0.0,0.0,0.0,1.0,0.0,0.0,0.0,22.0,1.0,12.0,2.0,4.0,3.0,3.0,1.0,19.0,1.0,2.0,12.0,240.0
0.0,0.0,1.0,0.0,1.0,0.0,0.0,0.0,0.0,1.0,0.0,0.0,0.0,0.0,0.0,0.0,1.0,0.0,0.0,0.0,0.0,9.0,1.0,6.0,2.0,4.0,3.0,1.0,0.0,15.0,1.0,1.0,2.0,144.0
1.0,0.0,1.0,0.0,0.0,1.0,0.0,0.0,0.0,1.0,0.0,0.0,0.0,0.0,0.0,0.0,0.0,1.0,0.0,0.0,0.0,9.0,1.0,9.0,3.0,1.0,5.0,7.0,0.0,20.0,1.0,1.0,4.0,168.0
0.0,0.0,1.0,0.0,0.0,1.0,0.0,0.0,1.0,0.0,0.0,0.0,0.0,0.0,0.0,0.0,1.0,0.0,0.0,0.0,0.0,27.0,1.0,28.0,3.0,3.0,3.0,4.0,0.0,25.0,1.0,4.0,7.0,274.0
1.0,0.0,1.0,0.0,0.0,1.0,0.0,0.0,1.0,0.0,0.0,0.0,0.0,0.0,0.0,0.0,0.0,1.0,0.0,0.0,0.0,16.0,1.0,21.0,3.0,4.0,3.0,2.0,0.0,24.0,1.0,6.0,11.0,276.0
1.0,0.0,0.0,1.0,1.0,0.0,0.0,0.0,0.0,1.0,0.0,0.0,0.0,0.0,0.0,0.0,0.0,0.0,0.0,1.0,1.0,0.0,3.0,18.0,2.0,3.0,1.0,4.0,1.0,24.0,3.0,6.0,7.0,146.0
1.0,0.0,1.0,0.0,1.0,0.0,0.0,0.0,0.0,1.0,0.0,0.0,0.0,0.0,0.0,0.0,0.0,1.0,0.0,0.0,0.0,11.0,1.0,6.0,2.0,3.0,1.0,8.0,0.0,15.0,2.0,2.0,9.0,147.0
1.0,0.0,1.0,0.0,0.0,0.0,1.0,0.0,0.0,1.0,0.0,0.0,0.0,0.0,0.0,0.0,1.0,0.0,0.0,0.0,0.0,2.0,3.0,11.0,2.0,4.0,4.0,2.0,1.0,13.0,0.0,1.0,9.0,142.0
1.0,0.0,1.0,0.0,0.0,1.0,0.0,0.0,0.0,1.0,0.0,0.0,0.0,0.0,0.0,0.0,1.0,0.0,0.0,0.0,0.0,6.0,3.0,8.0,3.0,3.0,1.0,2.0,0.0,14.0,1.0,1.0,4.0,155.0
1.0,0.0,1.0,0.0,0.0,1.0,0.0,0.0,0.0,1.0,0.0,0.0,0.0,0.0,0.0,0.0,1.0,0.0,0.0,0.0,0.0,5.0,1.0,8.0,2.0,3.0,4.0,1.0,0.0,13.0,0.0,1.0,6.0,155.0
0.0,0.0,1.0,0.0,0.0,1.0,0.0,0.0,0.0,1.0,0.0,0.0,0.0,0.0,0.0,0.0,0.0,1.0,0.0,0.0,0.0,4.0,3.0,11.0,3.0,3.0,1.0,2.0,0.0,11.0,0.0,1.0,2.0,155.0
0.0,0.0,1.0,0.0,0.0,0.0,1.0,0.0,0.0,0.0,1.0,0.0,0.0,1.0,0.0,0.0,0.0,0.0,0.0,0.0,0.0,22.0,1.0,14.0,3.0,3.0,5.0,5.0,1.0,16.0,1.0,2.0,2.0,126.0
0.0,0.0,0.0,1.0,1.0,0.0,0.0,0.0,0.0,0.0,1.0,0.0,0.0,1.0,0.0,0.0,0.0,0.0,0.0,0.0,0.0,11.0,1.0,14.0,2.0,4.0,4.0,2.0,0.0,22.0,1.0,3.0,3.0,124.0
0.0,0.0,1.0,0.0,0.0,1.0,0.0,0.0,1.0,0.0,0.0,0.0,0.0,0.0,0.0,0.0,0.0,1.0,0.0,0.0,0.0,20.0,3.0,8.0,2.0,1.0,4.0,7.0,0.0,14.0,0.0,2.0,2.0,260.0
1.0,0.0,0.0,1.0,0.0,1.0,0.0,0.0,1.0,0.0,0.0,0.0,0.0,0.0,0.0,0.0,0.0,1.0,0.0,0.0,0.0,22.0,1.0,6.0,2.0,3.0,3.0,5.0,0.0,14.0,1.0,2.0,0.0,254.0
1.0,0.0,0.0,1.0,0.0,1.0,0.0,1.0,0.0,0.0,0.0,0.0,0.0,0.0,0.0,0.0,0.0,1.0,0.0,0.0,0.0,14.0,3.0,29.0,3.0,3.0,3.0,4.0,1.0,16.0,0.0,1.0,2.0,171.0
1.0,0.0,0.0,1.0,0.0,0.0,1.0,0.0,0.0,0.0,1.0,0.0,0.0,0.0,0.0,0.0,0.0,1.0,0.0,0.0,0.0,0.0,3.0,15.0,3.0,3.0,5.0,2.0,0.0,11.0,0.0,1.0,2.0,127.0
0.0,0.0,1.0,0.0,1.0,0.0,0.0,0.0,0.0,1.0,0.0,0.0,0.0,0.0,0.0,0.0,0.0,1.0,0.0,0.0,0.0,6.0,3.0,22.0,2.0,3.0,1.0,2.0,1.0,25.0,0.0,1.0,2.0,154.0
1.0,0.0,1.0,0.0,0.0,1.0,0.0,0.0,0.0,1.0,0.0,0.0,0.0,0.0,0.0,0.0,0.0,1.0,0.0,0.0,0.0,9.0,1.0,32.0,3.0,3.0,3.0,7.0,0.0,14.0,1.0,1.0,2.0,153.0
0.0,0.0,1.0,0.0,0.0,0.0,1.0,0.0,0.0,0.0,1.0,0.0,0.0,0.0,0.0,0.0,0.0,1.0,0.0,0.0,0.0,17.0,2.0,6.0,2.0,3.0,1.0,5.0,1.0,18.0,2.0,2.0,2.0,132.0
1.0,0.0,0.0,1.0,0.0,0.0,1.0,0.0,0.0,0.0,0.0,1.0,0.0,0.0,0.0,0.0,1.0,0.0,0.0,0.0,1.0,0.0,1.0,14.0,3.0,4.0,3.0,2.0,1.0,11.0,1.0,1.0,2.0,140.0
0.0,0.0,1.0,0.0,0.0,0.0,1.0,0.0,0.0,0.0,1.0,0.0,0.0,1.0,0.0,0.0,0.0,0.0,0.0,0.0,0.0,11.0,1.0,10.0,2.0,3.0,3.0,8.0,0.0,19.0,0.0,1.0,0.0,133.0
1.0,0.0,1.0,0.0,0.0,1.0,0.0,1.0,0.0,0.0,0.0,0.0,0.0,0.0,0.0,0.0,1.0,0.0,0.0,0.0,0.0,26.0,1.0,30.0,2.0,1.0,1.0,4.0,0.0,15.0,0.0,1.0,2.0,170.0
0.0,0.0,1.0,0.0,1.0,0.0,0.0,0.0,0.0,0.0,1.0,0.0,0.0,1.0,0.0,0.0,0.0,0.0,0.0,0.0,1.0,11.0,3.0,14.0,3.0,3.0,3.0,3.0,1.0,11.0,4.0,7.0,7.0,127.0
1.0,0.0,0.0,1.0,0.0,1.0,0.0,0.0,0.0,0.0,0.0,1.0,0.0,0.0,0.0,0.0,0.0,1.0,0.0,0.0,1.0,9.0,1.0,8.0,3.0,3.0,4.0,2.0,0.0,12.0,1.0,1.0,0.0,114.0
1.0,0.0,0.0,1.0,1.0,0.0,0.0,0.0,0.0,0.0,1.0,0.0,0.0,1.0,0.0,0.0,0.0,0.0,0.0,0.0,0.0,0.0,1.0,14.0,3.0,3.0,1.0,2.0,0.0,20.0,5.0,5.0,7.0,126.0
1.0,0.0,1.0,0.0,0.0,0.0,1.0,0.0,0.0,0.0,1.0,0.0,0.0,0.0,1.0,0.0,0.0,0.0,0.0,0.0,0.0,28.0,1.0,28.0,3.0,4.0,4.0,6.0,0.0,12.0,1.0,1.0,2.0,135.0
1.0,0.0,1.0,0.0,0.0,0.0,1.0,0.0,0.0,1.0,0.0,0.0,0.0,0.0,0.0,0.0,1.0,0.0,0.0,0.0,0.0,7.0,1.0,11.0,2.0,4.0,1.0,2.0,0.0,14.0,4.0,4.0,13.0,140.0
1.0,0.0,1.0,0.0,0.0,1.0,0.0,1.0,0.0,0.0,0.0,0.0,0.0,0.0,0.0,0.0,1.0,0.0,0.0,0.0,0.0,30.0,1.0,6.0,3.0,5.0,1.0,4.0,0.0,20.0,0.0,1.0,0.0,209.0
1.0,0.0,1.0,0.0,0.0,0.0,1.0,0.0,0.0,0.0,1.0,0.0,0.0,1.0,0.0,0.0,0.0,0.0,0.0,0.0,0.0,9.0,1.0,27.0,3.0,1.0,4.0,2.0,0.0,18.0,2.0,2.0,13.0,120.0
1.0,0.0,1.0,0.0,1.0,0.0,0.0,0.0,0.0,1.0,0.0,0.0,0.0,0.0,0.0,0.0,1.0,0.0,0.0,0.0,0.0,10.0,3.0,6.0,2.0,5.0,1.0,2.0,0.0,14.0,0.0,1.0,3.0,195.0
0.0,0.0,1.0,0.0,0.0,0.0,1.0,0.0,0.0,0.0,1.0,0.0,0.0,0.0,0.0,0.0,0.0,1.0,0.0,0.0,0.0,7.0,1.0,25.0,3.0,4.0,1.0,2.0,0.0,12.0,3.0,8.0,7.0,129.0
1.0,0.0,1.0,0.0,0.0,0.0,1.0,0.0,0.0,0.0,1.0,0.0,0.0,0.0,0.0,0.0,0.0,1.0,0.0,0.0,1.0,9.0,3.0,13.0,2.0,3.0,1.0,2.0,1.0,21.0,1.0,1.0,2.0,123.0
0.0,0.0,1.0,0.0,0.0,1.0,0.0,1.0,0.0,0.0,0.0,0.0,0.0,0.0,0.0,0.0,0.0,1.0,0.0,0.0,0.0,17.0,1.0,8.0,3.0,1.0,1.0,2.0,1.0,19.0,6.0,6.0,7.0,179.0
1.0,0.0,0.0,1.0,1.0,0.0,0.0,0.0,0.0,0.0,0.0,1.0,0.0,0.0,0.0,0.0,1.0,0.0,0.0,0.0,0.0,8.0,1.0,8.0,3.0,4.0,1.0,1.0,1.0,14.0,1.0,1.0,4.0,149.0
1.0,0.0,1.0,0.0,0.0,1.0,0.0,0.0,0.0,1.0,0.0,0.0,0.0,0.0,0.0,0.0,1.0,0.0,0.0,0.0,0.0,16.0,3.0,8.0,3.0,3.0,1.0,2.0,1.0,17.0,0.0,8.0,8.0,178.0
1.0,0.0,1.0,0.0,0.0,0.0,1.0,0.0,0.0,0.0,0.0,1.0,0.0,0.0,0.0,0.0,1.0,0.0,0.0,0.0,0.0,0.0,1.0,15.0,3.0,1.0,3.0,2.0,0.0,16.0,0.0,1.0,4.0,144.0
1.0,0.0,0.0,1.0,0.0,1.0,0.0,1.0,0.0,0.0,0.0,0.0,0.0,0.0,0.0,0.0,0.0,0.0,1.0,0.0,0.0,14.0,3.0,12.0,2.0,3.0,3.0,2.0,0.0,12.0,6.0,8.0,7.0,192.0
0.0,0.0,1.0,0.0,0.0,0.0,1.0,0.0,0.0,0.0,1.0,0.0,0.0,1.0,0.0,0.0,0.0,0.0,0.0,0.0,0.0,2.0,1.0,15.0,3.0,3.0,3.0,10.0,0.0,17.0,1.0,1.0,2.0,130.0
0.0,0.0,0.0,1.0,0.0,0.0,1.0,0.0,0.0,1.0,0.0,0.0,0.0,0.0,0.0,0.0,0.0,1.0,0.0,0.0,0.0,9.0,3.0,8.0,2.0,3.0,1.0,4.0,0.0,15.0,3.0,6.0,7.0,145.0
1.0,0.0,1.0,0.0,1.0,0.0,0.0,1.0,0.0,0.0,0.0,0.0,0.0,0.0,0.0,0.0,0.0,1.0,0.0,0.0,0.0,18.0,1.0,6.0,3.0,4.0,3.0,4.0,0.0,23.0,3.0,14.0,4.0,207.0
1.0,0.0,1.0,0.0,0.0,1.0,0.0,0.0,0.0,0.0,0.0,1.0,0.0,0.0,0.0,0.0,0.0,0.0,0.0,1.0,1.0,9.0,2.0,28.0,2.0,5.0,3.0,2.0,0.0,11.0,0.0,1.0,0.0,116.0
1.0,0.0,1.0,0.0,1.0,0.0,0.0,0.0,1.0,0.0,0.0,0.0,0.0,0.0,0.0,0.0,0.0,1.0,0.0,0.0,1.0,10.0,3.0,15.0,2.0,5.0,3.0,8.0,0.0,11.0,1.0,14.0,4.543490512868683,229.0
1.0,0.0,1.0,0.0,0.0,0.0,1.0,0.0,0.0,0.0,1.0,0.0,0.0,1.0,0.0,0.0,0.0,0.0,0.0,0.0,0.0,9.0,1.0,23.0,3.0,5.0,3.0,2.0,0.0,15.0,0.0,1.0,2.0,123.0
0.0,0.0,0.0,1.0,0.0,1.0,0.0,0.0,1.0,0.0,0.0,0.0,0.0,0.0,0.0,1.0,0.0,0.0,0.0,0.0,0.0,18.0,1.0,34.0,2.0,4.0,4.0,2.0,0.0,11.0,1.0,8.0,6.0,267.0
1.0,0.0,1.0,0.0,1.0,0.0,0.0,0.0,0.0,0.0,1.0,0.0,0.0,0.0,0.0,0.0,0.0,1.0,0.0,0.0,0.0,5.0,1.0,16.0,2.0,3.0,3.0,7.0,0.0,13.0,0.0,1.0,3.0,134.0
1.0,0.0,1.0,0.0,0.0,0.0,1.0,0.0,0.0,0.0,1.0,0.0,0.0,0.0,0.0,0.0,0.0,1.0,0.0,0.0,0.0,4.0,1.0,8.0,3.0,3.0,3.0,2.0,0.0,14.0,0.0,1.0,3.0,135.0
1.0,0.0,1.0,0.0,1.0,0.0,0.0,0.0,0.0,1.0,0.0,0.0,0.0,0.0,0.0,0.0,0.0,0.0,0.0,1.0,0.0,14.0,2.0,10.0,2.0,5.0,4.0,7.0,0.0,19.0,0.0,1.0,2.0,164.0
0.0,0.0,1.0,0.0,0.0,1.0,0.0,0.0,0.0,1.0,0.0,0.0,0.0,0.0,0.0,0.0,0.0,1.0,0.0,0.0,0.0,13.0,1.0,14.0,3.0,3.0,5.0,3.0,1.0,16.0,0.0,1.0,0.0,165.0
1.0,0.0,1.0,0.0,0.0,0.0,1.0,0.0,0.0,0.0,0.0,1.0,0.0,0.0,0.0,0.0,1.0,0.0,0.0,0.0,0.0,0.0,1.0,35.0,3.0,3.0,5.0,2.0,0.0,13.0,1.0,1.0,2.0,139.0
1.0,0.0,0.0,1.0,0.0,1.0,0.0,0.0,0.0,1.0,0.0,0.0,0.0,0.0,0.0,0.0,0.0,1.0,0.0,0.0,0.0,19.0,1.0,19.0,2.0,3.0,4.0,7.0,0.0,14.0,1.0,1.0,9.0,156.0
1.0,0.0,1.0,0.0,0.0,1.0,0.0,0.0,0.0,1.0,0.0,0.0,0.0,0.0,0.0,0.0,0.0,1.0,0.0,0.0,0.0,8.0,1.0,33.0,2.0,3.0,3.0,3.0,0.0,16.0,0.0,1.0,7.0,169.0
1.0,0.0,1.0,0.0,0.0,0.0,1.0,0.0,0.0,0.0,1.0,0.0,0.0,0.0,0.0,0.0,0.0,1.0,0.0,0.0,0.0,3.0,1.0,22.0,3.0,3.0,1.0,2.0,0.0,12.0,0.0,1.0,8.0,129.0
1.0,0.0,1.0,0.0,1.0,0.0,0.0,0.0,0.0,1.0,0.0,0.0,0.0,0.0,0.0,0.0,0.0,0.0,1.0,0.0,0.0,20.0,3.0,8.0,2.0,3.0,4.0,8.0,0.0,11.0,0.0,1.0,0.0,150.0
1.0,0.0,1.0,0.0,0.0,1.0,0.0,1.0,0.0,0.0,0.0,0.0,0.0,0.0,0.0,0.0,0.0,1.0,0.0,0.0,0.0,19.0,3.0,8.0,3.0,3.0,1.0,5.0,1.0,12.0,0.0,1.0,3.0,204.0
1.0,0.0,1.0,0.0,0.0,1.0,0.0,0.0,0.0,1.0,0.0,0.0,0.0,0.0,0.0,0.0,0.0,0.0,1.0,0.0,1.0,0.0,3.0,19.0,3.0,4.0,5.0,6.0,1.0,13.0,2.0,2.0,2.0,161.0
1.0,0.0,0.0,1.0,0.0,1.0,0.0,0.0,0.0,1.0,0.0,0.0,0.0,0.0,0.0,0.0,0.0,1.0,0.0,0.0,1.0,0.0,3.0,6.0,2.0,5.0,4.0,7.0,0.0,15.0,0.0,1.0,0.0,167.0
0.0,0.0,0.0,1.0,0.0,0.0,1.0,0.0,0.0,0.0,1.0,0.0,0.0,1.0,0.0,0.0,0.0,0.0,0.0,0.0,0.0,0.0,1.0,10.0,2.0,3.0,4.0,2.0,0.0,13.0,1.0,1.0,2.0,133.0
0.0,0.0,0.0,1.0,1.0,0.0,0.0,0.0,0.0,1.0,0.0,0.0,0.0,0.0,1.0,0.0,0.0,0.0,0.0,0.0,0.0,4.0,1.0,30.0,1.0,3.0,1.0,3.0,0.0,20.0,1.0,1.0,4.0,152.0
1.0,0.0,1.0,0.0,1.0,0.0,0.0,0.0,0.0,1.0,0.0,0.0,0.0,0.0,0.0,0.0,0.0,1.0,0.0,0.0,0.0,12.0,1.0,6.0,3.0,3.0,1.0,2.0,1.0,15.0,3.0,5.0,8.0,165.0
1.0,0.0,1.0,0.0,0.0,1.0,0.0,1.0,0.0,0.0,0.0,0.0,0.0,0.0,0.0,0.0,0.0,1.0,0.0,0.0,0.0,5.0,3.0,25.0,3.0,5.0,3.0,4.0,0.0,13.0,1.0,1.0,2.0,196.0
1.0,0.0,0.0,1.0,0.0,1.0,0.0,0.0,0.0,0.0,0.0,0.0,1.0,0.0,0.0,0.0,1.0,0.0,0.0,0.0,0.0,13.0,3.0,13.0,2.0,3.0,4.0,2.0,0.0,15.0,1.0,12.0,8.0,298.0
0.0,0.0,1.0,0.0,0.0,1.0,0.0,1.0,0.0,0.0,0.0,0.0,0.0,0.0,0.0,0.0,0.0,1.0,0.0,0.0,0.0,18.0,2.0,10.0,2.0,5.0,3.0,5.0,0.0,21.0,1.0,1.0,3.0,198.0
0.0,0.0,0.0,1.0,1.0,0.0,0.0,0.0,0.0,0.0,0.0,1.0,0.0,0.0,1.0,0.0,0.0,0.0,0.0,0.0,0.0,3.0,1.0,8.0,3.0,4.0,5.0,1.0,0.0,16.0,0.0,1.0,7.0,150.0
1.0,0.0,1.0,0.0,1.0,0.0,0.0,0.0,0.0,0.0,1.0,0.0,0.0,1.0,0.0,0.0,0.0,0.0,0.0,0.0,0.0,9.0,2.0,16.0,2.0,3.0,1.0,1.0,0.0,14.0,1.0,2.0,1.0,121.0
0.0,0.0,1.0,0.0,1.0,0.0,0.0,0.0,0.0,0.0,1.0,0.0,0.0,0.0,0.0,0.0,0.0,0.0,0.0,1.0,1.0,9.0,2.0,14.0,3.0,4.0,1.0,7.0,0.0,11.0,1.0,1.0,2.0,122.0
1.0,0.0,1.0,0.0,0.0,1.0,0.0,0.0,0.0,1.0,0.0,0.0,0.0,0.0,1.0,0.0,0.0,0.0,0.0,0.0,0.0,4.0,3.0,11.0,2.0,3.0,3.0,2.0,0.0,19.0,0.0,1.0,2.0,183.0
0.0,0.0,0.0,1.0,0.0,0.0,1.0,0.0,0.0,0.0,1.0,0.0,0.0,1.0,0.0,0.0,0.0,0.0,0.0,0.0,0.0,0.0,1.0,14.0,3.0,3.0,1.0,2.0,0.0,11.0,1.0,1.0,4.0,134.0
0.0,0.0,0.0,1.0,0.0,0.0,1.0,0.0,0.0,0.0,1.0,0.0,0.0,0.0,0.0,0.0,0.0,0.0,1.0,0.0,1.0,0.0,3.0,15.0,3.0,5.0,4.0,2.0,0.0,13.0,1.0,2.0,2.0,128.0
1.0,0.0,0.0,1.0,1.0,0.0,0.0,0.0,0.0,1.0,0.0,0.0,0.0,0.0,0.0,0.0,0.0,1.0,0.0,0.0,0.0,2.0,1.0,6.0,3.0,1.0,3.0,9.0,1.0,12.0,0.0,1.0,2.0,163.0
1.0,0.0,1.0,0.0,0.0,1.0,0.0,1.0,0.0,0.0,0.0,0.0,0.0,0.0,0.0,0.0,0.0,0.0,1.0,0.0,0.0,3.0,3.0,21.0,3.0,4.0,5.0,3.0,0.0,11.0,0.0,1.0,7.0,171.0
1.0,0.0,1.0,0.0,0.0,0.0,1.0,0.0,0.0,0.0,1.0,0.0,0.0,1.0,0.0,0.0,0.0,0.0,0.0,0.0,0.0,7.0,1.0,8.0,3.0,1.0,1.0,1.0,1.0,14.0,0.0,1.0,2.0,129.0
0.0,0.0,0.0,1.0,1.0,0.0,0.0,0.0,0.0,1.0,0.0,0.0,0.0,0.0,0.0,0.0,0.0,0.0,1.0,0.0,0.0,6.0,3.0,8.0,3.0,3.0,4.0,9.0,0.0,15.0,0.0,1.0,7.0,151.0
0.0,0.0,0.0,1.0,0.0,0.0,1.0,0.0,0.0,1.0,0.0,0.0,0.0,0.0,0.0,0.0,0.0,0.0,1.0,0.0,0.0,22.0,3.0,17.0,3.0,3.0,1.0,4.0,0.0,12.0,0.0,1.0,4.0,145.0
0.0,0.0,0.0,1.0,0.0,1.0,0.0,1.0,0.0,0.0,0.0,0.0,0.0,0.0,0.0,0.0,0.0,1.0,0.0,0.0,1.0,0.0,3.0,22.0,3.0,3.0,5.0,3.0,1.0,20.0,0.0,1.0,0.0,186.0
0.0,0.0,1.0,0.0,1.0,0.0,0.0,0.0,0.0,0.0,1.0,0.0,0.0,1.0,0.0,0.0,0.0,0.0,0.0,0.0,0.0,11.0,1.0,14.0,3.0,4.0,4.0,5.0,0.0,14.0,0.0,1.0,5.0,125.0
1.0,0.0,1.0,0.0,0.0,1.0,0.0,1.0,0.0,0.0,0.0,0.0,0.0,0.0,0.0,0.0,0.0,0.0,1.0,0.0,1.0,0.0,3.0,22.0,3.0,3.0,3.0,3.0,0.0,13.0,1.0,1.0,0.0,182.0
0.0,0.0,1.0,0.0,0.0,0.0,1.0,0.0,0.0,0.0,1.0,0.0,0.0,0.0,0.0,1.0,0.0,0.0,0.0,0.0,0.0,9.0,1.0,10.0,3.0,4.0,5.0,2.0,0.0,13.0,0.0,1.0,0.0,121.0
1.0,0.0,1.0,0.0,0.0,1.0,0.0,0.0,0.0,1.0,0.0,0.0,0.0,0.0,0.0,0.0,0.0,1.0,0.0,0.0,0.0,0.0,1.0,22.0,2.0,1.0,3.0,4.0,0.0,16.0,1.0,1.0,7.0,153.0
1.0,0.0,0.0,1.0,1.0,0.0,0.0,0.0,0.0,0.0,1.0,0.0,0.0,0.0,1.0,0.0,0.0,0.0,0.0,0.0,0.0,5.0,1.0,11.0,3.0,3.0,4.0,3.0,0.0,14.0,1.0,1.0,7.0,127.0
1.0,0.0,1.0,0.0,0.0,1.0,0.0,0.0,0.0,1.0,0.0,0.0,0.0,0.0,0.0,0.0,1.0,0.0,0.0,0.0,0.0,11.0,1.0,24.0,2.0,5.0,1.0,4.0,1.0,16.0,0.0,1.0,0.0,158.0
1.0,0.0,1.0,0.0,1.0,0.0,0.0,0.0,0.0,0.0,1.0,0.0,0.0,0.0,1.0,0.0,0.0,0.0,0.0,0.0,1.0,6.0,1.0,14.0,2.0,4.0,3.0,10.0,1.0,16.0,1.0,1.0,0.0,124.0
1.0,0.0,1.0,0.0,0.0,0.0,1.0,0.0,0.0,0.0,1.0,0.0,0.0,1.0,0.0,0.0,0.0,0.0,0.0,0.0,0.0,15.0,1.0,18.0,3.0,3.0,4.0,9.0,0.0,22.0,1.0,1.0,4.0,128.0
1.0,0.0,1.0,0.0,0.0,1.0,0.0,0.0,0.0,0.0,0.0,0.0,1.0,0.0,0.0,0.0,1.0,0.0,0.0,0.0,0.0,28.0,1.0,8.0,2.0,4.0,5.0,9.0,0.0,12.0,1.0,1.0,0.0,290.0
1.0,0.0,1.0,0.0,1.0,0.0,0.0,0.0,0.0,1.0,0.0,0.0,0.0,0.0,1.0,0.0,0.0,0.0,0.0,0.0,0.0,6.0,1.0,10.0,3.0,3.0,4.0,6.0,0.0,15.0,0.0,1.0,7.0,131.0
1.0,0.0,1.0,0.0,0.0,0.0,1.0,0.0,0.0,0.0,1.0,0.0,0.0,0.0,0.0,0.0,0.0,1.0,0.0,0.0,0.0,9.0,1.0,15.0,3.0,3.0,5.0,2.0,0.0,20.0,1.0,1.0,4.0,123.0
1.0,0.0,1.0,0.0,1.0,0.0,0.0,0.0,0.0,1.0,0.0,0.0,0.0,0.0,0.0,0.0,0.0,1.0,0.0,0.0,0.0,7.0,3.0,16.0,2.0,3.0,3.0,2.0,1.0,14.0,1.0,1.0,7.0,140.0
0.0,0.0,1.0,0.0,1.0,0.0,0.0,0.0,1.0,0.0,0.0,0.0,0.0,0.0,0.0,0.0,1.0,0.0,0.0,0.0,0.0,26.0,1.0,6.0,2.0,4.0,3.0,5.0,1.0,20.0,0.0,1.0,4.543490512868683,230.0
1.0,0.0,0.0,1.0,0.0,0.0,1.0,0.0,0.0,0.0,1.0,0.0,0.0,0.0,0.0,0.0,0.0,1.0,0.0,0.0,0.0,16.0,2.0,8.0,3.0,3.0,1.0,1.0,0.0,13.0,0.0,1.0,8.0,135.0
0.0,0.0,0.0,1.0,0.0,1.0,0.0,0.0,0.0,1.0,0.0,0.0,0.0,0.0,0.0,0.0,0.0,1.0,0.0,0.0,0.0,7.0,3.0,9.0,2.0,5.0,1.0,6.0,0.0,12.0,1.0,2.0,2.0,160.0
1.0,0.0,0.0,1.0,0.0,0.0,1.0,0.0,0.0,0.0,1.0,0.0,0.0,0.0,0.0,0.0,0.0,0.0,1.0,0.0,1.0,0.0,3.0,13.0,3.0,3.0,4.0,2.0,0.0,13.0,1.0,1.0,0.0,127.0
0.0,0.0,1.0,0.0,0.0,0.0,1.0,0.0,0.0,0.0,0.0,1.0,0.0,0.0,0.0,0.0,0.0,0.0,0.0,1.0,0.0,11.0,1.0,12.0,2.0,4.0,3.0,2.0,0.0,11.0,0.0,1.0,4.0,137.0
0.0,0.0,1.0,0.0,0.0,0.0,1.0,0.0,0.0,0.0,1.0,0.0,0.0,1.0,0.0,0.0,0.0,0.0,0.0,0.0,1.0,0.0,1.0,14.0,3.0,3.0,5.0,2.0,1.0,17.0,0.0,1.0,0.0,124.0
0.0,0.0,1.0,0.0,0.0,1.0,0.0,0.0,0.0,1.0,0.0,0.0,0.0,0.0,0.0,0.0,0.0,0.0,1.0,0.0,0.0,4.0,3.0,35.0,3.0,4.0,1.0,2.0,0.0,14.0,2.0,5.0,7.0,155.0
0.0,0.0,1.0,0.0,0.0,1.0,0.0,1.0,0.0,0.0,0.0,0.0,0.0,0.0,0.0,1.0,0.0,0.0,0.0,0.0,0.0,24.0,1.0,9.0,2.0,3.0,3.0,3.0,0.0,11.0,2.0,2.0,4.543490512868683,231.0
1.0,0.0,1.0,0.0,0.0,0.0,1.0,0.0,0.0,1.0,0.0,0.0,0.0,0.0,0.0,0.0,0.0,0.0,1.0,0.0,0.0,10.0,3.0,15.0,2.0,4.0,4.0,2.0,0.0,14.0,0.0,1.0,3.0,142.0
1.0,0.0,1.0,0.0,0.0,1.0,0.0,0.0,0.0,0.0,0.0,0.0,1.0,0.0,0.0,0.0,1.0,0.0,0.0,0.0,0.0,19.0,1.0,8.0,2.0,3.0,1.0,8.0,1.0,15.0,1.0,2.0,2.0,293.0
1.0,0.0,1.0,0.0,0.0,1.0,0.0,1.0,0.0,0.0,0.0,0.0,0.0,0.0,0.0,0.0,0.0,1.0,0.0,0.0,0.0,9.0,1.0,16.0,2.0,3.0,5.0,8.0,1.0,13.0,1.0,5.0,7.0,183.0
1.0,0.0,1.0,0.0,1.0,0.0,0.0,0.0,0.0,0.0,1.0,0.0,0.0,1.0,0.0,0.0,0.0,0.0,0.0,0.0,1.0,7.0,1.0,14.0,2.0,3.0,4.0,2.0,1.0,12.0,1.0,2.0,3.0,123.0
1.0,0.0,1.0,0.0,0.0,0.0,1.0,0.0,0.0,1.0,0.0,0.0,0.0,0.0,0.0,0.0,0.0,0.0,0.0,1.0,0.0,10.0,2.0,14.0,2.0,3.0,4.0,3.0,0.0,13.0,4.0,4.0,7.0,141.0
1.0,0.0,0.0,1.0,0.0,1.0,0.0,0.0,0.0,1.0,0.0,0.0,0.0,0.0,0.0,0.0,0.0,1.0,0.0,0.0,1.0,0.0,3.0,33.0,2.0,3.0,1.0,2.0,1.0,18.0,0.0,7.0,7.0,158.0
1.0,0.0,1.0,0.0,0.0,0.0,1.0,0.0,0.0,0.0,1.0,0.0,0.0,0.0,0.0,0.0,0.0,1.0,0.0,0.0,0.0,6.0,1.0,14.0,3.0,1.0,5.0,7.0,0.0,19.0,6.0,7.0,6.0,131.0
1.0,0.0,1.0,0.0,0.0,0.0,1.0,0.0,0.0,0.0,1.0,0.0,0.0,0.0,0.0,0.0,0.0,1.0,0.0,0.0,0.0,9.0,1.0,6.0,2.0,3.0,1.0,2.0,0.0,11.0,0.0,1.0,3.0,120.0
1.0,0.0,0.0,1.0,0.0,1.0,0.0,1.0,0.0,0.0,0.0,0.0,0.0,0.0,0.0,0.0,1.0,0.0,0.0,0.0,0.0,12.0,1.0,16.0,3.0,3.0,3.0,8.0,0.0,21.0,2.0,2.0,2.0,235.0
1.0,0.0,0.0,1.0,1.0,0.0,0.0,0.0,0.0,1.0,0.0,0.0,0.0,0.0,0.0,0.0,0.0,1.0,0.0,0.0,0.0,19.0,3.0,32.0,3.0,4.0,4.0,9.0,0.0,15.0,2.0,2.0,2.0,180.0
0.0,0.0,1.0,0.0,0.0,0.0,1.0,0.0,0.0,0.0,1.0,0.0,0.0,0.0,0.0,0.0,0.0,1.0,0.0,0.0,0.0,13.0,1.0,8.0,2.0,3.0,5.0,5.0,0.0,17.0,1.0,1.0,2.0,134.0
1.0,0.0,1.0,0.0,0.0,1.0,0.0,0.0,0.0,1.0,0.0,0.0,0.0,0.0,0.0,0.0,1.0,0.0,0.0,0.0,0.0,15.0,1.0,19.0,3.0,1.0,5.0,6.0,0.0,18.0,1.0,1.0,0.0,155.0
1.0,0.0,1.0,0.0,1.0,0.0,0.0,0.0,0.0,1.0,0.0,0.0,0.0,0.0,0.0,0.0,1.0,0.0,0.0,0.0,0.0,8.0,1.0,8.0,2.0,3.0,1.0,3.0,0.0,14.0,0.0,1.0,7.0,158.0
1.0,0.0,1.0,0.0,1.0,0.0,0.0,0.0,0.0,0.0,1.0,0.0,0.0,0.0,0.0,0.0,0.0,0.0,0.0,1.0,0.0,11.0,2.0,14.0,3.0,3.0,4.0,6.0,0.0,13.0,3.0,3.0,8.0,126.0
1.0,0.0,1.0,0.0,1.0,0.0,0.0,0.0,0.0,1.0,0.0,0.0,0.0,0.0,0.0,0.0,0.0,1.0,0.0,0.0,1.0,0.0,1.0,15.0,3.0,3.0,5.0,5.0,0.0,17.0,0.0,1.0,7.0,153.0
1.0,0.0,0.0,1.0,0.0,0.0,1.0,0.0,0.0,1.0,0.0,0.0,0.0,0.0,0.0,0.0,1.0,0.0,0.0,0.0,1.0,0.0,1.0,16.0,2.0,3.0,5.0,2.0,0.0,15.0,0.0,1.0,8.0,142.0
1.0,0.0,1.0,0.0,1.0,0.0,0.0,0.0,0.0,1.0,0.0,0.0,0.0,0.0,0.0,0.0,0.0,1.0,0.0,0.0,0.0,12.0,3.0,26.0,2.0,3.0,1.0,3.0,0.0,18.0,1.0,2.0,2.0,141.0
1.0,0.0,0.0,1.0,1.0,0.0,0.0,0.0,0.0,0.0,1.0,0.0,0.0,0.0,0.0,0.0,0.0,1.0,0.0,0.0,0.0,16.0,1.0,14.0,2.0,3.0,3.0,5.0,0.0,13.0,0.0,1.0,2.0,124.0
1.0,0.0,0.0,1.0,0.0,1.0,0.0,0.0,0.0,1.0,0.0,0.0,0.0,0.0,0.0,0.0,0.0,1.0,0.0,0.0,0.0,14.0,1.0,11.0,2.0,1.0,4.0,4.0,0.0,12.0,1.0,1.0,2.0,169.0
0.0,0.0,1.0,0.0,0.0,1.0,0.0,1.0,0.0,0.0,0.0,0.0,0.0,0.0,0.0,0.0,0.0,0.0,1.0,0.0,0.0,14.0,3.0,10.0,2.0,3.0,3.0,1.0,1.0,13.0,0.0,13.0,5.0,204.0
0.0,0.0,0.0,1.0,0.0,1.0,0.0,1.0,0.0,0.0,0.0,0.0,0.0,0.0,0.0,0.0,1.0,0.0,0.0,0.0,0.0,3.0,1.0,16.0,3.0,3.0,3.0,10.0,0.0,14.0,0.0,1.0,2.0,197.0
0.0,0.0,1.0,0.0,0.0,0.0,1.0,0.0,0.0,0.0,1.0,0.0,0.0,1.0,0.0,0.0,0.0,0.0,0.0,0.0,1.0,9.0,2.0,26.0,3.0,3.0,4.0,1.0,1.0,11.0,0.0,1.0,4.0,121.0
0.0,0.0,1.0,0.0,0.0,1.0,0.0,0.0,0.0,1.0,0.0,0.0,0.0,0.0,0.0,0.0,1.0,0.0,0.0,0.0,1.0,9.0,1.0,27.0,3.0,3.0,4.0,5.0,0.0,22.0,1.0,3.0,7.0,189.0
0.0,0.0,1.0,0.0,0.0,1.0,0.0,0.0,0.0,1.0,0.0,0.0,0.0,0.0,0.0,0.0,0.0,1.0,0.0,0.0,0.0,13.0,1.0,6.0,2.0,3.0,1.0,5.0,0.0,17.0,0.0,1.0,3.0,165.0
1.0,0.0,1.0,0.0,0.0,1.0,0.0,0.0,0.0,1.0,0.0,0.0,0.0,0.0,1.0,0.0,0.0,0.0,0.0,0.0,0.0,7.0,3.0,14.0,3.0,1.0,3.0,2.0,0.0,21.0,0.0,4.0,8.0,168.0
1.0,0.0,1.0,0.0,1.0,0.0,0.0,0.0,1.0,0.0,0.0,0.0,0.0,0.0,0.0,0.0,1.0,0.0,0.0,0.0,0.0,30.0,3.0,8.0,2.0,3.0,4.0,5.0,0.0,22.0,10.0,14.0,14.0,0.0
1.0,0.0,1.0,0.0,0.0,0.0,1.0,0.0,0.0,0.0,1.0,0.0,0.0,1.0,0.0,0.0,0.0,0.0,0.0,0.0,0.0,8.0,1.0,29.0,3.0,5.0,3.0,1.0,0.0,16.0,1.0,1.0,3.0,127.0
0.0,0.0,1.0,0.0,0.0,1.0,0.0,1.0,0.0,0.0,0.0,0.0,0.0,0.0,0.0,0.0,0.0,1.0,0.0,0.0,0.0,20.0,1.0,10.0,3.0,4.0,4.0,9.0,1.0,12.0,2.0,14.0,10.0,203.0
0.0,0.0,1.0,0.0,0.0,0.0,1.0,0.0,0.0,1.0,0.0,0.0,0.0,0.0,0.0,0.0,0.0,1.0,0.0,0.0,0.0,13.0,1.0,18.0,2.0,3.0,5.0,3.0,0.0,12.0,7.0,7.0,7.0,144.0
0.0,0.0,1.0,0.0,0.0,1.0,0.0,0.0,0.0,1.0,0.0,0.0,0.0,0.0,0.0,0.0,1.0,0.0,0.0,0.0,0.0,27.0,1.0,13.0,3.0,3.0,1.0,5.0,0.0,15.0,1.0,1.0,7.0,169.0
0.0,0.0,1.0,0.0,1.0,0.0,0.0,1.0,0.0,0.0,0.0,0.0,0.0,0.0,0.0,0.0,0.0,0.0,1.0,0.0,0.0,4.0,3.0,13.0,3.0,3.0,5.0,3.0,0.0,14.0,2.0,2.0,2.0,196.0
0.0,0.0,1.0,0.0,0.0,0.0,1.0,0.0,0.0,0.0,0.0,1.0,0.0,0.0,0.0,0.0,1.0,0.0,0.0,0.0,0.0,1.0,1.0,6.0,3.0,3.0,5.0,2.0,0.0,25.0,1.0,1.0,2.0,136.0
0.0,0.0,1.0,0.0,0.0,1.0,0.0,0.0,0.0,1.0,0.0,0.0,0.0,0.0,0.0,0.0,0.0,0.0,1.0,0.0,0.0,11.0,3.0,8.0,3.0,5.0,1.0,3.0,1.0,20.0,0.0,1.0,3.0,154.0
1.0,0.0,0.0,1.0,0.0,0.0,1.0,0.0,0.0,1.0,0.0,0.0,0.0,0.0,0.0,0.0,1.0,0.0,0.0,0.0,0.0,0.0,3.0,16.0,2.0,3.0,1.0,2.0,0.0,13.0,0.0,1.0,2.0,147.0
1.0,0.0,1.0,0.0,1.0,0.0,0.0,0.0,1.0,0.0,0.0,0.0,0.0,0.0,0.0,0.0,0.0,1.0,0.0,0.0,0.0,30.0,1.0,21.0,2.0,3.0,3.0,3.0,1.0,14.0,1.0,2.0,2.0,258.0
0.0,0.0,0.0,1.0,1.0,0.0,0.0,0.0,0.0,0.0,0.0,1.0,0.0,0.0,0.0,0.0,1.0,0.0,0.0,0.0,0.0,9.0,1.0,20.0,2.0,3.0,3.0,2.0,0.0,16.0,1.0,1.0,0.0,115.0
1.0,0.0,1.0,0.0,0.0,0.0,1.0,0.0,0.0,0.0,1.0,0.0,0.0,0.0,0.0,0.0,0.0,0.0,0.0,1.0,1.0,0.0,2.0,24.0,3.0,1.0,5.0,1.0,0.0,17.0,1.0,1.0,0.0,130.0
1.0,0.0,1.0,0.0,0.0,0.0,1.0,0.0,0.0,0.0,1.0,0.0,0.0,0.0,0.0,0.0,0.0,0.0,0.0,1.0,1.0,0.0,2.0,14.0,2.0,4.0,5.0,5.0,1.0,15.0,1.0,2.0,0.0,123.0
0.0,0.0,1.0,0.0,1.0,0.0,0.0,0.0,0.0,1.0,0.0,0.0,0.0,0.0,0.0,0.0,0.0,1.0,0.0,0.0,0.0,18.0,3.0,8.0,3.0,3.0,3.0,5.0,0.0,22.0,3.0,5.0,7.0,152.0
0.0,0.0,1.0,0.0,0.0,1.0,0.0,0.0,0.0,1.0,0.0,0.0,0.0,0.0,0.0,0.0,0.0,0.0,0.0,1.0,0.0,9.0,1.0,8.0,3.0,3.0,4.0,5.0,1.0,22.0,0.0,1.0,0.0,170.0
1.0,0.0,1.0,0.0,1.0,0.0,0.0,0.0,0.0,1.0,0.0,0.0,0.0,0.0,0.0,0.0,0.0,1.0,0.0,0.0,0.0,16.0,3.0,8.0,3.0,3.0,1.0,2.0,0.0,20.0,5.0,7.0,7.0,157.0
0.0,0.0,0.0,1.0,1.0,0.0,0.0,0.0,0.0,0.0,1.0,0.0,0.0,0.0,0.0,0.0,0.0,1.0,0.0,0.0,0.0,0.0,1.0,14.0,2.0,3.0,1.0,1.0,1.0,14.0,1.0,1.0,2.0,124.0
1.0,0.0,1.0,0.0,1.0,0.0,0.0,0.0,0.0,0.0,0.0,1.0,0.0,0.0,0.0,0.0,1.0,0.0,0.0,0.0,0.0,2.0,1.0,26.0,2.0,3.0,1.0,2.0,0.0,13.0,1.0,3.0,10.0,138.0
1.0,0.0,0.0,1.0,1.0,0.0,0.0,0.0,0.0,1.0,0.0,0.0,0.0,0.0,0.0,0.0,0.0,0.0,1.0,0.0,0.0,5.0,3.0,16.0,3.0,3.0,1.0,9.0,0.0,13.0,1.0,1.0,0.0,146.0
1.0,0.0,1.0,0.0,1.0,0.0,0.0,0.0,0.0,0.0,1.0,0.0,0.0,0.0,1.0,0.0,0.0,0.0,0.0,0.0,0.0,15.0,1.0,16.0,3.0,3.0,3.0,4.0,0.0,22.0,1.0,3.0,3.0,129.0
0.0,0.0,0.0,1.0,0.0,0.0,1.0,0.0,0.0,0.0,1.0,0.0,0.0,0.0,0.0,0.0,0.0,1.0,0.0,0.0,0.0,9.0,1.0,15.0,3.0,3.0,3.0,5.0,0.0,12.0,1.0,2.0,0.0,121.0
1.0,0.0,1.0,0.0,0.0,1.0,0.0,1.0,0.0,0.0,0.0,0.0,0.0,0.0,0.0,0.0,0.0,1.0,0.0,0.0,0.0,19.0,1.0,8.0,2.0,3.0,1.0,4.0,0.0,14.0,1.0,4.0,7.0,186.0
1.0,0.0,1.0,0.0,1.0,0.0,0.0,0.0,0.0,0.0,1.0,0.0,0.0,0.0,0.0,0.0,0.0,1.0,0.0,0.0,0.0,1.0,2.0,6.0,3.0,3.0,1.0,2.0,0.0,15.0,0.0,2.0,2.0,127.0
1.0,0.0,1.0,0.0,0.0,1.0,0.0,0.0,0.0,1.0,0.0,0.0,0.0,0.0,0.0,0.0,0.0,1.0,0.0,0.0,0.0,2.0,1.0,35.0,3.0,5.0,3.0,9.0,0.0,17.0,1.0,1.0,6.0,164.0
1.0,0.0,0.0,1.0,0.0,0.0,1.0,0.0,0.0,0.0,0.0,1.0,0.0,0.0,0.0,0.0,0.0,1.0,0.0,0.0,0.0,15.0,1.0,14.0,2.0,3.0,3.0,5.0,0.0,13.0,1.0,1.0,0.0,140.0
1.0,0.0,0.0,1.0,0.0,1.0,0.0,0.0,0.0,1.0,0.0,0.0,0.0,0.0,0.0,0.0,0.0,0.0,1.0,0.0,1.0,0.0,3.0,8.0,2.0,4.0,4.0,8.0,1.0,12.0,2.0,2.0,2.0,199.0
0.0,0.0,1.0,0.0,0.0,1.0,0.0,0.0,1.0,0.0,0.0,0.0,0.0,0.0,0.0,1.0,0.0,0.0,0.0,0.0,0.0,19.0,3.0,9.0,2.0,1.0,5.0,3.0,0.0,12.0,1.0,2.0,8.0,232.0
0.0,0.0,1.0,0.0,0.0,0.0,1.0,0.0,0.0,1.0,0.0,0.0,0.0,0.0,0.0,0.0,1.0,0.0,0.0,0.0,0.0,0.0,3.0,29.0,2.0,4.0,3.0,2.0,0.0,21.0,4.0,5.0,8.0,135.0
1.0,0.0,1.0,0.0,0.0,0.0,1.0,0.0,0.0,0.0,1.0,0.0,0.0,1.0,0.0,0.0,0.0,0.0,0.0,0.0,0.0,2.0,2.0,12.0,3.0,4.0,4.0,2.0,0.0,11.0,1.0,1.0,0.0,128.0
0.0,0.0,1.0,0.0,0.0,1.0,0.0,0.0,0.0,0.0,0.0,0.0,1.0,0.0,0.0,0.0,1.0,0.0,0.0,0.0,0.0,16.0,1.0,12.0,2.0,4.0,3.0,8.0,0.0,15.0,3.0,6.0,14.0,294.0
1.0,0.0,1.0,0.0,0.0,1.0,0.0,0.0,0.0,0.0,0.0,0.0,1.0,0.0,0.0,0.0,0.0,1.0,0.0,0.0,0.0,21.0,1.0,16.0,3.0,4.0,4.0,5.0,0.0,15.0,3.0,12.0,9.0,297.0
1.0,0.0,0.0,1.0,1.0,0.0,0.0,0.0,0.0,0.0,1.0,0.0,0.0,0.0,0.0,0.0,0.0,1.0,0.0,0.0,1.0,0.0,1.0,14.0,3.0,4.0,1.0,2.0,1.0,24.0,1.0,1.0,0.0,124.0
0.0,0.0,1.0,0.0,0.0,1.0,0.0,1.0,0.0,0.0,0.0,0.0,0.0,0.0,0.0,0.0,0.0,1.0,0.0,0.0,1.0,9.0,3.0,16.0,3.0,3.0,4.0,6.0,0.0,21.0,0.0,1.0,7.0,173.0
0.0,0.0,1.0,0.0,1.0,0.0,0.0,0.0,0.0,0.0,0.0,1.0,0.0,0.0,0.0,0.0,0.0,1.0,0.0,0.0,0.0,0.0,1.0,21.0,3.0,4.0,5.0,1.0,0.0,19.0,7.0,7.0,3.0,148.0
1.0,0.0,1.0,0.0,0.0,0.0,1.0,0.0,0.0,1.0,0.0,0.0,0.0,0.0,0.0,0.0,0.0,0.0,0.0,1.0,0.0,12.0,1.0,25.0,2.0,3.0,1.0,9.0,0.0,14.0,1.0,2.0,2.0,139.0
1.0,0.0,1.0,0.0,0.0,0.0,1.0,0.0,0.0,0.0,1.0,0.0,0.0,0.0,1.0,0.0,0.0,0.0,0.0,0.0,0.0,28.0,1.0,8.0,3.0,4.0,1.0,9.0,0.0,20.0,0.0,1.0,4.0,127.0
0.0,0.0,1.0,0.0,0.0,0.0,1.0,0.0,0.0,0.0,1.0,0.0,0.0,1.0,0.0,0.0,0.0,0.0,0.0,0.0,0.0,1.0,3.0,9.0,3.0,3.0,4.0,2.0,0.0,19.0,1.0,1.0,0.0,129.0
1.0,0.0,0.0,1.0,0.0,1.0,0.0,0.0,0.0,0.0,0.0,1.0,0.0,0.0,0.0,0.0,1.0,0.0,0.0,0.0,1.0,0.0,3.0,15.0,2.0,3.0,1.0,2.0,0.0,13.0,0.0,1.0,0.0,111.0
1.0,0.0,0.0,1.0,0.0,0.0,1.0,0.0,0.0,0.0,1.0,0.0,0.0,0.0,0.0,0.0,0.0,1.0,0.0,0.0,1.0,0.0,1.0,14.0,3.0,3.0,4.0,2.0,1.0,23.0,1.0,1.0,0.0,125.0
0.0,0.0,1.0,0.0,0.0,1.0,0.0,0.0,0.0,1.0,0.0,0.0,0.0,0.0,1.0,0.0,0.0,0.0,0.0,0.0,0.0,9.0,3.0,16.0,3.0,4.0,3.0,2.0,1.0,13.0,1.0,1.0,7.0,157.0
1.0,0.0,1.0,0.0,0.0,0.0,1.0,0.0,0.0,1.0,0.0,0.0,0.0,0.0,0.0,0.0,0.0,1.0,0.0,0.0,0.0,4.0,1.0,26.0,2.0,3.0,3.0,2.0,0.0,11.0,0.0,1.0,2.0,142.0
1.0,0.0,1.0,0.0,0.0,1.0,0.0,1.0,0.0,0.0,0.0,0.0,0.0,0.0,0.0,0.0,0.0,1.0,0.0,0.0,0.0,7.0,3.0,10.0,3.0,3.0,1.0,3.0,1.0,13.0,0.0,1.0,0.0,197.0
1.0,0.0,0.0,1.0,0.0,0.0,1.0,0.0,0.0,0.0,1.0,0.0,0.0,0.0,0.0,0.0,0.0,1.0,0.0,0.0,0.0,9.0,1.0,13.0,2.0,3.0,5.0,4.0,0.0,14.0,0.0,1.0,2.0,121.0
1.0,0.0,1.0,0.0,0.0,0.0,1.0,0.0,0.0,1.0,0.0,0.0,0.0,0.0,0.0,0.0,1.0,0.0,0.0,0.0,0.0,10.0,1.0,13.0,3.0,3.0,5.0,6.0,1.0,22.0,0.0,1.0,4.0,143.0
0.0,0.0,1.0,0.0,0.0,0.0,1.0,0.0,0.0,1.0,0.0,0.0,0.0,0.0,0.0,0.0,0.0,0.0,0.0,1.0,0.0,8.0,1.0,22.0,2.0,4.0,4.0,1.0,1.0,11.0,1.0,1.0,2.0,148.0
0.0,0.0,1.0,0.0,0.0,1.0,0.0,0.0,0.0,1.0,0.0,0.0,0.0,0.0,0.0,0.0,0.0,1.0,0.0,0.0,0.0,18.0,1.0,31.0,3.0,4.0,1.0,1.0,0.0,13.0,0.0,3.0,8.0,159.0
1.0,0.0,0.0,1.0,1.0,0.0,0.0,0.0,0.0,1.0,0.0,0.0,0.0,0.0,0.0,0.0,0.0,0.0,0.0,1.0,0.0,9.0,2.0,8.0,3.0,4.0,1.0,2.0,0.0,21.0,1.0,1.0,8.0,139.0
1.0,0.0,1.0,0.0,0.0,1.0,0.0,0.0,1.0,0.0,0.0,0.0,0.0,0.0,0.0,0.0,0.0,1.0,0.0,0.0,0.0,13.0,1.0,6.0,3.0,3.0,5.0,3.0,0.0,11.0,1.0,11.0,16.0,268.0
0.0,0.0,1.0,0.0,0.0,0.0,1.0,0.0,0.0,0.0,1.0,0.0,0.0,0.0,0.0,0.0,0.0,1.0,0.0,0.0,0.0,0.0,1.0,6.0,3.0,4.0,3.0,2.0,1.0,13.0,0.0,1.0,0.0,129.0
0.0,0.0,0.0,1.0,0.0,1.0,0.0,0.0,0.0,1.0,0.0,0.0,0.0,0.0,0.0,0.0,1.0,0.0,0.0,0.0,0.0,0.0,3.0,8.0,2.0,1.0,3.0,1.0,0.0,14.0,0.0,1.0,7.0,165.0
0.0,0.0,1.0,0.0,1.0,0.0,0.0,0.0,1.0,0.0,0.0,0.0,0.0,0.0,0.0,0.0,1.0,0.0,0.0,0.0,0.0,21.0,1.0,28.0,2.0,3.0,1.0,4.0,0.0,11.0,1.0,4.0,7.0,272.0
1.0,0.0,1.0,0.0,0.0,1.0,0.0,0.0,0.0,1.0,0.0,0.0,0.0,0.0,0.0,0.0,0.0,1.0,0.0,0.0,0.0,17.0,1.0,6.0,3.0,1.0,5.0,3.0,0.0,15.0,2.0,2.0,2.0,150.0
1.0,0.0,1.0,0.0,1.0,0.0,0.0,0.0,0.0,0.0,1.0,0.0,0.0,0.0,1.0,0.0,0.0,0.0,0.0,0.0,1.0,9.0,1.0,22.0,2.0,5.0,5.0,2.0,1.0,23.0,3.0,3.0,0.0,123.0
1.0,0.0,0.0,1.0,0.0,0.0,1.0,0.0,0.0,0.0,1.0,0.0,0.0,0.0,0.0,0.0,0.0,1.0,0.0,0.0,1.0,19.0,1.0,14.0,3.0,3.0,1.0,2.0,0.0,16.0,0.0,1.0,0.0,126.0
1.0,0.0,1.0,0.0,0.0,1.0,0.0,0.0,0.0,1.0,0.0,0.0,0.0,0.0,0.0,0.0,0.0,0.0,1.0,0.0,0.0,9.0,3.0,23.0,2.0,4.0,4.0,3.0,0.0,16.0,1.0,1.0,3.0,155.0
0.0,0.0,1.0,0.0,0.0,0.0,1.0,0.0,0.0,1.0,0.0,0.0,0.0,0.0,0.0,0.0,0.0,0.0,1.0,0.0,0.0,14.0,3.0,14.0,2.0,3.0,4.0,6.0,0.0,21.0,1.0,1.0,4.0,144.0
1.0,0.0,1.0,0.0,0.0,1.0,0.0,1.0,0.0,0.0,0.0,0.0,0.0,0.0,0.0,0.0,1.0,0.0,0.0,0.0,0.0,15.0,1.0,12.0,2.0,3.0,5.0,10.0,0.0,13.0,3.0,2.0,7.0,233.0
0.0,0.0,1.0,0.0,0.0,1.0,0.0,0.0,0.0,1.0,0.0,0.0,0.0,0.0,0.0,0.0,1.0,0.0,0.0,0.0,0.0,4.0,3.0,16.0,2.0,3.0,1.0,3.0,1.0,11.0,0.0,1.0,4.0,166.0
0.0,0.0,1.0,0.0,0.0,1.0,0.0,0.0,0.0,1.0,0.0,0.0,0.0,0.0,0.0,0.0,1.0,0.0,0.0,0.0,0.0,7.0,3.0,9.0,3.0,4.0,1.0,4.0,1.0,12.0,0.0,1.0,1.0,181.0
0.0,0.0,1.0,0.0,0.0,0.0,1.0,0.0,0.0,0.0,0.0,1.0,0.0,0.0,0.0,0.0,1.0,0.0,0.0,0.0,0.0,4.0,1.0,10.0,3.0,1.0,3.0,9.0,0.0,12.0,2.0,2.0,2.0,140.0
1.0,0.0,1.0,0.0,1.0,0.0,0.0,0.0,0.0,0.0,1.0,0.0,0.0,0.0,0.0,0.0,0.0,0.0,0.0,1.0,0.0,0.0,1.0,14.0,3.0,1.0,1.0,1.0,0.0,18.0,2.0,7.0,7.0,125.0
1.0,0.0,0.0,1.0,1.0,0.0,0.0,0.0,0.0,1.0,0.0,0.0,0.0,0.0,0.0,0.0,1.0,0.0,0.0,0.0,0.0,18.0,1.0,6.0,2.0,3.0,3.0,5.0,0.0,12.0,1.0,1.0,3.0,154.0
1.0,0.0,0.0,1.0,0.0,1.0,0.0,0.0,0.0,1.0,0.0,0.0,0.0,0.0,0.0,0.0,0.0,0.0,1.0,0.0,0.0,6.0,3.0,16.0,2.0,3.0,3.0,2.0,0.0,14.0,0.0,1.0,9.0,155.0
1.0,0.0,1.0,0.0,1.0,0.0,0.0,0.0,0.0,1.0,0.0,0.0,0.0,0.0,0.0,0.0,0.0,1.0,0.0,0.0,0.0,1.0,3.0,6.0,2.0,4.0,1.0,2.0,1.0,12.0,0.0,1.0,7.0,168.0
1.0,0.0,0.0,1.0,1.0,0.0,0.0,0.0,0.0,0.0,0.0,1.0,0.0,0.0,0.0,1.0,0.0,0.0,0.0,0.0,1.0,0.0,3.0,30.0,2.0,1.0,5.0,2.0,0.0,17.0,1.0,1.0,0.0,111.0
0.0,0.0,1.0,0.0,1.0,0.0,0.0,0.0,0.0,1.0,0.0,0.0,0.0,0.0,0.0,0.0,0.0,1.0,0.0,0.0,0.0,12.0,3.0,27.0,2.0,5.0,3.0,7.0,0.0,19.0,0.0,1.0,2.0,157.0
1.0,0.0,1.0,0.0,0.0,0.0,1.0,0.0,0.0,0.0,1.0,0.0,0.0,0.0,1.0,0.0,0.0,0.0,0.0,0.0,0.0,9.0,1.0,8.0,2.0,3.0,4.0,2.0,0.0,11.0,1.0,1.0,2.0,122.0
1.0,0.0,1.0,0.0,1.0,0.0,0.0,0.0,0.0,1.0,0.0,0.0,0.0,0.0,0.0,0.0,0.0,0.0,0.0,1.0,0.0,7.0,1.0,28.0,2.0,4.0,1.0,2.0,1.0,15.0,3.0,6.0,11.0,157.0
0.0,0.0,0.0,1.0,0.0,1.0,0.0,0.0,0.0,1.0,0.0,0.0,0.0,0.0,0.0,0.0,0.0,0.0,1.0,0.0,1.0,0.0,3.0,19.0,2.0,3.0,3.0,4.0,1.0,11.0,2.0,2.0,2.0,199.0
1.0,0.0,1.0,0.0,1.0,0.0,0.0,0.0,0.0,1.0,0.0,0.0,0.0,0.0,1.0,0.0,0.0,0.0,0.0,0.0,0.0,20.0,1.0,20.0,3.0,3.0,4.0,9.0,0.0,18.0,0.0,1.0,7.0,155.0
0.0,0.0,1.0,0.0,0.0,1.0,0.0,0.0,0.0,1.0,0.0,0.0,0.0,0.0,0.0,0.0,0.0,0.0,1.0,0.0,0.0,29.0,3.0,17.0,2.0,4.0,5.0,5.0,0.0,16.0,0.0,1.0,0.0,154.0
1.0,0.0,1.0,0.0,0.0,1.0,0.0,0.0,0.0,1.0,0.0,0.0,0.0,0.0,0.0,0.0,1.0,0.0,0.0,0.0,0.0,12.0,1.0,15.0,2.0,3.0,5.0,2.0,0.0,25.0,4.0,7.0,9.0,152.0
0.0,0.0,1.0,0.0,1.0,0.0,0.0,0.0,0.0,1.0,0.0,0.0,0.0,1.0,0.0,0.0,0.0,0.0,0.0,0.0,0.0,9.0,1.0,14.0,2.0,4.0,4.0,2.0,1.0,16.0,1.0,1.0,7.0,121.0
0.0,0.0,1.0,0.0,0.0,1.0,0.0,0.0,1.0,0.0,0.0,0.0,0.0,0.0,0.0,0.0,0.0,1.0,0.0,0.0,0.0,30.0,3.0,27.0,3.0,3.0,1.0,5.0,1.0,13.0,1.0,1.0,0.0,279.0
0.0,0.0,0.0,1.0,1.0,0.0,0.0,0.0,0.0,0.0,1.0,0.0,0.0,0.0,0.0,0.0,0.0,1.0,0.0,0.0,1.0,0.0,1.0,14.0,2.0,1.0,3.0,4.0,1.0,14.0,0.0,1.0,3.0,124.0
1.0,0.0,1.0,0.0,0.0,0.0,1.0,0.0,0.0,0.0,0.0,1.0,0.0,0.0,0.0,0.0,0.0,1.0,0.0,0.0,0.0,11.0,1.0,15.0,3.0,3.0,1.0,3.0,0.0,19.0,1.0,1.0,3.0,148.0
1.0,0.0,1.0,0.0,1.0,0.0,0.0,0.0,0.0,0.0,0.0,0.0,1.0,0.0,0.0,0.0,0.0,1.0,0.0,0.0,0.0,22.0,1.0,8.0,2.0,3.0,1.0,4.0,0.0,15.0,1.0,4.0,3.0,292.0
1.0,0.0,1.0,0.0,0.0,1.0,0.0,0.0,0.0,1.0,0.0,0.0,0.0,0.0,0.0,0.0,0.0,0.0,1.0,0.0,0.0,15.0,3.0,18.0,3.0,3.0,1.0,4.0,1.0,12.0,0.0,1.0,0.0,151.0
0.0,0.0,1.0,0.0,1.0,0.0,0.0,0.0,0.0,0.0,1.0,0.0,0.0,0.0,0.0,0.0,0.0,0.0,0.0,1.0,1.0,0.0,2.0,28.0,3.0,4.0,4.0,2.0,0.0,12.0,1.0,1.0,0.0,129.0
1.0,0.0,1.0,0.0,0.0,1.0,0.0,0.0,0.0,1.0,0.0,0.0,0.0,0.0,0.0,0.0,1.0,0.0,0.0,0.0,0.0,8.0,3.0,24.0,3.0,3.0,5.0,1.0,0.0,16.0,0.0,1.0,4.0,0.0
1.0,0.0,0.0,1.0,1.0,0.0,0.0,0.0,0.0,0.0,1.0,0.0,0.0,1.0,0.0,0.0,0.0,0.0,0.0,0.0,0.0,9.0,1.0,22.0,2.0,3.0,3.0,2.0,0.0,14.0,0.0,1.0,4.0,121.0
1.0,0.0,1.0,0.0,1.0,0.0,0.0,0.0,0.0,0.0,1.0,0.0,0.0,1.0,0.0,0.0,0.0,0.0,0.0,0.0,0.0,4.0,1.0,9.0,3.0,3.0,5.0,2.0,1.0,13.0,0.0,2.0,3.0,131.0
1.0,0.0,1.0,0.0,1.0,0.0,0.0,0.0,0.0,0.0,1.0,0.0,0.0,0.0,0.0,0.0,0.0,1.0,0.0,0.0,0.0,9.0,1.0,15.0,3.0,1.0,4.0,2.0,0.0,22.0,1.0,1.0,2.0,128.0
1.0,0.0,0.0,1.0,0.0,1.0,0.0,1.0,0.0,0.0,0.0,0.0,0.0,0.0,0.0,0.0,0.0,0.0,1.0,0.0,0.0,7.0,3.0,6.0,2.0,3.0,1.0,2.0,0.0,21.0,1.0,2.0,1.0,199.0
1.0,0.0,1.0,0.0,0.0,1.0,0.0,1.0,0.0,0.0,0.0,0.0,0.0,0.0,0.0,0.0,1.0,0.0,0.0,0.0,0.0,7.0,3.0,19.0,2.0,3.0,3.0,2.0,0.0,18.0,1.0,1.0,1.0,186.0
1.0,0.0,0.0,1.0,0.0,0.0,1.0,0.0,0.0,0.0,1.0,0.0,0.0,1.0,0.0,0.0,0.0,0.0,0.0,0.0,0.0,0.0,1.0,6.0,3.0,3.0,5.0,1.0,0.0,13.0,3.0,7.0,6.0,129.0
1.0,0.0,1.0,0.0,0.0,1.0,0.0,0.0,0.0,1.0,0.0,0.0,0.0,0.0,0.0,0.0,0.0,1.0,0.0,0.0,0.0,2.0,1.0,6.0,2.0,3.0,5.0,1.0,0.0,12.0,1.0,1.0,2.0,154.0
0.0,0.0,1.0,0.0,1.0,0.0,0.0,0.0,0.0,1.0,0.0,0.0,0.0,0.0,0.0,0.0,1.0,0.0,0.0,0.0,0.0,5.0,1.0,21.0,2.0,3.0,1.0,6.0,0.0,18.0,0.0,1.0,2.0,167.0
1.0,0.0,1.0,0.0,1.0,0.0,0.0,0.0,0.0,1.0,0.0,0.0,0.0,0.0,0.0,0.0,0.0,1.0,0.0,0.0,0.0,4.0,1.0,6.0,2.0,5.0,5.0,2.0,0.0,21.0,1.0,8.0,7.0,150.0
1.0,0.0,1.0,0.0,0.0,0.0,1.0,0.0,0.0,0.0,1.0,0.0,0.0,0.0,1.0,0.0,0.0,0.0,0.0,0.0,1.0,0.0,1.0,14.0,2.0,4.0,1.0,6.0,0.0,12.0,0.0,1.0,3.0,124.0
1.0,0.0,0.0,1.0,0.0,0.0,1.0,0.0,0.0,0.0,1.0,0.0,0.0,0.0,0.0,0.0,0.0,1.0,0.0,0.0,0.0,11.0,3.0,6.0,3.0,4.0,5.0,5.0,0.0,14.0,0.0,1.0,0.0,129.0
0.0,0.0,1.0,0.0,0.0,1.0,0.0,0.0,0.0,1.0,0.0,0.0,0.0,0.0,0.0,0.0,0.0,1.0,0.0,0.0,0.0,8.0,3.0,13.0,2.0,3.0,1.0,2.0,1.0,11.0,1.0,1.0,9.0,152.0
1.0,0.0,0.0,1.0,0.0,0.0,1.0,0.0,0.0,1.0,0.0,0.0,0.0,0.0,0.0,0.0,0.0,0.0,1.0,0.0,0.0,0.0,3.0,15.0,2.0,3.0,1.0,2.0,0.0,14.0,0.0,1.0,7.0,141.0
1.0,0.0,0.0,1.0,0.0,1.0,0.0,0.0,0.0,1.0,0.0,0.0,0.0,0.0,0.0,0.0,0.0,1.0,0.0,0.0,0.0,5.0,1.0,11.0,2.0,4.0,1.0,9.0,0.0,24.0,0.0,1.0,0.0,197.0
1.0,0.0,1.0,0.0,1.0,0.0,0.0,0.0,0.0,1.0,0.0,0.0,0.0,0.0,0.0,0.0,0.0,0.0,1.0,0.0,1.0,0.0,3.0,32.0,3.0,3.0,1.0,2.0,1.0,11.0,0.0,1.0,8.0,156.0
1.0,0.0,0.0,1.0,0.0,1.0,0.0,1.0,0.0,0.0,0.0,0.0,0.0,0.0,0.0,0.0,0.0,1.0,0.0,0.0,1.0,16.0,3.0,30.0,3.0,3.0,5.0,7.0,1.0,13.0,2.0,2.0,2.0,204.0
0.0,0.0,1.0,0.0,0.0,0.0,1.0,0.0,0.0,1.0,0.0,0.0,0.0,0.0,0.0,0.0,0.0,1.0,0.0,0.0,0.0,27.0,1.0,15.0,3.0,3.0,3.0,4.0,0.0,11.0,0.0,2.0,3.0,129.0
1.0,0.0,1.0,0.0,1.0,0.0,0.0,0.0,0.0,1.0,0.0,0.0,0.0,0.0,0.0,0.0,0.0,1.0,0.0,0.0,0.0,6.0,1.0,13.0,2.0,3.0,3.0,2.0,0.0,20.0,2.0,2.0,8.0,160.0
1.0,0.0,1.0,0.0,0.0,1.0,0.0,1.0,0.0,0.0,0.0,0.0,0.0,0.0,0.0,0.0,0.0,1.0,0.0,0.0,0.0,16.0,1.0,17.0,1.0,3.0,3.0,2.0,0.0,17.0,1.0,1.0,9.0,175.0
1.0,0.0,1.0,0.0,1.0,0.0,0.0,0.0,0.0,0.0,1.0,0.0,0.0,0.0,0.0,0.0,0.0,0.0,0.0,1.0,0.0,11.0,2.0,6.0,3.0,3.0,4.0,1.0,1.0,11.0,1.0,1.0,2.0,130.0
1.0,0.0,1.0,0.0,0.0,1.0,0.0,0.0,0.0,0.0,0.0,0.0,1.0,0.0,0.0,0.0,0.0,0.0,0.0,1.0,0.0,28.0,2.0,32.0,3.0,1.0,4.0,5.0,1.0,15.0,1.0,1.0,4.0,296.0
0.0,0.0,1.0,0.0,0.0,1.0,0.0,0.0,0.0,0.0,0.0,1.0,0.0,0.0,0.0,0.0,1.0,0.0,0.0,0.0,0.0,4.0,1.0,8.0,2.0,5.0,1.0,2.0,1.0,11.0,1.0,1.0,0.0,111.0
1.0,0.0,0.0,1.0,0.0,1.0,0.0,0.0,1.0,0.0,0.0,0.0,0.0,0.0,0.0,0.0,0.0,0.0,1.0,0.0,0.0,12.0,3.0,21.0,3.0,3.0,5.0,1.0,0.0,12.0,4.0,2.0,10.0,233.0
1.0,0.0,0.0,1.0,1.0,0.0,0.0,0.0,0.0,1.0,0.0,0.0,0.0,0.0,0.0,0.0,0.0,1.0,0.0,0.0,0.0,15.0,1.0,29.0,2.0,4.0,3.0,2.0,0.0,12.0,2.0,3.0,7.0,143.0
0.0,0.0,1.0,0.0,1.0,0.0,0.0,1.0,0.0,0.0,0.0,0.0,0.0,0.0,0.0,0.0,1.0,0.0,0.0,0.0,0.0,4.0,1.0,16.0,2.0,3.0,3.0,5.0,0.0,20.0,3.0,4.0,4.543490512868683,210.0
0.0,0.0,0.0,1.0,0.0,0.0,1.0,0.0,0.0,1.0,0.0,0.0,0.0,0.0,0.0,0.0,1.0,0.0,0.0,0.0,0.0,27.0,1.0,16.0,3.0,3.0,5.0,7.0,1.0,19.0,0.0,1.0,4.0,144.0
1.0,0.0,0.0,1.0,0.0,0.0,1.0,0.0,0.0,1.0,0.0,0.0,0.0,0.0,0.0,0.0,0.0,1.0,0.0,0.0,0.0,0.0,1.0,6.0,2.0,4.0,3.0,2.0,0.0,12.0,1.0,1.0,2.0,146.0
1.0,0.0,0.0,1.0,0.0,0.0,1.0,0.0,0.0,0.0,1.0,0.0,0.0,0.0,0.0,0.0,0.0,0.0,0.0,1.0,0.0,0.0,1.0,14.0,3.0,3.0,1.0,2.0,0.0,13.0,1.0,1.0,4.0,126.0
0.0,0.0,1.0,0.0,1.0,0.0,0.0,0.0,0.0,1.0,0.0,0.0,0.0,0.0,1.0,0.0,0.0,0.0,0.0,0.0,0.0,13.0,1.0,17.0,3.0,3.0,3.0,2.0,0.0,11.0,2.0,9.0,4.0,163.0
0.0,0.0,1.0,0.0,0.0,1.0,0.0,0.0,0.0,1.0,0.0,0.0,0.0,0.0,0.0,0.0,0.0,0.0,1.0,0.0,0.0,13.0,3.0,8.0,3.0,3.0,4.0,4.0,0.0,14.0,1.0,5.0,10.0,157.0
0.0,0.0,1.0,0.0,0.0,0.0,1.0,0.0,0.0,0.0,1.0,0.0,0.0,0.0,0.0,0.0,0.0,0.0,0.0,1.0,0.0,9.0,2.0,8.0,2.0,3.0,4.0,5.0,0.0,14.0,0.0,1.0,2.0,122.0
1.0,0.0,1.0,0.0,0.0,0.0,1.0,0.0,0.0,0.0,0.0,1.0,0.0,0.0,0.0,0.0,1.0,0.0,0.0,0.0,0.0,3.0,1.0,6.0,3.0,3.0,4.0,2.0,0.0,13.0,0.0,1.0,7.0,137.0
1.0,0.0,1.0,0.0,0.0,0.0,1.0,0.0,0.0,0.0,0.0,1.0,0.0,0.0,0.0,0.0,0.0,0.0,0.0,1.0,0.0,0.0,1.0,8.0,2.0,3.0,3.0,7.0,1.0,19.0,0.0,1.0,2.0,140.0
1.0,0.0,0.0,1.0,0.0,1.0,0.0,1.0,0.0,0.0,0.0,0.0,0.0,0.0,0.0,0.0,1.0,0.0,0.0,0.0,0.0,20.0,1.0,31.0,2.0,3.0,3.0,3.0,0.0,23.0,1.0,12.0,11.0,186.0
1.0,0.0,1.0,0.0,1.0,0.0,0.0,0.0,0.0,0.0,1.0,0.0,0.0,1.0,0.0,0.0,0.0,0.0,0.0,0.0,0.0,9.0,1.0,6.0,2.0,4.0,3.0,2.0,0.0,12.0,0.0,1.0,0.0,120.0
1.0,0.0,1.0,0.0,0.0,0.0,1.0,0.0,0.0,1.0,0.0,0.0,0.0,0.0,0.0,0.0,0.0,1.0,0.0,0.0,0.0,11.0,3.0,6.0,2.0,3.0,4.0,1.0,0.0,15.0,4.0,5.0,8.0,144.0
1.0,0.0,1.0,0.0,0.0,0.0,1.0,0.0,0.0,0.0,1.0,0.0,0.0,0.0,0.0,0.0,0.0,1.0,0.0,0.0,0.0,4.0,3.0,8.0,3.0,3.0,3.0,1.0,0.0,19.0,1.0,1.0,2.0,131.0
1.0,0.0,1.0,0.0,1.0,0.0,0.0,0.0,0.0,1.0,0.0,0.0,0.0,0.0,0.0,0.0,0.0,1.0,0.0,0.0,0.0,11.0,1.0,12.0,3.0,4.0,3.0,3.0,0.0,11.0,2.0,7.0,7.0,153.0
1.0,0.0,1.0,0.0,0.0,1.0,0.0,0.0,0.0,1.0,0.0,0.0,0.0,0.0,0.0,0.0,0.0,1.0,0.0,0.0,0.0,15.0,1.0,24.0,2.0,3.0,5.0,7.0,1.0,17.0,0.0,1.0,2.0,154.0
1.0,0.0,1.0,0.0,0.0,0.0,1.0,0.0,0.0,0.0,1.0,0.0,0.0,0.0,0.0,0.0,0.0,1.0,0.0,0.0,0.0,14.0,1.0,6.0,3.0,3.0,1.0,4.0,0.0,22.0,0.0,1.0,0.0,128.0
0.0,0.0,1.0,0.0,1.0,0.0,0.0,1.0,0.0,0.0,0.0,0.0,0.0,0.0,0.0,0.0,1.0,0.0,0.0,0.0,0.0,20.0,1.0,6.0,3.0,3.0,4.0,1.0,0.0,18.0,0.0,5.0,4.543490512868683,220.0
1.0,0.0,1.0,0.0,0.0,0.0,1.0,0.0,0.0,0.0,1.0,0.0,0.0,1.0,0.0,0.0,0.0,0.0,0.0,0.0,0.0,8.0,1.0,17.0,2.0,3.0,3.0,8.0,1.0,11.0,0.0,2.0,2.0,127.0
1.0,0.0,0.0,1.0,0.0,0.0,1.0,0.0,0.0,0.0,1.0,0.0,0.0,0.0,0.0,0.0,0.0,1.0,0.0,0.0,0.0,0.0,1.0,6.0,3.0,3.0,3.0,1.0,0.0,12.0,0.0,1.0,2.0,134.0
1.0,0.0,0.0,1.0,0.0,1.0,0.0,0.0,0.0,1.0,0.0,0.0,0.0,0.0,0.0,0.0,1.0,0.0,0.0,0.0,0.0,8.0,1.0,15.0,2.0,3.0,3.0,2.0,0.0,19.0,0.0,1.0,8.0,151.0
0.0,0.0,1.0,0.0,0.0,1.0,0.0,0.0,0.0,1.0,0.0,0.0,0.0,0.0,0.0,0.0,1.0,0.0,0.0,0.0,0.0,6.0,1.0,21.0,3.0,3.0,1.0,1.0,1.0,13.0,5.0,8.0,1.0,12.0
0.0,0.0,0.0,1.0,0.0,0.0,1.0,0.0,0.0,0.0,1.0,0.0,0.0,0.0,0.0,0.0,0.0,1.0,0.0,0.0,0.0,5.0,1.0,35.0,3.0,4.0,4.0,2.0,0.0,13.0,3.0,4.0,1.0,128.0
1.0,0.0,1.0,0.0,0.0,0.0,1.0,0.0,0.0,0.0,1.0,0.0,0.0,0.0,0.0,0.0,0.0,1.0,0.0,0.0,0.0,13.0,1.0,14.0,2.0,3.0,1.0,9.0,0.0,19.0,0.0,1.0,0.0,124.0
1.0,0.0,1.0,0.0,0.0,0.0,1.0,0.0,0.0,0.0,1.0,0.0,0.0,1.0,0.0,0.0,0.0,0.0,0.0,0.0,0.0,9.0,3.0,6.0,3.0,4.0,4.0,1.0,0.0,14.0,0.0,2.0,2.0,123.0
1.0,0.0,0.0,1.0,0.0,0.0,1.0,0.0,0.0,1.0,0.0,0.0,0.0,0.0,0.0,0.0,0.0,1.0,0.0,0.0,0.0,12.0,1.0,30.0,2.0,3.0,1.0,8.0,0.0,13.0,1.0,1.0,7.0,141.0
0.0,0.0,1.0,0.0,0.0,1.0,0.0,1.0,0.0,0.0,0.0,0.0,0.0,0.0,0.0,0.0,1.0,0.0,0.0,0.0,0.0,11.0,1.0,16.0,2.0,5.0,3.0,4.0,0.0,12.0,1.0,2.0,11.0,232.0
0.0,0.0,1.0,0.0,0.0,1.0,0.0,1.0,0.0,0.0,0.0,0.0,0.0,0.0,0.0,0.0,0.0,0.0,1.0,0.0,0.0,5.0,3.0,6.0,2.0,3.0,1.0,2.0,0.0,19.0,3.0,5.0,7.0,204.0
0.0,0.0,1.0,0.0,0.0,1.0,0.0,1.0,0.0,0.0,0.0,0.0,0.0,0.0,0.0,0.0,0.0,1.0,0.0,0.0,0.0,10.0,1.0,16.0,2.0,1.0,1.0,2.0,1.0,25.0,0.0,2.0,8.0,237.0
0.0,0.0,1.0,0.0,0.0,0.0,1.0,0.0,0.0,1.0,0.0,0.0,0.0,0.0,0.0,0.0,0.0,0.0,0.0,1.0,0.0,0.0,3.0,14.0,2.0,3.0,3.0,1.0,1.0,22.0,1.0,1.0,4.0,149.0
1.0,0.0,1.0,0.0,1.0,0.0,0.0,0.0,0.0,0.0,1.0,0.0,0.0,0.0,0.0,0.0,0.0,1.0,0.0,0.0,0.0,25.0,3.0,126.0,2.0,3.0,1.0,3.0,0.0,15.0,1.0,1.0,0.0,135.0
1.0,0.0,0.0,1.0,0.0,0.0,1.0,0.0,0.0,0.0,1.0,0.0,0.0,1.0,0.0,0.0,0.0,0.0,0.0,0.0,0.0,17.0,1.0,14.0,2.0,3.0,1.0,7.0,1.0,12.0,0.0,1.0,2.0,124.0
1.0,0.0,0.0,1.0,0.0,0.0,1.0,0.0,0.0,0.0,1.0,0.0,0.0,1.0,0.0,0.0,0.0,0.0,0.0,0.0,0.0,0.0,3.0,14.0,2.0,3.0,5.0,2.0,1.0,11.0,1.0,1.0,2.0,124.0
1.0,0.0,0.0,1.0,1.0,0.0,0.0,0.0,0.0,0.0,0.0,0.0,1.0,0.0,0.0,0.0,0.0,1.0,0.0,0.0,0.0,12.0,1.0,15.0,2.0,3.0,1.0,3.0,0.0,15.0,0.0,1.0,3.0,294.0
1.0,0.0,1.0,0.0,1.0,0.0,0.0,0.0,0.0,0.0,0.0,1.0,0.0,0.0,0.0,0.0,0.0,0.0,1.0,0.0,1.0,9.0,3.0,15.0,2.0,3.0,5.0,2.0,0.0,19.0,1.0,1.0,0.0,118.0
0.0,0.0,1.0,0.0,0.0,1.0,0.0,1.0,0.0,0.0,0.0,0.0,0.0,0.0,0.0,0.0,1.0,0.0,0.0,0.0,0.0,9.0,3.0,9.0,3.0,4.0,1.0,1.0,0.0,19.0,3.0,3.0,4.0,176.0
0.0,0.0,1.0,0.0,1.0,0.0,0.0,0.0,0.0,1.0,0.0,0.0,0.0,0.0,0.0,0.0,0.0,1.0,0.0,0.0,0.0,9.0,1.0,10.0,3.0,3.0,4.0,8.0,0.0,13.0,1.0,1.0,2.0,151.0
1.0,0.0,1.0,0.0,1.0,0.0,0.0,0.0,0.0,1.0,0.0,0.0,0.0,0.0,0.0,0.0,0.0,1.0,0.0,0.0,0.0,29.0,1.0,6.0,2.0,3.0,3.0,2.0,0.0,21.0,0.0,1.0,9.0,163.0
1.0,0.0,1.0,0.0,0.0,0.0,1.0,0.0,0.0,0.0,0.0,1.0,0.0,0.0,0.0,0.0,1.0,0.0,0.0,0.0,1.0,0.0,1.0,6.0,2.0,3.0,1.0,10.0,1.0,14.0,2.0,2.0,2.0,148.0
1.0,0.0,1.0,0.0,0.0,1.0,0.0,0.0,0.0,0.0,0.0,0.0,1.0,0.0,0.0,0.0,0.0,1.0,0.0,0.0,0.0,15.0,1.0,8.0,2.0,3.0,3.0,6.0,0.0,11.0,1.0,4.0,14.0,289.0
1.0,0.0,1.0,0.0,0.0,0.0,1.0,0.0,0.0,0.0,1.0,0.0,0.0,0.0,1.0,0.0,0.0,0.0,0.0,0.0,1.0,19.0,1.0,14.0,3.0,3.0,3.0,9.0,0.0,11.0,6.0,9.0,8.0,123.0
0.0,0.0,1.0,0.0,0.0,1.0,0.0,0.0,1.0,0.0,0.0,0.0,0.0,0.0,0.0,0.0,0.0,1.0,0.0,0.0,0.0,14.0,1.0,34.0,2.0,4.0,4.0,1.0,0.0,23.0,1.0,2.0,10.0,236.0
0.0,0.0,1.0,0.0,0.0,1.0,0.0,0.0,0.0,1.0,0.0,0.0,0.0,0.0,0.0,0.0,0.0,0.0,1.0,0.0,0.0,7.0,3.0,34.0,3.0,4.0,3.0,2.0,0.0,21.0,1.0,1.0,7.0,167.0
1.0,0.0,1.0,0.0,1.0,0.0,0.0,0.0,0.0,1.0,0.0,0.0,0.0,0.0,0.0,0.0,0.0,0.0,1.0,0.0,0.0,9.0,3.0,21.0,2.0,5.0,1.0,2.0,0.0,24.0,4.0,11.0,11.0,154.0
1.0,0.0,1.0,0.0,0.0,1.0,0.0,0.0,0.0,1.0,0.0,0.0,0.0,0.0,0.0,0.0,0.0,1.0,0.0,0.0,0.0,14.0,3.0,9.0,2.0,4.0,4.0,3.0,0.0,11.0,0.0,1.0,4.0,189.0
1.0,0.0,0.0,1.0,0.0,0.0,1.0,0.0,0.0,0.0,1.0,0.0,0.0,0.0,1.0,0.0,0.0,0.0,0.0,0.0,0.0,5.0,1.0,14.0,3.0,3.0,5.0,2.0,0.0,14.0,1.0,1.0,2.0,124.0
0.0,0.0,0.0,1.0,0.0,1.0,0.0,1.0,0.0,0.0,0.0,0.0,0.0,0.0,0.0,0.0,0.0,1.0,0.0,0.0,0.0,8.0,2.0,32.0,2.0,3.0,1.0,2.0,1.0,16.0,1.0,1.0,7.0,188.0
0.0,0.0,1.0,0.0,0.0,1.0,0.0,0.0,0.0,1.0,0.0,0.0,0.0,0.0,0.0,0.0,0.0,1.0,0.0,0.0,0.0,11.0,3.0,16.0,3.0,3.0,1.0,2.0,0.0,11.0,0.0,1.0,9.0,153.0
1.0,0.0,1.0,0.0,1.0,0.0,0.0,0.0,0.0,1.0,0.0,0.0,0.0,0.0,0.0,0.0,0.0,1.0,0.0,0.0,1.0,13.0,3.0,6.0,3.0,3.0,3.0,8.0,0.0,12.0,1.0,1.0,1.0,167.0
0.0,0.0,1.0,0.0,0.0,1.0,0.0,0.0,0.0,1.0,0.0,0.0,0.0,0.0,0.0,0.0,0.0,0.0,1.0,0.0,0.0,9.0,3.0,17.0,3.0,4.0,1.0,5.0,0.0,13.0,1.0,1.0,0.0,167.0
0.0,0.0,0.0,1.0,0.0,0.0,1.0,0.0,0.0,1.0,0.0,0.0,0.0,0.0,0.0,0.0,0.0,1.0,0.0,0.0,0.0,18.0,3.0,26.0,2.0,3.0,3.0,9.0,0.0,15.0,1.0,1.0,1.0,149.0
1.0,0.0,0.0,1.0,0.0,0.0,1.0,0.0,0.0,0.0,1.0,0.0,0.0,0.0,0.0,0.0,0.0,1.0,0.0,0.0,0.0,13.0,1.0,8.0,3.0,4.0,3.0,3.0,0.0,14.0,0.0,2.0,2.0,128.0
1.0,0.0,1.0,0.0,1.0,0.0,0.0,0.0,0.0,1.0,0.0,0.0,0.0,0.0,0.0,0.0,0.0,1.0,0.0,0.0,0.0,8.0,1.0,24.0,3.0,3.0,3.0,2.0,1.0,14.0,1.0,1.0,2.0,157.0
0.0,0.0,1.0,0.0,0.0,1.0,0.0,0.0,0.0,0.0,1.0,0.0,0.0,1.0,0.0,0.0,0.0,0.0,0.0,0.0,0.0,9.0,1.0,8.0,3.0,3.0,3.0,3.0,0.0,14.0,1.0,1.0,2.0,120.0
0.0,0.0,1.0,0.0,0.0,0.0,1.0,0.0,0.0,0.0,1.0,0.0,0.0,0.0,0.0,0.0,0.0,1.0,0.0,0.0,0.0,8.0,1.0,6.0,3.0,5.0,1.0,2.0,0.0,12.0,0.0,1.0,1.0,130.0
1.0,0.0,1.0,0.0,0.0,0.0,1.0,0.0,0.0,1.0,0.0,0.0,0.0,0.0,0.0,0.0,0.0,0.0,0.0,1.0,0.0,2.0,1.0,19.0,2.0,4.0,4.0,5.0,1.0,13.0,1.0,1.0,3.0,140.0
0.0,0.0,0.0,1.0,0.0,0.0,1.0,0.0,0.0,0.0,0.0,1.0,0.0,0.0,0.0,0.0,1.0,0.0,0.0,0.0,0.0,2.0,1.0,34.0,3.0,4.0,5.0,2.0,0.0,14.0,0.0,1.0,4.0,138.0
1.0,0.0,1.0,0.0,0.0,1.0,0.0,1.0,0.0,0.0,0.0,0.0,0.0,0.0,0.0,0.0,0.0,0.0,1.0,0.0,1.0,13.0,3.0,34.0,2.0,4.0,5.0,5.0,1.0,13.0,0.0,2.0,0.0,209.0
0.0,0.0,1.0,0.0,0.0,1.0,0.0,0.0,1.0,0.0,0.0,0.0,0.0,0.0,0.0,0.0,0.0,0.0,1.0,0.0,0.0,12.0,3.0,30.0,2.0,4.0,1.0,1.0,0.0,11.0,1.0,9.0,4.543490512868683,220.0
1.0,0.0,0.0,1.0,1.0,0.0,0.0,0.0,0.0,1.0,0.0,0.0,0.0,0.0,0.0,0.0,1.0,0.0,0.0,0.0,0.0,4.0,1.0,11.0,3.0,3.0,5.0,1.0,0.0,19.0,0.0,1.0,7.0,199.0
0.0,0.0,0.0,1.0,0.0,0.0,1.0,0.0,0.0,0.0,1.0,0.0,0.0,0.0,0.0,0.0,0.0,0.0,0.0,1.0,0.0,0.0,3.0,11.0,3.0,4.0,3.0,1.0,0.0,18.0,0.0,1.0,0.0,130.0
1.0,0.0,1.0,0.0,1.0,0.0,0.0,0.0,0.0,1.0,0.0,0.0,0.0,1.0,0.0,0.0,0.0,0.0,0.0,0.0,0.0,9.0,1.0,14.0,2.0,1.0,1.0,5.0,0.0,17.0,0.0,1.0,3.0,126.0
1.0,0.0,1.0,0.0,0.0,1.0,0.0,1.0,0.0,0.0,0.0,0.0,0.0,0.0,0.0,0.0,1.0,0.0,0.0,0.0,0.0,12.0,1.0,12.0,2.0,4.0,5.0,5.0,0.0,15.0,1.0,1.0,7.0,200.0
1.0,0.0,1.0,0.0,0.0,1.0,0.0,0.0,0.0,1.0,0.0,0.0,0.0,0.0,0.0,0.0,0.0,1.0,0.0,0.0,0.0,0.0,1.0,10.0,2.0,1.0,4.0,2.0,1.0,20.0,1.0,1.0,3.0,161.0
1.0,0.0,1.0,0.0,1.0,0.0,0.0,0.0,0.0,1.0,0.0,0.0,0.0,0.0,0.0,0.0,1.0,0.0,0.0,0.0,0.0,22.0,3.0,8.0,3.0,4.0,4.0,3.0,0.0,14.0,1.0,1.0,8.0,154.0
1.0,0.0,1.0,0.0,0.0,0.0,1.0,0.0,0.0,1.0,0.0,0.0,0.0,0.0,0.0,0.0,1.0,0.0,0.0,0.0,0.0,7.0,1.0,14.0,2.0,1.0,3.0,3.0,0.0,12.0,0.0,1.0,2.0,144.0
0.0,0.0,0.0,1.0,0.0,1.0,0.0,0.0,0.0,1.0,0.0,0.0,0.0,0.0,0.0,0.0,0.0,1.0,0.0,0.0,1.0,4.0,3.0,6.0,3.0,3.0,1.0,9.0,1.0,11.0,0.0,1.0,5.0,160.0
1.0,0.0,1.0,0.0,1.0,0.0,0.0,0.0,0.0,1.0,0.0,0.0,0.0,0.0,0.0,0.0,0.0,1.0,0.0,0.0,0.0,22.0,1.0,14.0,3.0,4.0,4.0,2.0,0.0,23.0,0.0,1.0,7.0,151.0
1.0,0.0,0.0,1.0,0.0,0.0,1.0,0.0,0.0,0.0,1.0,0.0,0.0,0.0,0.0,0.0,0.0,0.0,0.0,1.0,1.0,9.0,1.0,8.0,3.0,4.0,3.0,7.0,1.0,15.0,0.0,1.0,0.0,121.0
0.0,0.0,1.0,0.0,1.0,0.0,0.0,0.0,0.0,0.0,1.0,0.0,0.0,0.0,0.0,0.0,0.0,1.0,0.0,0.0,0.0,6.0,1.0,9.0,3.0,3.0,3.0,2.0,1.0,11.0,2.0,3.0,0.0,129.0
1.0,0.0,1.0,0.0,0.0,0.0,1.0,0.0,0.0,0.0,1.0,0.0,0.0,1.0,0.0,0.0,0.0,0.0,0.0,0.0,0.0,0.0,1.0,8.0,2.0,3.0,4.0,10.0,0.0,12.0,1.0,2.0,2.0,135.0
1.0,0.0,0.0,1.0,1.0,0.0,0.0,0.0,0.0,0.0,1.0,0.0,0.0,0.0,0.0,0.0,0.0,1.0,0.0,0.0,0.0,5.0,1.0,8.0,3.0,3.0,1.0,1.0,0.0,13.0,1.0,3.0,6.0,131.0
0.0,0.0,1.0,0.0,0.0,0.0,1.0,0.0,0.0,0.0,1.0,0.0,0.0,1.0,0.0,0.0,0.0,0.0,0.0,0.0,0.0,30.0,1.0,9.0,3.0,1.0,5.0,5.0,1.0,20.0,0.0,1.0,0.0,127.0
1.0,0.0,1.0,0.0,0.0,0.0,1.0,0.0,0.0,0.0,1.0,0.0,0.0,0.0,0.0,0.0,0.0,1.0,0.0,0.0,0.0,3.0,1.0,30.0,3.0,3.0,3.0,2.0,0.0,22.0,1.0,1.0,0.0,127.0
1.0,0.0,0.0,1.0,1.0,0.0,0.0,1.0,0.0,0.0,0.0,0.0,0.0,0.0,0.0,0.0,0.0,1.0,0.0,0.0,0.0,11.0,1.0,29.0,2.0,4.0,3.0,1.0,0.0,21.0,1.0,1.0,8.0,195.0
1.0,0.0,1.0,0.0,0.0,1.0,0.0,0.0,0.0,1.0,0.0,0.0,0.0,0.0,0.0,0.0,1.0,0.0,0.0,0.0,0.0,9.0,1.0,33.0,3.0,3.0,3.0,7.0,0.0,13.0,0.0,7.0,7.0,152.0
1.0,0.0,1.0,0.0,0.0,0.0,1.0,0.0,0.0,0.0,1.0,0.0,0.0,1.0,0.0,0.0,0.0,0.0,0.0,0.0,0.0,8.0,1.0,14.0,2.0,1.0,4.0,1.0,0.0,13.0,1.0,1.0,3.0,124.0
0.0,0.0,0.0,1.0,0.0,0.0,1.0,0.0,0.0,1.0,0.0,0.0,0.0,0.0,0.0,0.0,0.0,1.0,0.0,0.0,0.0,2.0,1.0,21.0,2.0,4.0,3.0,1.0,1.0,12.0,1.0,1.0,8.0,142.0
1.0,0.0,1.0,0.0,0.0,0.0,1.0,0.0,0.0,0.0,1.0,0.0,0.0,0.0,0.0,0.0,0.0,1.0,0.0,0.0,0.0,4.0,1.0,32.0,3.0,3.0,3.0,2.0,0.0,17.0,3.0,4.0,3.0,129.0
1.0,0.0,1.0,0.0,0.0,0.0,1.0,0.0,0.0,0.0,1.0,0.0,0.0,1.0,0.0,0.0,0.0,0.0,0.0,0.0,0.0,7.0,1.0,25.0,3.0,3.0,1.0,1.0,0.0,11.0,0.0,1.0,2.0,127.0
1.0,0.0,0.0,1.0,0.0,0.0,1.0,0.0,0.0,0.0,1.0,0.0,0.0,0.0,0.0,0.0,0.0,1.0,0.0,0.0,1.0,9.0,1.0,30.0,2.0,4.0,3.0,6.0,1.0,14.0,0.0,1.0,3.0,120.0
0.0,0.0,1.0,0.0,0.0,1.0,0.0,1.0,0.0,0.0,0.0,0.0,0.0,0.0,0.0,0.0,0.0,1.0,0.0,0.0,0.0,2.0,1.0,27.0,2.0,1.0,5.0,2.0,0.0,11.0,6.0,8.0,8.0,200.0
1.0,0.0,1.0,0.0,0.0,0.0,1.0,0.0,0.0,0.0,1.0,0.0,0.0,0.0,0.0,0.0,0.0,1.0,0.0,0.0,0.0,5.0,1.0,11.0,3.0,1.0,4.0,1.0,1.0,12.0,1.0,1.0,5.0,133.0
1.0,0.0,1.0,0.0,1.0,0.0,0.0,0.0,0.0,0.0,1.0,0.0,0.0,1.0,0.0,0.0,0.0,0.0,0.0,0.0,0.0,0.0,1.0,22.0,3.0,1.0,1.0,2.0,1.0,13.0,0.0,1.0,0.0,129.0
0.0,0.0,1.0,0.0,0.0,1.0,0.0,0.0,1.0,0.0,0.0,0.0,0.0,0.0,0.0,0.0,0.0,1.0,0.0,0.0,0.0,26.0,3.0,8.0,3.0,4.0,1.0,3.0,0.0,16.0,0.0,2.0,7.0,254.0
1.0,0.0,0.0,1.0,0.0,0.0,1.0,0.0,0.0,0.0,0.0,1.0,0.0,0.0,0.0,0.0,0.0,1.0,0.0,0.0,0.0,11.0,1.0,8.0,2.0,3.0,1.0,6.0,1.0,11.0,0.0,1.0,2.0,139.0
0.0,0.0,1.0,0.0,1.0,0.0,0.0,0.0,0.0,1.0,0.0,0.0,0.0,0.0,0.0,0.0,0.0,0.0,0.0,1.0,0.0,0.0,1.0,17.0,3.0,1.0,3.0,1.0,0.0,18.0,0.0,1.0,3.0,140.0
1.0,0.0,0.0,1.0,0.0,0.0,1.0,0.0,0.0,0.0,1.0,0.0,0.0,0.0,0.0,0.0,0.0,1.0,0.0,0.0,1.0,0.0,3.0,15.0,2.0,4.0,5.0,8.0,0.0,23.0,0.0,1.0,3.0,134.0
0.0,0.0,0.0,1.0,0.0,1.0,0.0,1.0,0.0,0.0,0.0,0.0,0.0,0.0,0.0,0.0,0.0,1.0,0.0,0.0,0.0,7.0,1.0,13.0,2.0,3.0,4.0,1.0,0.0,11.0,0.0,2.0,4.543490512868683,220.0
1.0,0.0,0.0,1.0,0.0,1.0,0.0,0.0,0.0,0.0,0.0,1.0,0.0,0.0,0.0,0.0,0.0,1.0,0.0,0.0,0.0,9.0,1.0,21.0,3.0,3.0,1.0,2.0,0.0,14.0,1.0,1.0,0.0,112.0
1.0,0.0,0.0,1.0,0.0,0.0,1.0,0.0,0.0,0.0,1.0,0.0,0.0,1.0,0.0,0.0,0.0,0.0,0.0,0.0,1.0,0.0,1.0,12.0,3.0,3.0,5.0,3.0,0.0,11.0,0.0,1.0,3.0,130.0
0.0,0.0,1.0,0.0,0.0,1.0,0.0,0.0,0.0,0.0,0.0,0.0,1.0,0.0,0.0,0.0,0.0,0.0,0.0,1.0,0.0,26.0,1.0,11.0,2.0,3.0,3.0,5.0,0.0,11.0,1.0,4.0,8.0,291.0
0.0,0.0,0.0,1.0,1.0,0.0,0.0,0.0,0.0,0.0,0.0,1.0,0.0,0.0,0.0,0.0,0.0,1.0,0.0,0.0,1.0,0.0,1.0,22.0,3.0,5.0,5.0,2.0,1.0,22.0,0.0,6.0,7.0,139.0
1.0,0.0,1.0,0.0,0.0,1.0,0.0,0.0,0.0,1.0,0.0,0.0,0.0,0.0,0.0,0.0,0.0,0.0,1.0,0.0,0.0,15.0,3.0,14.0,2.0,3.0,4.0,1.0,0.0,11.0,2.0,4.0,2.0,168.0
0.0,0.0,1.0,0.0,0.0,1.0,0.0,1.0,0.0,0.0,0.0,0.0,0.0,0.0,0.0,0.0,1.0,0.0,0.0,0.0,0.0,17.0,1.0,13.0,2.0,4.0,1.0,4.0,0.0,14.0,0.0,5.0,17.0,202.0
0.0,0.0,0.0,1.0,0.0,1.0,0.0,0.0,0.0,0.0,0.0,0.0,1.0,0.0,0.0,0.0,0.0,0.0,1.0,0.0,0.0,19.0,3.0,8.0,2.0,3.0,5.0,4.0,0.0,12.0,1.0,2.0,1.0,289.0
1.0,0.0,0.0,1.0,0.0,0.0,1.0,0.0,0.0,0.0,1.0,0.0,0.0,1.0,0.0,0.0,0.0,0.0,0.0,0.0,0.0,6.0,1.0,14.0,3.0,3.0,1.0,5.0,0.0,11.0,0.0,1.0,0.0,125.0
1.0,0.0,1.0,0.0,0.0,1.0,0.0,0.0,0.0,1.0,0.0,0.0,0.0,0.0,0.0,0.0,0.0,0.0,0.0,1.0,0.0,17.0,1.0,16.0,2.0,3.0,1.0,3.0,1.0,13.0,0.0,1.0,3.0,165.0
1.0,0.0,0.0,1.0,0.0,0.0,1.0,0.0,0.0,0.0,1.0,0.0,0.0,1.0,0.0,0.0,0.0,0.0,0.0,0.0,0.0,9.0,1.0,15.0,2.0,4.0,3.0,2.0,0.0,13.0,0.0,1.0,8.0,122.0
1.0,0.0,1.0,0.0,0.0,0.0,1.0,0.0,0.0,1.0,0.0,0.0,0.0,0.0,0.0,1.0,0.0,0.0,0.0,0.0,1.0,9.0,3.0,11.0,2.0,3.0,1.0,4.0,0.0,14.0,0.0,1.0,0.0,121.0
1.0,0.0,1.0,0.0,0.0,0.0,1.0,0.0,0.0,0.0,1.0,0.0,0.0,1.0,0.0,0.0,0.0,0.0,0.0,0.0,1.0,9.0,1.0,6.0,3.0,3.0,1.0,3.0,1.0,16.0,0.0,2.0,0.0,123.0
0.0,0.0,1.0,0.0,0.0,0.0,1.0,0.0,0.0,0.0,1.0,0.0,0.0,1.0,0.0,0.0,0.0,0.0,0.0,0.0,0.0,16.0,1.0,14.0,3.0,1.0,3.0,2.0,0.0,12.0,1.0,1.0,4.0,126.0
1.0,0.0,1.0,0.0,0.0,0.0,1.0,0.0,0.0,0.0,1.0,0.0,0.0,0.0,0.0,0.0,0.0,0.0,1.0,0.0,1.0,13.0,3.0,9.0,3.0,4.0,3.0,2.0,1.0,14.0,1.0,1.0,2.0,127.0
0.0,0.0,1.0,0.0,0.0,1.0,0.0,0.0,0.0,0.0,1.0,0.0,0.0,0.0,0.0,0.0,0.0,0.0,1.0,0.0,0.0,9.0,3.0,8.0,3.0,3.0,1.0,2.0,0.0,13.0,2.0,2.0,2.0,120.0
0.0,0.0,1.0,0.0,0.0,0.0,1.0,0.0,0.0,0.0,1.0,0.0,0.0,0.0,0.0,0.0,0.0,1.0,0.0,0.0,0.0,9.0,1.0,11.0,2.0,4.0,5.0,10.0,1.0,14.0,1.0,1.0,0.0,134.0
0.0,0.0,1.0,0.0,1.0,0.0,0.0,0.0,0.0,1.0,0.0,0.0,0.0,0.0,0.0,0.0,0.0,1.0,0.0,0.0,0.0,6.0,3.0,6.0,2.0,1.0,5.0,3.0,0.0,19.0,0.0,1.0,3.0,154.0
1.0,0.0,1.0,0.0,0.0,1.0,0.0,0.0,0.0,0.0,1.0,0.0,0.0,0.0,0.0,0.0,0.0,0.0,0.0,1.0,0.0,9.0,1.0,10.0,3.0,3.0,1.0,2.0,0.0,12.0,1.0,1.0,0.0,120.0
0.0,0.0,1.0,0.0,0.0,0.0,1.0,0.0,0.0,0.0,1.0,0.0,0.0,0.0,0.0,0.0,0.0,1.0,0.0,0.0,0.0,0.0,1.0,14.0,2.0,3.0,5.0,2.0,0.0,13.0,1.0,1.0,0.0,123.0
1.0,0.0,0.0,1.0,0.0,0.0,1.0,0.0,0.0,0.0,1.0,0.0,0.0,0.0,0.0,0.0,0.0,1.0,0.0,0.0,1.0,9.0,1.0,31.0,2.0,5.0,3.0,2.0,0.0,12.0,0.0,1.0,1.0,123.0
1.0,0.0,0.0,1.0,1.0,0.0,0.0,1.0,0.0,0.0,0.0,0.0,0.0,0.0,0.0,0.0,0.0,1.0,0.0,0.0,0.0,0.0,3.0,14.0,2.0,3.0,3.0,2.0,0.0,15.0,1.0,1.0,7.0,187.0
0.0,0.0,0.0,1.0,1.0,0.0,0.0,0.0,0.0,1.0,0.0,0.0,0.0,0.0,0.0,0.0,1.0,0.0,0.0,0.0,0.0,3.0,1.0,6.0,2.0,3.0,1.0,2.0,0.0,23.0,1.0,3.0,7.0,140.0
0.0,0.0,1.0,0.0,0.0,1.0,0.0,0.0,0.0,0.0,0.0,0.0,1.0,0.0,0.0,1.0,0.0,0.0,0.0,0.0,1.0,4.0,1.0,18.0,2.0,3.0,3.0,2.0,0.0,15.0,1.0,15.0,8.0,295.0
1.0,0.0,0.0,1.0,1.0,0.0,0.0,0.0,0.0,1.0,0.0,0.0,0.0,0.0,0.0,0.0,0.0,0.0,1.0,0.0,0.0,7.0,3.0,29.0,3.0,3.0,3.0,1.0,0.0,20.0,0.0,8.0,7.0,146.0
1.0,0.0,1.0,0.0,0.0,0.0,1.0,0.0,0.0,0.0,1.0,0.0,0.0,0.0,0.0,0.0,0.0,1.0,0.0,0.0,0.0,10.0,1.0,25.0,3.0,3.0,4.0,5.0,0.0,21.0,0.0,1.0,0.0,130.0
1.0,0.0,0.0,1.0,1.0,0.0,0.0,0.0,0.0,1.0,0.0,0.0,0.0,0.0,0.0,0.0,0.0,0.0,1.0,0.0,0.0,19.0,3.0,11.0,3.0,3.0,1.0,5.0,1.0,21.0,1.0,1.0,8.0,158.0
1.0,0.0,1.0,0.0,0.0,0.0,1.0,0.0,0.0,0.0,1.0,0.0,0.0,0.0,0.0,0.0,0.0,1.0,0.0,0.0,0.0,9.0,1.0,14.0,2.0,1.0,1.0,2.0,0.0,19.0,1.0,1.0,1.0,123.0
1.0,0.0,0.0,1.0,0.0,1.0,0.0,1.0,0.0,0.0,0.0,0.0,0.0,0.0,0.0,0.0,0.0,1.0,0.0,0.0,1.0,11.0,1.0,6.0,3.0,4.0,3.0,10.0,1.0,13.0,0.0,1.0,0.0,154.0
1.0,0.0,0.0,1.0,0.0,0.0,1.0,0.0,0.0,0.0,1.0,0.0,0.0,0.0,1.0,0.0,0.0,0.0,0.0,0.0,1.0,0.0,1.0,11.0,2.0,3.0,3.0,2.0,1.0,13.0,0.0,2.0,2.0,134.0
0.0,0.0,1.0,0.0,0.0,1.0,0.0,0.0,0.0,1.0,0.0,0.0,0.0,0.0,0.0,0.0,0.0,0.0,1.0,0.0,0.0,17.0,3.0,6.0,3.0,3.0,5.0,6.0,1.0,21.0,1.0,1.0,3.0,155.0
1.0,0.0,1.0,0.0,1.0,0.0,0.0,1.0,0.0,0.0,0.0,0.0,0.0,0.0,0.0,0.0,1.0,0.0,0.0,0.0,0.0,8.0,1.0,17.0,3.0,4.0,5.0,3.0,1.0,13.0,1.0,2.0,3.0,199.0
0.0,0.0,1.0,0.0,0.0,0.0,1.0,0.0,0.0,1.0,0.0,0.0,0.0,0.0,0.0,0.0,0.0,0.0,1.0,0.0,0.0,0.0,3.0,29.0,2.0,4.0,1.0,8.0,1.0,19.0,0.0,1.0,0.0,142.0
0.0,0.0,0.0,1.0,1.0,0.0,0.0,1.0,0.0,0.0,0.0,0.0,0.0,0.0,0.0,0.0,0.0,1.0,0.0,0.0,0.0,6.0,1.0,29.0,3.0,3.0,1.0,2.0,1.0,12.0,3.0,2.0,12.0,235.0
1.0,0.0,1.0,0.0,1.0,0.0,0.0,1.0,0.0,0.0,0.0,0.0,0.0,0.0,0.0,0.0,0.0,1.0,0.0,0.0,0.0,8.0,3.0,5.0,3.0,3.0,5.0,2.0,0.0,22.0,0.0,1.0,8.0,191.0
0.0,0.0,1.0,0.0,0.0,0.0,1.0,0.0,0.0,0.0,0.0,1.0,0.0,0.0,0.0,0.0,1.0,0.0,0.0,0.0,0.0,8.0,1.0,29.0,1.0,3.0,5.0,4.0,1.0,15.0,0.0,2.0,2.0,140.0
1.0,0.0,1.0,0.0,0.0,1.0,0.0,0.0,0.0,1.0,0.0,0.0,0.0,0.0,0.0,0.0,0.0,1.0,0.0,0.0,0.0,4.0,1.0,13.0,2.0,3.0,1.0,4.0,0.0,22.0,0.0,1.0,7.0,159.0
1.0,0.0,1.0,0.0,0.0,1.0,0.0,0.0,0.0,1.0,0.0,0.0,0.0,0.0,0.0,0.0,0.0,1.0,0.0,0.0,0.0,10.0,1.0,6.0,2.0,4.0,3.0,2.0,0.0,18.0,0.0,1.0,7.0,160.0
1.0,0.0,1.0,0.0,0.0,1.0,0.0,0.0,0.0,1.0,0.0,0.0,0.0,0.0,0.0,0.0,1.0,0.0,0.0,0.0,0.0,5.0,1.0,6.0,2.0,3.0,1.0,2.0,1.0,22.0,5.0,7.0,8.0,162.0
0.0,0.0,0.0,1.0,1.0,0.0,0.0,0.0,0.0,1.0,0.0,0.0,0.0,0.0,0.0,0.0,0.0,1.0,0.0,0.0,0.0,11.0,1.0,14.0,2.0,3.0,1.0,2.0,0.0,11.0,6.0,9.0,9.0,124.0
0.0,0.0,1.0,0.0,0.0,1.0,0.0,0.0,0.0,0.0,0.0,0.0,1.0,0.0,0.0,0.0,1.0,0.0,0.0,0.0,0.0,23.0,1.0,13.0,2.0,4.0,3.0,6.0,1.0,12.0,1.0,13.0,8.0,287.0
0.0,0.0,0.0,1.0,0.0,1.0,0.0,1.0,0.0,0.0,0.0,0.0,0.0,0.0,0.0,0.0,0.0,1.0,0.0,0.0,0.0,30.0,3.0,31.0,4.0,3.0,5.0,8.0,0.0,11.0,6.0,7.0,9.0,176.0
0.0,0.0,1.0,0.0,0.0,1.0,0.0,1.0,0.0,0.0,0.0,0.0,0.0,0.0,0.0,1.0,0.0,0.0,0.0,0.0,0.0,9.0,1.0,14.0,2.0,3.0,3.0,2.0,0.0,13.0,7.0,12.0,8.0,201.0
0.0,0.0,1.0,0.0,0.0,1.0,0.0,0.0,1.0,0.0,0.0,0.0,0.0,0.0,0.0,0.0,1.0,0.0,0.0,0.0,0.0,28.0,1.0,14.0,2.0,3.0,3.0,3.0,1.0,14.0,1.0,2.0,2.0,248.0
1.0,0.0,0.0,1.0,1.0,0.0,0.0,0.0,0.0,1.0,0.0,0.0,0.0,0.0,0.0,0.0,0.0,1.0,0.0,0.0,0.0,9.0,1.0,17.0,3.0,4.0,4.0,2.0,0.0,13.0,1.0,1.0,3.0,165.0
1.0,0.0,1.0,0.0,0.0,1.0,0.0,1.0,0.0,0.0,0.0,0.0,0.0,0.0,0.0,0.0,0.0,1.0,0.0,0.0,0.0,18.0,1.0,13.0,2.0,3.0,5.0,3.0,0.0,17.0,0.0,1.0,0.0,197.0
1.0,0.0,1.0,0.0,1.0,0.0,0.0,0.0,0.0,0.0,1.0,0.0,0.0,1.0,0.0,0.0,0.0,0.0,0.0,0.0,0.0,9.0,1.0,6.0,3.0,3.0,5.0,5.0,0.0,13.0,0.0,1.0,2.0,122.0
1.0,0.0,1.0,0.0,0.0,0.0,1.0,0.0,0.0,0.0,1.0,0.0,0.0,1.0,0.0,0.0,0.0,0.0,0.0,0.0,1.0,0.0,1.0,15.0,3.0,4.0,3.0,1.0,1.0,17.0,1.0,1.0,0.0,134.0
0.0,0.0,0.0,1.0,1.0,0.0,0.0,0.0,0.0,1.0,0.0,0.0,0.0,0.0,0.0,0.0,0.0,1.0,0.0,0.0,0.0,30.0,3.0,6.0,2.0,4.0,3.0,8.0,0.0,11.0,1.0,1.0,3.0,155.0
1.0,0.0,1.0,0.0,0.0,0.0,1.0,0.0,0.0,0.0,1.0,0.0,0.0,0.0,0.0,0.0,0.0,1.0,0.0,0.0,0.0,2.0,1.0,8.0,3.0,3.0,4.0,1.0,0.0,23.0,1.0,1.0,4.0,127.0
1.0,0.0,0.0,1.0,0.0,0.0,1.0,0.0,0.0,0.0,1.0,0.0,0.0,1.0,0.0,0.0,0.0,0.0,0.0,0.0,0.0,4.0,1.0,14.0,2.0,3.0,4.0,2.0,0.0,17.0,1.0,1.0,0.0,125.0
1.0,0.0,1.0,0.0,0.0,1.0,0.0,0.0,0.0,1.0,0.0,0.0,0.0,0.0,0.0,0.0,0.0,1.0,0.0,0.0,0.0,5.0,1.0,6.0,3.0,3.0,4.0,2.0,0.0,17.0,1.0,1.0,9.0,162.0
0.0,0.0,1.0,0.0,0.0,0.0,1.0,0.0,0.0,0.0,1.0,0.0,0.0,0.0,0.0,0.0,0.0,1.0,0.0,0.0,0.0,9.0,1.0,12.0,3.0,1.0,1.0,4.0,0.0,12.0,0.0,1.0,0.0,130.0
0.0,0.0,0.0,1.0,0.0,0.0,1.0,0.0,0.0,1.0,0.0,0.0,0.0,0.0,0.0,0.0,0.0,1.0,0.0,0.0,0.0,4.0,1.0,14.0,3.0,3.0,1.0,2.0,0.0,23.0,1.0,1.0,8.0,144.0
1.0,0.0,0.0,1.0,0.0,0.0,1.0,0.0,0.0,1.0,0.0,0.0,0.0,0.0,0.0,0.0,0.0,0.0,1.0,0.0,0.0,8.0,3.0,6.0,2.0,4.0,5.0,1.0,0.0,14.0,1.0,2.0,8.0,143.0
1.0,0.0,1.0,0.0,0.0,1.0,0.0,1.0,0.0,0.0,0.0,0.0,0.0,0.0,0.0,0.0,0.0,0.0,0.0,1.0,0.0,18.0,1.0,12.0,2.0,3.0,5.0,5.0,1.0,14.0,1.0,2.0,0.0,232.0
1.0,0.0,0.0,1.0,0.0,1.0,0.0,1.0,0.0,0.0,0.0,0.0,0.0,0.0,0.0,0.0,1.0,0.0,0.0,0.0,0.0,10.0,1.0,13.0,1.0,3.0,3.0,5.0,0.0,13.0,0.0,2.0,2.0,237.0
1.0,0.0,1.0,0.0,0.0,1.0,0.0,0.0,0.0,1.0,0.0,0.0,0.0,0.0,0.0,0.0,1.0,0.0,0.0,0.0,0.0,19.0,2.0,11.0,3.0,3.0,4.0,2.0,1.0,22.0,1.0,1.0,2.0,150.0
1.0,0.0,1.0,0.0,0.0,1.0,0.0,0.0,0.0,1.0,0.0,0.0,0.0,0.0,0.0,0.0,0.0,1.0,0.0,0.0,0.0,3.0,1.0,6.0,2.0,4.0,1.0,2.0,1.0,12.0,1.0,3.0,0.0,151.0
1.0,0.0,0.0,1.0,0.0,0.0,1.0,0.0,0.0,0.0,1.0,0.0,0.0,1.0,0.0,0.0,0.0,0.0,0.0,0.0,0.0,8.0,1.0,6.0,3.0,4.0,3.0,2.0,0.0,18.0,1.0,1.0,4.0,129.0
1.0,0.0,1.0,0.0,0.0,1.0,0.0,1.0,0.0,0.0,0.0,0.0,0.0,0.0,0.0,0.0,0.0,1.0,0.0,0.0,0.0,28.0,3.0,6.0,3.0,3.0,1.0,4.0,0.0,14.0,0.0,1.0,0.0,202.0
0.0,0.0,1.0,0.0,1.0,0.0,0.0,0.0,0.0,1.0,0.0,0.0,0.0,0.0,0.0,0.0,1.0,0.0,0.0,0.0,0.0,11.0,1.0,12.0,3.0,5.0,1.0,8.0,1.0,12.0,0.0,1.0,9.0,153.0
1.0,0.0,1.0,0.0,0.0,0.0,1.0,0.0,0.0,1.0,0.0,0.0,0.0,0.0,0.0,0.0,1.0,0.0,0.0,0.0,0.0,7.0,1.0,6.0,3.0,3.0,4.0,2.0,0.0,15.0,1.0,1.0,3.0,143.0
1.0,0.0,0.0,1.0,0.0,1.0,0.0,1.0,0.0,0.0,0.0,0.0,0.0,0.0,0.0,0.0,0.0,1.0,0.0,0.0,0.0,29.0,1.0,13.0,2.0,5.0,1.0,5.0,0.0,11.0,0.0,1.0,2.0,173.0
1.0,0.0,1.0,0.0,0.0,0.0,1.0,0.0,0.0,0.0,1.0,0.0,0.0,0.0,1.0,0.0,0.0,0.0,0.0,0.0,0.0,0.0,3.0,14.0,3.0,3.0,5.0,4.0,0.0,13.0,1.0,1.0,0.0,123.0
1.0,0.0,1.0,0.0,0.0,0.0,1.0,0.0,0.0,0.0,1.0,0.0,0.0,0.0,0.0,0.0,0.0,1.0,0.0,0.0,0.0,9.0,1.0,15.0,3.0,3.0,1.0,4.0,0.0,23.0,1.0,1.0,3.0,121.0
1.0,0.0,1.0,0.0,0.0,0.0,1.0,0.0,0.0,1.0,0.0,0.0,0.0,0.0,0.0,0.0,0.0,1.0,0.0,0.0,0.0,3.0,1.0,8.0,4.0,4.0,1.0,2.0,0.0,19.0,3.0,10.0,8.0,142.0
1.0,0.0,0.0,1.0,0.0,1.0,0.0,1.0,0.0,0.0,0.0,0.0,0.0,0.0,0.0,0.0,1.0,0.0,0.0,0.0,1.0,9.0,3.0,15.0,3.0,4.0,1.0,2.0,0.0,16.0,3.0,4.0,7.0,196.0
1.0,0.0,1.0,0.0,1.0,0.0,0.0,0.0,1.0,0.0,0.0,0.0,0.0,0.0,0.0,0.0,0.0,1.0,0.0,0.0,0.0,13.0,1.0,6.0,3.0,4.0,4.0,2.0,0.0,22.0,5.0,2.0,11.0,235.0
1.0,0.0,0.0,1.0,0.0,1.0,0.0,0.0,0.0,1.0,0.0,0.0,0.0,0.0,0.0,0.0,0.0,0.0,1.0,0.0,0.0,24.0,3.0,27.0,3.0,3.0,1.0,1.0,1.0,22.0,0.0,1.0,0.0,154.0
0.0,0.0,1.0,0.0,0.0,1.0,0.0,0.0,0.0,1.0,0.0,0.0,0.0,0.0,0.0,0.0,1.0,0.0,0.0,0.0,0.0,3.0,3.0,10.0,3.0,4.0,4.0,2.0,1.0,12.0,2.0,2.0,7.0,152.0
1.0,0.0,1.0,0.0,1.0,0.0,0.0,1.0,0.0,0.0,0.0,0.0,0.0,0.0,0.0,0.0,1.0,0.0,0.0,0.0,0.0,19.0,1.0,6.0,2.0,4.0,5.0,3.0,1.0,13.0,4.0,9.0,5.0,207.0
1.0,0.0,0.0,1.0,0.0,1.0,0.0,0.0,0.0,1.0,0.0,0.0,0.0,0.0,0.0,0.0,1.0,0.0,0.0,0.0,0.0,5.0,3.0,12.0,2.0,3.0,3.0,2.0,0.0,16.0,5.0,5.0,7.0,150.0
0.0,0.0,1.0,0.0,0.0,1.0,0.0,1.0,0.0,0.0,0.0,0.0,0.0,0.0,0.0,1.0,0.0,0.0,0.0,0.0,0.0,27.0,1.0,8.0,2.0,3.0,3.0,10.0,0.0,12.0,0.0,2.0,3.0,235.0
0.0,0.0,1.0,0.0,0.0,1.0,0.0,0.0,0.0,1.0,0.0,0.0,0.0,0.0,0.0,0.0,0.0,0.0,0.0,1.0,0.0,0.0,3.0,9.0,2.0,3.0,3.0,1.0,0.0,21.0,0.0,1.0,2.0,150.0
1.0,0.0,1.0,0.0,1.0,0.0,0.0,0.0,0.0,1.0,0.0,0.0,0.0,0.0,0.0,0.0,1.0,0.0,0.0,0.0,0.0,1.0,3.0,10.0,2.0,3.0,3.0,2.0,0.0,15.0,0.0,1.0,4.0,142.0
1.0,0.0,0.0,1.0,0.0,1.0,0.0,0.0,1.0,0.0,0.0,0.0,0.0,0.0,0.0,0.0,1.0,0.0,0.0,0.0,0.0,30.0,3.0,16.0,2.0,3.0,3.0,1.0,0.0,13.0,0.0,2.0,8.0,239.0
1.0,0.0,1.0,0.0,1.0,0.0,0.0,0.0,0.0,1.0,0.0,0.0,0.0,1.0,0.0,0.0,0.0,0.0,0.0,0.0,0.0,9.0,1.0,29.0,3.0,3.0,4.0,5.0,0.0,12.0,0.0,1.0,2.0,120.0
1.0,0.0,1.0,0.0,0.0,0.0,1.0,0.0,0.0,0.0,1.0,0.0,0.0,0.0,0.0,0.0,0.0,0.0,0.0,1.0,1.0,9.0,2.0,12.0,3.0,3.0,5.0,5.0,1.0,22.0,0.0,1.0,2.0,121.0
1.0,0.0,0.0,1.0,0.0,0.0,1.0,0.0,0.0,0.0,1.0,0.0,0.0,0.0,0.0,0.0,0.0,1.0,0.0,0.0,0.0,5.0,1.0,6.0,3.0,3.0,5.0,2.0,0.0,13.0,0.0,1.0,0.0,130.0
0.0,0.0,0.0,1.0,1.0,0.0,0.0,0.0,0.0,0.0,1.0,0.0,0.0,0.0,0.0,0.0,0.0,1.0,0.0,0.0,1.0,0.0,1.0,12.0,3.0,4.0,1.0,2.0,1.0,18.0,0.0,1.0,0.0,129.0
0.0,0.0,0.0,1.0,0.0,0.0,1.0,0.0,0.0,1.0,0.0,0.0,0.0,0.0,0.0,0.0,0.0,0.0,0.0,1.0,0.0,7.0,1.0,12.0,2.0,3.0,3.0,2.0,0.0,14.0,0.0,2.0,10.0,148.0
1.0,0.0,1.0,0.0,1.0,0.0,0.0,0.0,0.0,1.0,0.0,0.0,0.0,0.0,0.0,0.0,0.0,1.0,0.0,0.0,0.0,10.0,1.0,8.0,3.0,4.0,1.0,6.0,0.0,14.0,1.0,1.0,0.0,152.0
0.0,0.0,1.0,0.0,1.0,0.0,0.0,0.0,0.0,0.0,0.0,0.0,1.0,0.0,0.0,0.0,0.0,0.0,0.0,1.0,0.0,30.0,2.0,8.0,2.0,4.0,1.0,10.0,0.0,21.0,1.0,2.0,2.0,288.0
0.0,0.0,1.0,0.0,1.0,0.0,0.0,0.0,0.0,0.0,0.0,0.0,1.0,0.0,0.0,0.0,0.0,1.0,0.0,0.0,0.0,23.0,1.0,6.0,3.0,3.0,4.0,4.0,1.0,19.0,1.0,1.0,7.0,282.0
1.0,0.0,0.0,1.0,0.0,1.0,0.0,0.0,0.0,1.0,0.0,0.0,0.0,0.0,0.0,0.0,0.0,0.0,1.0,0.0,1.0,0.0,3.0,11.0,2.0,4.0,3.0,2.0,1.0,11.0,0.0,1.0,3.0,157.0
1.0,0.0,1.0,0.0,0.0,0.0,1.0,0.0,0.0,0.0,1.0,0.0,0.0,1.0,0.0,0.0,0.0,0.0,0.0,0.0,0.0,0.0,1.0,13.0,3.0,4.0,1.0,2.0,0.0,11.0,0.0,2.0,1.0,129.0
0.0,0.0,0.0,1.0,0.0,0.0,1.0,0.0,0.0,0.0,1.0,0.0,0.0,1.0,0.0,0.0,0.0,0.0,0.0,0.0,0.0,0.0,1.0,21.0,3.0,3.0,1.0,2.0,0.0,15.0,1.0,1.0,0.0,129.0
0.0,0.0,0.0,1.0,1.0,0.0,0.0,1.0,0.0,0.0,0.0,0.0,0.0,0.0,0.0,0.0,1.0,0.0,0.0,0.0,0.0,24.0,1.0,6.0,1.0,4.0,5.0,4.0,0.0,20.0,4.0,12.0,8.0,175.0
1.0,0.0,0.0,1.0,1.0,0.0,0.0,0.0,0.0,1.0,0.0,0.0,0.0,0.0,0.0,0.0,0.0,1.0,0.0,0.0,1.0,0.0,1.0,13.0,3.0,5.0,3.0,2.0,1.0,24.0,1.0,1.0,6.0,161.0
0.0,0.0,0.0,1.0,1.0,0.0,0.0,0.0,1.0,0.0,0.0,0.0,0.0,0.0,0.0,0.0,0.0,0.0,0.0,1.0,0.0,27.0,2.0,32.0,1.0,1.0,1.0,3.0,1.0,12.0,1.0,4.0,4.0,273.0
1.0,0.0,1.0,0.0,0.0,0.0,1.0,0.0,0.0,0.0,1.0,0.0,0.0,0.0,0.0,0.0,0.0,1.0,0.0,0.0,0.0,0.0,1.0,24.0,3.0,3.0,3.0,1.0,0.0,12.0,0.0,1.0,2.0,128.0
0.0,0.0,1.0,0.0,0.0,0.0,1.0,0.0,0.0,1.0,0.0,0.0,0.0,0.0,0.0,0.0,0.0,1.0,0.0,0.0,0.0,7.0,1.0,12.0,2.0,4.0,4.0,7.0,0.0,15.0,1.0,1.0,0.0,145.0
1.0,0.0,0.0,1.0,0.0,1.0,0.0,1.0,0.0,0.0,0.0,0.0,0.0,0.0,0.0,0.0,0.0,1.0,0.0,0.0,0.0,10.0,3.0,9.0,2.0,3.0,1.0,3.0,0.0,12.0,0.0,1.0,3.0,174.0
0.0,0.0,0.0,1.0,0.0,1.0,0.0,1.0,0.0,0.0,0.0,0.0,0.0,0.0,0.0,0.0,1.0,0.0,0.0,0.0,0.0,7.0,1.0,11.0,2.0,4.0,5.0,3.0,0.0,12.0,2.0,5.0,4.543490512868683,216.0
0.0,0.0,1.0,0.0,1.0,0.0,0.0,1.0,0.0,0.0,0.0,0.0,0.0,0.0,0.0,1.0,0.0,0.0,0.0,0.0,0.0,9.0,3.0,17.0,3.0,3.0,1.0,1.0,0.0,14.0,0.0,2.0,8.0,197.0
0.0,0.0,1.0,0.0,0.0,0.0,1.0,0.0,0.0,0.0,1.0,0.0,0.0,0.0,0.0,0.0,0.0,1.0,0.0,0.0,0.0,9.0,1.0,9.0,3.0,3.0,1.0,6.0,0.0,22.0,0.0,1.0,0.0,128.0
1.0,0.0,1.0,0.0,1.0,0.0,0.0,0.0,1.0,0.0,0.0,0.0,0.0,0.0,0.0,0.0,0.0,1.0,0.0,0.0,0.0,16.0,3.0,32.0,3.0,3.0,1.0,2.0,1.0,12.0,1.0,4.0,12.0,270.0
1.0,0.0,1.0,0.0,1.0,0.0,0.0,0.0,0.0,0.0,1.0,0.0,0.0,0.0,0.0,0.0,0.0,1.0,0.0,0.0,0.0,3.0,1.0,14.0,3.0,5.0,3.0,2.0,0.0,25.0,0.0,1.0,9.0,126.0
1.0,0.0,1.0,0.0,1.0,0.0,0.0,0.0,0.0,1.0,0.0,0.0,0.0,0.0,0.0,0.0,0.0,0.0,1.0,0.0,0.0,6.0,3.0,28.0,3.0,3.0,4.0,1.0,0.0,13.0,0.0,1.0,7.0,161.0
0.0,0.0,1.0,0.0,0.0,1.0,0.0,0.0,0.0,0.0,0.0,1.0,0.0,0.0,0.0,0.0,0.0,1.0,0.0,0.0,1.0,19.0,1.0,20.0,3.0,3.0,4.0,10.0,1.0,18.0,3.0,4.0,3.0,150.0
1.0,0.0,0.0,1.0,0.0,1.0,0.0,0.0,0.0,0.0,0.0,0.0,1.0,0.0,0.0,0.0,0.0,1.0,0.0,0.0,0.0,24.0,1.0,12.0,2.0,3.0,3.0,8.0,0.0,15.0,8.0,15.0,15.0,295.0
1.0,0.0,1.0,0.0,0.0,1.0,0.0,0.0,0.0,1.0,0.0,0.0,0.0,0.0,0.0,0.0,0.0,1.0,0.0,0.0,1.0,0.0,3.0,12.0,3.0,5.0,3.0,5.0,1.0,18.0,0.0,7.0,7.0,162.0
0.0,0.0,1.0,0.0,0.0,0.0,1.0,0.0,0.0,0.0,1.0,0.0,0.0,0.0,0.0,0.0,0.0,0.0,0.0,1.0,0.0,0.0,1.0,14.0,2.0,4.0,4.0,2.0,0.0,19.0,2.0,4.0,3.0,124.0
0.0,0.0,1.0,0.0,0.0,1.0,0.0,1.0,0.0,0.0,0.0,0.0,0.0,0.0,0.0,0.0,1.0,0.0,0.0,0.0,1.0,20.0,1.0,29.0,3.0,3.0,1.0,2.0,0.0,12.0,7.0,15.0,6.0,203.0
1.0,0.0,0.0,1.0,0.0,1.0,0.0,0.0,0.0,0.0,0.0,1.0,0.0,0.0,0.0,0.0,0.0,0.0,1.0,0.0,1.0,9.0,3.0,28.0,2.0,3.0,3.0,2.0,1.0,19.0,1.0,1.0,0.0,117.0
1.0,0.0,1.0,0.0,0.0,0.0,1.0,0.0,0.0,0.0,1.0,0.0,0.0,0.0,1.0,0.0,0.0,0.0,0.0,0.0,0.0,0.0,1.0,14.0,3.0,3.0,1.0,1.0,0.0,14.0,2.0,2.0,1.0,125.0
0.0,0.0,1.0,0.0,0.0,1.0,0.0,0.0,0.0,1.0,0.0,0.0,0.0,0.0,0.0,0.0,1.0,0.0,0.0,0.0,0.0,22.0,1.0,26.0,3.0,3.0,5.0,2.0,0.0,14.0,5.0,5.0,11.0,166.0
0.0,0.0,0.0,1.0,1.0,0.0,0.0,0.0,0.0,0.0,0.0,1.0,0.0,0.0,0.0,0.0,1.0,0.0,0.0,0.0,0.0,16.0,1.0,34.0,3.0,1.0,3.0,5.0,0.0,12.0,0.0,1.0,2.0,147.0
0.0,0.0,0.0,1.0,1.0,0.0,0.0,1.0,0.0,0.0,0.0,0.0,0.0,0.0,0.0,0.0,0.0,0.0,1.0,0.0,0.0,23.0,3.0,18.0,3.0,3.0,1.0,5.0,0.0,11.0,1.0,2.0,1.0,192.0
0.0,0.0,1.0,0.0,0.0,0.0,1.0,0.0,0.0,1.0,0.0,0.0,0.0,0.0,0.0,0.0,0.0,1.0,0.0,0.0,1.0,0.0,3.0,26.0,3.0,5.0,3.0,4.0,1.0,11.0,0.0,2.0,2.0,146.0
1.0,0.0,1.0,0.0,0.0,1.0,0.0,1.0,0.0,0.0,0.0,0.0,0.0,0.0,0.0,0.0,0.0,1.0,0.0,0.0,0.0,14.0,3.0,15.0,3.0,3.0,3.0,4.0,1.0,13.0,0.0,1.0,7.0,182.0
0.0,0.0,1.0,0.0,0.0,0.0,1.0,0.0,0.0,0.0,1.0,0.0,0.0,0.0,0.0,0.0,0.0,1.0,0.0,0.0,0.0,0.0,2.0,31.0,3.0,3.0,3.0,2.0,0.0,23.0,2.0,5.0,7.0,129.0
1.0,0.0,1.0,0.0,0.0,0.0,1.0,0.0,0.0,1.0,0.0,0.0,0.0,0.0,0.0,0.0,1.0,0.0,0.0,0.0,0.0,9.0,1.0,12.0,2.0,3.0,4.0,7.0,0.0,20.0,0.0,1.0,1.0,149.0
1.0,0.0,0.0,1.0,1.0,0.0,0.0,1.0,0.0,0.0,0.0,0.0,0.0,0.0,0.0,0.0,0.0,1.0,0.0,0.0,1.0,14.0,1.0,14.0,2.0,5.0,1.0,3.0,0.0,15.0,1.0,1.0,3.0,207.0
0.0,0.0,1.0,0.0,0.0,1.0,0.0,0.0,0.0,1.0,0.0,0.0,0.0,0.0,0.0,0.0,0.0,1.0,0.0,0.0,0.0,12.0,3.0,10.0,2.0,4.0,3.0,5.0,0.0,14.0,5.0,5.0,9.0,159.0
1.0,0.0,1.0,0.0,0.0,1.0,0.0,0.0,0.0,1.0,0.0,0.0,0.0,0.0,0.0,0.0,0.0,1.0,0.0,0.0,0.0,0.0,3.0,34.0,2.0,4.0,3.0,3.0,0.0,18.0,1.0,2.0,2.0,186.0
1.0,0.0,1.0,0.0,0.0,1.0,0.0,0.0,0.0,1.0,0.0,0.0,0.0,0.0,0.0,0.0,0.0,0.0,0.0,1.0,0.0,3.0,2.0,15.0,2.0,3.0,1.0,1.0,1.0,19.0,4.0,4.0,7.0,163.0
0.0,0.0,0.0,1.0,0.0,0.0,1.0,0.0,0.0,0.0,0.0,1.0,0.0,0.0,0.0,0.0,1.0,0.0,0.0,0.0,1.0,0.0,1.0,15.0,2.0,3.0,5.0,8.0,0.0,22.0,1.0,1.0,4.0,142.0
1.0,0.0,0.0,1.0,0.0,0.0,1.0,0.0,0.0,0.0,1.0,0.0,0.0,1.0,0.0,0.0,0.0,0.0,0.0,0.0,0.0,18.0,1.0,35.0,2.0,3.0,1.0,6.0,0.0,13.0,1.0,1.0,3.0,135.0
0.0,0.0,0.0,1.0,0.0,0.0,1.0,0.0,0.0,1.0,0.0,0.0,0.0,0.0,1.0,0.0,0.0,0.0,0.0,0.0,0.0,11.0,1.0,9.0,2.0,3.0,3.0,4.0,1.0,20.0,2.0,2.0,2.0,143.0
0.0,0.0,0.0,1.0,0.0,0.0,1.0,0.0,0.0,0.0,1.0,0.0,0.0,0.0,0.0,0.0,0.0,1.0,0.0,0.0,0.0,3.0,1.0,14.0,3.0,3.0,3.0,2.0,0.0,14.0,1.0,1.0,4.0,126.0
1.0,0.0,1.0,0.0,1.0,0.0,0.0,0.0,0.0,1.0,0.0,0.0,0.0,0.0,0.0,0.0,1.0,0.0,0.0,0.0,0.0,5.0,3.0,15.0,2.0,5.0,1.0,1.0,0.0,17.0,0.0,1.0,7.0,147.0
0.0,0.0,1.0,0.0,0.0,0.0,1.0,0.0,0.0,0.0,1.0,0.0,0.0,0.0,1.0,0.0,0.0,0.0,0.0,0.0,0.0,3.0,1.0,11.0,2.0,3.0,5.0,6.0,0.0,14.0,0.0,2.0,30.0,132.0
1.0,0.0,0.0,1.0,0.0,0.0,1.0,0.0,0.0,0.0,1.0,0.0,0.0,1.0,0.0,0.0,0.0,0.0,0.0,0.0,0.0,3.0,1.0,8.0,3.0,4.0,1.0,1.0,0.0,13.0,0.0,1.0,2.0,127.0
1.0,0.0,1.0,0.0,1.0,0.0,0.0,0.0,1.0,0.0,0.0,0.0,0.0,0.0,0.0,0.0,0.0,1.0,0.0,0.0,0.0,14.0,1.0,16.0,3.0,4.0,5.0,5.0,0.0,13.0,1.0,7.0,7.0,272.0
1.0,0.0,1.0,0.0,0.0,0.0,1.0,0.0,0.0,0.0,1.0,0.0,0.0,0.0,0.0,0.0,0.0,1.0,0.0,0.0,0.0,9.0,1.0,15.0,3.0,3.0,5.0,3.0,0.0,21.0,0.0,1.0,4.0,122.0
0.0,0.0,0.0,1.0,0.0,1.0,0.0,0.0,0.0,0.0,0.0,1.0,0.0,0.0,0.0,0.0,1.0,0.0,0.0,0.0,0.0,9.0,1.0,9.0,3.0,3.0,4.0,2.0,0.0,14.0,1.0,1.0,0.0,115.0
0.0,0.0,1.0,0.0,1.0,0.0,0.0,0.0,0.0,1.0,0.0,0.0,0.0,0.0,0.0,0.0,1.0,0.0,0.0,0.0,0.0,13.0,1.0,32.0,2.0,3.0,4.0,2.0,0.0,11.0,0.0,2.0,13.0,156.0
1.0,0.0,1.0,0.0,0.0,1.0,0.0,1.0,0.0,0.0,0.0,0.0,0.0,0.0,0.0,0.0,0.0,0.0,1.0,0.0,0.0,8.0,3.0,6.0,3.0,3.0,4.0,2.0,0.0,13.0,0.0,1.0,6.0,173.0
1.0,0.0,1.0,0.0,0.0,0.0,1.0,0.0,0.0,1.0,0.0,0.0,0.0,0.0,0.0,0.0,0.0,0.0,1.0,0.0,0.0,9.0,3.0,12.0,2.0,3.0,3.0,3.0,1.0,20.0,0.0,4.0,5.0,123.0
1.0,0.0,1.0,0.0,0.0,0.0,1.0,0.0,0.0,1.0,0.0,0.0,0.0,0.0,0.0,0.0,0.0,1.0,0.0,0.0,0.0,18.0,1.0,14.0,2.0,3.0,4.0,9.0,0.0,18.0,1.0,1.0,15.0,123.0
0.0,0.0,0.0,1.0,1.0,0.0,0.0,1.0,0.0,0.0,0.0,0.0,0.0,0.0,0.0,0.0,0.0,0.0,1.0,0.0,0.0,5.0,3.0,14.0,2.0,3.0,1.0,2.0,0.0,14.0,2.0,3.0,7.0,190.0
1.0,0.0,1.0,0.0,1.0,0.0,0.0,0.0,0.0,1.0,0.0,0.0,0.0,0.0,1.0,0.0,0.0,0.0,0.0,0.0,0.0,2.0,1.0,6.0,2.0,3.0,3.0,2.0,0.0,13.0,0.0,1.0,9.0,143.0
1.0,0.0,1.0,0.0,0.0,1.0,0.0,0.0,0.0,1.0,0.0,0.0,0.0,0.0,0.0,0.0,1.0,0.0,0.0,0.0,0.0,24.0,1.0,13.0,2.0,4.0,3.0,3.0,0.0,17.0,1.0,1.0,0.0,161.0
0.0,0.0,1.0,0.0,0.0,0.0,1.0,0.0,0.0,0.0,1.0,0.0,0.0,1.0,0.0,0.0,0.0,0.0,0.0,0.0,0.0,30.0,1.0,15.0,3.0,4.0,4.0,5.0,1.0,20.0,1.0,1.0,0.0,133.0
1.0,0.0,1.0,0.0,0.0,1.0,0.0,1.0,0.0,0.0,0.0,0.0,0.0,0.0,0.0,0.0,0.0,0.0,1.0,0.0,0.0,13.0,3.0,10.0,3.0,4.0,1.0,8.0,0.0,11.0,1.0,2.0,11.0,209.0
0.0,0.0,1.0,0.0,1.0,0.0,0.0,0.0,0.0,0.0,1.0,0.0,0.0,0.0,0.0,0.0,0.0,0.0,1.0,0.0,0.0,9.0,3.0,8.0,3.0,3.0,3.0,7.0,0.0,18.0,0.0,1.0,2.0,122.0
1.0,0.0,1.0,0.0,0.0,0.0,1.0,0.0,0.0,0.0,1.0,0.0,0.0,1.0,0.0,0.0,0.0,0.0,0.0,0.0,0.0,0.0,1.0,14.0,3.0,3.0,1.0,2.0,0.0,24.0,2.0,2.0,2.0,123.0
1.0,0.0,1.0,0.0,1.0,0.0,0.0,0.0,0.0,0.0,1.0,0.0,0.0,1.0,0.0,0.0,0.0,0.0,0.0,0.0,0.0,9.0,1.0,15.0,2.0,3.0,4.0,7.0,0.0,18.0,2.0,2.0,2.0,120.0
1.0,0.0,1.0,0.0,0.0,0.0,1.0,0.0,0.0,0.0,1.0,0.0,0.0,1.0,0.0,0.0,0.0,0.0,0.0,0.0,0.0,1.0,1.0,27.0,3.0,3.0,1.0,2.0,0.0,11.0,0.0,1.0,2.0,127.0
1.0,0.0,1.0,0.0,0.0,1.0,0.0,1.0,0.0,0.0,0.0,0.0,0.0,0.0,0.0,0.0,0.0,1.0,0.0,0.0,0.0,30.0,1.0,30.0,2.0,1.0,1.0,4.0,1.0,16.0,1.0,1.0,4.0,194.0
1.0,0.0,1.0,0.0,1.0,0.0,0.0,0.0,0.0,0.0,1.0,0.0,0.0,1.0,0.0,0.0,0.0,0.0,0.0,0.0,0.0,0.0,1.0,14.0,3.0,4.0,3.0,2.0,1.0,15.0,0.0,1.0,1.0,126.0
0.0,0.0,0.0,1.0,0.0,1.0,0.0,0.0,0.0,0.0,0.0,0.0,1.0,0.0,0.0,0.0,0.0,1.0,0.0,0.0,0.0,23.0,1.0,17.0,2.0,3.0,4.0,4.0,0.0,15.0,0.0,4.0,4.0,299.0
1.0,0.0,1.0,0.0,0.0,0.0,1.0,0.0,0.0,0.0,1.0,0.0,0.0,0.0,0.0,0.0,0.0,1.0,0.0,0.0,0.0,14.0,1.0,14.0,2.0,3.0,3.0,5.0,0.0,12.0,1.0,1.0,8.0,125.0
0.0,0.0,1.0,0.0,0.0,1.0,0.0,1.0,0.0,0.0,0.0,0.0,0.0,0.0,0.0,0.0,0.0,1.0,0.0,0.0,0.0,3.0,3.0,11.0,2.0,3.0,1.0,3.0,0.0,12.0,1.0,7.0,4.0,194.0
0.0,0.0,0.0,1.0,0.0,1.0,0.0,0.0,0.0,1.0,0.0,0.0,0.0,0.0,0.0,0.0,0.0,1.0,0.0,0.0,0.0,11.0,3.0,6.0,2.0,4.0,1.0,5.0,0.0,22.0,0.0,1.0,7.0,187.0
1.0,0.0,0.0,1.0,0.0,0.0,1.0,0.0,0.0,0.0,1.0,0.0,0.0,0.0,0.0,0.0,0.0,1.0,0.0,0.0,0.0,5.0,1.0,12.0,3.0,3.0,3.0,4.0,0.0,20.0,0.0,1.0,4.0,130.0
1.0,0.0,1.0,0.0,0.0,0.0,1.0,0.0,0.0,0.0,1.0,0.0,0.0,0.0,1.0,0.0,0.0,0.0,0.0,0.0,0.0,0.0,1.0,23.0,3.0,3.0,4.0,1.0,1.0,16.0,0.0,1.0,1.0,131.0
0.0,0.0,0.0,1.0,1.0,0.0,0.0,0.0,0.0,0.0,1.0,0.0,0.0,0.0,1.0,0.0,0.0,0.0,0.0,0.0,1.0,0.0,3.0,14.0,3.0,5.0,5.0,1.0,0.0,21.0,1.0,1.0,0.0,123.0
1.0,0.0,0.0,1.0,1.0,0.0,0.0,0.0,0.0,0.0,1.0,0.0,0.0,1.0,0.0,0.0,0.0,0.0,0.0,0.0,0.0,9.0,1.0,9.0,1.0,3.0,4.0,5.0,0.0,12.0,2.0,7.0,2.0,121.0
1.0,0.0,1.0,0.0,1.0,0.0,0.0,0.0,0.0,1.0,0.0,0.0,0.0,1.0,0.0,0.0,0.0,0.0,0.0,0.0,0.0,3.0,1.0,15.0,3.0,3.0,5.0,2.0,0.0,11.0,5.0,6.0,10.0,131.0
0.0,0.0,1.0,0.0,0.0,1.0,0.0,0.0,0.0,1.0,0.0,0.0,0.0,0.0,0.0,0.0,0.0,1.0,0.0,0.0,0.0,18.0,3.0,10.0,1.0,3.0,5.0,5.0,1.0,11.0,0.0,1.0,3.0,150.0
0.0,0.0,1.0,0.0,0.0,0.0,1.0,0.0,0.0,0.0,0.0,1.0,0.0,0.0,0.0,0.0,0.0,1.0,0.0,0.0,0.0,29.0,1.0,14.0,3.0,3.0,5.0,5.0,1.0,18.0,2.0,2.0,2.0,143.0
1.0,0.0,0.0,1.0,0.0,0.0,1.0,0.0,0.0,0.0,1.0,0.0,0.0,0.0,0.0,0.0,0.0,1.0,0.0,0.0,0.0,6.0,1.0,14.0,2.0,3.0,1.0,1.0,0.0,14.0,1.0,1.0,2.0,125.0
1.0,0.0,0.0,1.0,0.0,1.0,0.0,0.0,0.0,0.0,0.0,1.0,0.0,0.0,0.0,0.0,0.0,1.0,0.0,0.0,1.0,0.0,1.0,8.0,2.0,4.0,1.0,2.0,0.0,22.0,1.0,1.0,0.0,111.0
0.0,0.0,1.0,0.0,0.0,1.0,0.0,1.0,0.0,0.0,0.0,0.0,0.0,0.0,0.0,0.0,0.0,0.0,1.0,0.0,0.0,19.0,3.0,6.0,3.0,3.0,5.0,2.0,0.0,25.0,8.0,15.0,7.0,205.0
0.0,0.0,0.0,1.0,0.0,0.0,1.0,0.0,0.0,0.0,1.0,0.0,0.0,0.0,0.0,0.0,0.0,1.0,0.0,0.0,0.0,9.0,1.0,15.0,3.0,3.0,1.0,2.0,0.0,12.0,1.0,2.0,1.0,123.0
0.0,0.0,1.0,0.0,0.0,0.0,1.0,0.0,0.0,0.0,0.0,1.0,0.0,0.0,0.0,0.0,1.0,0.0,0.0,0.0,0.0,4.0,1.0,18.0,3.0,3.0,1.0,9.0,1.0,23.0,1.0,1.0,2.0,139.0
0.0,0.0,0.0,1.0,0.0,0.0,1.0,0.0,0.0,0.0,1.0,0.0,0.0,1.0,0.0,0.0,0.0,0.0,0.0,0.0,0.0,9.0,1.0,33.0,3.0,3.0,4.0,3.0,0.0,15.0,0.0,1.0,2.0,123.0
0.0,0.0,0.0,1.0,0.0,0.0,1.0,0.0,0.0,0.0,1.0,0.0,0.0,0.0,0.0,0.0,0.0,0.0,1.0,0.0,1.0,4.0,3.0,26.0,3.0,3.0,4.0,2.0,1.0,22.0,0.0,1.0,2.0,131.0
1.0,0.0,1.0,0.0,0.0,0.0,1.0,0.0,0.0,0.0,0.0,1.0,0.0,0.0,0.0,0.0,1.0,0.0,0.0,0.0,0.0,23.0,1.0,6.0,2.0,4.0,3.0,3.0,0.0,15.0,1.0,1.0,2.0,137.0
0.0,0.0,1.0,0.0,0.0,0.0,1.0,0.0,0.0,1.0,0.0,0.0,0.0,0.0,0.0,0.0,1.0,0.0,0.0,0.0,0.0,26.0,1.0,19.0,2.0,1.0,5.0,2.0,0.0,11.0,1.0,1.0,3.0,145.0
0.0,0.0,1.0,0.0,0.0,0.0,1.0,0.0,0.0,0.0,1.0,0.0,0.0,1.0,0.0,0.0,0.0,0.0,0.0,0.0,0.0,6.0,1.0,20.0,3.0,3.0,4.0,2.0,0.0,13.0,1.0,1.0,6.0,128.0
0.0,0.0,1.0,0.0,0.0,1.0,0.0,0.0,0.0,0.0,0.0,0.0,1.0,0.0,0.0,0.0,1.0,0.0,0.0,0.0,0.0,13.0,1.0,10.0,2.0,3.0,3.0,2.0,0.0,14.0,1.0,9.0,9.0,290.0
1.0,0.0,0.0,1.0,0.0,1.0,0.0,0.0,0.0,0.0,0.0,0.0,1.0,0.0,0.0,0.0,1.0,0.0,0.0,0.0,0.0,28.0,1.0,20.0,3.0,1.0,4.0,9.0,0.0,11.0,1.0,2.0,15.0,287.0
1.0,0.0,1.0,0.0,1.0,0.0,0.0,0.0,0.0,1.0,0.0,0.0,0.0,0.0,0.0,0.0,0.0,1.0,0.0,0.0,0.0,7.0,1.0,8.0,2.0,4.0,3.0,2.0,0.0,17.0,0.0,1.0,9.0,195.0
0.0,0.0,0.0,1.0,0.0,1.0,0.0,0.0,1.0,0.0,0.0,0.0,0.0,0.0,0.0,0.0,1.0,0.0,0.0,0.0,0.0,24.0,1.0,9.0,3.0,3.0,4.0,4.0,0.0,18.0,1.0,2.0,0.0,237.0
1.0,0.0,1.0,0.0,0.0,1.0,0.0,0.0,0.0,0.0,0.0,0.0,1.0,0.0,0.0,0.0,0.0,1.0,0.0,0.0,0.0,25.0,1.0,6.0,3.0,4.0,3.0,1.0,0.0,15.0,7.0,11.0,9.0,300.0
0.0,0.0,0.0,1.0,0.0,0.0,1.0,0.0,0.0,0.0,1.0,0.0,0.0,1.0,0.0,0.0,0.0,0.0,0.0,0.0,0.0,9.0,1.0,15.0,4.0,3.0,4.0,2.0,0.0,16.0,0.0,1.0,3.0,123.0
1.0,0.0,1.0,0.0,0.0,1.0,0.0,0.0,0.0,1.0,0.0,0.0,0.0,0.0,0.0,0.0,0.0,1.0,0.0,0.0,1.0,0.0,1.0,29.0,2.0,4.0,3.0,4.0,1.0,13.0,1.0,1.0,1.0,159.0
1.0,0.0,1.0,0.0,1.0,0.0,0.0,0.0,0.0,0.0,1.0,0.0,0.0,1.0,0.0,0.0,0.0,0.0,0.0,0.0,0.0,9.0,1.0,13.0,2.0,1.0,1.0,5.0,0.0,14.0,1.0,2.0,2.0,121.0
1.0,0.0,1.0,0.0,1.0,0.0,0.0,0.0,1.0,0.0,0.0,0.0,0.0,0.0,0.0,0.0,1.0,0.0,0.0,0.0,0.0,18.0,1.0,8.0,3.0,4.0,1.0,10.0,0.0,23.0,1.0,11.0,8.0,268.0
1.0,0.0,1.0,0.0,0.0,0.0,1.0,0.0,0.0,0.0,0.0,1.0,0.0,0.0,0.0,0.0,0.0,1.0,0.0,0.0,0.0,10.0,1.0,27.0,3.0,1.0,5.0,2.0,1.0,12.0,1.0,1.0,7.0,136.0
0.0,0.0,0.0,1.0,1.0,0.0,0.0,0.0,0.0,1.0,0.0,0.0,0.0,0.0,0.0,0.0,1.0,0.0,0.0,0.0,0.0,8.0,1.0,8.0,2.0,3.0,4.0,6.0,0.0,11.0,0.0,1.0,2.0,144.0
0.0,0.0,1.0,0.0,1.0,0.0,0.0,0.0,0.0,1.0,0.0,0.0,0.0,0.0,0.0,0.0,1.0,0.0,0.0,0.0,0.0,15.0,1.0,27.0,2.0,3.0,3.0,3.0,0.0,16.0,0.0,1.0,2.0,153.0
1.0,0.0,1.0,0.0,0.0,1.0,0.0,0.0,0.0,1.0,0.0,0.0,0.0,0.0,0.0,0.0,0.0,1.0,0.0,0.0,0.0,11.0,1.0,8.0,2.0,3.0,3.0,10.0,0.0,14.0,1.0,1.0,0.0,166.0
1.0,0.0,1.0,0.0,0.0,1.0,0.0,0.0,0.0,1.0,0.0,0.0,0.0,0.0,1.0,0.0,0.0,0.0,0.0,0.0,0.0,11.0,1.0,35.0,2.0,3.0,1.0,4.0,0.0,18.0,0.0,1.0,7.0,163.0
1.0,0.0,1.0,0.0,1.0,0.0,0.0,0.0,0.0,1.0,0.0,0.0,0.0,0.0,1.0,0.0,0.0,0.0,0.0,0.0,0.0,0.0,1.0,6.0,2.0,4.0,5.0,6.0,0.0,19.0,2.0,2.0,0.0,143.0
1.0,0.0,1.0,0.0,1.0,0.0,0.0,0.0,0.0,1.0,0.0,0.0,0.0,0.0,0.0,0.0,0.0,1.0,0.0,0.0,0.0,22.0,1.0,24.0,3.0,3.0,1.0,2.0,1.0,15.0,0.0,1.0,7.0,168.0
1.0,0.0,1.0,0.0,1.0,0.0,0.0,0.0,0.0,0.0,0.0,1.0,0.0,0.0,0.0,0.0,1.0,0.0,0.0,0.0,0.0,7.0,1.0,16.0,2.0,3.0,3.0,2.0,1.0,17.0,2.0,2.0,0.0,138.0
1.0,0.0,1.0,0.0,0.0,0.0,1.0,0.0,0.0,1.0,0.0,0.0,0.0,1.0,0.0,0.0,0.0,0.0,0.0,0.0,0.0,13.0,1.0,25.0,3.0,3.0,1.0,9.0,1.0,15.0,3.0,3.0,7.0,127.0
1.0,0.0,1.0,0.0,0.0,1.0,0.0,0.0,0.0,1.0,0.0,0.0,0.0,0.0,0.0,0.0,1.0,0.0,0.0,0.0,1.0,1.0,1.0,35.0,3.0,3.0,5.0,8.0,1.0,19.0,1.0,1.0,0.0,167.0
0.0,0.0,1.0,0.0,0.0,1.0,0.0,1.0,0.0,0.0,0.0,0.0,0.0,0.0,0.0,0.0,0.0,0.0,1.0,0.0,1.0,0.0,3.0,33.0,2.0,3.0,1.0,2.0,0.0,22.0,0.0,1.0,9.0,176.0
1.0,0.0,1.0,0.0,0.0,0.0,1.0,0.0,0.0,0.0,1.0,0.0,0.0,0.0,0.0,0.0,0.0,1.0,0.0,0.0,0.0,0.0,1.0,14.0,2.0,1.0,4.0,2.0,1.0,16.0,2.0,2.0,2.0,123.0
0.0,0.0,0.0,1.0,1.0,0.0,0.0,0.0,0.0,0.0,1.0,0.0,0.0,1.0,0.0,0.0,0.0,0.0,0.0,0.0,0.0,9.0,1.0,24.0,3.0,3.0,1.0,2.0,0.0,13.0,0.0,1.0,7.0,122.0
1.0,0.0,1.0,0.0,1.0,0.0,0.0,0.0,0.0,1.0,0.0,0.0,0.0,0.0,0.0,0.0,0.0,1.0,0.0,0.0,0.0,13.0,1.0,15.0,3.0,4.0,1.0,10.0,0.0,14.0,0.0,1.0,2.0,149.0
1.0,0.0,1.0,0.0,0.0,1.0,0.0,1.0,0.0,0.0,0.0,0.0,0.0,0.0,0.0,0.0,1.0,0.0,0.0,0.0,0.0,19.0,1.0,6.0,3.0,3.0,5.0,8.0,0.0,16.0,0.0,1.0,3.0,194.0
1.0,0.0,1.0,0.0,0.0,1.0,0.0,1.0,0.0,0.0,0.0,0.0,0.0,0.0,0.0,0.0,1.0,0.0,0.0,0.0,1.0,0.0,3.0,10.0,2.0,5.0,1.0,2.0,0.0,11.0,6.0,9.0,8.0,204.0
1.0,0.0,0.0,1.0,1.0,0.0,0.0,1.0,0.0,0.0,0.0,0.0,0.0,0.0,0.0,0.0,0.0,1.0,0.0,0.0,0.0,3.0,1.0,6.0,2.0,4.0,3.0,2.0,0.0,22.0,4.0,5.0,8.0,185.0
0.0,0.0,0.0,1.0,1.0,0.0,0.0,0.0,0.0,1.0,0.0,0.0,0.0,0.0,0.0,0.0,0.0,1.0,0.0,0.0,0.0,0.0,3.0,26.0,2.0,3.0,3.0,2.0,0.0,14.0,1.0,1.0,7.0,200.0
1.0,0.0,1.0,0.0,0.0,1.0,0.0,1.0,0.0,0.0,0.0,0.0,0.0,0.0,0.0,0.0,0.0,1.0,0.0,0.0,0.0,24.0,1.0,14.0,2.0,4.0,4.0,6.0,0.0,16.0,2.0,4.0,4.543490512868683,225.0
0.0,0.0,0.0,1.0,0.0,0.0,1.0,0.0,0.0,0.0,1.0,0.0,0.0,0.0,1.0,0.0,0.0,0.0,0.0,0.0,1.0,0.0,1.0,14.0,2.0,3.0,5.0,6.0,1.0,11.0,0.0,1.0,4.0,127.0
0.0,0.0,0.0,1.0,0.0,1.0,0.0,1.0,0.0,0.0,0.0,0.0,0.0,0.0,0.0,0.0,0.0,1.0,0.0,0.0,0.0,14.0,3.0,12.0,3.0,3.0,1.0,4.0,1.0,18.0,0.0,2.0,0.0,236.0
0.0,0.0,0.0,1.0,1.0,0.0,0.0,0.0,0.0,1.0,0.0,0.0,0.0,0.0,0.0,0.0,0.0,0.0,1.0,0.0,1.0,0.0,3.0,32.0,2.0,4.0,5.0,6.0,0.0,15.0,1.0,1.0,1.0,167.0
1.0,0.0,0.0,1.0,0.0,0.0,1.0,0.0,0.0,0.0,1.0,0.0,0.0,0.0,0.0,1.0,0.0,0.0,0.0,0.0,1.0,9.0,1.0,6.0,2.0,3.0,3.0,1.0,0.0,14.0,0.0,1.0,5.0,121.0
0.0,0.0,0.0,1.0,1.0,0.0,0.0,1.0,0.0,0.0,0.0,0.0,0.0,0.0,0.0,0.0,1.0,0.0,0.0,0.0,0.0,18.0,3.0,12.0,2.0,4.0,1.0,7.0,0.0,12.0,5.0,12.0,8.0,189.0
0.0,0.0,1.0,0.0,0.0,1.0,0.0,0.0,0.0,1.0,0.0,0.0,0.0,0.0,0.0,0.0,0.0,0.0,1.0,0.0,0.0,27.0,3.0,9.0,2.0,3.0,5.0,3.0,0.0,14.0,1.0,1.0,5.0,159.0
1.0,0.0,0.0,1.0,0.0,1.0,0.0,0.0,0.0,1.0,0.0,0.0,0.0,0.0,0.0,0.0,0.0,1.0,0.0,0.0,0.0,9.0,1.0,11.0,3.0,3.0,4.0,9.0,0.0,16.0,2.0,3.0,7.0,159.0
0.0,0.0,1.0,0.0,0.0,0.0,1.0,0.0,0.0,0.0,1.0,0.0,0.0,1.0,0.0,0.0,0.0,0.0,0.0,0.0,0.0,6.0,1.0,14.0,2.0,4.0,4.0,7.0,0.0,21.0,0.0,1.0,1.0,126.0
1.0,0.0,1.0,0.0,1.0,0.0,0.0,1.0,0.0,0.0,0.0,0.0,0.0,0.0,0.0,0.0,0.0,0.0,0.0,1.0,0.0,10.0,1.0,17.0,2.0,3.0,1.0,2.0,1.0,14.0,1.0,1.0,4.543490512868683,222.0
1.0,0.0,1.0,0.0,0.0,1.0,0.0,1.0,0.0,0.0,0.0,0.0,0.0,0.0,0.0,0.0,0.0,1.0,0.0,0.0,0.0,11.0,3.0,9.0,3.0,3.0,3.0,1.0,0.0,12.0,1.0,5.0,13.0,206.0
1.0,0.0,1.0,0.0,1.0,0.0,0.0,0.0,0.0,1.0,0.0,0.0,0.0,0.0,0.0,0.0,1.0,0.0,0.0,0.0,0.0,4.0,1.0,6.0,2.0,5.0,3.0,1.0,0.0,12.0,0.0,1.0,4.0,143.0
1.0,0.0,1.0,0.0,0.0,0.0,1.0,0.0,0.0,0.0,1.0,0.0,0.0,0.0,0.0,0.0,0.0,1.0,0.0,0.0,0.0,9.0,1.0,9.0,3.0,4.0,1.0,4.0,0.0,17.0,0.0,1.0,0.0,122.0
1.0,0.0,1.0,0.0,1.0,0.0,0.0,0.0,0.0,0.0,1.0,0.0,0.0,0.0,0.0,0.0,0.0,0.0,1.0,0.0,0.0,10.0,3.0,10.0,3.0,3.0,1.0,5.0,0.0,17.0,3.0,5.0,8.0,128.0
0.0,0.0,1.0,0.0,1.0,0.0,0.0,1.0,0.0,0.0,0.0,0.0,0.0,0.0,0.0,0.0,1.0,0.0,0.0,0.0,0.0,2.0,3.0,6.0,2.0,3.0,1.0,2.0,0.0,14.0,4.0,4.0,1.0,179.0
0.0,0.0,0.0,1.0,1.0,0.0,0.0,1.0,0.0,0.0,0.0,0.0,0.0,0.0,0.0,0.0,0.0,0.0,1.0,0.0,0.0,8.0,3.0,6.0,3.0,3.0,3.0,2.0,0.0,14.0,1.0,1.0,8.0,188.0
1.0,0.0,0.0,1.0,0.0,0.0,1.0,0.0,0.0,0.0,1.0,0.0,0.0,1.0,0.0,0.0,0.0,0.0,0.0,0.0,1.0,0.0,1.0,14.0,2.0,4.0,1.0,2.0,1.0,13.0,0.0,1.0,1.0,124.0
0.0,0.0,0.0,1.0,0.0,0.0,1.0,0.0,0.0,0.0,1.0,0.0,0.0,0.0,0.0,0.0,0.0,1.0,0.0,0.0,0.0,25.0,1.0,8.0,2.0,4.0,1.0,8.0,0.0,15.0,2.0,2.0,2.0,132.0
1.0,0.0,1.0,0.0,0.0,1.0,0.0,0.0,0.0,0.0,0.0,0.0,1.0,0.0,0.0,1.0,0.0,0.0,0.0,0.0,0.0,15.0,1.0,10.0,2.0,3.0,1.0,2.0,0.0,15.0,0.0,11.0,15.0,292.0
1.0,0.0,1.0,0.0,0.0,0.0,1.0,0.0,0.0,0.0,1.0,0.0,0.0,1.0,0.0,0.0,0.0,0.0,0.0,0.0,0.0,9.0,2.0,12.0,2.0,3.0,3.0,9.0,0.0,17.0,0.0,2.0,2.0,123.0
0.0,0.0,1.0,0.0,0.0,1.0,0.0,0.0,0.0,0.0,0.0,0.0,1.0,0.0,0.0,0.0,1.0,0.0,0.0,0.0,0.0,23.0,3.0,6.0,3.0,3.0,1.0,4.0,0.0,15.0,1.0,1.0,6.0,295.0
1.0,0.0,1.0,0.0,0.0,0.0,1.0,0.0,0.0,0.0,1.0,0.0,0.0,1.0,0.0,0.0,0.0,0.0,0.0,0.0,1.0,0.0,1.0,14.0,2.0,3.0,1.0,6.0,1.0,13.0,1.0,1.0,4.0,124.0
0.0,0.0,1.0,0.0,0.0,1.0,0.0,0.0,1.0,0.0,0.0,0.0,0.0,0.0,0.0,0.0,0.0,0.0,1.0,0.0,0.0,16.0,3.0,22.0,3.0,3.0,1.0,6.0,1.0,22.0,0.0,2.0,9.0,261.0
0.0,0.0,1.0,0.0,0.0,0.0,1.0,0.0,0.0,0.0,1.0,0.0,0.0,0.0,0.0,0.0,0.0,1.0,0.0,0.0,1.0,0.0,1.0,8.0,3.0,3.0,5.0,8.0,0.0,20.0,1.0,1.0,7.0,127.0
1.0,0.0,0.0,1.0,1.0,0.0,0.0,0.0,0.0,0.0,0.0,0.0,1.0,0.0,0.0,0.0,0.0,1.0,0.0,0.0,0.0,25.0,3.0,8.0,3.0,4.0,3.0,2.0,1.0,18.0,1.0,15.0,12.0,291.0
0.0,0.0,1.0,0.0,0.0,0.0,1.0,0.0,0.0,0.0,0.0,1.0,0.0,0.0,0.0,0.0,0.0,1.0,0.0,0.0,0.0,5.0,3.0,10.0,2.0,3.0,4.0,3.0,0.0,11.0,1.0,1.0,2.0,139.0
1.0,0.0,0.0,1.0,0.0,0.0,1.0,0.0,0.0,0.0,0.0,1.0,0.0,0.0,0.0,0.0,0.0,1.0,0.0,0.0,1.0,0.0,1.0,6.0,3.0,4.0,3.0,1.0,1.0,14.0,0.0,1.0,2.0,137.0
0.0,0.0,1.0,0.0,0.0,0.0,1.0,0.0,0.0,0.0,1.0,0.0,0.0,1.0,0.0,0.0,0.0,0.0,0.0,0.0,0.0,9.0,1.0,6.0,3.0,3.0,3.0,8.0,0.0,14.0,1.0,1.0,2.0,122.0
1.0,0.0,1.0,0.0,1.0,0.0,0.0,0.0,0.0,1.0,0.0,0.0,0.0,0.0,0.0,0.0,0.0,0.0,1.0,0.0,0.0,5.0,3.0,32.0,3.0,3.0,1.0,1.0,0.0,18.0,2.0,2.0,2.0,145.0
1.0,0.0,1.0,0.0,0.0,0.0,1.0,0.0,0.0,1.0,0.0,0.0,0.0,0.0,0.0,0.0,0.0,1.0,0.0,0.0,0.0,14.0,1.0,25.0,3.0,3.0,5.0,3.0,0.0,16.0,0.0,1.0,0.0,131.0
1.0,0.0,1.0,0.0,0.0,0.0,1.0,0.0,0.0,1.0,0.0,0.0,0.0,0.0,1.0,0.0,0.0,0.0,0.0,0.0,0.0,13.0,1.0,30.0,3.0,3.0,1.0,2.0,0.0,17.0,2.0,4.0,7.0,133.0
1.0,0.0,1.0,0.0,0.0,1.0,0.0,0.0,0.0,0.0,0.0,0.0,1.0,0.0,0.0,0.0,0.0,0.0,0.0,1.0,0.0,18.0,1.0,6.0,3.0,1.0,1.0,1.0,0.0,15.0,1.0,1.0,7.0,292.0
1.0,0.0,1.0,0.0,1.0,0.0,0.0,1.0,0.0,0.0,0.0,0.0,0.0,0.0,0.0,0.0,1.0,0.0,0.0,0.0,0.0,4.0,1.0,9.0,3.0,3.0,3.0,10.0,0.0,12.0,2.0,2.0,2.0,237.0
0.0,0.0,1.0,0.0,0.0,0.0,1.0,0.0,0.0,0.0,1.0,0.0,0.0,0.0,0.0,0.0,0.0,1.0,0.0,0.0,0.0,6.0,1.0,11.0,3.0,4.0,1.0,2.0,0.0,13.0,0.0,1.0,2.0,129.0
1.0,0.0,1.0,0.0,0.0,1.0,0.0,0.0,0.0,1.0,0.0,0.0,0.0,0.0,0.0,0.0,0.0,1.0,0.0,0.0,0.0,7.0,1.0,8.0,2.0,4.0,5.0,7.0,0.0,13.0,0.0,5.0,9.0,160.0
0.0,0.0,1.0,0.0,0.0,0.0,1.0,0.0,0.0,0.0,0.0,1.0,0.0,0.0,0.0,0.0,1.0,0.0,0.0,0.0,0.0,10.0,1.0,6.0,2.0,4.0,5.0,3.0,0.0,14.0,0.0,1.0,2.0,139.0
1.0,0.0,1.0,0.0,1.0,0.0,0.0,0.0,0.0,1.0,0.0,0.0,0.0,0.0,0.0,0.0,0.0,1.0,0.0,0.0,0.0,18.0,1.0,13.0,3.0,1.0,3.0,5.0,0.0,17.0,1.0,1.0,2.0,164.0
1.0,0.0,1.0,0.0,1.0,0.0,0.0,1.0,0.0,0.0,0.0,0.0,0.0,0.0,0.0,0.0,1.0,0.0,0.0,0.0,1.0,0.0,1.0,16.0,3.0,3.0,3.0,7.0,0.0,11.0,0.0,1.0,0.0,200.0
0.0,0.0,0.0,1.0,1.0,0.0,0.0,1.0,0.0,0.0,0.0,0.0,0.0,0.0,0.0,1.0,0.0,0.0,0.0,0.0,0.0,12.0,1.0,8.0,3.0,3.0,3.0,1.0,0.0,25.0,6.0,11.0,4.543490512868683,209.0
1.0,0.0,0.0,1.0,0.0,0.0,1.0,0.0,0.0,0.0,1.0,0.0,0.0,0.0,0.0,0.0,0.0,1.0,0.0,0.0,0.0,2.0,1.0,14.0,2.0,3.0,1.0,2.0,0.0,19.0,1.0,1.0,5.0,123.0
0.0,0.0,0.0,1.0,0.0,1.0,0.0,0.0,0.0,1.0,0.0,0.0,0.0,0.0,0.0,0.0,0.0,1.0,0.0,0.0,0.0,15.0,1.0,23.0,2.0,1.0,5.0,4.0,1.0,13.0,1.0,1.0,2.0,165.0
1.0,0.0,1.0,0.0,0.0,1.0,0.0,0.0,0.0,1.0,0.0,0.0,0.0,0.0,0.0,0.0,0.0,0.0,1.0,0.0,0.0,2.0,3.0,26.0,2.0,3.0,1.0,3.0,0.0,14.0,1.0,1.0,2.0,169.0
0.0,0.0,1.0,0.0,0.0,0.0,1.0,0.0,0.0,1.0,0.0,0.0,0.0,0.0,0.0,0.0,0.0,1.0,0.0,0.0,0.0,0.0,1.0,6.0,3.0,3.0,3.0,1.0,0.0,12.0,1.0,1.0,2.0,149.0
0.0,0.0,1.0,0.0,0.0,0.0,1.0,0.0,0.0,0.0,1.0,0.0,0.0,1.0,0.0,0.0,0.0,0.0,0.0,0.0,0.0,15.0,1.0,14.0,2.0,4.0,5.0,1.0,1.0,11.0,7.0,7.0,8.0,126.0
1.0,0.0,1.0,0.0,0.0,1.0,0.0,0.0,0.0,0.0,0.0,0.0,1.0,0.0,0.0,0.0,1.0,0.0,0.0,0.0,0.0,13.0,1.0,8.0,2.0,3.0,3.0,1.0,0.0,15.0,3.0,3.0,9.0,294.0
1.0,0.0,1.0,0.0,0.0,0.0,1.0,0.0,0.0,0.0,1.0,0.0,0.0,0.0,0.0,0.0,0.0,1.0,0.0,0.0,0.0,24.0,1.0,6.0,3.0,3.0,1.0,2.0,0.0,11.0,1.0,1.0,0.0,127.0
1.0,0.0,0.0,1.0,1.0,0.0,0.0,0.0,0.0,0.0,1.0,0.0,0.0,0.0,0.0,0.0,1.0,0.0,0.0,0.0,1.0,0.0,1.0,35.0,3.0,4.0,4.0,1.0,0.0,11.0,0.0,1.0,4.0,135.0
1.0,0.0,1.0,0.0,1.0,0.0,0.0,0.0,0.0,0.0,1.0,0.0,0.0,0.0,0.0,0.0,0.0,1.0,0.0,0.0,0.0,5.0,1.0,13.0,3.0,1.0,4.0,2.0,0.0,20.0,0.0,1.0,3.0,128.0
1.0,0.0,1.0,0.0,1.0,0.0,0.0,0.0,0.0,1.0,0.0,0.0,0.0,0.0,0.0,0.0,0.0,1.0,0.0,0.0,0.0,11.0,3.0,8.0,2.0,4.0,1.0,4.0,0.0,18.0,1.0,7.0,5.0,152.0
1.0,0.0,0.0,1.0,0.0,0.0,1.0,0.0,0.0,1.0,0.0,0.0,0.0,0.0,0.0,1.0,0.0,0.0,0.0,0.0,0.0,9.0,1.0,8.0,2.0,4.0,5.0,5.0,0.0,13.0,0.0,1.0,4.0,122.0
0.0,0.0,1.0,0.0,0.0,1.0,0.0,0.0,1.0,0.0,0.0,0.0,0.0,0.0,0.0,1.0,0.0,0.0,0.0,0.0,0.0,19.0,3.0,8.0,3.0,5.0,4.0,4.0,1.0,12.0,1.0,7.0,7.0,269.0
1.0,0.0,0.0,1.0,0.0,0.0,1.0,0.0,0.0,0.0,1.0,0.0,0.0,0.0,0.0,0.0,0.0,1.0,0.0,0.0,1.0,0.0,1.0,8.0,3.0,3.0,3.0,3.0,0.0,11.0,0.0,1.0,0.0,135.0
1.0,0.0,1.0,0.0,0.0,1.0,0.0,0.0,0.0,1.0,0.0,0.0,0.0,0.0,0.0,0.0,1.0,0.0,0.0,0.0,0.0,2.0,3.0,8.0,3.0,4.0,4.0,3.0,0.0,19.0,1.0,1.0,0.0,166.0
1.0,0.0,1.0,0.0,0.0,1.0,0.0,0.0,0.0,1.0,0.0,0.0,0.0,0.0,0.0,0.0,1.0,0.0,0.0,0.0,0.0,4.0,1.0,29.0,3.0,4.0,1.0,1.0,0.0,21.0,0.0,7.0,8.0,156.0
1.0,0.0,1.0,0.0,1.0,0.0,0.0,0.0,0.0,1.0,0.0,0.0,0.0,0.0,0.0,0.0,0.0,1.0,0.0,0.0,0.0,0.0,1.0,11.0,2.0,1.0,5.0,2.0,0.0,12.0,1.0,1.0,5.0,140.0
1.0,0.0,1.0,0.0,0.0,1.0,0.0,0.0,1.0,0.0,0.0,0.0,0.0,0.0,0.0,0.0,1.0,0.0,0.0,0.0,0.0,18.0,1.0,26.0,3.0,3.0,1.0,1.0,1.0,14.0,2.0,2.0,10.0,235.0
1.0,0.0,1.0,0.0,0.0,0.0,1.0,0.0,0.0,0.0,1.0,0.0,0.0,0.0,0.0,0.0,0.0,1.0,0.0,0.0,0.0,9.0,1.0,12.0,2.0,3.0,1.0,1.0,0.0,11.0,1.0,10.0,11.0,132.0
1.0,0.0,0.0,1.0,0.0,1.0,0.0,0.0,0.0,0.0,0.0,0.0,1.0,0.0,0.0,0.0,1.0,0.0,0.0,0.0,0.0,28.0,1.0,6.0,2.0,3.0,5.0,1.0,1.0,14.0,1.0,4.0,13.0,290.0
1.0,0.0,1.0,0.0,1.0,0.0,0.0,1.0,0.0,0.0,0.0,0.0,0.0,0.0,0.0,0.0,0.0,1.0,0.0,0.0,1.0,10.0,1.0,35.0,2.0,3.0,4.0,2.0,1.0,12.0,4.0,9.0,4.543490512868683,218.0
1.0,0.0,1.0,0.0,0.0,0.0,1.0,0.0,0.0,0.0,1.0,0.0,0.0,1.0,0.0,0.0,0.0,0.0,0.0,0.0,0.0,9.0,1.0,15.0,3.0,3.0,1.0,2.0,0.0,23.0,1.0,1.0,4.0,121.0
1.0,0.0,1.0,0.0,0.0,1.0,0.0,0.0,0.0,1.0,0.0,0.0,0.0,0.0,0.0,0.0,1.0,0.0,0.0,0.0,0.0,10.0,3.0,12.0,3.0,3.0,1.0,5.0,0.0,14.0,1.0,1.0,1.0,165.0
1.0,0.0,0.0,1.0,0.0,0.0,1.0,0.0,0.0,0.0,1.0,0.0,0.0,1.0,0.0,0.0,0.0,0.0,0.0,0.0,0.0,0.0,1.0,9.0,3.0,4.0,3.0,2.0,0.0,17.0,1.0,1.0,0.0,132.0
0.0,0.0,1.0,0.0,1.0,0.0,0.0,1.0,0.0,0.0,0.0,0.0,0.0,0.0,0.0,0.0,1.0,0.0,0.0,0.0,0.0,10.0,1.0,6.0,3.0,3.0,1.0,3.0,1.0,18.0,0.0,2.0,2.0,236.0
0.0,0.0,1.0,0.0,0.0,1.0,0.0,1.0,0.0,0.0,0.0,0.0,0.0,0.0,0.0,0.0,0.0,1.0,0.0,0.0,0.0,8.0,1.0,28.0,3.0,1.0,4.0,8.0,0.0,18.0,5.0,6.0,4.543490512868683,220.0
0.0,0.0,1.0,0.0,0.0,1.0,0.0,0.0,0.0,1.0,0.0,0.0,0.0,0.0,0.0,0.0,1.0,0.0,0.0,0.0,0.0,11.0,3.0,13.0,2.0,1.0,5.0,2.0,1.0,24.0,4.0,7.0,7.0,156.0
0.0,0.0,1.0,0.0,1.0,0.0,0.0,0.0,0.0,1.0,0.0,0.0,0.0,0.0,0.0,0.0,0.0,1.0,0.0,0.0,0.0,0.0,1.0,6.0,2.0,3.0,4.0,2.0,0.0,20.0,1.0,1.0,4.0,164.0
1.0,0.0,1.0,0.0,0.0,1.0,0.0,0.0,0.0,0.0,0.0,0.0,1.0,0.0,0.0,0.0,0.0,1.0,0.0,0.0,0.0,23.0,1.0,10.0,3.0,3.0,4.0,4.0,0.0,14.0,1.0,1.0,6.0,291.0
1.0,0.0,1.0,0.0,0.0,1.0,0.0,0.0,1.0,0.0,0.0,0.0,0.0,0.0,0.0,0.0,1.0,0.0,0.0,0.0,0.0,26.0,1.0,9.0,2.0,3.0,3.0,4.0,1.0,16.0,1.0,1.0,3.0,276.0
1.0,0.0,1.0,0.0,0.0,0.0,1.0,0.0,0.0,1.0,0.0,0.0,0.0,0.0,0.0,0.0,0.0,1.0,0.0,0.0,0.0,15.0,3.0,6.0,1.0,3.0,3.0,2.0,0.0,25.0,6.0,11.0,6.0,149.0
1.0,0.0,0.0,1.0,1.0,0.0,0.0,0.0,0.0,1.0,0.0,0.0,0.0,0.0,0.0,0.0,0.0,1.0,0.0,0.0,0.0,2.0,3.0,8.0,2.0,3.0,1.0,2.0,0.0,18.0,0.0,1.0,9.0,146.0
1.0,0.0,1.0,0.0,0.0,1.0,0.0,0.0,0.0,1.0,0.0,0.0,0.0,0.0,1.0,0.0,0.0,0.0,0.0,0.0,0.0,28.0,1.0,26.0,2.0,3.0,1.0,4.0,1.0,19.0,0.0,1.0,8.0,154.0
1.0,0.0,1.0,0.0,1.0,0.0,0.0,0.0,0.0,1.0,0.0,0.0,0.0,0.0,0.0,0.0,1.0,0.0,0.0,0.0,0.0,0.0,1.0,17.0,2.0,3.0,5.0,2.0,1.0,13.0,1.0,3.0,3.0,147.0
0.0,0.0,0.0,1.0,0.0,0.0,1.0,0.0,0.0,0.0,1.0,0.0,0.0,0.0,0.0,0.0,0.0,1.0,0.0,0.0,0.0,9.0,1.0,6.0,2.0,3.0,1.0,2.0,0.0,12.0,1.0,5.0,7.0,121.0
1.0,0.0,1.0,0.0,1.0,0.0,0.0,0.0,0.0,0.0,1.0,0.0,0.0,0.0,0.0,0.0,0.0,1.0,0.0,0.0,1.0,7.0,1.0,30.0,3.0,3.0,3.0,4.0,1.0,22.0,0.0,1.0,0.0,132.0
1.0,0.0,1.0,0.0,0.0,1.0,0.0,0.0,0.0,1.0,0.0,0.0,0.0,0.0,0.0,0.0,0.0,1.0,0.0,0.0,0.0,11.0,1.0,29.0,2.0,3.0,1.0,10.0,0.0,14.0,0.0,1.0,2.0,157.0
1.0,0.0,1.0,0.0,0.0,0.0,1.0,0.0,0.0,0.0,1.0,0.0,0.0,1.0,0.0,0.0,0.0,0.0,0.0,0.0,1.0,0.0,1.0,14.0,2.0,3.0,4.0,3.0,1.0,13.0,1.0,1.0,2.0,124.0
0.0,0.0,0.0,1.0,0.0,0.0,1.0,0.0,0.0,0.0,1.0,0.0,0.0,0.0,0.0,0.0,0.0,1.0,0.0,0.0,0.0,1.0,1.0,14.0,3.0,3.0,1.0,2.0,0.0,21.0,1.0,1.0,2.0,133.0
0.0,0.0,0.0,1.0,1.0,0.0,0.0,0.0,0.0,0.0,0.0,0.0,1.0,0.0,0.0,0.0,0.0,1.0,0.0,0.0,0.0,22.0,1.0,16.0,2.0,3.0,5.0,10.0,1.0,11.0,1.0,1.0,2.0,287.0
1.0,0.0,0.0,1.0,0.0,0.0,1.0,0.0,0.0,1.0,0.0,0.0,0.0,0.0,1.0,0.0,0.0,0.0,0.0,0.0,0.0,9.0,1.0,9.0,1.0,3.0,4.0,5.0,0.0,12.0,2.0,7.0,7.0,145.0
0.0,0.0,1.0,0.0,1.0,0.0,0.0,0.0,0.0,0.0,1.0,0.0,0.0,0.0,0.0,0.0,0.0,0.0,1.0,0.0,0.0,4.0,3.0,11.0,3.0,3.0,4.0,2.0,0.0,11.0,0.0,2.0,2.0,128.0
1.0,0.0,0.0,1.0,0.0,1.0,0.0,0.0,0.0,1.0,0.0,0.0,0.0,0.0,0.0,0.0,0.0,0.0,1.0,0.0,1.0,0.0,3.0,10.0,2.0,4.0,1.0,2.0,1.0,12.0,4.0,7.0,4.0,158.0
1.0,0.0,1.0,0.0,1.0,0.0,0.0,0.0,0.0,0.0,1.0,0.0,0.0,1.0,0.0,0.0,0.0,0.0,0.0,0.0,0.0,10.0,1.0,14.0,2.0,3.0,1.0,2.0,1.0,12.0,0.0,1.0,2.0,123.0
0.0,0.0,1.0,0.0,1.0,0.0,0.0,0.0,1.0,0.0,0.0,0.0,0.0,0.0,0.0,0.0,0.0,0.0,1.0,0.0,0.0,15.0,3.0,32.0,3.0,3.0,4.0,6.0,0.0,14.0,3.0,2.0,8.0,235.0
1.0,0.0,0.0,1.0,0.0,1.0,0.0,0.0,0.0,0.0,0.0,1.0,0.0,0.0,0.0,0.0,0.0,1.0,0.0,0.0,1.0,9.0,1.0,9.0,2.0,3.0,3.0,2.0,0.0,13.0,1.0,1.0,0.0,114.0
1.0,0.0,1.0,0.0,0.0,1.0,0.0,1.0,0.0,0.0,0.0,0.0,0.0,0.0,0.0,0.0,0.0,0.0,1.0,0.0,0.0,8.0,3.0,22.0,3.0,3.0,4.0,1.0,0.0,15.0,3.0,6.0,9.0,180.0
1.0,0.0,1.0,0.0,1.0,0.0,0.0,0.0,0.0,0.0,0.0,1.0,0.0,0.0,0.0,0.0,0.0,1.0,0.0,0.0,0.0,9.0,1.0,24.0,2.0,1.0,1.0,5.0,0.0,18.0,1.0,1.0,0.0,137.0
1.0,0.0,1.0,0.0,0.0,1.0,0.0,0.0,0.0,1.0,0.0,0.0,0.0,0.0,0.0,0.0,1.0,0.0,0.0,0.0,0.0,24.0,1.0,8.0,2.0,5.0,4.0,6.0,0.0,18.0,0.0,1.0,2.0,155.0
1.0,0.0,0.0,1.0,0.0,1.0,0.0,0.0,1.0,0.0,0.0,0.0,0.0,0.0,0.0,0.0,0.0,1.0,0.0,0.0,0.0,14.0,3.0,8.0,2.0,3.0,4.0,2.0,0.0,19.0,1.0,2.0,4.0,260.0
0.0,0.0,0.0,1.0,0.0,1.0,0.0,0.0,0.0,0.0,0.0,1.0,0.0,0.0,0.0,0.0,1.0,0.0,0.0,0.0,0.0,9.0,3.0,16.0,3.0,4.0,3.0,2.0,0.0,12.0,0.0,1.0,0.0,112.0
1.0,0.0,0.0,1.0,0.0,1.0,0.0,0.0,0.0,1.0,0.0,0.0,0.0,0.0,0.0,0.0,1.0,0.0,0.0,0.0,0.0,1.0,1.0,22.0,3.0,1.0,5.0,1.0,0.0,19.0,0.0,1.0,7.0,157.0
1.0,0.0,1.0,0.0,0.0,1.0,0.0,0.0,0.0,1.0,0.0,0.0,0.0,0.0,1.0,0.0,0.0,0.0,0.0,0.0,0.0,4.0,3.0,13.0,3.0,1.0,1.0,5.0,0.0,11.0,3.0,7.0,7.0,169.0
1.0,0.0,1.0,0.0,0.0,1.0,0.0,1.0,0.0,0.0,0.0,0.0,0.0,0.0,0.0,0.0,1.0,0.0,0.0,0.0,0.0,12.0,1.0,6.0,2.0,1.0,1.0,1.0,0.0,17.0,1.0,3.0,7.0,196.0
0.0,0.0,1.0,0.0,1.0,0.0,0.0,0.0,0.0,1.0,0.0,0.0,0.0,0.0,0.0,0.0,0.0,1.0,0.0,0.0,0.0,9.0,1.0,30.0,2.0,3.0,4.0,8.0,0.0,15.0,1.0,1.0,8.0,157.0
1.0,0.0,1.0,0.0,0.0,1.0,0.0,0.0,0.0,1.0,0.0,0.0,0.0,0.0,0.0,0.0,0.0,1.0,0.0,0.0,0.0,5.0,3.0,13.0,3.0,4.0,3.0,2.0,0.0,14.0,3.0,4.0,8.0,155.0
0.0,0.0,1.0,0.0,0.0,1.0,0.0,1.0,0.0,0.0,0.0,0.0,0.0,0.0,0.0,0.0,0.0,1.0,0.0,0.0,0.0,11.0,1.0,31.0,2.0,4.0,4.0,4.0,0.0,17.0,0.0,1.0,4.543490512868683,221.0
1.0,0.0,1.0,0.0,1.0,0.0,0.0,0.0,0.0,1.0,0.0,0.0,0.0,0.0,0.0,0.0,0.0,1.0,0.0,0.0,0.0,30.0,1.0,6.0,2.0,5.0,3.0,3.0,1.0,13.0,1.0,1.0,2.0,157.0
1.0,0.0,1.0,0.0,0.0,0.0,1.0,0.0,0.0,0.0,0.0,1.0,0.0,0.0,1.0,0.0,0.0,0.0,0.0,0.0,0.0,4.0,1.0,11.0,2.0,3.0,1.0,1.0,1.0,12.0,1.0,1.0,3.0,148.0
1.0,0.0,1.0,0.0,0.0,1.0,0.0,0.0,0.0,1.0,0.0,0.0,0.0,0.0,0.0,0.0,0.0,0.0,0.0,1.0,0.0,4.0,2.0,8.0,3.0,4.0,5.0,4.0,0.0,12.0,0.0,1.0,0.0,164.0
1.0,0.0,1.0,0.0,1.0,0.0,0.0,1.0,0.0,0.0,0.0,0.0,0.0,0.0,0.0,0.0,0.0,1.0,0.0,0.0,0.0,18.0,1.0,13.0,3.0,3.0,5.0,2.0,0.0,18.0,2.0,9.0,11.0,152.0
1.0,0.0,1.0,0.0,0.0,0.0,1.0,0.0,0.0,0.0,1.0,0.0,0.0,0.0,0.0,0.0,0.0,1.0,0.0,0.0,0.0,4.0,1.0,8.0,3.0,3.0,1.0,1.0,1.0,18.0,2.0,2.0,2.0,127.0
0.0,0.0,1.0,0.0,1.0,0.0,0.0,1.0,0.0,0.0,0.0,0.0,0.0,0.0,0.0,0.0,0.0,1.0,0.0,0.0,0.0,6.0,1.0,11.0,3.0,3.0,4.0,7.0,0.0,11.0,7.0,8.0,4.543490512868683,219.0
1.0,0.0,1.0,0.0,0.0,1.0,0.0,0.0,1.0,0.0,0.0,0.0,0.0,0.0,0.0,0.0,1.0,0.0,0.0,0.0,0.0,0.0,1.0,16.0,3.0,3.0,5.0,2.0,1.0,14.0,1.0,11.0,10.0,271.0
0.0,0.0,0.0,1.0,1.0,0.0,0.0,0.0,0.0,0.0,1.0,0.0,0.0,0.0,0.0,0.0,0.0,1.0,0.0,0.0,0.0,16.0,1.0,14.0,2.0,3.0,1.0,1.0,0.0,19.0,0.0,1.0,7.0,125.0
0.0,0.0,0.0,1.0,0.0,1.0,0.0,0.0,1.0,0.0,0.0,0.0,0.0,0.0,0.0,1.0,0.0,0.0,0.0,0.0,0.0,22.0,1.0,6.0,2.0,4.0,3.0,8.0,1.0,12.0,0.0,2.0,7.0,240.0
1.0,0.0,1.0,0.0,0.0,0.0,1.0,0.0,0.0,1.0,0.0,0.0,0.0,0.0,0.0,0.0,1.0,0.0,0.0,0.0,1.0,15.0,1.0,14.0,2.0,4.0,4.0,3.0,0.0,15.0,7.0,7.0,7.0,149.0
0.0,0.0,0.0,1.0,0.0,0.0,1.0,0.0,0.0,0.0,1.0,0.0,0.0,0.0,0.0,0.0,0.0,1.0,0.0,0.0,0.0,0.0,1.0,14.0,2.0,3.0,4.0,2.0,1.0,12.0,0.0,1.0,2.0,125.0
0.0,0.0,1.0,0.0,0.0,1.0,0.0,0.0,0.0,1.0,0.0,0.0,0.0,0.0,1.0,0.0,0.0,0.0,0.0,0.0,0.0,5.0,3.0,14.0,3.0,4.0,4.0,2.0,1.0,11.0,11.0,11.0,9.0,152.0
1.0,0.0,0.0,1.0,0.0,0.0,1.0,0.0,0.0,1.0,0.0,0.0,0.0,0.0,0.0,0.0,0.0,1.0,0.0,0.0,0.0,0.0,3.0,8.0,3.0,3.0,3.0,2.0,1.0,11.0,0.0,1.0,4.0,145.0
1.0,0.0,1.0,0.0,0.0,1.0,0.0,0.0,0.0,1.0,0.0,0.0,0.0,0.0,0.0,0.0,0.0,0.0,1.0,0.0,0.0,4.0,3.0,13.0,3.0,3.0,1.0,5.0,0.0,12.0,0.0,1.0,7.0,175.0
0.0,0.0,0.0,1.0,0.0,1.0,0.0,0.0,0.0,1.0,0.0,0.0,0.0,0.0,0.0,0.0,1.0,0.0,0.0,0.0,0.0,5.0,1.0,8.0,3.0,1.0,1.0,8.0,0.0,16.0,0.0,1.0,7.0,151.0
1.0,0.0,1.0,0.0,0.0,0.0,1.0,0.0,0.0,0.0,1.0,0.0,0.0,1.0,0.0,0.0,0.0,0.0,0.0,0.0,1.0,0.0,1.0,8.0,2.0,5.0,1.0,6.0,1.0,13.0,1.0,2.0,2.0,135.0
0.0,0.0,1.0,0.0,0.0,1.0,0.0,0.0,0.0,1.0,0.0,0.0,0.0,0.0,0.0,0.0,1.0,0.0,0.0,0.0,0.0,3.0,1.0,34.0,3.0,3.0,1.0,2.0,0.0,13.0,1.0,1.0,9.0,158.0
0.0,0.0,1.0,0.0,1.0,0.0,0.0,1.0,0.0,0.0,0.0,0.0,0.0,0.0,0.0,0.0,0.0,1.0,0.0,0.0,0.0,4.0,1.0,13.0,2.0,4.0,3.0,2.0,0.0,24.0,7.0,8.0,9.0,189.0
1.0,0.0,1.0,0.0,1.0,0.0,0.0,0.0,0.0,0.0,0.0,0.0,1.0,0.0,0.0,0.0,1.0,0.0,0.0,0.0,0.0,12.0,1.0,13.0,2.0,4.0,1.0,2.0,0.0,15.0,6.0,13.0,3.0,293.0
0.0,0.0,1.0,0.0,0.0,1.0,0.0,0.0,0.0,1.0,0.0,0.0,0.0,0.0,0.0,0.0,1.0,0.0,0.0,0.0,1.0,2.0,3.0,9.0,2.0,3.0,3.0,5.0,1.0,18.0,1.0,1.0,0.0,152.0
1.0,0.0,0.0,1.0,1.0,0.0,0.0,0.0,0.0,1.0,0.0,0.0,0.0,0.0,0.0,0.0,0.0,0.0,1.0,0.0,0.0,6.0,3.0,16.0,2.0,4.0,1.0,4.0,0.0,14.0,1.0,1.0,1.0,147.0
1.0,0.0,1.0,0.0,0.0,1.0,0.0,0.0,0.0,0.0,0.0,0.0,1.0,0.0,0.0,0.0,0.0,1.0,0.0,0.0,0.0,20.0,1.0,11.0,2.0,3.0,3.0,5.0,0.0,11.0,1.0,1.0,1.0,283.0
0.0,0.0,1.0,0.0,1.0,0.0,0.0,0.0,0.0,1.0,0.0,0.0,0.0,0.0,0.0,0.0,0.0,1.0,0.0,0.0,0.0,16.0,1.0,16.0,2.0,4.0,3.0,2.0,0.0,11.0,1.0,1.0,0.0,153.0
1.0,0.0,1.0,0.0,1.0,0.0,0.0,0.0,0.0,1.0,0.0,0.0,0.0,0.0,0.0,0.0,0.0,0.0,1.0,0.0,0.0,0.0,3.0,6.0,3.0,3.0,4.0,1.0,1.0,13.0,0.0,1.0,4.0,163.0
0.0,0.0,0.0,1.0,1.0,0.0,0.0,0.0,0.0,1.0,0.0,0.0,0.0,0.0,0.0,0.0,0.0,1.0,0.0,0.0,0.0,27.0,1.0,26.0,2.0,3.0,3.0,4.0,0.0,12.0,0.0,1.0,3.0,149.0
0.0,0.0,1.0,0.0,0.0,1.0,0.0,1.0,0.0,0.0,0.0,0.0,0.0,0.0,0.0,0.0,0.0,1.0,0.0,0.0,0.0,16.0,1.0,13.0,2.0,3.0,5.0,9.0,0.0,16.0,1.0,1.0,0.0,200.0
1.0,0.0,1.0,0.0,0.0,0.0,1.0,0.0,0.0,1.0,0.0,0.0,0.0,0.0,0.0,0.0,0.0,0.0,0.0,1.0,0.0,18.0,1.0,14.0,3.0,3.0,1.0,10.0,0.0,14.0,8.0,9.0,8.0,137.0
1.0,0.0,1.0,0.0,0.0,1.0,0.0,0.0,0.0,1.0,0.0,0.0,0.0,0.0,0.0,0.0,1.0,0.0,0.0,0.0,0.0,13.0,3.0,6.0,2.0,5.0,1.0,3.0,1.0,22.0,1.0,1.0,2.0,175.0
1.0,0.0,1.0,0.0,0.0,0.0,1.0,0.0,0.0,0.0,1.0,0.0,0.0,0.0,0.0,0.0,0.0,0.0,0.0,1.0,1.0,9.0,1.0,14.0,3.0,5.0,5.0,2.0,1.0,11.0,0.0,1.0,7.0,121.0
1.0,0.0,0.0,1.0,0.0,0.0,1.0,0.0,0.0,0.0,0.0,1.0,0.0,0.0,0.0,0.0,0.0,0.0,0.0,1.0,0.0,2.0,1.0,15.0,1.0,4.0,1.0,1.0,0.0,17.0,1.0,2.0,2.0,140.0
0.0,0.0,1.0,0.0,0.0,1.0,0.0,0.0,0.0,1.0,0.0,0.0,0.0,0.0,0.0,0.0,0.0,0.0,1.0,0.0,0.0,3.0,3.0,11.0,1.0,4.0,3.0,2.0,0.0,13.0,1.0,1.0,2.0,161.0
0.0,0.0,1.0,0.0,0.0,1.0,0.0,0.0,0.0,1.0,0.0,0.0,0.0,0.0,0.0,0.0,0.0,0.0,1.0,0.0,0.0,0.0,3.0,14.0,2.0,3.0,4.0,2.0,0.0,18.0,0.0,1.0,7.0,162.0
1.0,0.0,1.0,0.0,0.0,1.0,0.0,0.0,0.0,1.0,0.0,0.0,0.0,0.0,0.0,0.0,1.0,0.0,0.0,0.0,0.0,10.0,1.0,11.0,3.0,3.0,1.0,8.0,0.0,16.0,1.0,1.0,4.0,163.0
1.0,0.0,1.0,0.0,0.0,1.0,0.0,1.0,0.0,0.0,0.0,0.0,0.0,0.0,0.0,0.0,0.0,1.0,0.0,0.0,0.0,11.0,1.0,21.0,3.0,4.0,1.0,1.0,1.0,14.0,2.0,2.0,4.543490512868683,215.0
0.0,0.0,0.0,1.0,0.0,1.0,0.0,1.0,0.0,0.0,0.0,0.0,0.0,0.0,0.0,0.0,1.0,0.0,0.0,0.0,0.0,4.0,1.0,13.0,2.0,3.0,1.0,2.0,1.0,14.0,4.0,4.0,10.0,171.0
0.0,0.0,1.0,0.0,0.0,1.0,0.0,0.0,0.0,1.0,0.0,0.0,0.0,0.0,0.0,0.0,0.0,0.0,1.0,0.0,0.0,2.0,3.0,16.0,2.0,4.0,4.0,2.0,1.0,14.0,1.0,1.0,7.0,183.0
1.0,0.0,0.0,1.0,0.0,1.0,0.0,1.0,0.0,0.0,0.0,0.0,0.0,0.0,1.0,0.0,0.0,0.0,0.0,0.0,0.0,8.0,1.0,11.0,3.0,3.0,4.0,1.0,0.0,13.0,1.0,1.0,13.0,181.0
1.0,0.0,1.0,0.0,0.0,0.0,1.0,0.0,0.0,0.0,1.0,0.0,0.0,0.0,0.0,0.0,0.0,1.0,0.0,0.0,0.0,0.0,1.0,32.0,3.0,3.0,1.0,2.0,0.0,12.0,0.0,1.0,2.0,129.0
1.0,0.0,0.0,1.0,0.0,1.0,0.0,0.0,0.0,1.0,0.0,0.0,0.0,0.0,0.0,0.0,1.0,0.0,0.0,0.0,0.0,14.0,1.0,12.0,3.0,4.0,4.0,7.0,1.0,15.0,1.0,1.0,2.0,160.0
1.0,0.0,0.0,1.0,1.0,0.0,0.0,0.0,0.0,1.0,0.0,0.0,0.0,1.0,0.0,0.0,0.0,0.0,0.0,0.0,0.0,20.0,3.0,10.0,3.0,3.0,3.0,4.0,0.0,19.0,0.0,1.0,0.0,130.0
0.0,0.0,0.0,1.0,0.0,1.0,0.0,0.0,1.0,0.0,0.0,0.0,0.0,0.0,0.0,0.0,0.0,1.0,0.0,0.0,0.0,15.0,1.0,29.0,2.0,3.0,1.0,3.0,0.0,14.0,0.0,2.0,0.0,260.0
1.0,0.0,1.0,0.0,1.0,0.0,0.0,0.0,0.0,1.0,0.0,0.0,0.0,0.0,0.0,0.0,0.0,1.0,0.0,0.0,0.0,2.0,3.0,8.0,3.0,3.0,3.0,2.0,0.0,14.0,1.0,1.0,2.0,146.0
1.0,0.0,1.0,0.0,0.0,0.0,1.0,0.0,0.0,0.0,1.0,0.0,0.0,0.0,1.0,0.0,0.0,0.0,0.0,0.0,0.0,15.0,2.0,8.0,3.0,3.0,3.0,1.0,1.0,11.0,1.0,1.0,0.0,127.0
0.0,0.0,1.0,0.0,0.0,0.0,1.0,0.0,0.0,0.0,1.0,0.0,0.0,1.0,0.0,0.0,0.0,0.0,0.0,0.0,0.0,5.0,1.0,14.0,3.0,3.0,4.0,2.0,0.0,13.0,0.0,1.0,7.0,124.0
0.0,0.0,1.0,0.0,0.0,1.0,0.0,1.0,0.0,0.0,0.0,0.0,0.0,0.0,0.0,0.0,1.0,0.0,0.0,0.0,0.0,21.0,3.0,35.0,3.0,3.0,3.0,4.0,0.0,21.0,0.0,1.0,4.543490512868683,225.0
1.0,0.0,1.0,0.0,0.0,1.0,0.0,0.0,0.0,1.0,0.0,0.0,0.0,0.0,0.0,0.0,1.0,0.0,0.0,0.0,0.0,10.0,1.0,12.0,2.0,1.0,5.0,5.0,1.0,13.0,6.0,6.0,7.0,160.0
0.0,0.0,1.0,0.0,1.0,0.0,0.0,0.0,0.0,1.0,0.0,0.0,0.0,0.0,1.0,0.0,0.0,0.0,0.0,0.0,0.0,3.0,3.0,31.0,2.0,3.0,3.0,8.0,1.0,12.0,2.0,2.0,2.0,147.0
1.0,0.0,1.0,0.0,0.0,1.0,0.0,0.0,0.0,1.0,0.0,0.0,0.0,0.0,0.0,0.0,0.0,1.0,0.0,0.0,0.0,0.0,3.0,6.0,2.0,3.0,3.0,2.0,0.0,17.0,0.0,7.0,7.0,153.0
1.0,0.0,0.0,1.0,0.0,1.0,0.0,0.0,0.0,1.0,0.0,0.0,0.0,0.0,0.0,0.0,0.0,0.0,0.0,1.0,0.0,15.0,1.0,8.0,3.0,4.0,1.0,4.0,0.0,23.0,1.0,1.0,0.0,168.0
0.0,0.0,0.0,1.0,1.0,0.0,0.0,0.0,0.0,0.0,1.0,0.0,0.0,0.0,0.0,1.0,0.0,0.0,0.0,0.0,1.0,9.0,3.0,6.0,3.0,4.0,4.0,2.0,1.0,11.0,1.0,1.0,2.0,122.0
0.0,0.0,0.0,1.0,1.0,0.0,0.0,0.0,0.0,1.0,0.0,0.0,0.0,0.0,0.0,0.0,1.0,0.0,0.0,0.0,0.0,9.0,3.0,6.0,2.0,3.0,1.0,5.0,0.0,15.0,1.0,1.0,0.0,167.0
1.0,0.0,1.0,0.0,1.0,0.0,0.0,1.0,0.0,0.0,0.0,0.0,0.0,0.0,0.0,0.0,1.0,0.0,0.0,0.0,0.0,9.0,3.0,9.0,2.0,4.0,1.0,5.0,0.0,11.0,0.0,1.0,12.0,197.0
1.0,0.0,1.0,0.0,0.0,1.0,0.0,0.0,0.0,1.0,0.0,0.0,0.0,0.0,0.0,0.0,1.0,0.0,0.0,0.0,0.0,30.0,1.0,6.0,2.0,3.0,3.0,3.0,0.0,11.0,0.0,1.0,2.0,168.0
0.0,0.0,1.0,0.0,0.0,0.0,1.0,0.0,0.0,0.0,1.0,0.0,0.0,0.0,0.0,0.0,0.0,1.0,0.0,0.0,0.0,9.0,1.0,16.0,2.0,1.0,3.0,4.0,1.0,13.0,0.0,1.0,7.0,122.0
1.0,0.0,0.0,1.0,1.0,0.0,0.0,0.0,0.0,0.0,1.0,0.0,0.0,1.0,0.0,0.0,0.0,0.0,0.0,0.0,0.0,0.0,3.0,14.0,2.0,3.0,1.0,2.0,0.0,24.0,2.0,2.0,2.0,126.0
0.0,0.0,0.0,1.0,0.0,0.0,1.0,0.0,0.0,0.0,1.0,0.0,0.0,0.0,0.0,0.0,0.0,0.0,1.0,0.0,1.0,0.0,3.0,11.0,3.0,3.0,3.0,2.0,1.0,13.0,0.0,1.0,0.0,129.0
0.0,0.0,1.0,0.0,0.0,0.0,1.0,0.0,0.0,0.0,1.0,0.0,0.0,1.0,0.0,0.0,0.0,0.0,0.0,0.0,0.0,10.0,1.0,16.0,3.0,3.0,5.0,7.0,0.0,20.0,1.0,1.0,3.0,135.0
0.0,0.0,1.0,0.0,1.0,0.0,0.0,0.0,0.0,1.0,0.0,0.0,0.0,0.0,0.0,0.0,1.0,0.0,0.0,0.0,0.0,19.0,1.0,13.0,1.0,3.0,3.0,3.0,0.0,14.0,1.0,1.0,0.0,153.0
1.0,0.0,0.0,1.0,1.0,0.0,0.0,0.0,0.0,1.0,0.0,0.0,0.0,0.0,0.0,0.0,0.0,0.0,1.0,0.0,1.0,4.0,3.0,10.0,2.0,3.0,4.0,2.0,0.0,18.0,4.0,7.0,7.0,194.0
1.0,0.0,0.0,1.0,0.0,1.0,0.0,1.0,0.0,0.0,0.0,0.0,0.0,0.0,0.0,1.0,0.0,0.0,0.0,0.0,0.0,23.0,1.0,16.0,3.0,4.0,1.0,7.0,0.0,15.0,1.0,1.0,3.0,205.0
1.0,0.0,1.0,0.0,0.0,1.0,0.0,0.0,0.0,1.0,0.0,0.0,0.0,0.0,0.0,0.0,0.0,0.0,1.0,0.0,1.0,3.0,3.0,28.0,3.0,4.0,3.0,3.0,1.0,12.0,1.0,1.0,0.0,164.0
1.0,0.0,0.0,1.0,0.0,0.0,1.0,0.0,0.0,0.0,1.0,0.0,0.0,0.0,0.0,0.0,0.0,1.0,0.0,0.0,0.0,4.0,1.0,14.0,2.0,4.0,4.0,1.0,1.0,16.0,2.0,2.0,2.0,127.0
0.0,0.0,0.0,1.0,0.0,0.0,1.0,0.0,0.0,0.0,1.0,0.0,0.0,0.0,0.0,0.0,0.0,1.0,0.0,0.0,1.0,0.0,3.0,18.0,3.0,1.0,4.0,2.0,0.0,15.0,0.0,1.0,0.0,127.0
1.0,0.0,0.0,1.0,0.0,0.0,1.0,0.0,0.0,0.0,1.0,0.0,0.0,0.0,0.0,0.0,0.0,1.0,0.0,0.0,0.0,9.0,1.0,29.0,2.0,3.0,1.0,10.0,0.0,16.0,0.0,1.0,2.0,122.0
1.0,0.0,0.0,1.0,0.0,1.0,0.0,0.0,0.0,1.0,0.0,0.0,0.0,0.0,0.0,0.0,0.0,1.0,0.0,0.0,0.0,8.0,1.0,15.0,3.0,4.0,4.0,10.0,0.0,19.0,0.0,1.0,0.0,165.0
1.0,0.0,1.0,0.0,0.0,0.0,1.0,0.0,0.0,0.0,0.0,1.0,0.0,0.0,0.0,0.0,1.0,0.0,0.0,0.0,0.0,0.0,1.0,6.0,2.0,3.0,4.0,2.0,0.0,11.0,0.0,1.0,4.0,138.0
1.0,0.0,0.0,1.0,0.0,1.0,0.0,0.0,0.0,1.0,0.0,0.0,0.0,0.0,0.0,0.0,0.0,1.0,0.0,0.0,0.0,1.0,3.0,15.0,3.0,3.0,1.0,2.0,0.0,16.0,1.0,1.0,7.0,153.0
1.0,0.0,0.0,1.0,0.0,1.0,0.0,1.0,0.0,0.0,0.0,0.0,0.0,0.0,0.0,0.0,0.0,0.0,0.0,1.0,0.0,22.0,1.0,13.0,2.0,4.0,3.0,9.0,0.0,24.0,1.0,1.0,4.543490512868683,210.0
0.0,0.0,1.0,0.0,0.0,0.0,1.0,0.0,0.0,1.0,0.0,0.0,0.0,0.0,0.0,0.0,0.0,1.0,0.0,0.0,0.0,24.0,3.0,20.0,2.0,3.0,1.0,5.0,0.0,11.0,1.0,1.0,7.0,149.0
0.0,0.0,1.0,0.0,0.0,0.0,1.0,0.0,0.0,0.0,1.0,0.0,0.0,0.0,0.0,0.0,0.0,1.0,0.0,0.0,0.0,9.0,1.0,14.0,3.0,3.0,3.0,5.0,0.0,13.0,2.0,2.0,2.0,125.0
1.0,0.0,0.0,1.0,1.0,0.0,0.0,0.0,0.0,1.0,0.0,0.0,0.0,0.0,0.0,0.0,0.0,0.0,1.0,0.0,1.0,0.0,3.0,25.0,3.0,1.0,1.0,9.0,1.0,13.0,0.0,1.0,4.0,153.0
0.0,0.0,0.0,1.0,0.0,1.0,0.0,0.0,1.0,0.0,0.0,0.0,0.0,0.0,0.0,0.0,0.0,1.0,0.0,0.0,0.0,28.0,1.0,8.0,3.0,3.0,1.0,3.0,1.0,13.0,1.0,1.0,2.0,267.0
0.0,0.0,1.0,0.0,0.0,0.0,1.0,0.0,0.0,1.0,0.0,0.0,0.0,0.0,0.0,0.0,0.0,0.0,1.0,0.0,0.0,0.0,3.0,16.0,3.0,3.0,3.0,2.0,1.0,12.0,0.0,1.0,3.0,143.0
1.0,0.0,1.0,0.0,0.0,0.0,1.0,0.0,0.0,0.0,1.0,0.0,0.0,0.0,1.0,0.0,0.0,0.0,0.0,0.0,0.0,3.0,3.0,14.0,3.0,3.0,4.0,2.0,0.0,18.0,1.0,1.0,0.0,125.0
1.0,0.0,0.0,1.0,1.0,0.0,0.0,0.0,0.0,0.0,1.0,0.0,0.0,0.0,1.0,0.0,0.0,0.0,0.0,0.0,1.0,0.0,1.0,9.0,3.0,3.0,5.0,1.0,0.0,22.0,0.0,1.0,4.0,131.0
0.0,0.0,1.0,0.0,0.0,0.0,1.0,0.0,0.0,0.0,1.0,0.0,0.0,1.0,0.0,0.0,0.0,0.0,0.0,0.0,0.0,9.0,1.0,17.0,2.0,3.0,4.0,2.0,0.0,13.0,1.0,1.0,2.0,122.0
1.0,0.0,1.0,0.0,0.0,1.0,0.0,1.0,0.0,0.0,0.0,0.0,0.0,0.0,0.0,0.0,1.0,0.0,0.0,0.0,0.0,9.0,3.0,8.0,3.0,4.0,3.0,2.0,0.0,13.0,8.0,9.0,0.0,176.0
1.0,0.0,0.0,1.0,1.0,0.0,0.0,0.0,0.0,0.0,1.0,0.0,0.0,0.0,1.0,0.0,0.0,0.0,0.0,0.0,1.0,9.0,1.0,10.0,2.0,3.0,1.0,10.0,1.0,23.0,1.0,1.0,0.0,123.0
0.0,0.0,1.0,0.0,0.0,0.0,1.0,0.0,0.0,0.0,1.0,0.0,0.0,0.0,0.0,0.0,0.0,1.0,0.0,0.0,0.0,10.0,1.0,20.0,3.0,3.0,5.0,2.0,0.0,12.0,10.0,12.0,17.0,130.0
0.0,0.0,1.0,0.0,0.0,1.0,0.0,0.0,0.0,1.0,0.0,0.0,0.0,0.0,0.0,0.0,0.0,0.0,1.0,0.0,0.0,13.0,3.0,8.0,2.0,3.0,4.0,8.0,0.0,12.0,0.0,1.0,3.0,157.0
0.0,0.0,1.0,0.0,0.0,0.0,1.0,0.0,0.0,0.0,1.0,0.0,0.0,0.0,0.0,0.0,0.0,1.0,0.0,0.0,0.0,15.0,1.0,14.0,3.0,3.0,5.0,4.0,0.0,16.0,0.0,1.0,2.0,126.0
1.0,0.0,0.0,1.0,0.0,0.0,1.0,0.0,0.0,1.0,0.0,0.0,0.0,0.0,0.0,0.0,0.0,1.0,0.0,0.0,0.0,10.0,1.0,16.0,2.0,3.0,4.0,3.0,1.0,12.0,0.0,1.0,1.0,142.0
1.0,0.0,1.0,0.0,0.0,1.0,0.0,0.0,1.0,0.0,0.0,0.0,0.0,0.0,0.0,0.0,0.0,1.0,0.0,0.0,0.0,16.0,1.0,18.0,2.0,4.0,4.0,2.0,0.0,11.0,3.0,2.0,9.0,243.0
0.0,0.0,1.0,0.0,0.0,0.0,1.0,0.0,0.0,1.0,0.0,0.0,0.0,1.0,0.0,0.0,0.0,0.0,0.0,0.0,0.0,13.0,1.0,8.0,3.0,4.0,3.0,7.0,0.0,22.0,1.0,1.0,0.0,134.0
1.0,0.0,1.0,0.0,0.0,1.0,0.0,0.0,0.0,0.0,0.0,0.0,1.0,0.0,0.0,0.0,1.0,0.0,0.0,0.0,0.0,27.0,1.0,11.0,2.0,3.0,5.0,5.0,0.0,15.0,1.0,1.0,2.0,294.0
0.0,0.0,1.0,0.0,1.0,0.0,0.0,0.0,0.0,1.0,0.0,0.0,0.0,0.0,0.0,0.0,0.0,0.0,1.0,0.0,0.0,7.0,3.0,10.0,3.0,3.0,3.0,10.0,0.0,15.0,0.0,1.0,2.0,165.0
0.0,0.0,1.0,0.0,0.0,0.0,1.0,0.0,0.0,1.0,0.0,0.0,0.0,0.0,0.0,0.0,1.0,0.0,0.0,0.0,0.0,4.0,1.0,13.0,2.0,3.0,5.0,2.0,0.0,12.0,3.0,3.0,12.0,143.0
1.0,0.0,1.0,0.0,1.0,0.0,0.0,0.0,0.0,0.0,1.0,0.0,0.0,1.0,0.0,0.0,0.0,0.0,0.0,0.0,0.0,9.0,1.0,27.0,3.0,3.0,1.0,8.0,0.0,20.0,1.0,1.0,2.0,123.0
0.0,0.0,1.0,0.0,0.0,0.0,1.0,0.0,0.0,1.0,0.0,0.0,0.0,0.0,0.0,0.0,0.0,0.0,0.0,1.0,0.0,16.0,1.0,14.0,3.0,3.0,3.0,5.0,1.0,14.0,1.0,1.0,2.0,145.0
0.0,0.0,0.0,1.0,0.0,0.0,1.0,0.0,0.0,1.0,0.0,0.0,0.0,0.0,0.0,0.0,0.0,1.0,0.0,0.0,0.0,0.0,3.0,10.0,3.0,4.0,1.0,2.0,1.0,11.0,0.0,1.0,3.0,145.0
0.0,0.0,1.0,0.0,1.0,0.0,0.0,0.0,0.0,1.0,0.0,0.0,0.0,0.0,0.0,0.0,1.0,0.0,0.0,0.0,0.0,10.0,1.0,31.0,3.0,3.0,3.0,4.0,1.0,15.0,4.0,10.0,7.0,144.0
1.0,0.0,1.0,0.0,0.0,0.0,1.0,0.0,0.0,0.0,1.0,0.0,0.0,0.0,0.0,0.0,0.0,1.0,0.0,0.0,0.0,9.0,1.0,6.0,3.0,4.0,5.0,2.0,0.0,12.0,3.0,3.0,2.0,122.0
1.0,0.0,1.0,0.0,1.0,0.0,0.0,0.0,0.0,0.0,0.0,0.0,1.0,0.0,0.0,0.0,0.0,1.0,0.0,0.0,0.0,12.0,1.0,6.0,2.0,3.0,3.0,2.0,1.0,14.0,0.0,1.0,6.0,292.0
0.0,0.0,1.0,0.0,1.0,0.0,0.0,0.0,1.0,0.0,0.0,0.0,0.0,0.0,0.0,0.0,0.0,1.0,0.0,0.0,0.0,29.0,3.0,12.0,2.0,1.0,5.0,10.0,0.0,11.0,6.0,2.0,7.0,232.0
0.0,0.0,0.0,1.0,0.0,1.0,0.0,0.0,0.0,1.0,0.0,0.0,0.0,0.0,1.0,0.0,0.0,0.0,0.0,0.0,0.0,3.0,3.0,18.0,2.0,3.0,3.0,1.0,0.0,11.0,3.0,4.0,4.0,166.0
1.0,0.0,1.0,0.0,0.0,1.0,0.0,1.0,0.0,0.0,0.0,0.0,0.0,0.0,0.0,0.0,0.0,0.0,1.0,0.0,0.0,14.0,3.0,6.0,2.0,1.0,5.0,2.0,0.0,16.0,1.0,1.0,7.0,184.0
1.0,0.0,1.0,0.0,0.0,0.0,1.0,0.0,0.0,1.0,0.0,0.0,0.0,0.0,0.0,0.0,1.0,0.0,0.0,0.0,0.0,1.0,1.0,23.0,3.0,3.0,5.0,2.0,0.0,12.0,0.0,1.0,8.0,146.0
1.0,0.0,1.0,0.0,0.0,0.0,1.0,0.0,0.0,0.0,0.0,1.0,0.0,0.0,0.0,0.0,1.0,0.0,0.0,0.0,1.0,0.0,1.0,9.0,3.0,3.0,5.0,6.0,0.0,13.0,1.0,1.0,2.0,140.0
1.0,0.0,1.0,0.0,0.0,1.0,0.0,1.0,0.0,0.0,0.0,0.0,0.0,0.0,0.0,0.0,1.0,0.0,0.0,0.0,0.0,25.0,1.0,9.0,2.0,4.0,3.0,3.0,1.0,14.0,1.0,1.0,4.0,180.0
1.0,0.0,1.0,0.0,0.0,0.0,1.0,0.0,0.0,0.0,1.0,0.0,0.0,0.0,0.0,0.0,0.0,1.0,0.0,0.0,0.0,18.0,1.0,14.0,3.0,3.0,1.0,4.0,0.0,21.0,0.0,1.0,2.0,127.0
0.0,0.0,1.0,0.0,0.0,1.0,0.0,0.0,1.0,0.0,0.0,0.0,0.0,0.0,0.0,0.0,0.0,1.0,0.0,0.0,0.0,25.0,1.0,10.0,1.0,3.0,1.0,3.0,0.0,13.0,1.0,1.0,4.0,266.0
0.0,0.0,1.0,0.0,1.0,0.0,0.0,0.0,0.0,1.0,0.0,0.0,0.0,0.0,0.0,0.0,0.0,1.0,0.0,0.0,0.0,15.0,1.0,35.0,3.0,3.0,3.0,3.0,0.0,11.0,1.0,1.0,2.0,146.0
0.0,0.0,0.0,1.0,0.0,1.0,0.0,0.0,0.0,1.0,0.0,0.0,0.0,0.0,0.0,0.0,0.0,1.0,0.0,0.0,0.0,3.0,1.0,8.0,2.0,5.0,1.0,3.0,0.0,20.0,1.0,1.0,2.0,161.0
0.0,0.0,1.0,0.0,0.0,1.0,0.0,0.0,0.0,0.0,0.0,0.0,1.0,0.0,0.0,0.0,0.0,1.0,0.0,0.0,0.0,30.0,1.0,13.0,2.0,3.0,5.0,6.0,0.0,15.0,1.0,11.0,10.0,296.0
0.0,0.0,1.0,0.0,0.0,0.0,1.0,0.0,0.0,1.0,0.0,0.0,0.0,0.0,0.0,0.0,1.0,0.0,0.0,0.0,0.0,19.0,1.0,24.0,2.0,3.0,3.0,3.0,0.0,14.0,1.0,1.0,8.0,148.0
0.0,0.0,1.0,0.0,1.0,0.0,0.0,0.0,0.0,1.0,0.0,0.0,0.0,0.0,1.0,0.0,0.0,0.0,0.0,0.0,0.0,15.0,1.0,34.0,2.0,4.0,1.0,1.0,0.0,11.0,0.0,1.0,4.0,145.0
0.0,0.0,0.0,1.0,0.0,0.0,1.0,0.0,0.0,0.0,1.0,0.0,0.0,0.0,1.0,0.0,0.0,0.0,0.0,0.0,1.0,0.0,3.0,6.0,3.0,3.0,4.0,2.0,1.0,16.0,0.0,1.0,4.0,132.0
0.0,0.0,1.0,0.0,1.0,0.0,0.0,0.0,0.0,0.0,1.0,0.0,0.0,0.0,0.0,0.0,0.0,0.0,1.0,0.0,1.0,0.0,3.0,14.0,2.0,5.0,3.0,1.0,0.0,16.0,0.0,1.0,0.0,124.0
1.0,0.0,1.0,0.0,1.0,0.0,0.0,0.0,0.0,0.0,0.0,1.0,0.0,0.0,0.0,0.0,0.0,1.0,0.0,0.0,0.0,9.0,1.0,8.0,2.0,3.0,1.0,2.0,1.0,23.0,1.0,1.0,0.0,117.0
0.0,0.0,1.0,0.0,0.0,1.0,0.0,0.0,0.0,0.0,0.0,0.0,1.0,0.0,0.0,0.0,0.0,1.0,0.0,0.0,0.0,13.0,3.0,8.0,3.0,3.0,3.0,1.0,0.0,14.0,1.0,1.0,12.0,280.0
0.0,0.0,1.0,0.0,0.0,0.0,1.0,0.0,0.0,0.0,1.0,0.0,0.0,0.0,0.0,0.0,0.0,1.0,0.0,0.0,0.0,0.0,1.0,29.0,3.0,3.0,1.0,2.0,0.0,22.0,0.0,1.0,2.0,129.0
1.0,0.0,1.0,0.0,1.0,0.0,0.0,0.0,0.0,0.0,1.0,0.0,0.0,0.0,0.0,0.0,0.0,1.0,0.0,0.0,0.0,9.0,1.0,9.0,2.0,3.0,1.0,5.0,0.0,15.0,1.0,1.0,4.0,121.0
1.0,0.0,1.0,0.0,0.0,1.0,0.0,1.0,0.0,0.0,0.0,0.0,0.0,0.0,0.0,0.0,1.0,0.0,0.0,0.0,0.0,2.0,1.0,9.0,3.0,4.0,3.0,2.0,0.0,18.0,0.0,1.0,4.543490512868683,219.0
0.0,0.0,1.0,0.0,0.0,0.0,1.0,0.0,0.0,0.0,1.0,0.0,0.0,0.0,1.0,0.0,0.0,0.0,0.0,0.0,1.0,0.0,1.0,14.0,3.0,4.0,4.0,6.0,0.0,16.0,1.0,1.0,1.0,125.0
1.0,0.0,0.0,1.0,0.0,0.0,1.0,0.0,0.0,0.0,1.0,0.0,0.0,0.0,1.0,0.0,0.0,0.0,0.0,0.0,1.0,0.0,2.0,14.0,2.0,4.0,1.0,2.0,0.0,12.0,0.0,1.0,0.0,126.0
0.0,0.0,1.0,0.0,1.0,0.0,0.0,1.0,0.0,0.0,0.0,0.0,0.0,0.0,0.0,0.0,0.0,0.0,0.0,1.0,0.0,3.0,3.0,28.0,3.0,3.0,5.0,1.0,0.0,11.0,3.0,7.0,8.0,184.0
1.0,0.0,1.0,0.0,0.0,1.0,0.0,0.0,1.0,0.0,0.0,0.0,0.0,0.0,0.0,0.0,0.0,0.0,1.0,0.0,0.0,30.0,3.0,35.0,2.0,4.0,1.0,4.0,0.0,12.0,1.0,2.0,0.0,241.0
1.0,0.0,1.0,0.0,0.0,1.0,0.0,0.0,1.0,0.0,0.0,0.0,0.0,0.0,0.0,0.0,0.0,1.0,0.0,0.0,0.0,23.0,1.0,35.0,2.0,4.0,3.0,1.0,0.0,15.0,1.0,15.0,7.0,270.0
0.0,0.0,0.0,1.0,1.0,0.0,0.0,0.0,0.0,0.0,1.0,0.0,0.0,1.0,0.0,0.0,0.0,0.0,0.0,0.0,0.0,3.0,1.0,14.0,2.0,3.0,1.0,1.0,0.0,14.0,1.0,6.0,7.0,126.0
0.0,0.0,1.0,0.0,1.0,0.0,0.0,1.0,0.0,0.0,0.0,0.0,0.0,0.0,0.0,0.0,0.0,0.0,1.0,0.0,0.0,30.0,3.0,34.0,3.0,4.0,5.0,5.0,0.0,19.0,3.0,13.0,11.0,203.0
0.0,0.0,1.0,0.0,0.0,1.0,0.0,0.0,0.0,1.0,0.0,0.0,0.0,0.0,0.0,0.0,1.0,0.0,0.0,0.0,0.0,20.0,1.0,8.0,3.0,3.0,1.0,6.0,0.0,13.0,0.0,1.0,4.0,151.0
1.0,0.0,1.0,0.0,0.0,1.0,0.0,0.0,1.0,0.0,0.0,0.0,0.0,0.0,0.0,0.0,0.0,1.0,0.0,0.0,0.0,19.0,1.0,8.0,2.0,3.0,3.0,7.0,0.0,13.0,1.0,1.0,1.0,279.0
1.0,0.0,0.0,1.0,0.0,0.0,1.0,0.0,0.0,0.0,0.0,1.0,0.0,0.0,0.0,0.0,0.0,1.0,0.0,0.0,0.0,8.0,1.0,28.0,2.0,5.0,3.0,1.0,0.0,15.0,1.0,4.0,3.0,142.0
0.0,0.0,0.0,1.0,0.0,0.0,1.0,0.0,0.0,1.0,0.0,0.0,0.0,0.0,0.0,0.0,0.0,1.0,0.0,0.0,0.0,27.0,1.0,5.0,2.0,3.0,3.0,8.0,0.0,11.0,0.0,1.0,0.0,138.0
1.0,0.0,1.0,0.0,0.0,0.0,1.0,0.0,0.0,0.0,1.0,0.0,0.0,0.0,0.0,0.0,0.0,1.0,0.0,0.0,0.0,7.0,1.0,8.0,3.0,4.0,3.0,4.0,0.0,12.0,3.0,5.0,7.0,128.0
0.0,0.0,1.0,0.0,0.0,1.0,0.0,1.0,0.0,0.0,0.0,0.0,0.0,0.0,0.0,0.0,0.0,0.0,1.0,0.0,0.0,5.0,3.0,16.0,3.0,4.0,1.0,3.0,1.0,19.0,0.0,1.0,2.0,191.0
1.0,0.0,1.0,0.0,0.0,1.0,0.0,1.0,0.0,0.0,0.0,0.0,0.0,0.0,0.0,0.0,0.0,1.0,0.0,0.0,0.0,4.0,1.0,15.0,2.0,3.0,4.0,2.0,0.0,25.0,0.0,1.0,8.0,206.0
1.0,0.0,1.0,0.0,0.0,1.0,0.0,1.0,0.0,0.0,0.0,0.0,0.0,0.0,0.0,0.0,1.0,0.0,0.0,0.0,1.0,0.0,1.0,21.0,2.0,3.0,3.0,8.0,1.0,12.0,3.0,2.0,7.0,236.0
1.0,0.0,1.0,0.0,0.0,0.0,1.0,0.0,0.0,0.0,1.0,0.0,0.0,1.0,0.0,0.0,0.0,0.0,0.0,0.0,1.0,0.0,1.0,16.0,2.0,5.0,1.0,8.0,0.0,13.0,0.0,1.0,3.0,134.0
1.0,0.0,0.0,1.0,0.0,0.0,1.0,0.0,0.0,0.0,1.0,0.0,0.0,0.0,0.0,0.0,0.0,0.0,1.0,0.0,0.0,3.0,3.0,13.0,3.0,3.0,4.0,1.0,0.0,14.0,0.0,1.0,2.0,130.0
1.0,0.0,1.0,0.0,0.0,1.0,0.0,1.0,0.0,0.0,0.0,0.0,0.0,0.0,0.0,0.0,0.0,1.0,0.0,0.0,0.0,8.0,1.0,22.0,3.0,3.0,3.0,5.0,1.0,12.0,0.0,1.0,0.0,176.0
1.0,0.0,1.0,0.0,1.0,0.0,0.0,1.0,0.0,0.0,0.0,0.0,0.0,0.0,0.0,0.0,0.0,1.0,0.0,0.0,1.0,0.0,1.0,26.0,3.0,3.0,3.0,4.0,0.0,12.0,1.0,1.0,0.0,198.0
0.0,0.0,1.0,0.0,1.0,0.0,0.0,1.0,0.0,0.0,0.0,0.0,0.0,0.0,0.0,0.0,0.0,0.0,0.0,1.0,1.0,0.0,2.0,29.0,2.0,3.0,5.0,10.0,1.0,15.0,1.0,1.0,2.0,200.0
1.0,0.0,1.0,0.0,1.0,0.0,0.0,0.0,0.0,0.0,1.0,0.0,0.0,0.0,0.0,0.0,0.0,0.0,0.0,1.0,0.0,9.0,1.0,11.0,3.0,3.0,3.0,5.0,0.0,17.0,0.0,2.0,0.0,121.0
1.0,0.0,0.0,1.0,1.0,0.0,0.0,1.0,0.0,0.0,0.0,0.0,0.0,0.0,0.0,0.0,1.0,0.0,0.0,0.0,0.0,9.0,3.0,16.0,2.0,3.0,1.0,2.0,0.0,14.0,8.0,9.0,7.0,200.0
1.0,0.0,0.0,1.0,1.0,0.0,0.0,0.0,0.0,0.0,0.0,1.0,0.0,0.0,1.0,0.0,0.0,0.0,0.0,0.0,1.0,0.0,1.0,10.0,3.0,4.0,3.0,6.0,0.0,16.0,0.0,1.0,2.0,139.0
0.0,0.0,1.0,0.0,0.0,0.0,1.0,0.0,0.0,1.0,0.0,0.0,0.0,0.0,0.0,0.0,0.0,0.0,1.0,0.0,0.0,21.0,3.0,8.0,2.0,3.0,1.0,3.0,0.0,14.0,6.0,6.0,7.0,141.0
0.0,0.0,0.0,1.0,0.0,1.0,0.0,0.0,1.0,0.0,0.0,0.0,0.0,0.0,0.0,0.0,0.0,1.0,0.0,0.0,0.0,28.0,3.0,24.0,2.0,3.0,4.0,4.0,0.0,23.0,1.0,7.0,8.0,268.0
1.0,0.0,0.0,1.0,1.0,0.0,0.0,0.0,0.0,1.0,0.0,0.0,0.0,0.0,0.0,0.0,0.0,1.0,0.0,0.0,0.0,14.0,3.0,16.0,2.0,3.0,1.0,8.0,0.0,14.0,0.0,1.0,10.0,162.0
1.0,0.0,1.0,0.0,0.0,0.0,1.0,0.0,0.0,1.0,0.0,0.0,0.0,0.0,0.0,0.0,0.0,0.0,1.0,0.0,0.0,8.0,3.0,6.0,2.0,3.0,3.0,10.0,0.0,11.0,0.0,6.0,9.0,147.0
0.0,0.0,0.0,1.0,0.0,1.0,0.0,0.0,1.0,0.0,0.0,0.0,0.0,0.0,0.0,0.0,0.0,1.0,0.0,0.0,0.0,13.0,1.0,12.0,3.0,3.0,3.0,8.0,0.0,15.0,4.0,2.0,13.0,232.0
0.0,0.0,1.0,0.0,1.0,0.0,0.0,0.0,0.0,0.0,0.0,1.0,0.0,0.0,0.0,0.0,0.0,1.0,0.0,0.0,0.0,12.0,1.0,14.0,2.0,3.0,3.0,2.0,0.0,11.0,1.0,1.0,7.0,138.0
1.0,0.0,0.0,1.0,0.0,1.0,0.0,0.0,0.0,1.0,0.0,0.0,0.0,0.0,0.0,0.0,0.0,1.0,0.0,0.0,0.0,4.0,3.0,8.0,3.0,3.0,1.0,5.0,1.0,13.0,1.0,1.0,5.0,166.0
1.0,0.0,1.0,0.0,0.0,1.0,0.0,1.0,0.0,0.0,0.0,0.0,0.0,0.0,0.0,0.0,1.0,0.0,0.0,0.0,0.0,15.0,1.0,30.0,2.0,3.0,5.0,2.0,1.0,21.0,5.0,5.0,8.0,174.0
1.0,0.0,1.0,0.0,0.0,0.0,1.0,0.0,0.0,1.0,0.0,0.0,0.0,0.0,0.0,0.0,0.0,0.0,0.0,1.0,0.0,18.0,3.0,8.0,3.0,3.0,4.0,1.0,0.0,19.0,3.0,3.0,7.0,148.0
0.0,0.0,1.0,0.0,1.0,0.0,0.0,0.0,0.0,0.0,1.0,0.0,0.0,0.0,0.0,0.0,0.0,1.0,0.0,0.0,1.0,0.0,2.0,23.0,3.0,3.0,3.0,1.0,1.0,11.0,0.0,1.0,0.0,127.0
1.0,0.0,1.0,0.0,0.0,0.0,1.0,0.0,0.0,1.0,0.0,0.0,0.0,0.0,1.0,0.0,0.0,0.0,0.0,0.0,0.0,2.0,1.0,25.0,2.0,3.0,1.0,5.0,0.0,12.0,1.0,1.0,2.0,143.0
0.0,0.0,1.0,0.0,0.0,1.0,0.0,0.0,1.0,0.0,0.0,0.0,0.0,0.0,0.0,0.0,1.0,0.0,0.0,0.0,0.0,6.0,1.0,6.0,3.0,1.0,3.0,5.0,0.0,19.0,1.0,1.0,5.0,262.0
1.0,0.0,1.0,0.0,0.0,1.0,0.0,1.0,0.0,0.0,0.0,0.0,0.0,0.0,0.0,0.0,0.0,1.0,0.0,0.0,0.0,4.0,3.0,13.0,2.0,4.0,1.0,10.0,0.0,21.0,1.0,1.0,4.543490512868683,216.0
1.0,0.0,0.0,1.0,1.0,0.0,0.0,0.0,0.0,0.0,0.0,1.0,0.0,0.0,0.0,0.0,0.0,0.0,1.0,0.0,1.0,9.0,3.0,11.0,3.0,3.0,4.0,2.0,1.0,14.0,1.0,1.0,0.0,119.0
1.0,0.0,1.0,0.0,1.0,0.0,0.0,1.0,0.0,0.0,0.0,0.0,0.0,0.0,0.0,0.0,0.0,0.0,0.0,1.0,0.0,13.0,3.0,34.0,2.0,5.0,5.0,4.0,0.0,15.0,0.0,1.0,4.543490512868683,209.0
0.0,0.0,0.0,1.0,1.0,0.0,0.0,0.0,0.0,1.0,0.0,0.0,0.0,0.0,0.0,0.0,0.0,0.0,0.0,1.0,0.0,14.0,1.0,8.0,3.0,4.0,3.0,3.0,1.0,17.0,0.0,1.0,7.0,168.0
1.0,0.0,1.0,0.0,0.0,0.0,1.0,0.0,0.0,1.0,0.0,0.0,0.0,0.0,0.0,0.0,1.0,0.0,0.0,0.0,0.0,0.0,3.0,35.0,2.0,3.0,3.0,6.0,0.0,12.0,0.0,1.0,0.0,143.0
0.0,0.0,0.0,1.0,0.0,0.0,1.0,0.0,0.0,1.0,0.0,0.0,0.0,0.0,0.0,0.0,1.0,0.0,0.0,0.0,0.0,8.0,3.0,6.0,3.0,3.0,3.0,2.0,0.0,16.0,1.0,1.0,3.0,149.0
1.0,0.0,0.0,1.0,0.0,1.0,0.0,0.0,0.0,1.0,0.0,0.0,0.0,0.0,0.0,0.0,0.0,1.0,0.0,0.0,0.0,7.0,3.0,27.0,3.0,1.0,1.0,2.0,0.0,12.0,0.0,5.0,7.0,153.0
1.0,0.0,0.0,1.0,0.0,0.0,1.0,0.0,0.0,0.0,1.0,0.0,0.0,0.0,1.0,0.0,0.0,0.0,0.0,0.0,1.0,0.0,1.0,14.0,3.0,5.0,1.0,2.0,1.0,18.0,0.0,1.0,0.0,123.0
0.0,0.0,0.0,1.0,0.0,1.0,0.0,1.0,0.0,0.0,0.0,0.0,0.0,0.0,1.0,0.0,0.0,0.0,0.0,0.0,0.0,10.0,1.0,6.0,2.0,3.0,1.0,5.0,0.0,17.0,1.0,1.0,2.0,175.0
0.0,0.0,1.0,0.0,1.0,0.0,0.0,1.0,0.0,0.0,0.0,0.0,0.0,0.0,0.0,0.0,1.0,0.0,0.0,0.0,0.0,19.0,1.0,24.0,2.0,3.0,3.0,6.0,0.0,11.0,0.0,1.0,2.0,205.0
0.0,0.0,1.0,0.0,0.0,1.0,0.0,0.0,1.0,0.0,0.0,0.0,0.0,0.0,0.0,0.0,0.0,1.0,0.0,0.0,0.0,14.0,3.0,8.0,3.0,3.0,5.0,8.0,0.0,16.0,1.0,11.0,8.0,266.0
1.0,0.0,1.0,0.0,1.0,0.0,0.0,1.0,0.0,0.0,0.0,0.0,0.0,0.0,0.0,0.0,1.0,0.0,0.0,0.0,0.0,10.0,3.0,15.0,3.0,3.0,4.0,2.0,0.0,13.0,1.0,7.0,7.0,188.0
1.0,0.0,1.0,0.0,0.0,1.0,0.0,0.0,0.0,1.0,0.0,0.0,0.0,0.0,1.0,0.0,0.0,0.0,0.0,0.0,0.0,25.0,1.0,12.0,3.0,3.0,5.0,4.0,1.0,12.0,2.0,6.0,9.0,156.0
1.0,0.0,1.0,0.0,1.0,0.0,0.0,0.0,0.0,1.0,0.0,0.0,0.0,0.0,0.0,0.0,0.0,0.0,0.0,1.0,1.0,0.0,3.0,17.0,2.0,1.0,3.0,9.0,0.0,12.0,1.0,1.0,2.0,147.0
1.0,0.0,1.0,0.0,1.0,0.0,0.0,0.0,0.0,0.0,1.0,0.0,0.0,1.0,0.0,0.0,0.0,0.0,0.0,0.0,0.0,0.0,3.0,14.0,2.0,3.0,1.0,1.0,0.0,13.0,1.0,2.0,1.0,124.0
0.0,0.0,1.0,0.0,0.0,1.0,0.0,0.0,0.0,1.0,0.0,0.0,0.0,0.0,0.0,0.0,1.0,0.0,0.0,0.0,0.0,11.0,1.0,16.0,3.0,3.0,3.0,4.0,0.0,19.0,0.0,1.0,0.0,198.0
0.0,0.0,1.0,0.0,0.0,1.0,0.0,0.0,0.0,1.0,0.0,0.0,0.0,0.0,0.0,0.0,0.0,1.0,0.0,0.0,0.0,10.0,1.0,6.0,3.0,3.0,4.0,7.0,0.0,12.0,4.0,4.0,3.0,164.0
1.0,0.0,1.0,0.0,0.0,1.0,0.0,0.0,0.0,0.0,0.0,0.0,1.0,0.0,0.0,0.0,0.0,1.0,0.0,0.0,0.0,22.0,1.0,24.0,2.0,4.0,3.0,2.0,1.0,15.0,1.0,1.0,9.0,295.0
1.0,0.0,1.0,0.0,0.0,0.0,1.0,0.0,0.0,0.0,1.0,0.0,0.0,1.0,0.0,0.0,0.0,0.0,0.0,0.0,0.0,0.0,1.0,29.0,3.0,1.0,1.0,2.0,1.0,11.0,0.0,1.0,4.0,127.0
1.0,0.0,1.0,0.0,0.0,1.0,0.0,0.0,0.0,1.0,0.0,0.0,0.0,0.0,0.0,0.0,0.0,0.0,1.0,0.0,0.0,0.0,3.0,34.0,3.0,3.0,4.0,2.0,0.0,20.0,0.0,1.0,4.0,163.0
1.0,0.0,1.0,0.0,0.0,0.0,1.0,0.0,0.0,0.0,1.0,0.0,0.0,0.0,0.0,0.0,0.0,0.0,0.0,1.0,0.0,9.0,1.0,23.0,3.0,4.0,4.0,2.0,0.0,21.0,1.0,1.0,0.0,121.0
1.0,0.0,1.0,0.0,1.0,0.0,0.0,0.0,0.0,0.0,0.0,0.0,1.0,0.0,0.0,0.0,1.0,0.0,0.0,0.0,0.0,23.0,2.0,9.0,3.0,3.0,4.0,2.0,0.0,11.0,1.0,10.0,7.0,282.0
1.0,0.0,1.0,0.0,0.0,0.0,1.0,0.0,0.0,0.0,1.0,0.0,0.0,1.0,0.0,0.0,0.0,0.0,0.0,0.0,0.0,9.0,3.0,19.0,2.0,3.0,3.0,2.0,0.0,11.0,1.0,1.0,6.0,121.0
0.0,0.0,1.0,0.0,1.0,0.0,0.0,0.0,0.0,0.0,1.0,0.0,0.0,0.0,0.0,0.0,0.0,1.0,0.0,0.0,1.0,0.0,1.0,13.0,3.0,3.0,3.0,2.0,1.0,16.0,0.0,1.0,2.0,129.0
1.0,0.0,1.0,0.0,1.0,0.0,0.0,0.0,0.0,0.0,1.0,0.0,0.0,0.0,0.0,0.0,0.0,1.0,0.0,0.0,1.0,9.0,3.0,18.0,3.0,4.0,5.0,2.0,0.0,18.0,1.0,1.0,0.0,120.0
1.0,0.0,1.0,0.0,0.0,0.0,1.0,0.0,0.0,0.0,0.0,1.0,0.0,0.0,0.0,0.0,0.0,1.0,0.0,0.0,0.0,7.0,1.0,6.0,2.0,4.0,1.0,2.0,1.0,13.0,1.0,1.0,3.0,136.0
1.0,0.0,1.0,0.0,0.0,0.0,1.0,0.0,0.0,1.0,0.0,0.0,0.0,0.0,0.0,0.0,1.0,0.0,0.0,0.0,1.0,0.0,3.0,19.0,2.0,3.0,5.0,3.0,0.0,17.0,0.0,1.0,2.0,142.0
1.0,0.0,0.0,1.0,0.0,0.0,1.0,0.0,0.0,1.0,0.0,0.0,0.0,0.0,0.0,0.0,0.0,0.0,0.0,1.0,0.0,8.0,1.0,31.0,2.0,4.0,1.0,5.0,0.0,14.0,1.0,1.0,2.0,137.0
1.0,0.0,1.0,0.0,0.0,1.0,0.0,0.0,0.0,1.0,0.0,0.0,0.0,0.0,0.0,0.0,1.0,0.0,0.0,0.0,0.0,4.0,3.0,12.0,3.0,1.0,1.0,5.0,0.0,22.0,5.0,5.0,7.0,155.0
0.0,0.0,1.0,0.0,0.0,0.0,1.0,0.0,0.0,0.0,1.0,0.0,0.0,1.0,0.0,0.0,0.0,0.0,0.0,0.0,0.0,9.0,1.0,12.0,3.0,4.0,3.0,1.0,0.0,12.0,0.0,1.0,3.0,122.0
1.0,0.0,1.0,0.0,0.0,1.0,0.0,0.0,0.0,1.0,0.0,0.0,0.0,0.0,0.0,0.0,0.0,0.0,1.0,0.0,0.0,10.0,3.0,8.0,3.0,3.0,3.0,5.0,1.0,11.0,0.0,1.0,0.0,196.0
0.0,0.0,0.0,1.0,0.0,0.0,1.0,0.0,0.0,0.0,1.0,0.0,0.0,0.0,0.0,0.0,0.0,1.0,0.0,0.0,0.0,0.0,1.0,6.0,3.0,4.0,4.0,2.0,0.0,13.0,0.0,1.0,0.0,128.0
0.0,0.0,1.0,0.0,0.0,0.0,1.0,0.0,0.0,1.0,0.0,0.0,0.0,0.0,0.0,0.0,0.0,1.0,0.0,0.0,0.0,15.0,1.0,8.0,2.0,3.0,1.0,2.0,0.0,13.0,0.0,2.0,2.0,141.0
1.0,0.0,1.0,0.0,0.0,1.0,0.0,0.0,1.0,0.0,0.0,0.0,0.0,0.0,0.0,0.0,0.0,0.0,0.0,1.0,0.0,16.0,1.0,12.0,2.0,4.0,1.0,5.0,1.0,14.0,1.0,1.0,0.0,266.0
0.0,0.0,0.0,1.0,0.0,0.0,1.0,0.0,0.0,0.0,1.0,0.0,0.0,0.0,0.0,0.0,0.0,1.0,0.0,0.0,0.0,11.0,1.0,14.0,2.0,3.0,5.0,4.0,0.0,17.0,0.0,1.0,0.0,126.0
1.0,0.0,1.0,0.0,1.0,0.0,0.0,0.0,0.0,1.0,0.0,0.0,0.0,0.0,0.0,0.0,1.0,0.0,0.0,0.0,0.0,16.0,1.0,15.0,3.0,3.0,3.0,4.0,1.0,13.0,1.0,4.0,7.0,157.0
0.0,0.0,1.0,0.0,0.0,1.0,0.0,0.0,1.0,0.0,0.0,0.0,0.0,0.0,0.0,0.0,0.0,1.0,0.0,0.0,0.0,21.0,1.0,6.0,2.0,4.0,5.0,8.0,0.0,11.0,0.0,2.0,2.0,254.0
0.0,0.0,0.0,1.0,0.0,1.0,0.0,0.0,0.0,1.0,0.0,0.0,0.0,0.0,0.0,0.0,0.0,1.0,0.0,0.0,0.0,17.0,2.0,6.0,2.0,4.0,3.0,5.0,0.0,11.0,1.0,1.0,2.0,160.0
0.0,0.0,1.0,0.0,0.0,0.0,1.0,0.0,0.0,0.0,1.0,0.0,0.0,0.0,1.0,0.0,0.0,0.0,0.0,0.0,0.0,7.0,3.0,14.0,2.0,3.0,3.0,2.0,1.0,18.0,1.0,1.0,6.0,126.0
1.0,0.0,1.0,0.0,0.0,0.0,1.0,0.0,0.0,0.0,1.0,0.0,0.0,0.0,0.0,0.0,0.0,0.0,1.0,0.0,1.0,0.0,3.0,8.0,3.0,3.0,5.0,1.0,0.0,11.0,1.0,1.0,2.0,130.0
1.0,0.0,0.0,1.0,0.0,0.0,1.0,0.0,0.0,0.0,1.0,0.0,0.0,0.0,1.0,0.0,0.0,0.0,0.0,0.0,0.0,0.0,3.0,28.0,2.0,3.0,3.0,2.0,0.0,11.0,0.0,1.0,2.0,134.0
1.0,0.0,1.0,0.0,0.0,1.0,0.0,0.0,0.0,0.0,0.0,0.0,1.0,0.0,0.0,0.0,0.0,0.0,0.0,1.0,0.0,17.0,1.0,9.0,2.0,3.0,1.0,5.0,1.0,15.0,0.0,1.0,1.0,295.0
1.0,0.0,1.0,0.0,0.0,0.0,1.0,0.0,0.0,0.0,1.0,0.0,0.0,1.0,0.0,0.0,0.0,0.0,0.0,0.0,0.0,0.0,1.0,12.0,3.0,3.0,3.0,1.0,0.0,20.0,1.0,2.0,2.0,128.0
1.0,0.0,1.0,0.0,0.0,1.0,0.0,0.0,0.0,1.0,0.0,0.0,0.0,0.0,0.0,0.0,0.0,0.0,1.0,0.0,0.0,6.0,3.0,14.0,2.0,3.0,3.0,1.0,0.0,12.0,0.0,1.0,2.0,171.0
0.0,0.0,1.0,0.0,0.0,1.0,0.0,0.0,0.0,1.0,0.0,0.0,0.0,0.0,0.0,0.0,0.0,1.0,0.0,0.0,0.0,5.0,1.0,15.0,3.0,3.0,1.0,2.0,1.0,12.0,1.0,1.0,5.0,163.0
0.0,0.0,1.0,0.0,1.0,0.0,0.0,0.0,0.0,0.0,1.0,0.0,0.0,1.0,0.0,0.0,0.0,0.0,0.0,0.0,0.0,9.0,1.0,9.0,3.0,3.0,3.0,2.0,0.0,20.0,1.0,1.0,0.0,121.0
0.0,0.0,0.0,1.0,0.0,1.0,0.0,0.0,0.0,1.0,0.0,0.0,0.0,0.0,0.0,0.0,1.0,0.0,0.0,0.0,0.0,26.0,3.0,6.0,2.0,3.0,5.0,8.0,0.0,20.0,4.0,8.0,10.0,184.0
1.0,0.0,1.0,0.0,0.0,0.0,1.0,0.0,0.0,0.0,1.0,0.0,0.0,0.0,0.0,0.0,0.0,1.0,0.0,0.0,0.0,7.0,1.0,6.0,3.0,3.0,1.0,2.0,0.0,12.0,1.0,8.0,8.0,127.0
0.0,0.0,1.0,0.0,1.0,0.0,0.0,0.0,0.0,1.0,0.0,0.0,0.0,0.0,0.0,0.0,0.0,1.0,0.0,0.0,1.0,8.0,3.0,32.0,3.0,3.0,5.0,3.0,0.0,14.0,0.0,1.0,0.0,143.0
0.0,0.0,1.0,0.0,0.0,1.0,0.0,0.0,0.0,0.0,0.0,1.0,0.0,0.0,0.0,0.0,0.0,1.0,0.0,0.0,0.0,0.0,1.0,12.0,3.0,3.0,1.0,2.0,1.0,13.0,0.0,1.0,2.0,56.0
1.0,0.0,1.0,0.0,0.0,1.0,0.0,1.0,0.0,0.0,0.0,0.0,0.0,0.0,0.0,0.0,0.0,0.0,0.0,1.0,0.0,10.0,1.0,9.0,2.0,3.0,3.0,2.0,0.0,15.0,7.0,7.0,8.0,194.0
0.0,0.0,1.0,0.0,0.0,1.0,0.0,0.0,0.0,1.0,0.0,0.0,0.0,0.0,0.0,0.0,1.0,0.0,0.0,0.0,0.0,2.0,3.0,9.0,3.0,3.0,3.0,2.0,0.0,14.0,0.0,1.0,2.0,156.0
1.0,0.0,0.0,1.0,0.0,1.0,0.0,0.0,0.0,1.0,0.0,0.0,0.0,0.0,0.0,0.0,0.0,1.0,0.0,0.0,0.0,8.0,1.0,12.0,2.0,5.0,1.0,2.0,0.0,13.0,0.0,11.0,8.0,166.0
1.0,0.0,1.0,0.0,1.0,0.0,0.0,0.0,0.0,1.0,0.0,0.0,0.0,0.0,0.0,0.0,0.0,1.0,0.0,0.0,0.0,6.0,1.0,12.0,1.0,3.0,1.0,4.0,0.0,23.0,3.0,4.0,7.0,177.0
1.0,0.0,1.0,0.0,0.0,1.0,0.0,1.0,0.0,0.0,0.0,0.0,0.0,0.0,0.0,0.0,1.0,0.0,0.0,0.0,0.0,27.0,2.0,25.0,2.0,3.0,4.0,3.0,0.0,15.0,2.0,7.0,1.0,207.0
1.0,0.0,1.0,0.0,0.0,1.0,0.0,0.0,0.0,1.0,0.0,0.0,0.0,0.0,0.0,0.0,1.0,0.0,0.0,0.0,0.0,9.0,1.0,15.0,2.0,4.0,4.0,3.0,1.0,11.0,0.0,1.0,2.0,188.0
1.0,0.0,0.0,1.0,0.0,0.0,1.0,0.0,0.0,0.0,1.0,0.0,0.0,1.0,0.0,0.0,0.0,0.0,0.0,0.0,0.0,9.0,1.0,9.0,2.0,4.0,1.0,1.0,0.0,13.0,1.0,1.0,1.0,120.0
1.0,0.0,0.0,1.0,0.0,1.0,0.0,0.0,0.0,0.0,0.0,1.0,0.0,0.0,0.0,0.0,1.0,0.0,0.0,0.0,1.0,0.0,1.0,16.0,2.0,3.0,3.0,2.0,1.0,11.0,1.0,1.0,1.0,110.0
1.0,0.0,0.0,1.0,1.0,0.0,0.0,0.0,0.0,0.0,1.0,0.0,0.0,0.0,0.0,0.0,0.0,1.0,0.0,0.0,1.0,0.0,1.0,9.0,3.0,3.0,5.0,2.0,1.0,11.0,5.0,9.0,7.0,133.0
1.0,0.0,1.0,0.0,1.0,0.0,0.0,0.0,0.0,0.0,0.0,1.0,0.0,0.0,0.0,0.0,0.0,1.0,0.0,0.0,0.0,9.0,1.0,9.0,2.0,4.0,3.0,2.0,0.0,18.0,1.0,1.0,0.0,113.0
1.0,0.0,1.0,0.0,0.0,0.0,1.0,0.0,0.0,0.0,1.0,0.0,0.0,1.0,0.0,0.0,0.0,0.0,0.0,0.0,0.0,0.0,1.0,10.0,3.0,1.0,5.0,3.0,0.0,16.0,0.0,1.0,2.0,128.0
1.0,0.0,1.0,0.0,0.0,0.0,1.0,0.0,0.0,1.0,0.0,0.0,0.0,0.0,0.0,0.0,0.0,1.0,0.0,0.0,0.0,0.0,3.0,14.0,2.0,1.0,4.0,1.0,0.0,22.0,1.0,1.0,2.0,149.0
0.0,0.0,0.0,1.0,0.0,0.0,1.0,0.0,0.0,1.0,0.0,0.0,0.0,0.0,0.0,0.0,0.0,0.0,1.0,0.0,0.0,11.0,3.0,13.0,2.0,4.0,1.0,1.0,0.0,20.0,1.0,1.0,5.0,140.0
1.0,0.0,1.0,0.0,1.0,0.0,0.0,0.0,0.0,0.0,1.0,0.0,0.0,0.0,0.0,0.0,0.0,1.0,0.0,0.0,0.0,2.0,1.0,6.0,3.0,5.0,1.0,2.0,0.0,18.0,0.0,2.0,8.0,127.0
1.0,0.0,1.0,0.0,0.0,1.0,0.0,0.0,0.0,1.0,0.0,0.0,0.0,0.0,0.0,0.0,0.0,0.0,1.0,0.0,0.0,21.0,3.0,8.0,2.0,1.0,4.0,4.0,0.0,12.0,0.0,2.0,2.0,181.0
0.0,0.0,1.0,0.0,1.0,0.0,0.0,0.0,0.0,1.0,0.0,0.0,0.0,0.0,0.0,0.0,1.0,0.0,0.0,0.0,0.0,0.0,3.0,9.0,3.0,1.0,1.0,2.0,1.0,20.0,1.0,1.0,4.0,146.0
1.0,0.0,0.0,1.0,0.0,0.0,1.0,0.0,0.0,0.0,0.0,1.0,0.0,0.0,0.0,0.0,0.0,1.0,0.0,0.0,0.0,10.0,1.0,16.0,3.0,1.0,1.0,4.0,0.0,17.0,1.0,1.0,0.0,147.0
1.0,0.0,1.0,0.0,0.0,0.0,1.0,0.0,0.0,0.0,1.0,0.0,0.0,1.0,0.0,0.0,0.0,0.0,0.0,0.0,0.0,23.0,1.0,34.0,3.0,1.0,3.0,2.0,1.0,11.0,0.0,3.0,8.0,132.0
0.0,0.0,0.0,1.0,0.0,1.0,0.0,1.0,0.0,0.0,0.0,0.0,0.0,0.0,0.0,0.0,1.0,0.0,0.0,0.0,0.0,7.0,1.0,15.0,2.0,4.0,4.0,2.0,0.0,14.0,4.0,7.0,7.0,186.0
0.0,0.0,0.0,1.0,0.0,0.0,1.0,0.0,0.0,1.0,0.0,0.0,0.0,0.0,0.0,0.0,0.0,1.0,0.0,0.0,1.0,0.0,3.0,9.0,3.0,3.0,3.0,10.0,0.0,14.0,1.0,2.0,0.0,146.0
0.0,0.0,0.0,1.0,0.0,0.0,1.0,0.0,0.0,1.0,0.0,0.0,0.0,0.0,1.0,0.0,0.0,0.0,0.0,0.0,0.0,12.0,1.0,8.0,3.0,4.0,3.0,2.0,0.0,11.0,1.0,11.0,10.0,146.0
1.0,0.0,0.0,1.0,0.0,1.0,0.0,0.0,0.0,1.0,0.0,0.0,0.0,0.0,0.0,0.0,0.0,0.0,1.0,0.0,0.0,5.0,3.0,16.0,2.0,3.0,1.0,2.0,0.0,12.0,1.0,1.0,8.0,154.0
1.0,0.0,1.0,0.0,1.0,0.0,0.0,0.0,0.0,1.0,0.0,0.0,0.0,0.0,1.0,0.0,0.0,0.0,0.0,0.0,1.0,13.0,3.0,14.0,2.0,3.0,3.0,4.0,1.0,14.0,0.0,1.0,3.0,168.0
0.0,0.0,0.0,1.0,0.0,1.0,0.0,0.0,0.0,1.0,0.0,0.0,0.0,0.0,0.0,0.0,0.0,1.0,0.0,0.0,0.0,11.0,1.0,6.0,2.0,1.0,1.0,1.0,0.0,13.0,0.0,1.0,8.0,176.0
0.0,0.0,1.0,0.0,0.0,1.0,0.0,1.0,0.0,0.0,0.0,0.0,0.0,0.0,0.0,0.0,0.0,1.0,0.0,0.0,0.0,0.0,1.0,6.0,3.0,3.0,5.0,2.0,0.0,11.0,0.0,1.0,7.0,174.0
0.0,0.0,0.0,1.0,0.0,1.0,0.0,1.0,0.0,0.0,0.0,0.0,0.0,0.0,0.0,0.0,0.0,1.0,0.0,0.0,0.0,5.0,1.0,9.0,2.0,3.0,1.0,4.0,0.0,15.0,6.0,7.0,4.543490512868683,212.0
1.0,0.0,0.0,1.0,0.0,1.0,0.0,0.0,0.0,1.0,0.0,0.0,0.0,0.0,0.0,0.0,0.0,0.0,1.0,0.0,0.0,20.0,3.0,20.0,2.0,3.0,5.0,3.0,0.0,12.0,1.0,1.0,7.0,150.0
1.0,0.0,1.0,0.0,1.0,0.0,0.0,1.0,0.0,0.0,0.0,0.0,0.0,0.0,0.0,0.0,0.0,1.0,0.0,0.0,0.0,13.0,3.0,11.0,2.0,4.0,5.0,6.0,1.0,21.0,0.0,1.0,12.0,205.0
1.0,0.0,1.0,0.0,0.0,1.0,0.0,0.0,1.0,0.0,0.0,0.0,0.0,0.0,0.0,0.0,0.0,1.0,0.0,0.0,0.0,26.0,1.0,13.0,2.0,1.0,3.0,4.0,0.0,19.0,0.0,2.0,3.0,248.0
1.0,0.0,1.0,0.0,0.0,1.0,0.0,0.0,0.0,0.0,0.0,0.0,1.0,0.0,0.0,0.0,0.0,0.0,0.0,1.0,0.0,14.0,2.0,16.0,3.0,4.0,1.0,4.0,0.0,15.0,1.0,12.0,6.0,291.0
1.0,0.0,0.0,1.0,0.0,1.0,0.0,0.0,0.0,1.0,0.0,0.0,0.0,0.0,0.0,0.0,0.0,0.0,1.0,0.0,0.0,30.0,3.0,22.0,2.0,3.0,5.0,9.0,0.0,14.0,2.0,2.0,2.0,154.0
1.0,0.0,1.0,0.0,1.0,0.0,0.0,1.0,0.0,0.0,0.0,0.0,0.0,0.0,0.0,0.0,0.0,1.0,0.0,0.0,0.0,0.0,1.0,16.0,2.0,3.0,5.0,2.0,0.0,21.0,0.0,1.0,7.0,188.0
1.0,0.0,1.0,0.0,0.0,1.0,0.0,0.0,0.0,0.0,0.0,0.0,1.0,0.0,0.0,0.0,0.0,0.0,0.0,1.0,0.0,14.0,2.0,6.0,2.0,4.0,3.0,2.0,0.0,12.0,1.0,2.0,10.0,292.0
1.0,0.0,1.0,0.0,0.0,0.0,1.0,0.0,0.0,0.0,0.0,1.0,0.0,0.0,0.0,0.0,0.0,0.0,1.0,0.0,0.0,23.0,3.0,14.0,2.0,3.0,4.0,8.0,0.0,15.0,0.0,2.0,2.0,139.0
0.0,0.0,0.0,1.0,0.0,0.0,1.0,0.0,0.0,0.0,1.0,0.0,0.0,0.0,0.0,0.0,0.0,1.0,0.0,0.0,1.0,9.0,1.0,6.0,3.0,5.0,4.0,8.0,1.0,13.0,1.0,3.0,7.0,122.0
0.0,0.0,1.0,0.0,1.0,0.0,0.0,1.0,0.0,0.0,0.0,0.0,0.0,0.0,0.0,0.0,0.0,1.0,0.0,0.0,0.0,9.0,1.0,14.0,3.0,1.0,5.0,10.0,0.0,14.0,0.0,1.0,4.543490512868683,217.0
0.0,0.0,0.0,1.0,0.0,1.0,0.0,1.0,0.0,0.0,0.0,0.0,0.0,0.0,0.0,0.0,0.0,1.0,0.0,0.0,0.0,11.0,1.0,6.0,2.0,3.0,3.0,5.0,1.0,14.0,0.0,1.0,0.0,179.0
1.0,0.0,0.0,1.0,1.0,0.0,0.0,0.0,0.0,0.0,0.0,1.0,0.0,0.0,0.0,0.0,1.0,0.0,0.0,0.0,0.0,17.0,1.0,30.0,2.0,5.0,3.0,3.0,0.0,14.0,0.0,1.0,4.0,137.0
0.0,0.0,1.0,0.0,1.0,0.0,0.0,0.0,1.0,0.0,0.0,0.0,0.0,0.0,0.0,0.0,1.0,0.0,0.0,0.0,0.0,20.0,3.0,9.0,2.0,3.0,3.0,10.0,1.0,12.0,1.0,2.0,13.0,238.0
1.0,0.0,1.0,0.0,0.0,1.0,0.0,0.0,0.0,1.0,0.0,0.0,0.0,0.0,0.0,0.0,0.0,0.0,1.0,0.0,0.0,3.0,3.0,33.0,3.0,3.0,1.0,8.0,0.0,23.0,2.0,7.0,7.0,153.0
1.0,0.0,0.0,1.0,0.0,0.0,1.0,0.0,0.0,0.0,1.0,0.0,0.0,0.0,0.0,0.0,0.0,1.0,0.0,0.0,0.0,2.0,3.0,14.0,3.0,3.0,3.0,2.0,0.0,11.0,1.0,1.0,0.0,126.0
1.0,0.0,1.0,0.0,1.0,0.0,0.0,0.0,0.0,0.0,1.0,0.0,0.0,1.0,0.0,0.0,0.0,0.0,0.0,0.0,1.0,5.0,1.0,25.0,3.0,1.0,3.0,7.0,1.0,12.0,0.0,2.0,2.0,128.0
1.0,0.0,1.0,0.0,1.0,0.0,0.0,0.0,0.0,1.0,0.0,0.0,0.0,0.0,0.0,0.0,0.0,1.0,0.0,0.0,0.0,16.0,3.0,21.0,2.0,4.0,1.0,4.0,0.0,18.0,1.0,2.0,2.0,168.0
0.0,0.0,0.0,1.0,0.0,1.0,0.0,0.0,0.0,1.0,0.0,0.0,0.0,0.0,0.0,0.0,1.0,0.0,0.0,0.0,0.0,7.0,1.0,14.0,3.0,3.0,3.0,4.0,0.0,11.0,0.0,4.0,3.0,161.0
1.0,0.0,1.0,0.0,0.0,0.0,1.0,0.0,0.0,0.0,1.0,0.0,0.0,1.0,0.0,0.0,0.0,0.0,0.0,0.0,0.0,0.0,1.0,14.0,2.0,3.0,5.0,2.0,0.0,14.0,1.0,1.0,2.0,125.0
0.0,0.0,1.0,0.0,0.0,1.0,0.0,0.0,0.0,1.0,0.0,0.0,0.0,0.0,0.0,0.0,0.0,0.0,0.0,1.0,0.0,12.0,2.0,9.0,2.0,1.0,4.0,10.0,0.0,15.0,0.0,3.0,6.0,164.0
1.0,0.0,1.0,0.0,0.0,1.0,0.0,0.0,1.0,0.0,0.0,0.0,0.0,0.0,0.0,0.0,1.0,0.0,0.0,0.0,0.0,29.0,1.0,15.0,2.0,3.0,1.0,8.0,0.0,11.0,0.0,1.0,4.543490512868683,211.0
0.0,0.0,0.0,1.0,0.0,0.0,1.0,0.0,0.0,0.0,1.0,0.0,0.0,1.0,0.0,0.0,0.0,0.0,0.0,0.0,0.0,13.0,1.0,14.0,2.0,4.0,1.0,1.0,1.0,20.0,0.0,2.0,3.0,123.0
0.0,0.0,0.0,1.0,0.0,1.0,0.0,0.0,0.0,1.0,0.0,0.0,0.0,0.0,0.0,0.0,1.0,0.0,0.0,0.0,0.0,0.0,1.0,13.0,2.0,4.0,5.0,9.0,0.0,19.0,1.0,1.0,7.0,168.0
1.0,0.0,1.0,0.0,0.0,0.0,1.0,0.0,0.0,0.0,1.0,0.0,0.0,0.0,0.0,0.0,0.0,0.0,1.0,0.0,0.0,9.0,3.0,16.0,2.0,3.0,4.0,2.0,0.0,14.0,2.0,2.0,2.0,123.0
1.0,0.0,0.0,1.0,0.0,0.0,1.0,0.0,0.0,1.0,0.0,0.0,0.0,0.0,0.0,0.0,0.0,1.0,0.0,0.0,0.0,26.0,1.0,14.0,2.0,3.0,1.0,3.0,0.0,17.0,2.0,2.0,2.0,125.0
0.0,0.0,1.0,0.0,1.0,0.0,0.0,0.0,0.0,1.0,0.0,0.0,0.0,0.0,0.0,0.0,0.0,1.0,0.0,0.0,0.0,8.0,1.0,8.0,3.0,3.0,5.0,3.0,0.0,11.0,1.0,1.0,0.0,151.0
1.0,0.0,1.0,0.0,1.0,0.0,0.0,0.0,0.0,1.0,0.0,0.0,0.0,0.0,0.0,0.0,0.0,1.0,0.0,0.0,0.0,5.0,1.0,30.0,3.0,3.0,1.0,2.0,0.0,15.0,1.0,4.0,7.0,153.0
1.0,0.0,1.0,0.0,0.0,0.0,1.0,0.0,0.0,0.0,1.0,0.0,0.0,1.0,0.0,0.0,0.0,0.0,0.0,0.0,0.0,11.0,1.0,8.0,3.0,3.0,3.0,7.0,1.0,13.0,0.0,1.0,1.0,131.0
0.0,0.0,1.0,0.0,0.0,1.0,0.0,0.0,0.0,1.0,0.0,0.0,0.0,0.0,0.0,0.0,0.0,1.0,0.0,0.0,0.0,7.0,1.0,14.0,2.0,3.0,5.0,4.0,0.0,14.0,1.0,1.0,0.0,151.0
1.0,0.0,1.0,0.0,0.0,1.0,0.0,0.0,1.0,0.0,0.0,0.0,0.0,0.0,0.0,0.0,0.0,0.0,1.0,0.0,0.0,25.0,3.0,9.0,2.0,4.0,5.0,2.0,0.0,11.0,1.0,1.0,16.0,269.0
1.0,0.0,0.0,1.0,0.0,0.0,1.0,0.0,0.0,0.0,1.0,0.0,0.0,0.0,0.0,0.0,0.0,0.0,0.0,1.0,1.0,0.0,1.0,6.0,3.0,3.0,1.0,2.0,1.0,13.0,6.0,7.0,8.0,127.0
0.0,0.0,0.0,1.0,0.0,1.0,0.0,0.0,0.0,1.0,0.0,0.0,0.0,0.0,0.0,0.0,1.0,0.0,0.0,0.0,0.0,0.0,3.0,32.0,2.0,3.0,1.0,2.0,0.0,23.0,0.0,1.0,4.0,162.0
1.0,0.0,0.0,1.0,0.0,1.0,0.0,0.0,0.0,1.0,0.0,0.0,0.0,0.0,1.0,0.0,0.0,0.0,0.0,0.0,0.0,18.0,3.0,8.0,2.0,5.0,3.0,1.0,0.0,13.0,1.0,3.0,1.0,166.0
1.0,0.0,0.0,1.0,0.0,0.0,1.0,0.0,0.0,0.0,1.0,0.0,0.0,0.0,0.0,0.0,1.0,0.0,0.0,0.0,0.0,0.0,1.0,16.0,3.0,1.0,3.0,2.0,0.0,18.0,0.0,1.0,2.0,135.0
0.0,0.0,0.0,1.0,1.0,0.0,0.0,0.0,0.0,1.0,0.0,0.0,0.0,0.0,0.0,0.0,0.0,1.0,0.0,0.0,1.0,10.0,3.0,33.0,3.0,1.0,3.0,5.0,1.0,12.0,0.0,1.0,3.0,164.0
1.0,0.0,0.0,1.0,0.0,1.0,0.0,0.0,0.0,1.0,0.0,0.0,0.0,0.0,0.0,0.0,0.0,0.0,0.0,1.0,0.0,7.0,3.0,8.0,2.0,3.0,1.0,2.0,0.0,22.0,0.0,1.0,4.0,163.0
1.0,0.0,1.0,0.0,0.0,1.0,0.0,0.0,0.0,0.0,0.0,0.0,1.0,0.0,0.0,0.0,1.0,0.0,0.0,0.0,1.0,18.0,1.0,8.0,3.0,3.0,5.0,6.0,1.0,15.0,1.0,1.0,4.0,299.0
1.0,0.0,0.0,1.0,1.0,0.0,0.0,1.0,0.0,0.0,0.0,0.0,0.0,0.0,0.0,0.0,0.0,1.0,0.0,0.0,0.0,9.0,3.0,14.0,3.0,4.0,5.0,2.0,0.0,15.0,0.0,1.0,9.0,176.0
1.0,0.0,1.0,0.0,1.0,0.0,0.0,0.0,0.0,0.0,0.0,1.0,0.0,0.0,0.0,0.0,1.0,0.0,0.0,0.0,0.0,25.0,1.0,25.0,2.0,3.0,1.0,1.0,0.0,18.0,1.0,1.0,2.0,143.0
0.0,0.0,1.0,0.0,1.0,0.0,0.0,0.0,0.0,0.0,0.0,1.0,0.0,0.0,0.0,0.0,0.0,1.0,0.0,0.0,0.0,0.0,1.0,6.0,3.0,5.0,1.0,4.0,0.0,14.0,2.0,2.0,0.0,144.0
0.0,0.0,1.0,0.0,0.0,0.0,1.0,0.0,0.0,1.0,0.0,0.0,0.0,0.0,0.0,0.0,1.0,0.0,0.0,0.0,0.0,2.0,1.0,33.0,3.0,3.0,3.0,5.0,0.0,12.0,0.0,1.0,1.0,143.0
1.0,0.0,0.0,1.0,0.0,1.0,0.0,0.0,0.0,1.0,0.0,0.0,0.0,0.0,1.0,0.0,0.0,0.0,0.0,0.0,1.0,0.0,3.0,14.0,2.0,4.0,5.0,7.0,0.0,17.0,0.0,1.0,2.0,153.0
0.0,0.0,0.0,1.0,0.0,0.0,1.0,0.0,0.0,0.0,1.0,0.0,0.0,0.0,0.0,0.0,0.0,1.0,0.0,0.0,0.0,7.0,1.0,6.0,3.0,1.0,1.0,3.0,0.0,16.0,1.0,1.0,3.0,133.0
0.0,0.0,1.0,0.0,0.0,1.0,0.0,0.0,0.0,1.0,0.0,0.0,0.0,0.0,0.0,0.0,1.0,0.0,0.0,0.0,0.0,27.0,1.0,25.0,3.0,3.0,5.0,10.0,1.0,11.0,0.0,1.0,4.0,155.0
1.0,0.0,1.0,0.0,1.0,0.0,0.0,0.0,0.0,1.0,0.0,0.0,0.0,0.0,0.0,0.0,0.0,0.0,1.0,0.0,0.0,0.0,3.0,14.0,2.0,3.0,1.0,1.0,0.0,19.0,1.0,1.0,1.0,143.0
0.0,0.0,1.0,0.0,0.0,0.0,1.0,0.0,0.0,0.0,1.0,0.0,0.0,0.0,0.0,0.0,0.0,1.0,0.0,0.0,0.0,10.0,1.0,16.0,3.0,3.0,5.0,1.0,1.0,13.0,4.0,4.0,3.0,128.0
0.0,0.0,0.0,1.0,1.0,0.0,0.0,0.0,0.0,1.0,0.0,0.0,0.0,0.0,0.0,0.0,0.0,1.0,0.0,0.0,0.0,11.0,1.0,8.0,3.0,1.0,5.0,7.0,1.0,12.0,0.0,4.0,12.0,160.0
0.0,0.0,0.0,1.0,0.0,0.0,1.0,0.0,0.0,0.0,0.0,1.0,0.0,0.0,0.0,0.0,1.0,0.0,0.0,0.0,0.0,7.0,1.0,8.0,2.0,4.0,5.0,2.0,0.0,11.0,1.0,1.0,3.0,144.0
0.0,0.0,1.0,0.0,0.0,0.0,1.0,0.0,0.0,0.0,1.0,0.0,0.0,0.0,0.0,0.0,0.0,1.0,0.0,0.0,0.0,8.0,3.0,14.0,3.0,3.0,1.0,2.0,0.0,16.0,1.0,1.0,2.0,126.0
1.0,0.0,1.0,0.0,0.0,0.0,1.0,0.0,0.0,0.0,0.0,1.0,0.0,0.0,0.0,0.0,0.0,1.0,0.0,0.0,0.0,3.0,1.0,6.0,2.0,5.0,3.0,4.0,0.0,21.0,1.0,1.0,2.0,138.0
0.0,0.0,1.0,0.0,1.0,0.0,0.0,0.0,0.0,1.0,0.0,0.0,0.0,0.0,0.0,0.0,1.0,0.0,0.0,0.0,0.0,13.0,1.0,8.0,2.0,1.0,4.0,2.0,0.0,24.0,0.0,3.0,7.0,142.0
0.0,0.0,1.0,0.0,0.0,1.0,0.0,0.0,0.0,1.0,0.0,0.0,0.0,0.0,0.0,0.0,0.0,1.0,0.0,0.0,0.0,7.0,3.0,14.0,3.0,3.0,5.0,6.0,0.0,17.0,1.0,1.0,2.0,165.0
1.0,0.0,1.0,0.0,1.0,0.0,0.0,0.0,0.0,0.0,0.0,0.0,1.0,0.0,0.0,0.0,0.0,1.0,0.0,0.0,0.0,15.0,1.0,14.0,3.0,3.0,1.0,2.0,0.0,13.0,1.0,14.0,9.0,284.0
1.0,0.0,1.0,0.0,0.0,1.0,0.0,0.0,0.0,0.0,0.0,1.0,0.0,0.0,0.0,0.0,0.0,1.0,0.0,0.0,1.0,9.0,1.0,12.0,3.0,1.0,5.0,2.0,1.0,21.0,0.0,1.0,0.0,116.0
1.0,0.0,1.0,0.0,1.0,0.0,0.0,0.0,0.0,0.0,1.0,0.0,0.0,0.0,0.0,0.0,0.0,1.0,0.0,0.0,0.0,0.0,1.0,15.0,3.0,4.0,4.0,2.0,0.0,11.0,0.0,1.0,0.0,127.0
0.0,0.0,1.0,0.0,0.0,0.0,1.0,0.0,0.0,1.0,0.0,0.0,0.0,0.0,0.0,0.0,0.0,1.0,0.0,0.0,0.0,25.0,1.0,17.0,3.0,3.0,3.0,9.0,0.0,20.0,1.0,1.0,4.0,131.0
1.0,0.0,1.0,0.0,0.0,1.0,0.0,0.0,1.0,0.0,0.0,0.0,0.0,0.0,0.0,0.0,1.0,0.0,0.0,0.0,0.0,23.0,1.0,8.0,3.0,3.0,3.0,6.0,0.0,16.0,1.0,1.0,3.0,276.0
0.0,0.0,1.0,0.0,0.0,0.0,1.0,0.0,0.0,0.0,1.0,0.0,0.0,0.0,0.0,0.0,0.0,1.0,0.0,0.0,1.0,0.0,1.0,14.0,2.0,4.0,5.0,2.0,1.0,11.0,0.0,1.0,0.0,123.0
1.0,0.0,1.0,0.0,0.0,1.0,0.0,1.0,0.0,0.0,0.0,0.0,0.0,0.0,0.0,0.0,1.0,0.0,0.0,0.0,0.0,6.0,1.0,13.0,2.0,3.0,3.0,1.0,0.0,11.0,1.0,3.0,4.543490512868683,217.0
0.0,0.0,0.0,1.0,0.0,1.0,0.0,0.0,0.0,1.0,0.0,0.0,0.0,0.0,0.0,0.0,0.0,0.0,1.0,0.0,1.0,0.0,3.0,22.0,3.0,3.0,5.0,6.0,0.0,15.0,1.0,1.0,2.0,153.0
0.0,0.0,1.0,0.0,0.0,1.0,0.0,0.0,1.0,0.0,0.0,0.0,0.0,0.0,0.0,0.0,0.0,0.0,0.0,1.0,0.0,20.0,1.0,8.0,2.0,3.0,1.0,2.0,1.0,11.0,1.0,3.0,0.0,268.0
0.0,0.0,1.0,0.0,0.0,1.0,0.0,0.0,0.0,1.0,0.0,0.0,0.0,0.0,0.0,0.0,0.0,0.0,0.0,1.0,0.0,9.0,1.0,6.0,2.0,3.0,4.0,1.0,0.0,15.0,1.0,1.0,5.0,152.0
1.0,0.0,1.0,0.0,0.0,0.0,1.0,0.0,0.0,0.0,1.0,0.0,0.0,0.0,0.0,0.0,0.0,1.0,0.0,0.0,0.0,2.0,1.0,29.0,3.0,1.0,3.0,2.0,0.0,24.0,1.0,1.0,7.0,127.0
1.0,0.0,0.0,1.0,0.0,1.0,0.0,0.0,0.0,0.0,0.0,0.0,1.0,0.0,0.0,0.0,0.0,1.0,0.0,0.0,1.0,20.0,1.0,8.0,2.0,3.0,4.0,8.0,1.0,15.0,7.0,13.0,8.0,292.0
0.0,0.0,0.0,1.0,0.0,0.0,1.0,0.0,0.0,0.0,1.0,0.0,0.0,0.0,0.0,0.0,0.0,1.0,0.0,0.0,0.0,8.0,1.0,14.0,2.0,1.0,3.0,4.0,0.0,13.0,2.0,2.0,2.0,125.0
0.0,0.0,1.0,0.0,0.0,1.0,0.0,0.0,0.0,1.0,0.0,0.0,0.0,0.0,0.0,0.0,0.0,1.0,0.0,0.0,0.0,15.0,1.0,6.0,2.0,4.0,1.0,10.0,1.0,13.0,0.0,1.0,2.0,161.0
1.0,0.0,0.0,1.0,0.0,0.0,1.0,0.0,0.0,0.0,0.0,1.0,0.0,0.0,0.0,0.0,1.0,0.0,0.0,0.0,1.0,0.0,1.0,8.0,2.0,3.0,3.0,7.0,0.0,17.0,2.0,2.0,1.0,144.0
1.0,0.0,1.0,0.0,0.0,0.0,1.0,0.0,0.0,0.0,1.0,0.0,0.0,0.0,0.0,0.0,0.0,0.0,0.0,1.0,0.0,9.0,2.0,19.0,2.0,3.0,4.0,5.0,0.0,13.0,1.0,1.0,4.0,121.0
0.0,0.0,1.0,0.0,0.0,1.0,0.0,0.0,0.0,1.0,0.0,0.0,0.0,0.0,0.0,0.0,0.0,1.0,0.0,0.0,0.0,5.0,1.0,10.0,3.0,4.0,3.0,2.0,0.0,12.0,5.0,6.0,8.0,162.0
1.0,0.0,0.0,1.0,1.0,0.0,0.0,0.0,0.0,1.0,0.0,0.0,0.0,0.0,0.0,0.0,1.0,0.0,0.0,0.0,0.0,13.0,1.0,22.0,2.0,4.0,3.0,7.0,0.0,14.0,0.0,1.0,0.0,151.0
0.0,0.0,0.0,1.0,0.0,1.0,0.0,0.0,0.0,1.0,0.0,0.0,0.0,0.0,0.0,0.0,1.0,0.0,0.0,0.0,0.0,3.0,1.0,8.0,2.0,4.0,1.0,6.0,1.0,24.0,1.0,1.0,0.0,169.0
0.0,0.0,0.0,1.0,0.0,0.0,1.0,0.0,0.0,0.0,1.0,0.0,0.0,0.0,0.0,0.0,0.0,1.0,0.0,0.0,0.0,9.0,1.0,8.0,3.0,4.0,3.0,2.0,0.0,14.0,1.0,1.0,0.0,123.0
1.0,0.0,1.0,0.0,0.0,0.0,1.0,0.0,0.0,1.0,0.0,0.0,0.0,0.0,0.0,0.0,0.0,1.0,0.0,0.0,0.0,15.0,1.0,35.0,3.0,3.0,4.0,2.0,0.0,13.0,5.0,7.0,8.0,144.0
1.0,0.0,1.0,0.0,1.0,0.0,0.0,0.0,0.0,1.0,0.0,0.0,0.0,0.0,0.0,0.0,0.0,1.0,0.0,0.0,0.0,11.0,1.0,18.0,0.0,4.0,5.0,3.0,0.0,15.0,1.0,1.0,2.0,163.0
0.0,0.0,0.0,1.0,1.0,0.0,0.0,0.0,0.0,0.0,1.0,0.0,0.0,0.0,0.0,0.0,0.0,1.0,0.0,0.0,0.0,7.0,1.0,14.0,3.0,4.0,1.0,2.0,0.0,16.0,1.0,1.0,3.0,126.0
0.0,0.0,1.0,0.0,0.0,1.0,0.0,1.0,0.0,0.0,0.0,0.0,0.0,0.0,0.0,0.0,0.0,0.0,1.0,0.0,1.0,12.0,3.0,17.0,2.0,3.0,1.0,2.0,0.0,18.0,0.0,7.0,7.0,177.0
1.0,0.0,0.0,1.0,0.0,1.0,0.0,0.0,0.0,1.0,0.0,0.0,0.0,0.0,0.0,0.0,1.0,0.0,0.0,0.0,1.0,18.0,3.0,8.0,2.0,3.0,1.0,5.0,0.0,16.0,1.0,7.0,3.0,152.0
1.0,0.0,1.0,0.0,0.0,1.0,0.0,0.0,1.0,0.0,0.0,0.0,0.0,0.0,0.0,0.0,0.0,1.0,0.0,0.0,0.0,16.0,1.0,20.0,3.0,3.0,5.0,7.0,0.0,24.0,1.0,1.0,0.0,272.0
1.0,0.0,1.0,0.0,0.0,1.0,0.0,1.0,0.0,0.0,0.0,0.0,0.0,0.0,0.0,1.0,0.0,0.0,0.0,0.0,0.0,0.0,1.0,11.0,2.0,4.0,1.0,2.0,1.0,16.0,1.0,1.0,4.543490512868683,228.0
1.0,0.0,0.0,1.0,0.0,1.0,0.0,1.0,0.0,0.0,0.0,0.0,0.0,0.0,0.0,0.0,0.0,0.0,0.0,1.0,0.0,8.0,1.0,13.0,2.0,3.0,3.0,4.0,0.0,21.0,0.0,1.0,6.0,202.0
0.0,0.0,1.0,0.0,0.0,0.0,1.0,0.0,0.0,1.0,0.0,0.0,0.0,0.0,0.0,0.0,0.0,0.0,1.0,0.0,0.0,1.0,3.0,8.0,2.0,3.0,4.0,2.0,1.0,20.0,6.0,7.0,5.0,148.0
1.0,0.0,1.0,0.0,0.0,0.0,1.0,0.0,0.0,0.0,0.0,1.0,0.0,0.0,0.0,0.0,0.0,0.0,0.0,1.0,0.0,7.0,2.0,9.0,2.0,3.0,1.0,1.0,0.0,19.0,1.0,1.0,2.0,137.0
0.0,0.0,1.0,0.0,1.0,0.0,0.0,0.0,0.0,0.0,1.0,0.0,0.0,1.0,0.0,0.0,0.0,0.0,0.0,0.0,1.0,0.0,1.0,14.0,2.0,4.0,3.0,2.0,1.0,14.0,0.0,1.0,7.0,124.0
1.0,0.0,1.0,0.0,1.0,0.0,0.0,0.0,0.0,0.0,0.0,1.0,0.0,0.0,0.0,0.0,1.0,0.0,0.0,0.0,0.0,9.0,1.0,9.0,2.0,3.0,1.0,2.0,0.0,11.0,0.0,1.0,0.0,117.0
0.0,0.0,1.0,0.0,0.0,1.0,0.0,0.0,1.0,0.0,0.0,0.0,0.0,0.0,0.0,0.0,0.0,0.0,1.0,0.0,0.0,24.0,3.0,32.0,3.0,3.0,3.0,3.0,0.0,14.0,1.0,4.0,17.0,263.0
1.0,0.0,0.0,1.0,0.0,1.0,0.0,0.0,0.0,1.0,0.0,0.0,0.0,0.0,0.0,0.0,1.0,0.0,0.0,0.0,0.0,17.0,1.0,10.0,2.0,3.0,4.0,10.0,0.0,12.0,1.0,2.0,3.0,159.0
1.0,0.0,0.0,1.0,0.0,0.0,1.0,0.0,0.0,0.0,1.0,0.0,0.0,1.0,0.0,0.0,0.0,0.0,0.0,0.0,0.0,0.0,1.0,8.0,3.0,1.0,5.0,8.0,0.0,13.0,0.0,1.0,1.0,134.0
1.0,0.0,1.0,0.0,0.0,0.0,1.0,0.0,0.0,1.0,0.0,0.0,0.0,0.0,0.0,0.0,1.0,0.0,0.0,0.0,0.0,6.0,3.0,6.0,2.0,1.0,5.0,2.0,0.0,22.0,0.0,1.0,8.0,140.0
0.0,0.0,0.0,1.0,0.0,0.0,1.0,0.0,0.0,0.0,1.0,0.0,0.0,1.0,0.0,0.0,0.0,0.0,0.0,0.0,0.0,8.0,1.0,14.0,2.0,4.0,5.0,2.0,0.0,11.0,0.0,1.0,1.0,126.0
1.0,0.0,1.0,0.0,0.0,1.0,0.0,0.0,0.0,1.0,0.0,0.0,0.0,0.0,0.0,0.0,0.0,1.0,0.0,0.0,0.0,9.0,3.0,6.0,2.0,3.0,1.0,2.0,1.0,14.0,3.0,4.0,11.0,162.0
1.0,0.0,1.0,0.0,0.0,0.0,1.0,0.0,0.0,1.0,0.0,0.0,0.0,0.0,0.0,0.0,0.0,1.0,0.0,0.0,0.0,5.0,3.0,19.0,3.0,3.0,1.0,3.0,0.0,11.0,0.0,1.0,3.0,144.0
1.0,0.0,1.0,0.0,1.0,0.0,0.0,0.0,0.0,0.0,0.0,1.0,0.0,0.0,0.0,0.0,0.0,1.0,0.0,0.0,0.0,3.0,1.0,11.0,3.0,4.0,1.0,10.0,0.0,12.0,0.0,1.0,3.0,138.0
0.0,0.0,1.0,0.0,0.0,1.0,0.0,1.0,0.0,0.0,0.0,0.0,0.0,0.0,0.0,0.0,0.0,0.0,1.0,0.0,0.0,26.0,3.0,13.0,3.0,4.0,1.0,8.0,1.0,18.0,0.0,1.0,4.543490512868683,209.0
1.0,0.0,1.0,0.0,0.0,1.0,0.0,1.0,0.0,0.0,0.0,0.0,0.0,0.0,0.0,0.0,0.0,0.0,1.0,0.0,0.0,18.0,3.0,15.0,3.0,3.0,5.0,5.0,1.0,12.0,0.0,1.0,2.0,208.0
0.0,0.0,1.0,0.0,0.0,1.0,0.0,0.0,0.0,1.0,0.0,0.0,0.0,0.0,0.0,0.0,1.0,0.0,0.0,0.0,0.0,5.0,1.0,14.0,3.0,1.0,3.0,6.0,0.0,12.0,1.0,1.0,3.0,152.0
0.0,0.0,1.0,0.0,1.0,0.0,0.0,0.0,1.0,0.0,0.0,0.0,0.0,0.0,0.0,0.0,1.0,0.0,0.0,0.0,0.0,25.0,1.0,31.0,2.0,4.0,1.0,4.0,0.0,22.0,0.0,2.0,0.0,238.0
1.0,0.0,1.0,0.0,0.0,1.0,0.0,0.0,0.0,1.0,0.0,0.0,0.0,0.0,0.0,0.0,0.0,0.0,1.0,0.0,0.0,10.0,3.0,22.0,3.0,4.0,3.0,5.0,0.0,19.0,1.0,1.0,0.0,163.0
1.0,0.0,1.0,0.0,0.0,0.0,1.0,0.0,0.0,0.0,0.0,1.0,0.0,0.0,0.0,0.0,1.0,0.0,0.0,0.0,0.0,1.0,2.0,14.0,3.0,4.0,1.0,2.0,0.0,13.0,1.0,1.0,4.0,149.0
1.0,0.0,1.0,0.0,0.0,0.0,1.0,0.0,0.0,1.0,0.0,0.0,0.0,0.0,0.0,0.0,0.0,1.0,0.0,0.0,0.0,0.0,1.0,6.0,2.0,4.0,1.0,7.0,0.0,22.0,2.0,2.0,2.0,148.0
1.0,0.0,1.0,0.0,0.0,0.0,1.0,0.0,0.0,0.0,1.0,0.0,0.0,0.0,0.0,0.0,0.0,1.0,0.0,0.0,0.0,17.0,1.0,14.0,3.0,1.0,1.0,3.0,1.0,24.0,1.0,1.0,2.0,128.0
1.0,0.0,0.0,1.0,1.0,0.0,0.0,0.0,0.0,0.0,1.0,0.0,0.0,1.0,0.0,0.0,0.0,0.0,0.0,0.0,0.0,15.0,1.0,14.0,2.0,3.0,1.0,6.0,1.0,14.0,1.0,2.0,2.0,125.0
1.0,0.0,1.0,0.0,0.0,0.0,1.0,0.0,0.0,0.0,1.0,0.0,0.0,0.0,0.0,0.0,0.0,1.0,0.0,0.0,0.0,9.0,2.0,14.0,3.0,4.0,5.0,1.0,0.0,21.0,0.0,1.0,3.0,123.0
1.0,0.0,1.0,0.0,0.0,0.0,1.0,0.0,0.0,1.0,0.0,0.0,0.0,0.0,0.0,0.0,0.0,0.0,0.0,1.0,0.0,0.0,3.0,9.0,3.0,3.0,5.0,2.0,1.0,18.0,0.0,1.0,3.0,142.0
0.0,0.0,1.0,0.0,0.0,1.0,0.0,1.0,0.0,0.0,0.0,0.0,0.0,0.0,0.0,0.0,0.0,1.0,0.0,0.0,0.0,8.0,1.0,15.0,3.0,4.0,3.0,2.0,1.0,20.0,3.0,5.0,15.0,207.0
0.0,0.0,1.0,0.0,1.0,0.0,0.0,0.0,0.0,0.0,1.0,0.0,0.0,0.0,0.0,0.0,0.0,1.0,0.0,0.0,1.0,9.0,1.0,31.0,3.0,3.0,4.0,2.0,1.0,19.0,6.0,7.0,8.0,120.0
1.0,0.0,1.0,0.0,1.0,0.0,0.0,0.0,0.0,0.0,1.0,0.0,0.0,0.0,0.0,0.0,0.0,1.0,0.0,0.0,0.0,5.0,1.0,6.0,3.0,3.0,1.0,1.0,0.0,12.0,1.0,1.0,2.0,123.0
1.0,0.0,1.0,0.0,0.0,0.0,1.0,0.0,0.0,1.0,0.0,0.0,0.0,0.0,0.0,0.0,0.0,0.0,1.0,0.0,0.0,0.0,3.0,10.0,2.0,4.0,5.0,2.0,0.0,12.0,1.0,1.0,3.0,143.0
0.0,0.0,1.0,0.0,0.0,0.0,1.0,0.0,0.0,0.0,0.0,1.0,0.0,0.0,1.0,0.0,0.0,0.0,0.0,0.0,0.0,22.0,1.0,6.0,2.0,3.0,5.0,3.0,0.0,16.0,0.0,1.0,2.0,136.0
1.0,0.0,1.0,0.0,1.0,0.0,0.0,0.0,0.0,0.0,1.0,0.0,0.0,0.0,0.0,0.0,0.0,1.0,0.0,0.0,0.0,0.0,1.0,10.0,2.0,4.0,1.0,1.0,0.0,17.0,0.0,3.0,4.0,132.0
1.0,0.0,1.0,0.0,1.0,0.0,0.0,0.0,0.0,1.0,0.0,0.0,0.0,0.0,0.0,0.0,0.0,1.0,0.0,0.0,0.0,5.0,3.0,11.0,2.0,3.0,4.0,2.0,0.0,14.0,2.0,5.0,3.0,165.0
1.0,0.0,1.0,0.0,0.0,0.0,1.0,0.0,0.0,0.0,1.0,0.0,0.0,0.0,0.0,0.0,0.0,0.0,1.0,0.0,0.0,11.0,3.0,15.0,3.0,4.0,4.0,1.0,0.0,19.0,0.0,1.0,2.0,129.0
0.0,0.0,1.0,0.0,0.0,1.0,0.0,0.0,0.0,1.0,0.0,0.0,0.0,0.0,0.0,0.0,0.0,1.0,0.0,0.0,0.0,15.0,1.0,9.0,3.0,1.0,1.0,3.0,1.0,13.0,1.0,1.0,3.0,152.0
1.0,0.0,1.0,0.0,0.0,0.0,1.0,0.0,0.0,0.0,1.0,0.0,0.0,0.0,0.0,0.0,0.0,1.0,0.0,0.0,0.0,4.0,1.0,14.0,2.0,3.0,1.0,4.0,1.0,19.0,0.0,1.0,2.0,124.0
0.0,0.0,1.0,0.0,0.0,0.0,1.0,0.0,0.0,0.0,1.0,0.0,0.0,1.0,0.0,0.0,0.0,0.0,0.0,0.0,1.0,0.0,3.0,6.0,3.0,4.0,3.0,7.0,1.0,19.0,1.0,1.0,2.0,128.0
1.0,0.0,1.0,0.0,0.0,1.0,0.0,0.0,1.0,0.0,0.0,0.0,0.0,0.0,0.0,0.0,0.0,0.0,1.0,0.0,0.0,26.0,3.0,14.0,3.0,3.0,1.0,6.0,0.0,14.0,2.0,2.0,4.543490512868683,218.0
1.0,0.0,1.0,0.0,0.0,1.0,0.0,1.0,0.0,0.0,0.0,0.0,0.0,0.0,0.0,1.0,0.0,0.0,0.0,0.0,0.0,8.0,1.0,31.0,3.0,4.0,4.0,4.0,0.0,16.0,2.0,4.0,8.0,209.0
0.0,0.0,1.0,0.0,1.0,0.0,0.0,0.0,0.0,0.0,1.0,0.0,0.0,1.0,0.0,0.0,0.0,0.0,0.0,0.0,0.0,10.0,3.0,27.0,3.0,3.0,1.0,6.0,0.0,15.0,1.0,1.0,0.0,130.0
0.0,0.0,0.0,1.0,0.0,1.0,0.0,0.0,1.0,0.0,0.0,0.0,0.0,0.0,0.0,0.0,0.0,1.0,0.0,0.0,0.0,26.0,1.0,29.0,3.0,3.0,1.0,7.0,0.0,18.0,3.0,2.0,8.0,243.0
0.0,0.0,1.0,0.0,1.0,0.0,0.0,0.0,0.0,1.0,0.0,0.0,0.0,0.0,0.0,0.0,0.0,1.0,0.0,0.0,0.0,16.0,1.0,6.0,2.0,3.0,1.0,5.0,0.0,13.0,1.0,2.0,2.0,156.0
0.0,0.0,1.0,0.0,0.0,0.0,1.0,0.0,0.0,1.0,0.0,0.0,0.0,0.0,0.0,0.0,0.0,0.0,1.0,0.0,0.0,20.0,3.0,8.0,2.0,3.0,1.0,1.0,1.0,22.0,3.0,7.0,7.0,145.0
1.0,0.0,0.0,1.0,1.0,0.0,0.0,1.0,0.0,0.0,0.0,0.0,0.0,0.0,0.0,0.0,1.0,0.0,0.0,0.0,0.0,10.0,3.0,25.0,2.0,3.0,4.0,2.0,1.0,13.0,0.0,1.0,9.0,176.0
1.0,0.0,1.0,0.0,1.0,0.0,0.0,0.0,1.0,0.0,0.0,0.0,0.0,0.0,0.0,0.0,0.0,1.0,0.0,0.0,0.0,23.0,1.0,8.0,3.0,3.0,5.0,2.0,0.0,11.0,1.0,14.0,7.0,279.0
0.0,0.0,1.0,0.0,0.0,1.0,0.0,0.0,0.0,1.0,0.0,0.0,0.0,0.0,0.0,0.0,0.0,1.0,0.0,0.0,0.0,12.0,2.0,8.0,2.0,4.0,1.0,9.0,0.0,11.0,1.0,1.0,4.0,152.0
1.0,0.0,1.0,0.0,0.0,0.0,1.0,0.0,0.0,0.0,1.0,0.0,0.0,0.0,0.0,0.0,0.0,0.0,0.0,1.0,0.0,9.0,2.0,9.0,2.0,3.0,4.0,4.0,1.0,11.0,0.0,1.0,3.0,123.0
1.0,0.0,0.0,1.0,0.0,0.0,1.0,0.0,0.0,0.0,1.0,0.0,0.0,0.0,0.0,0.0,0.0,1.0,0.0,0.0,1.0,0.0,1.0,31.0,3.0,3.0,1.0,2.0,1.0,24.0,0.0,1.0,1.0,128.0
0.0,0.0,1.0,0.0,0.0,0.0,1.0,0.0,0.0,0.0,1.0,0.0,0.0,1.0,0.0,0.0,0.0,0.0,0.0,0.0,0.0,2.0,1.0,14.0,3.0,4.0,1.0,7.0,0.0,14.0,1.0,1.0,3.0,125.0
1.0,0.0,1.0,0.0,0.0,0.0,1.0,0.0,0.0,0.0,1.0,0.0,0.0,0.0,0.0,0.0,0.0,1.0,0.0,0.0,0.0,17.0,1.0,14.0,3.0,3.0,5.0,2.0,1.0,13.0,5.0,7.0,1.0,126.0
1.0,0.0,0.0,1.0,0.0,0.0,1.0,0.0,0.0,1.0,0.0,0.0,0.0,0.0,0.0,0.0,1.0,0.0,0.0,0.0,0.0,1.0,3.0,11.0,3.0,3.0,1.0,2.0,0.0,14.0,0.0,1.0,2.0,149.0
1.0,0.0,1.0,0.0,1.0,0.0,0.0,0.0,0.0,0.0,1.0,0.0,0.0,0.0,0.0,0.0,0.0,1.0,0.0,0.0,1.0,20.0,1.0,14.0,2.0,4.0,1.0,10.0,1.0,14.0,1.0,1.0,0.0,124.0
0.0,0.0,1.0,0.0,0.0,0.0,1.0,0.0,0.0,1.0,0.0,0.0,0.0,0.0,0.0,0.0,0.0,1.0,0.0,0.0,0.0,16.0,1.0,14.0,2.0,3.0,4.0,5.0,0.0,21.0,1.0,1.0,0.0,148.0
0.0,0.0,0.0,1.0,0.0,0.0,1.0,0.0,0.0,0.0,1.0,0.0,0.0,1.0,0.0,0.0,0.0,0.0,0.0,0.0,1.0,9.0,3.0,8.0,2.0,4.0,3.0,2.0,0.0,13.0,1.0,1.0,2.0,120.0
0.0,0.0,0.0,1.0,0.0,0.0,1.0,0.0,0.0,0.0,1.0,0.0,0.0,0.0,0.0,0.0,0.0,0.0,0.0,1.0,1.0,0.0,1.0,24.0,3.0,3.0,1.0,2.0,0.0,19.0,1.0,1.0,0.0,127.0
1.0,0.0,1.0,0.0,0.0,1.0,0.0,0.0,0.0,1.0,0.0,0.0,0.0,0.0,0.0,0.0,0.0,1.0,0.0,0.0,0.0,9.0,1.0,20.0,3.0,3.0,1.0,1.0,1.0,17.0,2.0,4.0,11.0,166.0
0.0,0.0,0.0,1.0,0.0,0.0,1.0,0.0,0.0,0.0,1.0,0.0,0.0,0.0,0.0,0.0,0.0,1.0,0.0,0.0,0.0,20.0,3.0,8.0,3.0,4.0,1.0,2.0,1.0,18.0,0.0,1.0,2.0,133.0
0.0,0.0,1.0,0.0,0.0,0.0,1.0,0.0,0.0,1.0,0.0,0.0,0.0,0.0,0.0,0.0,0.0,1.0,0.0,0.0,1.0,0.0,1.0,9.0,2.0,3.0,3.0,1.0,1.0,19.0,1.0,1.0,2.0,142.0
0.0,0.0,1.0,0.0,0.0,0.0,1.0,0.0,0.0,0.0,1.0,0.0,0.0,0.0,0.0,0.0,0.0,1.0,0.0,0.0,1.0,4.0,1.0,8.0,3.0,5.0,1.0,5.0,1.0,13.0,0.0,1.0,0.0,128.0
0.0,0.0,1.0,0.0,0.0,0.0,1.0,0.0,0.0,0.0,1.0,0.0,0.0,1.0,0.0,0.0,0.0,0.0,0.0,0.0,0.0,1.0,1.0,14.0,3.0,3.0,3.0,6.0,0.0,18.0,0.0,2.0,2.0,124.0
1.0,0.0,1.0,0.0,0.0,0.0,1.0,0.0,0.0,0.0,1.0,0.0,0.0,1.0,0.0,0.0,0.0,0.0,0.0,0.0,1.0,2.0,1.0,14.0,3.0,3.0,5.0,8.0,1.0,21.0,1.0,2.0,2.0,124.0
0.0,0.0,0.0,1.0,0.0,0.0,1.0,0.0,0.0,0.0,1.0,0.0,0.0,0.0,0.0,0.0,0.0,1.0,0.0,0.0,0.0,0.0,1.0,14.0,3.0,3.0,3.0,2.0,0.0,19.0,0.0,1.0,0.0,123.0
1.0,0.0,1.0,0.0,0.0,1.0,0.0,0.0,0.0,0.0,1.0,0.0,0.0,0.0,0.0,0.0,0.0,1.0,0.0,0.0,0.0,9.0,1.0,16.0,2.0,3.0,4.0,2.0,0.0,14.0,1.0,1.0,0.0,120.0
0.0,0.0,0.0,1.0,0.0,1.0,0.0,0.0,0.0,1.0,0.0,0.0,0.0,0.0,0.0,0.0,1.0,0.0,0.0,0.0,0.0,15.0,3.0,20.0,3.0,4.0,3.0,8.0,0.0,17.0,1.0,1.0,3.0,162.0
1.0,0.0,0.0,1.0,0.0,0.0,1.0,0.0,0.0,0.0,1.0,0.0,0.0,0.0,0.0,0.0,0.0,0.0,0.0,1.0,0.0,6.0,1.0,6.0,3.0,4.0,5.0,4.0,1.0,11.0,1.0,1.0,2.0,128.0
0.0,0.0,1.0,0.0,0.0,1.0,0.0,1.0,0.0,0.0,0.0,0.0,0.0,0.0,0.0,1.0,0.0,0.0,0.0,0.0,0.0,30.0,1.0,11.0,2.0,4.0,4.0,3.0,1.0,13.0,1.0,1.0,4.0,206.0
1.0,0.0,1.0,0.0,0.0,0.0,1.0,0.0,0.0,0.0,1.0,0.0,0.0,0.0,0.0,0.0,0.0,1.0,0.0,0.0,0.0,4.0,3.0,14.0,2.0,4.0,3.0,4.0,0.0,15.0,2.0,5.0,2.0,123.0
0.0,0.0,1.0,0.0,0.0,0.0,1.0,0.0,0.0,1.0,0.0,0.0,0.0,0.0,0.0,0.0,0.0,1.0,0.0,0.0,0.0,8.0,1.0,27.0,2.0,3.0,1.0,2.0,1.0,25.0,0.0,1.0,7.0,140.0
0.0,0.0,1.0,0.0,0.0,1.0,0.0,1.0,0.0,0.0,0.0,0.0,0.0,0.0,0.0,0.0,0.0,0.0,0.0,1.0,0.0,22.0,1.0,14.0,2.0,3.0,4.0,5.0,0.0,11.0,0.0,1.0,7.0,174.0
1.0,0.0,1.0,0.0,0.0,0.0,1.0,0.0,0.0,0.0,1.0,0.0,0.0,1.0,0.0,0.0,0.0,0.0,0.0,0.0,0.0,9.0,1.0,26.0,2.0,3.0,3.0,5.0,0.0,17.0,1.0,1.0,0.0,123.0
0.0,0.0,1.0,0.0,1.0,0.0,0.0,0.0,0.0,1.0,0.0,0.0,0.0,0.0,0.0,0.0,0.0,0.0,1.0,0.0,0.0,4.0,3.0,26.0,2.0,3.0,3.0,2.0,0.0,13.0,1.0,1.0,0.0,169.0
1.0,0.0,0.0,1.0,0.0,0.0,1.0,0.0,0.0,0.0,0.0,1.0,0.0,0.0,0.0,0.0,0.0,0.0,0.0,1.0,0.0,9.0,1.0,13.0,3.0,3.0,1.0,3.0,0.0,18.0,1.0,1.0,1.0,147.0
0.0,0.0,1.0,0.0,0.0,1.0,0.0,1.0,0.0,0.0,0.0,0.0,0.0,0.0,0.0,1.0,0.0,0.0,0.0,0.0,0.0,11.0,1.0,6.0,3.0,3.0,5.0,2.0,0.0,13.0,4.0,2.0,11.0,236.0
0.0,0.0,1.0,0.0,1.0,0.0,0.0,0.0,0.0,0.0,1.0,0.0,0.0,0.0,0.0,0.0,0.0,1.0,0.0,0.0,0.0,5.0,1.0,14.0,3.0,4.0,4.0,7.0,0.0,20.0,0.0,1.0,2.0,123.0
1.0,0.0,1.0,0.0,0.0,0.0,1.0,0.0,0.0,0.0,1.0,0.0,0.0,0.0,0.0,0.0,0.0,0.0,1.0,0.0,1.0,0.0,3.0,14.0,2.0,4.0,4.0,2.0,1.0,18.0,0.0,1.0,0.0,124.0
1.0,0.0,1.0,0.0,0.0,1.0,0.0,1.0,0.0,0.0,0.0,0.0,0.0,0.0,0.0,0.0,0.0,0.0,1.0,0.0,0.0,13.0,3.0,16.0,3.0,4.0,4.0,3.0,0.0,12.0,0.0,1.0,0.0,197.0
1.0,0.0,0.0,1.0,1.0,0.0,0.0,0.0,0.0,1.0,0.0,0.0,0.0,0.0,0.0,0.0,1.0,0.0,0.0,0.0,0.0,0.0,3.0,6.0,2.0,4.0,5.0,2.0,0.0,12.0,0.0,1.0,7.0,143.0
1.0,0.0,0.0,1.0,0.0,0.0,1.0,0.0,0.0,0.0,0.0,1.0,0.0,0.0,0.0,0.0,1.0,0.0,0.0,0.0,0.0,14.0,1.0,12.0,2.0,3.0,5.0,3.0,1.0,13.0,1.0,2.0,17.0,147.0
1.0,0.0,0.0,1.0,0.0,0.0,1.0,0.0,0.0,0.0,1.0,0.0,0.0,1.0,0.0,0.0,0.0,0.0,0.0,0.0,0.0,9.0,1.0,14.0,3.0,3.0,3.0,5.0,0.0,21.0,1.0,3.0,9.0,125.0
1.0,0.0,0.0,1.0,0.0,0.0,1.0,0.0,0.0,0.0,1.0,0.0,0.0,0.0,0.0,0.0,0.0,0.0,0.0,1.0,1.0,9.0,3.0,27.0,2.0,4.0,4.0,2.0,1.0,13.0,1.0,1.0,0.0,121.0
1.0,0.0,0.0,1.0,0.0,0.0,1.0,0.0,0.0,0.0,1.0,0.0,0.0,0.0,1.0,0.0,0.0,0.0,0.0,0.0,1.0,0.0,1.0,10.0,3.0,3.0,5.0,2.0,0.0,19.0,1.0,1.0,0.0,130.0
0.0,0.0,1.0,0.0,0.0,1.0,0.0,0.0,0.0,1.0,0.0,0.0,0.0,0.0,0.0,0.0,1.0,0.0,0.0,0.0,0.0,4.0,1.0,18.0,2.0,3.0,1.0,1.0,1.0,11.0,6.0,8.0,5.0,159.0
1.0,0.0,1.0,0.0,1.0,0.0,0.0,0.0,0.0,0.0,0.0,1.0,0.0,0.0,0.0,0.0,1.0,0.0,0.0,0.0,0.0,13.0,1.0,15.0,2.0,3.0,4.0,9.0,1.0,14.0,0.0,1.0,0.0,136.0
0.0,0.0,1.0,0.0,0.0,1.0,0.0,0.0,0.0,1.0,0.0,0.0,0.0,0.0,0.0,0.0,1.0,0.0,0.0,0.0,0.0,5.0,1.0,9.0,3.0,3.0,5.0,2.0,0.0,12.0,1.0,6.0,3.0,167.0
1.0,0.0,1.0,0.0,0.0,1.0,0.0,1.0,0.0,0.0,0.0,0.0,0.0,0.0,0.0,0.0,0.0,1.0,0.0,0.0,1.0,0.0,3.0,9.0,2.0,4.0,1.0,2.0,1.0,11.0,3.0,3.0,7.0,203.0
0.0,0.0,0.0,1.0,0.0,1.0,0.0,0.0,0.0,1.0,0.0,0.0,0.0,0.0,0.0,0.0,0.0,1.0,0.0,0.0,0.0,6.0,1.0,6.0,2.0,4.0,1.0,1.0,0.0,14.0,1.0,1.0,4.0,169.0
1.0,0.0,1.0,0.0,0.0,1.0,0.0,1.0,0.0,0.0,0.0,0.0,0.0,0.0,0.0,0.0,0.0,1.0,0.0,0.0,1.0,0.0,3.0,6.0,2.0,4.0,3.0,6.0,0.0,11.0,5.0,11.0,46.0,206.0
1.0,0.0,1.0,0.0,1.0,0.0,0.0,0.0,0.0,1.0,0.0,0.0,0.0,0.0,0.0,0.0,0.0,1.0,0.0,0.0,0.0,18.0,1.0,10.0,2.0,3.0,4.0,2.0,0.0,12.0,1.0,1.0,8.0,144.0
0.0,0.0,1.0,0.0,1.0,0.0,0.0,0.0,0.0,0.0,1.0,0.0,0.0,0.0,0.0,1.0,0.0,0.0,0.0,0.0,0.0,9.0,3.0,26.0,2.0,3.0,1.0,2.0,0.0,15.0,0.0,1.0,2.0,122.0
0.0,0.0,1.0,0.0,0.0,0.0,1.0,0.0,0.0,1.0,0.0,0.0,0.0,0.0,0.0,0.0,1.0,0.0,0.0,0.0,0.0,8.0,3.0,24.0,2.0,3.0,3.0,2.0,0.0,16.0,1.0,1.0,0.0,146.0
1.0,0.0,1.0,0.0,0.0,1.0,0.0,0.0,1.0,0.0,0.0,0.0,0.0,0.0,0.0,0.0,0.0,1.0,0.0,0.0,0.0,25.0,1.0,6.0,3.0,3.0,1.0,3.0,0.0,15.0,1.0,7.0,8.0,271.0
1.0,0.0,0.0,1.0,0.0,0.0,1.0,0.0,0.0,0.0,1.0,0.0,0.0,0.0,1.0,0.0,0.0,0.0,0.0,0.0,1.0,20.0,1.0,14.0,2.0,3.0,3.0,5.0,0.0,24.0,0.0,1.0,0.0,125.0
1.0,0.0,1.0,0.0,0.0,1.0,0.0,0.0,1.0,0.0,0.0,0.0,0.0,0.0,0.0,0.0,1.0,0.0,0.0,0.0,0.0,26.0,3.0,8.0,2.0,3.0,3.0,7.0,0.0,13.0,11.0,2.0,2.0,249.0
1.0,0.0,1.0,0.0,0.0,1.0,0.0,1.0,0.0,0.0,0.0,0.0,0.0,0.0,0.0,0.0,0.0,0.0,0.0,1.0,0.0,3.0,3.0,14.0,3.0,3.0,3.0,6.0,0.0,11.0,2.0,7.0,7.0,173.0
0.0,0.0,0.0,1.0,1.0,0.0,0.0,0.0,0.0,1.0,0.0,0.0,0.0,0.0,1.0,0.0,0.0,0.0,0.0,0.0,0.0,11.0,3.0,16.0,2.0,3.0,1.0,2.0,1.0,13.0,1.0,1.0,3.0,157.0
1.0,0.0,1.0,0.0,0.0,1.0,0.0,1.0,0.0,0.0,0.0,0.0,0.0,0.0,0.0,0.0,0.0,1.0,0.0,0.0,0.0,8.0,3.0,9.0,3.0,3.0,1.0,7.0,0.0,13.0,0.0,1.0,8.0,178.0
1.0,0.0,0.0,1.0,0.0,1.0,0.0,1.0,0.0,0.0,0.0,0.0,0.0,0.0,0.0,0.0,0.0,1.0,0.0,0.0,0.0,12.0,3.0,8.0,2.0,1.0,3.0,1.0,0.0,18.0,0.0,1.0,7.0,179.0
0.0,0.0,0.0,1.0,1.0,0.0,0.0,0.0,1.0,0.0,0.0,0.0,0.0,0.0,0.0,0.0,0.0,1.0,0.0,0.0,1.0,3.0,3.0,30.0,3.0,1.0,4.0,5.0,1.0,16.0,1.0,2.0,0.0,232.0
1.0,0.0,1.0,0.0,1.0,0.0,0.0,0.0,0.0,1.0,0.0,0.0,0.0,0.0,0.0,0.0,1.0,0.0,0.0,0.0,0.0,20.0,1.0,22.0,3.0,1.0,3.0,2.0,1.0,19.0,1.0,2.0,7.0,151.0
1.0,0.0,1.0,0.0,1.0,0.0,0.0,0.0,0.0,1.0,0.0,0.0,0.0,0.0,1.0,0.0,0.0,0.0,0.0,0.0,0.0,9.0,3.0,14.0,2.0,3.0,1.0,5.0,0.0,13.0,1.0,1.0,7.0,151.0
1.0,0.0,0.0,1.0,1.0,0.0,0.0,0.0,0.0,0.0,1.0,0.0,0.0,1.0,0.0,0.0,0.0,0.0,0.0,0.0,1.0,0.0,1.0,14.0,2.0,4.0,5.0,1.0,1.0,22.0,0.0,1.0,2.0,123.0
1.0,0.0,0.0,1.0,1.0,0.0,0.0,0.0,1.0,0.0,0.0,0.0,0.0,0.0,0.0,0.0,0.0,1.0,0.0,0.0,0.0,6.0,3.0,23.0,2.0,3.0,3.0,2.0,0.0,11.0,1.0,6.0,0.0,274.0
0.0,0.0,0.0,1.0,0.0,0.0,1.0,0.0,0.0,0.0,1.0,0.0,0.0,0.0,0.0,0.0,0.0,1.0,0.0,0.0,1.0,0.0,1.0,14.0,3.0,4.0,5.0,7.0,1.0,20.0,1.0,1.0,0.0,124.0
0.0,0.0,0.0,1.0,0.0,0.0,1.0,0.0,0.0,0.0,1.0,0.0,0.0,0.0,0.0,0.0,0.0,1.0,0.0,0.0,0.0,6.0,1.0,19.0,2.0,3.0,1.0,4.0,0.0,18.0,1.0,1.0,2.0,135.0
0.0,0.0,1.0,0.0,0.0,0.0,1.0,0.0,0.0,0.0,1.0,0.0,0.0,1.0,0.0,0.0,0.0,0.0,0.0,0.0,0.0,9.0,1.0,6.0,3.0,3.0,1.0,4.0,0.0,14.0,1.0,1.0,2.0,123.0
1.0,0.0,1.0,0.0,0.0,1.0,0.0,0.0,1.0,0.0,0.0,0.0,0.0,0.0,0.0,0.0,1.0,0.0,0.0,0.0,0.0,23.0,1.0,6.0,3.0,3.0,1.0,10.0,0.0,22.0,1.0,1.0,3.0,274.0
0.0,0.0,1.0,0.0,1.0,0.0,0.0,0.0,0.0,1.0,0.0,0.0,0.0,0.0,0.0,0.0,0.0,0.0,0.0,1.0,0.0,6.0,1.0,6.0,2.0,1.0,4.0,2.0,1.0,13.0,1.0,1.0,2.0,155.0
1.0,0.0,1.0,0.0,1.0,0.0,0.0,0.0,0.0,0.0,0.0,0.0,1.0,0.0,0.0,0.0,1.0,0.0,0.0,0.0,0.0,14.0,1.0,15.0,3.0,3.0,3.0,3.0,0.0,15.0,0.0,1.0,11.0,294.0
0.0,0.0,1.0,0.0,0.0,0.0,1.0,0.0,0.0,0.0,1.0,0.0,0.0,0.0,1.0,0.0,0.0,0.0,0.0,0.0,0.0,0.0,1.0,22.0,3.0,3.0,4.0,10.0,0.0,14.0,2.0,2.0,2.0,128.0
1.0,0.0,1.0,0.0,1.0,0.0,0.0,0.0,0.0,1.0,0.0,0.0,0.0,0.0,0.0,0.0,0.0,1.0,0.0,0.0,0.0,18.0,1.0,29.0,2.0,3.0,5.0,2.0,1.0,15.0,1.0,1.0,8.0,136.0
0.0,0.0,0.0,1.0,0.0,0.0,1.0,0.0,0.0,1.0,0.0,0.0,0.0,0.0,0.0,0.0,0.0,1.0,0.0,0.0,0.0,20.0,3.0,10.0,2.0,3.0,1.0,2.0,1.0,17.0,1.0,1.0,7.0,142.0
0.0,0.0,1.0,0.0,0.0,0.0,1.0,0.0,0.0,0.0,1.0,0.0,0.0,0.0,0.0,0.0,0.0,1.0,0.0,0.0,1.0,9.0,1.0,28.0,2.0,3.0,3.0,5.0,1.0,11.0,0.0,1.0,1.0,121.0
1.0,0.0,1.0,0.0,0.0,1.0,0.0,0.0,1.0,0.0,0.0,0.0,0.0,0.0,0.0,0.0,0.0,1.0,0.0,0.0,0.0,23.0,1.0,30.0,3.0,3.0,3.0,4.0,1.0,18.0,1.0,2.0,5.0,240.0
1.0,0.0,1.0,0.0,1.0,0.0,0.0,0.0,0.0,0.0,1.0,0.0,0.0,1.0,0.0,0.0,0.0,0.0,0.0,0.0,0.0,11.0,1.0,16.0,3.0,3.0,3.0,1.0,0.0,17.0,0.0,1.0,2.0,127.0
1.0,0.0,1.0,0.0,0.0,1.0,0.0,1.0,0.0,0.0,0.0,0.0,0.0,0.0,0.0,0.0,1.0,0.0,0.0,0.0,0.0,19.0,1.0,13.0,3.0,3.0,3.0,7.0,0.0,13.0,1.0,1.0,7.0,208.0
0.0,0.0,1.0,0.0,0.0,0.0,1.0,0.0,0.0,1.0,0.0,0.0,0.0,0.0,0.0,0.0,1.0,0.0,0.0,0.0,0.0,0.0,1.0,23.0,2.0,4.0,3.0,2.0,0.0,15.0,0.0,3.0,2.0,144.0
1.0,0.0,1.0,0.0,0.0,0.0,1.0,0.0,0.0,0.0,0.0,1.0,0.0,0.0,0.0,0.0,0.0,0.0,0.0,1.0,1.0,0.0,1.0,20.0,2.0,4.0,4.0,2.0,1.0,24.0,1.0,1.0,2.0,137.0
0.0,0.0,1.0,0.0,1.0,0.0,0.0,0.0,0.0,1.0,0.0,0.0,0.0,0.0,0.0,0.0,0.0,1.0,0.0,0.0,0.0,4.0,1.0,6.0,3.0,3.0,5.0,2.0,0.0,12.0,1.0,1.0,3.0,141.0
1.0,0.0,0.0,1.0,1.0,0.0,0.0,0.0,0.0,0.0,0.0,1.0,0.0,0.0,0.0,0.0,0.0,1.0,0.0,0.0,0.0,0.0,1.0,11.0,3.0,3.0,1.0,2.0,0.0,15.0,0.0,1.0,0.0,111.0
0.0,0.0,1.0,0.0,0.0,1.0,0.0,1.0,0.0,0.0,0.0,0.0,0.0,0.0,0.0,1.0,0.0,0.0,0.0,0.0,0.0,27.0,1.0,23.0,2.0,3.0,3.0,9.0,0.0,11.0,0.0,1.0,8.0,207.0
0.0,0.0,1.0,0.0,0.0,1.0,0.0,1.0,0.0,0.0,0.0,0.0,0.0,0.0,0.0,0.0,1.0,0.0,0.0,0.0,0.0,8.0,1.0,31.0,2.0,3.0,3.0,2.0,1.0,11.0,0.0,10.0,1.0,204.0
0.0,0.0,1.0,0.0,0.0,1.0,0.0,1.0,0.0,0.0,0.0,0.0,0.0,0.0,0.0,0.0,0.0,1.0,0.0,0.0,0.0,3.0,1.0,14.0,3.0,1.0,5.0,1.0,1.0,12.0,0.0,1.0,4.543490512868683,214.0
0.0,0.0,0.0,1.0,0.0,0.0,1.0,0.0,0.0,0.0,1.0,0.0,0.0,1.0,0.0,0.0,0.0,0.0,0.0,0.0,1.0,0.0,1.0,14.0,3.0,4.0,5.0,2.0,1.0,15.0,1.0,1.0,0.0,126.0
0.0,0.0,0.0,1.0,1.0,0.0,0.0,0.0,0.0,0.0,1.0,0.0,0.0,1.0,0.0,0.0,0.0,0.0,0.0,0.0,1.0,0.0,1.0,14.0,2.0,3.0,4.0,1.0,0.0,17.0,0.0,1.0,2.0,124.0
1.0,0.0,1.0,0.0,0.0,1.0,0.0,0.0,0.0,1.0,0.0,0.0,0.0,0.0,0.0,0.0,1.0,0.0,0.0,0.0,0.0,0.0,1.0,8.0,2.0,1.0,1.0,2.0,0.0,12.0,1.0,1.0,3.0,155.0
1.0,0.0,1.0,0.0,0.0,0.0,1.0,0.0,0.0,0.0,1.0,0.0,0.0,0.0,0.0,0.0,0.0,1.0,0.0,0.0,0.0,0.0,1.0,14.0,3.0,5.0,5.0,2.0,0.0,15.0,0.0,1.0,1.0,125.0
1.0,0.0,0.0,1.0,0.0,0.0,1.0,0.0,0.0,1.0,0.0,0.0,0.0,0.0,0.0,0.0,0.0,1.0,0.0,0.0,0.0,21.0,1.0,12.0,3.0,4.0,3.0,3.0,0.0,13.0,0.0,2.0,2.0,142.0
1.0,0.0,0.0,1.0,0.0,1.0,0.0,1.0,0.0,0.0,0.0,0.0,0.0,0.0,0.0,0.0,0.0,1.0,0.0,0.0,0.0,21.0,1.0,10.0,3.0,4.0,3.0,8.0,0.0,14.0,1.0,4.0,4.543490512868683,210.0
0.0,0.0,0.0,1.0,0.0,1.0,0.0,0.0,0.0,1.0,0.0,0.0,0.0,0.0,0.0,0.0,1.0,0.0,0.0,0.0,0.0,14.0,1.0,13.0,2.0,3.0,3.0,7.0,0.0,14.0,2.0,2.0,1.0,150.0
0.0,0.0,1.0,0.0,0.0,1.0,0.0,0.0,1.0,0.0,0.0,0.0,0.0,0.0,0.0,0.0,0.0,1.0,0.0,0.0,0.0,12.0,1.0,6.0,3.0,4.0,1.0,2.0,0.0,16.0,9.0,11.0,4.543490512868683,227.0
0.0,0.0,1.0,0.0,0.0,0.0,1.0,0.0,0.0,1.0,0.0,0.0,0.0,0.0,0.0,0.0,0.0,1.0,0.0,0.0,0.0,0.0,1.0,8.0,2.0,3.0,1.0,1.0,0.0,18.0,2.0,2.0,2.0,142.0
1.0,0.0,1.0,0.0,0.0,0.0,1.0,0.0,0.0,0.0,0.0,1.0,0.0,0.0,0.0,0.0,0.0,0.0,0.0,1.0,0.0,8.0,1.0,16.0,2.0,3.0,1.0,2.0,0.0,20.0,0.0,1.0,2.0,139.0
1.0,0.0,1.0,0.0,0.0,1.0,0.0,0.0,0.0,0.0,0.0,0.0,1.0,0.0,0.0,0.0,0.0,0.0,1.0,0.0,0.0,0.0,3.0,11.0,2.0,3.0,3.0,7.0,0.0,13.0,1.0,1.0,0.0,283.0
1.0,0.0,1.0,0.0,0.0,0.0,1.0,0.0,0.0,0.0,1.0,0.0,0.0,0.0,0.0,0.0,0.0,1.0,0.0,0.0,0.0,23.0,1.0,14.0,3.0,3.0,1.0,5.0,0.0,18.0,1.0,1.0,0.0,124.0
0.0,0.0,0.0,1.0,0.0,1.0,0.0,0.0,1.0,0.0,0.0,0.0,0.0,0.0,0.0,0.0,0.0,1.0,0.0,0.0,0.0,30.0,1.0,8.0,3.0,4.0,1.0,4.0,1.0,13.0,4.0,2.0,3.0,237.0
0.0,0.0,1.0,0.0,0.0,0.0,1.0,0.0,0.0,1.0,0.0,0.0,0.0,0.0,0.0,0.0,1.0,0.0,0.0,0.0,1.0,0.0,1.0,17.0,3.0,5.0,4.0,6.0,0.0,15.0,1.0,1.0,0.0,148.0
1.0,0.0,1.0,0.0,1.0,0.0,0.0,0.0,0.0,1.0,0.0,0.0,0.0,0.0,0.0,0.0,1.0,0.0,0.0,0.0,0.0,28.0,1.0,24.0,3.0,3.0,4.0,4.0,1.0,14.0,2.0,6.0,7.0,164.0
0.0,0.0,1.0,0.0,1.0,0.0,0.0,0.0,0.0,0.0,0.0,0.0,1.0,0.0,0.0,0.0,0.0,1.0,0.0,0.0,0.0,14.0,1.0,13.0,2.0,5.0,3.0,2.0,0.0,15.0,5.0,5.0,10.0,300.0
1.0,0.0,0.0,1.0,0.0,1.0,0.0,0.0,0.0,1.0,0.0,0.0,0.0,0.0,0.0,0.0,0.0,1.0,0.0,0.0,0.0,11.0,3.0,9.0,2.0,3.0,1.0,9.0,1.0,12.0,1.0,1.0,0.0,169.0
1.0,0.0,0.0,1.0,1.0,0.0,0.0,0.0,0.0,1.0,0.0,0.0,0.0,0.0,0.0,0.0,1.0,0.0,0.0,0.0,1.0,0.0,3.0,35.0,3.0,5.0,5.0,9.0,0.0,18.0,1.0,2.0,2.0,150.0
0.0,0.0,1.0,0.0,0.0,1.0,0.0,0.0,0.0,0.0,0.0,0.0,1.0,0.0,0.0,0.0,0.0,0.0,1.0,0.0,1.0,15.0,3.0,8.0,2.0,5.0,1.0,2.0,0.0,15.0,3.0,6.0,9.0,298.0
0.0,0.0,1.0,0.0,0.0,1.0,0.0,0.0,1.0,0.0,0.0,0.0,0.0,0.0,0.0,0.0,1.0,0.0,0.0,0.0,0.0,17.0,3.0,34.0,2.0,1.0,1.0,4.0,1.0,18.0,4.0,2.0,11.0,233.0
0.0,0.0,1.0,0.0,1.0,0.0,0.0,0.0,0.0,1.0,0.0,0.0,0.0,0.0,0.0,0.0,0.0,1.0,0.0,0.0,0.0,23.0,3.0,6.0,3.0,3.0,3.0,1.0,0.0,12.0,0.0,1.0,13.0,163.0
0.0,0.0,0.0,1.0,0.0,0.0,1.0,0.0,0.0,0.0,1.0,0.0,0.0,0.0,0.0,0.0,0.0,1.0,0.0,0.0,1.0,0.0,1.0,22.0,3.0,1.0,5.0,2.0,0.0,16.0,3.0,15.0,14.0,127.0
0.0,0.0,0.0,1.0,1.0,0.0,0.0,1.0,0.0,0.0,0.0,0.0,0.0,0.0,0.0,0.0,1.0,0.0,0.0,0.0,0.0,12.0,1.0,28.0,2.0,3.0,5.0,2.0,1.0,13.0,1.0,2.0,8.0,209.0
0.0,0.0,0.0,1.0,1.0,0.0,0.0,0.0,0.0,0.0,1.0,0.0,0.0,0.0,0.0,0.0,0.0,1.0,0.0,0.0,0.0,6.0,3.0,14.0,2.0,4.0,1.0,1.0,0.0,19.0,0.0,2.0,2.0,123.0
0.0,0.0,1.0,0.0,0.0,1.0,0.0,0.0,1.0,0.0,0.0,0.0,0.0,0.0,0.0,0.0,0.0,1.0,0.0,0.0,0.0,18.0,3.0,17.0,2.0,3.0,1.0,4.0,0.0,13.0,1.0,1.0,1.0,277.0
0.0,0.0,0.0,1.0,1.0,0.0,0.0,0.0,0.0,0.0,0.0,1.0,0.0,0.0,0.0,0.0,1.0,0.0,0.0,0.0,0.0,5.0,1.0,35.0,3.0,3.0,3.0,10.0,0.0,12.0,6.0,7.0,7.0,140.0
1.0,0.0,1.0,0.0,0.0,1.0,0.0,0.0,0.0,1.0,0.0,0.0,0.0,0.0,0.0,0.0,0.0,0.0,1.0,0.0,0.0,7.0,3.0,6.0,3.0,1.0,1.0,1.0,0.0,11.0,0.0,1.0,9.0,197.0
1.0,0.0,1.0,0.0,0.0,1.0,0.0,1.0,0.0,0.0,0.0,0.0,0.0,0.0,0.0,1.0,0.0,0.0,0.0,0.0,0.0,30.0,3.0,6.0,3.0,3.0,1.0,4.0,1.0,14.0,1.0,1.0,4.543490512868683,219.0
1.0,0.0,0.0,1.0,0.0,0.0,1.0,0.0,0.0,0.0,1.0,0.0,0.0,1.0,0.0,0.0,0.0,0.0,0.0,0.0,0.0,9.0,2.0,30.0,2.0,3.0,4.0,2.0,0.0,16.0,0.0,1.0,4.0,122.0
0.0,0.0,1.0,0.0,1.0,0.0,0.0,1.0,0.0,0.0,0.0,0.0,0.0,0.0,0.0,0.0,0.0,0.0,1.0,0.0,0.0,26.0,3.0,8.0,2.0,4.0,4.0,3.0,0.0,12.0,5.0,6.0,12.0,175.0
1.0,0.0,1.0,0.0,0.0,0.0,1.0,0.0,0.0,1.0,0.0,0.0,0.0,0.0,0.0,0.0,0.0,0.0,0.0,1.0,1.0,0.0,1.0,21.0,2.0,3.0,3.0,8.0,0.0,14.0,0.0,1.0,0.0,148.0
1.0,0.0,1.0,0.0,1.0,0.0,0.0,0.0,0.0,0.0,1.0,0.0,0.0,0.0,0.0,0.0,0.0,1.0,0.0,0.0,1.0,9.0,1.0,8.0,2.0,3.0,5.0,7.0,1.0,14.0,0.0,1.0,2.0,120.0
0.0,0.0,1.0,0.0,0.0,0.0,1.0,0.0,0.0,0.0,1.0,0.0,0.0,0.0,0.0,0.0,0.0,1.0,0.0,0.0,0.0,9.0,3.0,16.0,2.0,3.0,3.0,2.0,1.0,19.0,0.0,1.0,0.0,122.0
1.0,0.0,1.0,0.0,0.0,1.0,0.0,0.0,0.0,0.0,0.0,1.0,0.0,0.0,0.0,0.0,1.0,0.0,0.0,0.0,0.0,1.0,3.0,16.0,3.0,3.0,4.0,2.0,0.0,22.0,0.0,1.0,0.0,111.0
1.0,0.0,1.0,0.0,1.0,0.0,0.0,0.0,0.0,0.0,1.0,0.0,0.0,0.0,0.0,0.0,0.0,0.0,0.0,1.0,0.0,11.0,1.0,9.0,3.0,3.0,3.0,4.0,0.0,16.0,2.0,2.0,2.0,128.0
1.0,0.0,1.0,0.0,0.0,1.0,0.0,0.0,0.0,0.0,0.0,0.0,1.0,0.0,0.0,0.0,1.0,0.0,0.0,0.0,0.0,23.0,1.0,8.0,3.0,3.0,3.0,3.0,1.0,15.0,4.0,7.0,7.0,292.0
0.0,0.0,0.0,1.0,0.0,0.0,1.0,0.0,0.0,1.0,0.0,0.0,0.0,0.0,0.0,0.0,0.0,0.0,0.0,1.0,0.0,10.0,1.0,9.0,2.0,3.0,4.0,4.0,0.0,15.0,1.0,1.0,1.0,141.0
1.0,0.0,1.0,0.0,0.0,1.0,0.0,0.0,0.0,1.0,0.0,0.0,0.0,0.0,0.0,0.0,0.0,0.0,1.0,0.0,0.0,13.0,3.0,32.0,3.0,3.0,5.0,2.0,0.0,14.0,3.0,7.0,5.0,184.0
0.0,0.0,1.0,0.0,1.0,0.0,0.0,0.0,0.0,0.0,1.0,0.0,0.0,1.0,0.0,0.0,0.0,0.0,0.0,0.0,0.0,9.0,1.0,6.0,3.0,4.0,3.0,2.0,0.0,13.0,0.0,1.0,3.0,120.0
1.0,0.0,1.0,0.0,0.0,1.0,0.0,0.0,0.0,0.0,0.0,0.0,1.0,0.0,0.0,0.0,1.0,0.0,0.0,0.0,0.0,19.0,1.0,6.0,2.0,3.0,1.0,10.0,0.0,15.0,1.0,2.0,2.0,296.0
0.0,0.0,1.0,0.0,0.0,1.0,0.0,1.0,0.0,0.0,0.0,0.0,0.0,0.0,0.0,0.0,0.0,1.0,0.0,0.0,0.0,27.0,3.0,8.0,2.0,4.0,3.0,7.0,0.0,11.0,6.0,7.0,0.0,207.0
0.0,0.0,1.0,0.0,1.0,0.0,0.0,0.0,0.0,0.0,1.0,0.0,0.0,1.0,0.0,0.0,0.0,0.0,0.0,0.0,0.0,29.0,1.0,15.0,3.0,3.0,3.0,3.0,0.0,19.0,1.0,1.0,3.0,129.0
0.0,0.0,0.0,1.0,0.0,1.0,0.0,1.0,0.0,0.0,0.0,0.0,0.0,0.0,0.0,0.0,1.0,0.0,0.0,0.0,0.0,9.0,1.0,18.0,2.0,4.0,1.0,1.0,0.0,11.0,5.0,7.0,8.0,189.0
1.0,0.0,0.0,1.0,1.0,0.0,0.0,0.0,1.0,0.0,0.0,0.0,0.0,0.0,0.0,0.0,1.0,0.0,0.0,0.0,0.0,28.0,1.0,8.0,2.0,4.0,5.0,8.0,0.0,15.0,1.0,6.0,2.0,268.0
1.0,0.0,1.0,0.0,0.0,1.0,0.0,1.0,0.0,0.0,0.0,0.0,0.0,0.0,0.0,0.0,1.0,0.0,0.0,0.0,0.0,16.0,3.0,31.0,3.0,4.0,1.0,6.0,0.0,13.0,1.0,1.0,0.0,208.0
0.0,0.0,0.0,1.0,1.0,0.0,0.0,0.0,0.0,0.0,1.0,0.0,0.0,0.0,0.0,0.0,0.0,0.0,1.0,0.0,1.0,0.0,3.0,14.0,2.0,3.0,1.0,2.0,1.0,14.0,1.0,1.0,2.0,123.0
0.0,0.0,0.0,1.0,0.0,1.0,0.0,0.0,0.0,0.0,0.0,1.0,0.0,0.0,0.0,0.0,0.0,1.0,0.0,0.0,1.0,9.0,1.0,16.0,2.0,4.0,5.0,2.0,0.0,13.0,0.0,1.0,0.0,114.0
0.0,0.0,1.0,0.0,0.0,0.0,1.0,0.0,0.0,1.0,0.0,0.0,0.0,0.0,0.0,0.0,0.0,1.0,0.0,0.0,0.0,19.0,1.0,14.0,3.0,4.0,5.0,9.0,1.0,23.0,1.0,1.0,7.0,146.0
1.0,0.0,1.0,0.0,0.0,0.0,1.0,0.0,0.0,0.0,1.0,0.0,0.0,0.0,0.0,0.0,0.0,1.0,0.0,0.0,1.0,14.0,1.0,14.0,2.0,3.0,3.0,10.0,1.0,12.0,0.0,2.0,7.0,125.0
1.0,0.0,0.0,1.0,1.0,0.0,0.0,1.0,0.0,0.0,0.0,0.0,0.0,0.0,1.0,0.0,0.0,0.0,0.0,0.0,1.0,0.0,1.0,30.0,3.0,4.0,5.0,2.0,0.0,12.0,1.0,1.0,9.0,187.0
1.0,0.0,1.0,0.0,0.0,0.0,1.0,0.0,0.0,0.0,0.0,1.0,0.0,0.0,0.0,0.0,1.0,0.0,0.0,0.0,0.0,0.0,1.0,6.0,2.0,4.0,5.0,2.0,0.0,16.0,1.0,1.0,3.0,140.0
1.0,0.0,1.0,0.0,0.0,1.0,0.0,0.0,0.0,1.0,0.0,0.0,0.0,0.0,0.0,0.0,0.0,0.0,0.0,1.0,0.0,3.0,1.0,26.0,2.0,3.0,5.0,1.0,0.0,15.0,0.0,1.0,2.0,200.0
0.0,0.0,1.0,0.0,0.0,0.0,1.0,0.0,0.0,0.0,1.0,0.0,0.0,0.0,1.0,0.0,0.0,0.0,0.0,0.0,0.0,14.0,1.0,13.0,2.0,1.0,3.0,2.0,0.0,13.0,0.0,1.0,8.0,134.0
0.0,0.0,1.0,0.0,0.0,1.0,0.0,1.0,0.0,0.0,0.0,0.0,0.0,0.0,0.0,0.0,0.0,1.0,0.0,0.0,0.0,11.0,1.0,23.0,3.0,4.0,3.0,1.0,0.0,18.0,1.0,1.0,9.0,188.0
1.0,0.0,1.0,0.0,0.0,1.0,0.0,1.0,0.0,0.0,0.0,0.0,0.0,0.0,0.0,1.0,0.0,0.0,0.0,0.0,0.0,13.0,1.0,26.0,3.0,3.0,1.0,5.0,0.0,20.0,3.0,11.0,1.0,203.0
1.0,0.0,1.0,0.0,1.0,0.0,0.0,0.0,0.0,0.0,0.0,1.0,0.0,0.0,0.0,0.0,0.0,1.0,0.0,0.0,0.0,0.0,1.0,14.0,2.0,5.0,3.0,2.0,0.0,19.0,1.0,1.0,2.0,146.0
1.0,0.0,1.0,0.0,1.0,0.0,0.0,1.0,0.0,0.0,0.0,0.0,0.0,0.0,0.0,0.0,0.0,1.0,0.0,0.0,0.0,28.0,1.0,8.0,3.0,3.0,4.0,4.0,0.0,18.0,0.0,1.0,4.543490512868683,210.0
0.0,0.0,0.0,1.0,0.0,0.0,1.0,0.0,0.0,1.0,0.0,0.0,0.0,0.0,0.0,0.0,0.0,0.0,0.0,1.0,0.0,1.0,1.0,16.0,2.0,3.0,3.0,4.0,0.0,13.0,0.0,1.0,7.0,137.0
1.0,0.0,1.0,0.0,0.0,1.0,0.0,1.0,0.0,0.0,0.0,0.0,0.0,0.0,0.0,0.0,1.0,0.0,0.0,0.0,1.0,7.0,2.0,6.0,3.0,4.0,5.0,10.0,0.0,14.0,2.0,3.0,6.0,205.0
1.0,0.0,1.0,0.0,0.0,1.0,0.0,1.0,0.0,0.0,0.0,0.0,0.0,0.0,0.0,0.0,0.0,1.0,0.0,0.0,0.0,6.0,1.0,11.0,2.0,4.0,1.0,5.0,0.0,15.0,1.0,1.0,2.0,171.0
1.0,0.0,0.0,1.0,0.0,1.0,0.0,1.0,0.0,0.0,0.0,0.0,0.0,0.0,0.0,1.0,0.0,0.0,0.0,0.0,1.0,0.0,3.0,10.0,2.0,3.0,5.0,1.0,1.0,22.0,2.0,4.0,7.0,196.0
0.0,0.0,0.0,1.0,1.0,0.0,0.0,0.0,0.0,1.0,0.0,0.0,0.0,0.0,0.0,0.0,1.0,0.0,0.0,0.0,1.0,0.0,1.0,35.0,2.0,4.0,3.0,2.0,0.0,22.0,2.0,3.0,8.0,145.0
1.0,0.0,1.0,0.0,0.0,0.0,1.0,0.0,0.0,0.0,1.0,0.0,0.0,0.0,0.0,0.0,0.0,1.0,0.0,0.0,0.0,9.0,1.0,21.0,2.0,3.0,3.0,2.0,0.0,16.0,0.0,2.0,2.0,122.0
1.0,0.0,0.0,1.0,1.0,0.0,0.0,0.0,0.0,1.0,0.0,0.0,0.0,0.0,0.0,0.0,0.0,1.0,0.0,0.0,0.0,7.0,1.0,9.0,2.0,3.0,1.0,1.0,0.0,17.0,1.0,1.0,4.0,178.0
0.0,0.0,1.0,0.0,0.0,1.0,0.0,0.0,0.0,1.0,0.0,0.0,0.0,0.0,0.0,0.0,0.0,1.0,0.0,0.0,0.0,10.0,3.0,16.0,2.0,4.0,1.0,3.0,1.0,14.0,1.0,1.0,0.0,167.0
1.0,0.0,1.0,0.0,0.0,0.0,1.0,0.0,0.0,0.0,0.0,1.0,0.0,0.0,1.0,0.0,0.0,0.0,0.0,0.0,1.0,0.0,1.0,10.0,2.0,3.0,1.0,2.0,1.0,15.0,4.0,5.0,6.0,137.0
1.0,0.0,1.0,0.0,0.0,0.0,1.0,0.0,0.0,0.0,1.0,0.0,0.0,1.0,0.0,0.0,0.0,0.0,0.0,0.0,1.0,0.0,1.0,14.0,2.0,3.0,3.0,2.0,0.0,20.0,1.0,1.0,0.0,124.0
1.0,0.0,0.0,1.0,0.0,0.0,1.0,0.0,0.0,0.0,1.0,0.0,0.0,1.0,0.0,0.0,0.0,0.0,0.0,0.0,1.0,0.0,1.0,31.0,2.0,4.0,4.0,5.0,1.0,20.0,1.0,2.0,2.0,123.0
1.0,0.0,1.0,0.0,0.0,1.0,0.0,0.0,1.0,0.0,0.0,0.0,0.0,0.0,0.0,0.0,1.0,0.0,0.0,0.0,0.0,15.0,1.0,8.0,2.0,3.0,5.0,1.0,0.0,17.0,1.0,13.0,7.0,277.0
1.0,0.0,1.0,0.0,1.0,0.0,0.0,0.0,0.0,0.0,1.0,0.0,0.0,1.0,0.0,0.0,0.0,0.0,0.0,0.0,1.0,0.0,1.0,14.0,2.0,4.0,4.0,2.0,0.0,15.0,1.0,1.0,0.0,126.0
1.0,0.0,0.0,1.0,1.0,0.0,0.0,0.0,0.0,1.0,0.0,0.0,0.0,0.0,0.0,0.0,0.0,0.0,0.0,1.0,1.0,13.0,3.0,6.0,2.0,3.0,3.0,4.0,1.0,14.0,1.0,1.0,0.0,147.0
0.0,0.0,1.0,0.0,1.0,0.0,0.0,0.0,0.0,1.0,0.0,0.0,0.0,0.0,0.0,0.0,0.0,1.0,0.0,0.0,0.0,6.0,3.0,13.0,1.0,3.0,4.0,1.0,0.0,17.0,0.0,1.0,2.0,143.0
1.0,0.0,1.0,0.0,1.0,0.0,0.0,0.0,0.0,0.0,1.0,0.0,0.0,0.0,0.0,0.0,0.0,1.0,0.0,0.0,0.0,7.0,1.0,9.0,3.0,4.0,1.0,4.0,0.0,17.0,0.0,1.0,0.0,130.0
1.0,0.0,0.0,1.0,1.0,0.0,0.0,0.0,1.0,0.0,0.0,0.0,0.0,0.0,0.0,0.0,1.0,0.0,0.0,0.0,0.0,21.0,1.0,6.0,2.0,1.0,1.0,3.0,0.0,22.0,1.0,2.0,1.0,269.0
0.0,0.0,1.0,0.0,1.0,0.0,0.0,0.0,0.0,1.0,0.0,0.0,0.0,0.0,0.0,0.0,0.0,1.0,0.0,0.0,0.0,18.0,3.0,15.0,3.0,4.0,3.0,2.0,0.0,13.0,4.0,4.0,12.0,156.0
1.0,0.0,0.0,1.0,0.0,1.0,0.0,1.0,0.0,0.0,0.0,0.0,0.0,0.0,0.0,0.0,0.0,1.0,0.0,0.0,0.0,25.0,1.0,5.0,2.0,3.0,4.0,8.0,0.0,19.0,2.0,4.0,0.0,204.0
1.0,0.0,1.0,0.0,0.0,1.0,0.0,1.0,0.0,0.0,0.0,0.0,0.0,0.0,0.0,0.0,0.0,0.0,1.0,0.0,0.0,11.0,3.0,16.0,3.0,4.0,3.0,1.0,1.0,14.0,1.0,2.0,7.0,187.0
0.0,0.0,1.0,0.0,0.0,0.0,1.0,0.0,0.0,0.0,1.0,0.0,0.0,0.0,0.0,0.0,0.0,1.0,0.0,0.0,0.0,2.0,1.0,14.0,3.0,3.0,1.0,5.0,0.0,22.0,1.0,1.0,7.0,125.0
0.0,0.0,1.0,0.0,0.0,1.0,0.0,1.0,0.0,0.0,0.0,0.0,0.0,0.0,0.0,0.0,1.0,0.0,0.0,0.0,0.0,1.0,1.0,9.0,3.0,3.0,4.0,1.0,0.0,17.0,0.0,1.0,7.0,177.0
1.0,0.0,1.0,0.0,0.0,1.0,0.0,0.0,1.0,0.0,0.0,0.0,0.0,0.0,0.0,0.0,0.0,0.0,1.0,0.0,0.0,19.0,3.0,9.0,2.0,3.0,3.0,4.0,0.0,12.0,1.0,4.0,9.0,275.0
1.0,0.0,0.0,1.0,0.0,1.0,0.0,1.0,0.0,0.0,0.0,0.0,0.0,0.0,0.0,0.0,0.0,0.0,1.0,0.0,0.0,11.0,3.0,8.0,2.0,3.0,4.0,8.0,0.0,16.0,1.0,1.0,0.0,174.0
0.0,0.0,1.0,0.0,1.0,0.0,0.0,1.0,0.0,0.0,0.0,0.0,0.0,0.0,0.0,0.0,0.0,1.0,0.0,0.0,0.0,16.0,1.0,33.0,2.0,3.0,5.0,9.0,0.0,11.0,1.0,1.0,1.0,208.0
1.0,0.0,1.0,0.0,1.0,0.0,0.0,0.0,1.0,0.0,0.0,0.0,0.0,0.0,0.0,0.0,0.0,1.0,0.0,0.0,1.0,2.0,1.0,8.0,2.0,3.0,1.0,8.0,0.0,11.0,10.0,11.0,4.543490512868683,222.0
1.0,0.0,0.0,1.0,0.0,1.0,0.0,0.0,0.0,0.0,0.0,0.0,1.0,0.0,0.0,0.0,1.0,0.0,0.0,0.0,0.0,13.0,1.0,20.0,2.0,4.0,3.0,2.0,0.0,15.0,3.0,4.0,9.0,296.0
0.0,0.0,0.0,1.0,0.0,0.0,1.0,0.0,0.0,0.0,1.0,0.0,0.0,0.0,0.0,1.0,0.0,0.0,0.0,0.0,0.0,9.0,1.0,6.0,3.0,4.0,4.0,2.0,1.0,11.0,1.0,2.0,2.0,121.0
1.0,0.0,0.0,1.0,1.0,0.0,0.0,0.0,0.0,1.0,0.0,0.0,0.0,0.0,0.0,0.0,0.0,1.0,0.0,0.0,0.0,12.0,1.0,15.0,3.0,3.0,4.0,10.0,0.0,15.0,1.0,1.0,3.0,168.0
1.0,0.0,0.0,1.0,1.0,0.0,0.0,0.0,0.0,1.0,0.0,0.0,0.0,0.0,0.0,0.0,0.0,1.0,0.0,0.0,0.0,9.0,1.0,24.0,3.0,3.0,1.0,3.0,0.0,20.0,0.0,1.0,9.0,178.0
1.0,0.0,1.0,0.0,1.0,0.0,0.0,0.0,0.0,0.0,1.0,0.0,0.0,0.0,0.0,0.0,0.0,1.0,0.0,0.0,0.0,4.0,3.0,26.0,3.0,1.0,1.0,1.0,0.0,12.0,2.0,2.0,2.0,128.0
1.0,0.0,1.0,0.0,0.0,0.0,1.0,0.0,0.0,0.0,1.0,0.0,0.0,0.0,0.0,0.0,0.0,1.0,0.0,0.0,0.0,1.0,1.0,8.0,3.0,4.0,4.0,1.0,0.0,17.0,0.0,1.0,4.0,132.0
1.0,0.0,1.0,0.0,1.0,0.0,0.0,0.0,0.0,1.0,0.0,0.0,0.0,0.0,0.0,0.0,0.0,0.0,1.0,0.0,0.0,8.0,3.0,17.0,2.0,3.0,1.0,2.0,0.0,11.0,1.0,1.0,2.0,150.0
1.0,0.0,1.0,0.0,0.0,1.0,0.0,0.0,1.0,0.0,0.0,0.0,0.0,0.0,0.0,1.0,0.0,0.0,0.0,0.0,0.0,22.0,3.0,14.0,2.0,4.0,4.0,7.0,0.0,17.0,1.0,2.0,4.543490512868683,231.0
1.0,0.0,0.0,1.0,1.0,0.0,0.0,0.0,0.0,1.0,0.0,0.0,0.0,0.0,0.0,0.0,0.0,1.0,0.0,0.0,0.0,7.0,1.0,8.0,3.0,3.0,3.0,3.0,0.0,11.0,1.0,1.0,2.0,140.0
0.0,0.0,1.0,0.0,1.0,0.0,0.0,0.0,0.0,0.0,1.0,0.0,0.0,0.0,0.0,0.0,0.0,1.0,0.0,0.0,0.0,2.0,1.0,16.0,3.0,3.0,4.0,1.0,0.0,14.0,0.0,1.0,1.0,133.0
1.0,0.0,0.0,1.0,0.0,0.0,1.0,0.0,0.0,1.0,0.0,0.0,0.0,0.0,0.0,0.0,1.0,0.0,0.0,0.0,0.0,15.0,1.0,35.0,2.0,5.0,1.0,5.0,0.0,19.0,1.0,1.0,0.0,143.0
1.0,0.0,1.0,0.0,0.0,1.0,0.0,0.0,0.0,1.0,0.0,0.0,0.0,0.0,0.0,0.0,1.0,0.0,0.0,0.0,0.0,2.0,1.0,14.0,3.0,4.0,1.0,2.0,1.0,15.0,1.0,1.0,2.0,151.0
1.0,0.0,1.0,0.0,0.0,0.0,1.0,0.0,0.0,0.0,1.0,0.0,0.0,0.0,0.0,0.0,0.0,0.0,0.0,1.0,0.0,11.0,2.0,6.0,3.0,1.0,3.0,2.0,0.0,13.0,3.0,5.0,0.0,128.0
1.0,0.0,1.0,0.0,1.0,0.0,0.0,0.0,0.0,0.0,1.0,0.0,0.0,0.0,0.0,0.0,0.0,1.0,0.0,0.0,0.0,1.0,1.0,12.0,3.0,4.0,3.0,2.0,1.0,14.0,1.0,1.0,2.0,127.0
1.0,0.0,0.0,1.0,1.0,0.0,0.0,0.0,0.0,0.0,1.0,0.0,0.0,1.0,0.0,0.0,0.0,0.0,0.0,0.0,1.0,9.0,1.0,14.0,3.0,3.0,3.0,2.0,0.0,12.0,1.0,1.0,0.0,119.0
0.0,0.0,0.0,1.0,0.0,1.0,0.0,0.0,0.0,1.0,0.0,0.0,0.0,0.0,0.0,0.0,0.0,0.0,1.0,0.0,1.0,0.0,3.0,15.0,3.0,3.0,5.0,4.0,1.0,17.0,0.0,1.0,3.0,182.0
1.0,0.0,1.0,0.0,0.0,0.0,1.0,0.0,0.0,0.0,0.0,1.0,0.0,0.0,0.0,0.0,0.0,1.0,0.0,0.0,0.0,14.0,1.0,18.0,2.0,3.0,1.0,4.0,1.0,11.0,1.0,1.0,0.0,148.0
1.0,0.0,1.0,0.0,1.0,0.0,0.0,0.0,0.0,0.0,1.0,0.0,0.0,1.0,0.0,0.0,0.0,0.0,0.0,0.0,1.0,0.0,1.0,14.0,3.0,3.0,3.0,2.0,0.0,12.0,1.0,2.0,2.0,126.0
0.0,0.0,1.0,0.0,0.0,1.0,0.0,0.0,0.0,1.0,0.0,0.0,0.0,0.0,0.0,0.0,1.0,0.0,0.0,0.0,0.0,10.0,1.0,31.0,2.0,4.0,1.0,8.0,0.0,13.0,1.0,1.0,3.0,157.0
1.0,0.0,1.0,0.0,0.0,0.0,1.0,0.0,0.0,0.0,1.0,0.0,0.0,0.0,0.0,0.0,0.0,1.0,0.0,0.0,0.0,0.0,1.0,14.0,2.0,4.0,3.0,2.0,0.0,13.0,1.0,2.0,2.0,125.0
0.0,0.0,1.0,0.0,0.0,1.0,0.0,0.0,0.0,1.0,0.0,0.0,0.0,0.0,0.0,0.0,0.0,1.0,0.0,0.0,0.0,7.0,3.0,15.0,3.0,3.0,3.0,2.0,0.0,20.0,0.0,1.0,3.0,157.0
1.0,0.0,0.0,1.0,0.0,0.0,1.0,0.0,0.0,0.0,0.0,1.0,0.0,0.0,1.0,0.0,0.0,0.0,0.0,0.0,0.0,8.0,2.0,14.0,3.0,3.0,3.0,2.0,0.0,17.0,0.0,1.0,4.0,143.0
0.0,0.0,1.0,0.0,0.0,1.0,0.0,1.0,0.0,0.0,0.0,0.0,0.0,0.0,0.0,0.0,0.0,1.0,0.0,0.0,1.0,0.0,3.0,29.0,2.0,4.0,5.0,2.0,0.0,13.0,1.0,3.0,10.0,173.0
0.0,0.0,0.0,1.0,1.0,0.0,0.0,1.0,0.0,0.0,0.0,0.0,0.0,0.0,0.0,0.0,1.0,0.0,0.0,0.0,0.0,13.0,1.0,15.0,2.0,3.0,3.0,10.0,0.0,17.0,1.0,2.0,13.0,235.0
1.0,0.0,0.0,1.0,1.0,0.0,0.0,0.0,1.0,0.0,0.0,0.0,0.0,0.0,0.0,0.0,0.0,1.0,0.0,0.0,1.0,5.0,3.0,18.0,2.0,3.0,5.0,1.0,1.0,12.0,2.0,2.0,14.0,238.0
1.0,0.0,0.0,1.0,0.0,1.0,0.0,0.0,0.0,1.0,0.0,0.0,0.0,0.0,0.0,0.0,0.0,0.0,1.0,0.0,0.0,15.0,3.0,10.0,2.0,3.0,5.0,8.0,0.0,13.0,1.0,1.0,5.0,152.0
1.0,0.0,1.0,0.0,0.0,0.0,1.0,0.0,0.0,0.0,1.0,0.0,0.0,1.0,0.0,0.0,0.0,0.0,0.0,0.0,0.0,9.0,1.0,6.0,2.0,4.0,3.0,7.0,0.0,12.0,1.0,1.0,7.0,123.0
1.0,0.0,0.0,1.0,0.0,0.0,1.0,0.0,0.0,0.0,0.0,1.0,0.0,0.0,0.0,0.0,1.0,0.0,0.0,0.0,0.0,0.0,1.0,30.0,2.0,3.0,4.0,9.0,0.0,22.0,0.0,1.0,2.0,136.0
0.0,0.0,1.0,0.0,0.0,0.0,1.0,0.0,0.0,0.0,1.0,0.0,0.0,0.0,0.0,0.0,0.0,1.0,0.0,0.0,1.0,0.0,1.0,14.0,3.0,3.0,1.0,2.0,1.0,11.0,1.0,1.0,0.0,125.0
1.0,0.0,1.0,0.0,0.0,0.0,1.0,0.0,0.0,0.0,0.0,1.0,0.0,0.0,0.0,0.0,1.0,0.0,0.0,0.0,0.0,0.0,1.0,9.0,2.0,1.0,1.0,2.0,0.0,22.0,1.0,1.0,7.0,144.0
1.0,0.0,1.0,0.0,0.0,1.0,0.0,0.0,0.0,1.0,0.0,0.0,0.0,0.0,0.0,0.0,0.0,0.0,1.0,0.0,0.0,3.0,3.0,16.0,3.0,4.0,3.0,2.0,0.0,18.0,0.0,1.0,4.0,166.0
0.0,0.0,1.0,0.0,1.0,0.0,0.0,0.0,0.0,1.0,0.0,0.0,0.0,0.0,0.0,0.0,1.0,0.0,0.0,0.0,0.0,13.0,1.0,32.0,3.0,4.0,1.0,4.0,1.0,13.0,0.0,1.0,0.0,144.0
1.0,0.0,1.0,0.0,0.0,1.0,0.0,1.0,0.0,0.0,0.0,0.0,0.0,0.0,0.0,0.0,0.0,1.0,0.0,0.0,0.0,8.0,1.0,8.0,2.0,4.0,4.0,3.0,0.0,18.0,2.0,6.0,4.0,203.0
1.0,0.0,0.0,1.0,1.0,0.0,0.0,0.0,0.0,1.0,0.0,0.0,0.0,0.0,0.0,0.0,1.0,0.0,0.0,0.0,0.0,7.0,1.0,7.0,3.0,4.0,5.0,1.0,0.0,20.0,0.0,4.0,9.0,153.0
1.0,0.0,1.0,0.0,1.0,0.0,0.0,0.0,0.0,0.0,1.0,0.0,0.0,0.0,0.0,0.0,0.0,0.0,0.0,1.0,0.0,8.0,1.0,14.0,2.0,4.0,1.0,2.0,0.0,13.0,1.0,2.0,2.0,124.0
0.0,0.0,0.0,1.0,0.0,1.0,0.0,0.0,0.0,1.0,0.0,0.0,0.0,0.0,0.0,0.0,0.0,0.0,1.0,0.0,1.0,6.0,3.0,15.0,2.0,5.0,3.0,9.0,0.0,13.0,0.0,1.0,3.0,153.0
0.0,0.0,1.0,0.0,1.0,0.0,0.0,0.0,0.0,0.0,1.0,0.0,0.0,0.0,0.0,0.0,0.0,1.0,0.0,0.0,0.0,5.0,3.0,8.0,3.0,3.0,5.0,2.0,0.0,12.0,1.0,1.0,0.0,128.0
0.0,0.0,1.0,0.0,0.0,1.0,0.0,0.0,0.0,0.0,0.0,0.0,1.0,0.0,0.0,1.0,0.0,0.0,0.0,0.0,0.0,29.0,1.0,10.0,3.0,3.0,5.0,5.0,0.0,15.0,4.0,4.0,2.0,299.0
0.0,0.0,1.0,0.0,0.0,0.0,1.0,0.0,0.0,0.0,1.0,0.0,0.0,1.0,0.0,0.0,0.0,0.0,0.0,0.0,0.0,2.0,1.0,12.0,3.0,3.0,1.0,2.0,0.0,13.0,0.0,1.0,8.0,131.0
1.0,0.0,0.0,1.0,0.0,0.0,1.0,0.0,0.0,0.0,1.0,0.0,0.0,0.0,0.0,0.0,0.0,1.0,0.0,0.0,0.0,0.0,1.0,14.0,2.0,3.0,5.0,2.0,0.0,25.0,0.0,1.0,0.0,126.0
0.0,0.0,1.0,0.0,0.0,0.0,1.0,0.0,0.0,0.0,0.0,1.0,0.0,0.0,0.0,0.0,1.0,0.0,0.0,0.0,0.0,18.0,1.0,13.0,2.0,3.0,3.0,5.0,1.0,19.0,0.0,1.0,2.0,145.0
0.0,0.0,1.0,0.0,0.0,1.0,0.0,0.0,0.0,1.0,0.0,0.0,0.0,0.0,0.0,0.0,0.0,1.0,0.0,0.0,0.0,10.0,1.0,7.0,2.0,4.0,1.0,2.0,0.0,13.0,0.0,3.0,11.0,165.0
1.0,0.0,0.0,1.0,0.0,0.0,1.0,0.0,0.0,0.0,1.0,0.0,0.0,0.0,0.0,0.0,0.0,1.0,0.0,0.0,0.0,0.0,1.0,5.0,3.0,4.0,3.0,2.0,0.0,12.0,0.0,1.0,2.0,130.0
1.0,0.0,0.0,1.0,0.0,0.0,1.0,0.0,0.0,0.0,1.0,0.0,0.0,0.0,0.0,0.0,0.0,1.0,0.0,0.0,1.0,7.0,1.0,16.0,3.0,3.0,3.0,2.0,1.0,11.0,1.0,1.0,2.0,129.0
0.0,0.0,1.0,0.0,0.0,1.0,0.0,0.0,0.0,0.0,0.0,0.0,1.0,0.0,0.0,0.0,1.0,0.0,0.0,0.0,0.0,26.0,1.0,13.0,2.0,3.0,3.0,4.0,0.0,18.0,1.0,4.0,7.0,286.0
0.0,0.0,1.0,0.0,0.0,0.0,1.0,0.0,0.0,0.0,1.0,0.0,0.0,0.0,0.0,0.0,0.0,1.0,0.0,0.0,0.0,9.0,1.0,21.0,3.0,5.0,1.0,1.0,1.0,18.0,1.0,1.0,3.0,122.0
1.0,0.0,1.0,0.0,1.0,0.0,0.0,0.0,0.0,0.0,1.0,0.0,0.0,0.0,0.0,0.0,0.0,1.0,0.0,0.0,1.0,0.0,1.0,9.0,3.0,4.0,1.0,1.0,1.0,11.0,0.0,1.0,0.0,129.0
0.0,0.0,1.0,0.0,0.0,1.0,0.0,0.0,1.0,0.0,0.0,0.0,0.0,0.0,0.0,0.0,0.0,0.0,1.0,0.0,0.0,19.0,3.0,8.0,3.0,3.0,5.0,9.0,0.0,23.0,1.0,15.0,9.0,270.0
1.0,0.0,0.0,1.0,1.0,0.0,0.0,0.0,0.0,0.0,1.0,0.0,0.0,0.0,0.0,0.0,0.0,1.0,0.0,0.0,0.0,9.0,1.0,23.0,3.0,5.0,3.0,3.0,0.0,13.0,1.0,1.0,0.0,123.0
1.0,0.0,1.0,0.0,0.0,0.0,1.0,0.0,0.0,0.0,0.0,1.0,0.0,0.0,0.0,0.0,0.0,0.0,0.0,1.0,0.0,6.0,2.0,8.0,3.0,3.0,3.0,2.0,0.0,13.0,1.0,1.0,4.0,136.0
1.0,0.0,1.0,0.0,1.0,0.0,0.0,0.0,0.0,0.0,1.0,0.0,0.0,0.0,0.0,0.0,0.0,1.0,0.0,0.0,1.0,9.0,1.0,11.0,3.0,4.0,5.0,7.0,0.0,17.0,0.0,1.0,0.0,121.0
1.0,0.0,1.0,0.0,0.0,0.0,1.0,0.0,0.0,1.0,0.0,0.0,0.0,0.0,0.0,0.0,0.0,1.0,0.0,0.0,0.0,3.0,3.0,35.0,3.0,3.0,5.0,9.0,0.0,19.0,1.0,1.0,3.0,141.0
1.0,0.0,1.0,0.0,1.0,0.0,0.0,0.0,0.0,1.0,0.0,0.0,0.0,0.0,0.0,0.0,1.0,0.0,0.0,0.0,0.0,13.0,3.0,8.0,3.0,3.0,4.0,6.0,0.0,12.0,1.0,1.0,0.0,143.0
0.0,0.0,1.0,0.0,1.0,0.0,0.0,0.0,1.0,0.0,0.0,0.0,0.0,0.0,0.0,0.0,1.0,0.0,0.0,0.0,0.0,23.0,1.0,8.0,1.0,3.0,5.0,3.0,0.0,22.0,1.0,2.0,2.0,279.0
1.0,0.0,1.0,0.0,0.0,0.0,1.0,0.0,0.0,0.0,1.0,0.0,0.0,1.0,0.0,0.0,0.0,0.0,0.0,0.0,0.0,1.0,1.0,25.0,3.0,4.0,5.0,2.0,0.0,12.0,1.0,3.0,3.0,132.0
1.0,0.0,1.0,0.0,0.0,1.0,0.0,0.0,0.0,0.0,0.0,0.0,1.0,0.0,0.0,0.0,0.0,1.0,0.0,0.0,0.0,19.0,1.0,21.0,2.0,3.0,4.0,6.0,0.0,11.0,1.0,1.0,3.0,291.0
1.0,0.0,1.0,0.0,0.0,1.0,0.0,0.0,0.0,1.0,0.0,0.0,0.0,0.0,0.0,0.0,0.0,1.0,0.0,0.0,0.0,8.0,3.0,23.0,3.0,3.0,5.0,4.0,1.0,15.0,0.0,1.0,7.0,190.0
0.0,0.0,1.0,0.0,0.0,0.0,1.0,0.0,0.0,0.0,1.0,0.0,0.0,0.0,0.0,0.0,0.0,1.0,0.0,0.0,1.0,9.0,1.0,23.0,3.0,3.0,4.0,2.0,0.0,13.0,1.0,1.0,0.0,122.0
0.0,0.0,1.0,0.0,1.0,0.0,0.0,0.0,0.0,1.0,0.0,0.0,0.0,0.0,0.0,0.0,1.0,0.0,0.0,0.0,0.0,6.0,3.0,31.0,2.0,3.0,3.0,2.0,0.0,12.0,0.0,1.0,1.0,145.0
1.0,0.0,1.0,0.0,0.0,0.0,1.0,0.0,0.0,0.0,1.0,0.0,0.0,0.0,0.0,0.0,0.0,1.0,0.0,0.0,0.0,9.0,1.0,12.0,3.0,5.0,3.0,2.0,0.0,14.0,1.0,1.0,7.0,127.0
1.0,0.0,1.0,0.0,0.0,0.0,1.0,0.0,0.0,1.0,0.0,0.0,0.0,0.0,0.0,0.0,0.0,1.0,0.0,0.0,0.0,3.0,1.0,13.0,2.0,3.0,3.0,2.0,0.0,13.0,4.0,8.0,9.0,135.0
1.0,0.0,0.0,1.0,0.0,0.0,1.0,0.0,0.0,1.0,0.0,0.0,0.0,0.0,0.0,0.0,0.0,0.0,0.0,1.0,0.0,17.0,1.0,35.0,2.0,3.0,1.0,2.0,0.0,25.0,6.0,13.0,17.0,145.0
1.0,0.0,0.0,1.0,0.0,0.0,1.0,0.0,0.0,0.0,1.0,0.0,0.0,0.0,0.0,0.0,0.0,0.0,1.0,0.0,0.0,0.0,3.0,27.0,3.0,1.0,1.0,2.0,0.0,17.0,2.0,2.0,2.0,127.0
1.0,0.0,1.0,0.0,0.0,1.0,0.0,0.0,0.0,1.0,0.0,0.0,0.0,0.0,1.0,0.0,0.0,0.0,0.0,0.0,0.0,19.0,1.0,8.0,2.0,3.0,1.0,3.0,0.0,11.0,0.0,1.0,4.0,174.0
1.0,0.0,1.0,0.0,1.0,0.0,0.0,0.0,0.0,1.0,0.0,0.0,0.0,0.0,0.0,0.0,1.0,0.0,0.0,0.0,0.0,15.0,2.0,8.0,3.0,1.0,5.0,8.0,0.0,16.0,1.0,1.0,3.0,163.0
1.0,0.0,1.0,0.0,0.0,1.0,0.0,0.0,0.0,1.0,0.0,0.0,0.0,0.0,0.0,0.0,0.0,0.0,1.0,0.0,0.0,30.0,3.0,13.0,2.0,1.0,1.0,1.0,1.0,18.0,0.0,1.0,9.0,152.0
0.0,0.0,1.0,0.0,1.0,0.0,0.0,0.0,0.0,0.0,1.0,0.0,0.0,0.0,0.0,0.0,0.0,0.0,0.0,1.0,0.0,5.0,1.0,19.0,3.0,4.0,4.0,2.0,0.0,20.0,2.0,2.0,2.0,134.0
0.0,0.0,0.0,1.0,1.0,0.0,0.0,0.0,0.0,1.0,0.0,0.0,0.0,0.0,0.0,0.0,0.0,1.0,0.0,0.0,0.0,5.0,1.0,8.0,2.0,3.0,3.0,5.0,1.0,14.0,1.0,1.0,7.0,150.0
0.0,0.0,1.0,0.0,0.0,1.0,0.0,1.0,0.0,0.0,0.0,0.0,0.0,0.0,0.0,1.0,0.0,0.0,0.0,0.0,0.0,9.0,1.0,7.0,3.0,5.0,5.0,3.0,1.0,21.0,7.0,7.0,7.0,203.0
1.0,0.0,1.0,0.0,0.0,0.0,1.0,0.0,0.0,0.0,1.0,0.0,0.0,1.0,0.0,0.0,0.0,0.0,0.0,0.0,0.0,6.0,1.0,15.0,3.0,3.0,1.0,1.0,0.0,13.0,0.0,4.0,10.0,128.0
0.0,0.0,1.0,0.0,0.0,1.0,0.0,0.0,0.0,1.0,0.0,0.0,0.0,0.0,1.0,0.0,0.0,0.0,0.0,0.0,0.0,13.0,3.0,16.0,2.0,4.0,4.0,8.0,0.0,12.0,1.0,1.0,3.0,169.0
1.0,0.0,0.0,1.0,0.0,0.0,1.0,0.0,0.0,1.0,0.0,0.0,0.0,0.0,0.0,0.0,0.0,1.0,0.0,0.0,0.0,0.0,3.0,16.0,2.0,3.0,1.0,1.0,0.0,14.0,1.0,1.0,1.0,150.0
1.0,0.0,1.0,0.0,0.0,0.0,1.0,0.0,0.0,0.0,0.0,1.0,0.0,0.0,0.0,0.0,1.0,0.0,0.0,0.0,0.0,3.0,1.0,7.0,3.0,3.0,4.0,1.0,1.0,21.0,3.0,5.0,7.0,136.0
0.0,0.0,1.0,0.0,1.0,0.0,0.0,1.0,0.0,0.0,0.0,0.0,0.0,0.0,0.0,0.0,1.0,0.0,0.0,0.0,0.0,15.0,1.0,32.0,2.0,3.0,5.0,4.0,1.0,17.0,0.0,2.0,0.0,232.0
0.0,0.0,1.0,0.0,1.0,0.0,0.0,1.0,0.0,0.0,0.0,0.0,0.0,0.0,0.0,0.0,0.0,0.0,1.0,0.0,0.0,8.0,3.0,14.0,3.0,4.0,1.0,5.0,1.0,11.0,3.0,4.0,12.0,204.0
1.0,0.0,1.0,0.0,0.0,0.0,1.0,0.0,0.0,0.0,1.0,0.0,0.0,0.0,0.0,0.0,0.0,1.0,0.0,0.0,0.0,9.0,1.0,20.0,2.0,3.0,5.0,2.0,1.0,14.0,5.0,6.0,8.0,122.0
0.0,0.0,1.0,0.0,1.0,0.0,0.0,1.0,0.0,0.0,0.0,0.0,0.0,0.0,0.0,0.0,0.0,1.0,0.0,0.0,0.0,27.0,1.0,7.0,2.0,3.0,3.0,8.0,0.0,17.0,0.0,1.0,4.0,205.0
0.0,0.0,1.0,0.0,0.0,1.0,0.0,0.0,0.0,0.0,1.0,0.0,0.0,0.0,0.0,0.0,0.0,1.0,0.0,0.0,0.0,9.0,1.0,8.0,3.0,1.0,1.0,2.0,0.0,13.0,1.0,7.0,7.0,120.0
0.0,0.0,0.0,1.0,1.0,0.0,0.0,0.0,0.0,0.0,0.0,1.0,0.0,1.0,0.0,0.0,0.0,0.0,0.0,0.0,1.0,9.0,1.0,16.0,3.0,4.0,4.0,2.0,1.0,25.0,0.0,1.0,0.0,119.0
0.0,0.0,1.0,0.0,0.0,0.0,1.0,0.0,0.0,0.0,0.0,1.0,0.0,0.0,0.0,0.0,0.0,1.0,0.0,0.0,0.0,2.0,1.0,7.0,3.0,3.0,1.0,2.0,0.0,15.0,1.0,1.0,2.0,138.0
1.0,0.0,1.0,0.0,0.0,1.0,0.0,0.0,1.0,0.0,0.0,0.0,0.0,0.0,0.0,0.0,0.0,1.0,0.0,0.0,0.0,27.0,1.0,9.0,2.0,3.0,1.0,4.0,0.0,14.0,1.0,1.0,9.0,278.0
1.0,0.0,1.0,0.0,0.0,1.0,0.0,0.0,0.0,1.0,0.0,0.0,0.0,0.0,0.0,0.0,1.0,0.0,0.0,0.0,0.0,4.0,1.0,17.0,3.0,3.0,5.0,2.0,1.0,12.0,1.0,1.0,1.0,168.0
0.0,0.0,0.0,1.0,0.0,1.0,0.0,0.0,0.0,1.0,0.0,0.0,0.0,0.0,0.0,0.0,1.0,0.0,0.0,0.0,0.0,4.0,1.0,30.0,3.0,4.0,5.0,2.0,0.0,19.0,1.0,1.0,8.0,168.0
0.0,0.0,0.0,1.0,0.0,1.0,0.0,0.0,0.0,1.0,0.0,0.0,0.0,0.0,0.0,0.0,0.0,1.0,0.0,0.0,0.0,30.0,3.0,9.0,2.0,4.0,1.0,6.0,0.0,17.0,0.0,1.0,5.0,152.0
1.0,0.0,1.0,0.0,0.0,1.0,0.0,0.0,0.0,0.0,0.0,0.0,1.0,0.0,0.0,0.0,0.0,1.0,0.0,0.0,0.0,16.0,1.0,9.0,3.0,5.0,1.0,4.0,0.0,15.0,1.0,1.0,7.0,297.0
1.0,0.0,1.0,0.0,0.0,1.0,0.0,0.0,0.0,0.0,0.0,0.0,1.0,0.0,0.0,0.0,1.0,0.0,0.0,0.0,0.0,22.0,1.0,10.0,2.0,4.0,3.0,3.0,0.0,13.0,1.0,1.0,0.0,287.0
1.0,0.0,1.0,0.0,1.0,0.0,0.0,0.0,0.0,0.0,0.0,1.0,0.0,0.0,1.0,0.0,0.0,0.0,0.0,0.0,0.0,9.0,1.0,9.0,2.0,3.0,4.0,2.0,0.0,12.0,0.0,1.0,7.0,137.0
1.0,0.0,0.0,1.0,0.0,0.0,1.0,0.0,0.0,0.0,1.0,0.0,0.0,0.0,1.0,0.0,0.0,0.0,0.0,0.0,0.0,21.0,1.0,14.0,3.0,1.0,4.0,6.0,0.0,11.0,0.0,1.0,0.0,126.0
1.0,0.0,1.0,0.0,0.0,0.0,1.0,0.0,0.0,0.0,1.0,0.0,0.0,0.0,0.0,0.0,0.0,1.0,0.0,0.0,0.0,0.0,1.0,14.0,3.0,3.0,3.0,2.0,0.0,11.0,1.0,1.0,3.0,125.0
1.0,0.0,1.0,0.0,0.0,1.0,0.0,0.0,0.0,1.0,0.0,0.0,0.0,0.0,0.0,0.0,0.0,1.0,0.0,0.0,0.0,2.0,1.0,13.0,2.0,3.0,1.0,2.0,1.0,11.0,1.0,1.0,0.0,166.0
1.0,0.0,0.0,1.0,0.0,1.0,0.0,0.0,0.0,0.0,0.0,0.0,1.0,0.0,0.0,0.0,0.0,1.0,0.0,0.0,0.0,21.0,1.0,7.0,3.0,4.0,1.0,7.0,0.0,12.0,1.0,1.0,0.0,283.0
0.0,0.0,1.0,0.0,0.0,1.0,0.0,0.0,1.0,0.0,0.0,0.0,0.0,0.0,0.0,0.0,0.0,1.0,0.0,0.0,0.0,2.0,1.0,7.0,2.0,4.0,1.0,4.0,0.0,14.0,1.0,1.0,7.0,261.0
0.0,0.0,1.0,0.0,0.0,0.0,1.0,0.0,0.0,0.0,1.0,0.0,0.0,0.0,1.0,0.0,0.0,0.0,0.0,0.0,0.0,7.0,1.0,14.0,2.0,1.0,3.0,1.0,0.0,17.0,1.0,1.0,0.0,126.0
1.0,0.0,1.0,0.0,0.0,1.0,0.0,0.0,0.0,0.0,0.0,0.0,1.0,0.0,0.0,0.0,0.0,0.0,1.0,0.0,0.0,17.0,3.0,11.0,2.0,3.0,4.0,8.0,0.0,11.0,1.0,3.0,10.0,282.0
1.0,0.0,1.0,0.0,0.0,1.0,0.0,1.0,0.0,0.0,0.0,0.0,0.0,0.0,0.0,0.0,0.0,0.0,1.0,0.0,0.0,6.0,3.0,16.0,2.0,1.0,3.0,1.0,1.0,14.0,0.0,1.0,8.0,184.0
0.0,0.0,0.0,1.0,0.0,0.0,1.0,0.0,0.0,0.0,1.0,0.0,0.0,0.0,0.0,0.0,0.0,1.0,0.0,0.0,0.0,0.0,1.0,31.0,3.0,1.0,1.0,2.0,1.0,12.0,0.0,1.0,1.0,130.0
1.0,0.0,1.0,0.0,0.0,1.0,0.0,0.0,0.0,0.0,0.0,1.0,0.0,0.0,0.0,0.0,0.0,1.0,0.0,0.0,0.0,9.0,1.0,7.0,2.0,3.0,3.0,2.0,0.0,22.0,1.0,1.0,1.0,112.0
1.0,0.0,0.0,1.0,1.0,0.0,0.0,0.0,0.0,0.0,0.0,1.0,0.0,0.0,0.0,0.0,0.0,1.0,0.0,0.0,1.0,0.0,3.0,30.0,3.0,5.0,1.0,2.0,1.0,14.0,1.0,1.0,0.0,111.0
1.0,0.0,0.0,1.0,0.0,0.0,1.0,0.0,0.0,0.0,1.0,0.0,0.0,0.0,0.0,0.0,0.0,1.0,0.0,0.0,0.0,0.0,1.0,10.0,3.0,3.0,1.0,2.0,1.0,20.0,2.0,2.0,2.0,129.0
0.0,0.0,0.0,1.0,0.0,1.0,0.0,0.0,0.0,0.0,0.0,0.0,1.0,0.0,0.0,0.0,0.0,0.0,1.0,0.0,1.0,8.0,3.0,8.0,3.0,5.0,4.0,3.0,1.0,16.0,1.0,1.0,11.0,288.0
1.0,0.0,1.0,0.0,1.0,0.0,0.0,0.0,1.0,0.0,0.0,0.0,0.0,0.0,0.0,0.0,1.0,0.0,0.0,0.0,0.0,28.0,1.0,14.0,2.0,4.0,4.0,2.0,1.0,15.0,2.0,2.0,0.0,236.0
0.0,0.0,0.0,1.0,1.0,0.0,0.0,0.0,0.0,0.0,1.0,0.0,0.0,0.0,0.0,0.0,0.0,1.0,0.0,0.0,1.0,0.0,1.0,14.0,2.0,4.0,3.0,2.0,0.0,20.0,1.0,2.0,2.0,126.0
0.0,0.0,1.0,0.0,0.0,1.0,0.0,0.0,0.0,0.0,0.0,0.0,1.0,0.0,0.0,0.0,0.0,0.0,1.0,0.0,0.0,19.0,3.0,10.0,2.0,4.0,4.0,3.0,0.0,14.0,1.0,1.0,8.0,288.0
0.0,0.0,0.0,1.0,0.0,0.0,1.0,0.0,0.0,1.0,0.0,0.0,0.0,0.0,0.0,0.0,0.0,0.0,1.0,0.0,0.0,7.0,3.0,8.0,2.0,3.0,5.0,1.0,1.0,12.0,1.0,1.0,2.0,145.0
1.0,0.0,1.0,0.0,1.0,0.0,0.0,0.0,0.0,0.0,0.0,0.0,1.0,0.0,0.0,0.0,0.0,1.0,0.0,0.0,0.0,24.0,3.0,15.0,2.0,3.0,4.0,5.0,1.0,15.0,6.0,11.0,10.0,298.0
1.0,0.0,0.0,1.0,0.0,1.0,0.0,1.0,0.0,0.0,0.0,0.0,0.0,0.0,0.0,0.0,1.0,0.0,0.0,0.0,0.0,30.0,1.0,24.0,3.0,3.0,1.0,7.0,0.0,12.0,3.0,5.0,4.0,205.0
0.0,0.0,1.0,0.0,1.0,0.0,0.0,0.0,0.0,1.0,0.0,0.0,0.0,0.0,0.0,0.0,1.0,0.0,0.0,0.0,0.0,7.0,1.0,25.0,2.0,3.0,4.0,5.0,0.0,13.0,0.0,5.0,10.0,144.0
1.0,0.0,0.0,1.0,1.0,0.0,0.0,0.0,0.0,0.0,1.0,0.0,0.0,1.0,0.0,0.0,0.0,0.0,0.0,0.0,0.0,9.0,1.0,7.0,2.0,3.0,3.0,1.0,1.0,11.0,1.0,1.0,2.0,122.0
1.0,0.0,1.0,0.0,0.0,1.0,0.0,0.0,0.0,0.0,0.0,0.0,1.0,0.0,0.0,0.0,0.0,1.0,0.0,0.0,0.0,17.0,1.0,10.0,3.0,1.0,5.0,2.0,0.0,14.0,2.0,14.0,13.0,292.0
1.0,0.0,1.0,0.0,1.0,0.0,0.0,0.0,0.0,1.0,0.0,0.0,0.0,0.0,0.0,0.0,0.0,1.0,0.0,0.0,0.0,7.0,2.0,17.0,2.0,4.0,4.0,5.0,0.0,11.0,0.0,1.0,8.0,145.0
1.0,0.0,1.0,0.0,0.0,0.0,1.0,0.0,0.0,0.0,1.0,0.0,0.0,0.0,0.0,0.0,0.0,1.0,0.0,0.0,0.0,8.0,1.0,12.0,3.0,3.0,3.0,1.0,1.0,14.0,1.0,2.0,2.0,135.0
0.0,0.0,1.0,0.0,0.0,0.0,1.0,0.0,0.0,1.0,0.0,0.0,0.0,1.0,0.0,0.0,0.0,0.0,0.0,0.0,0.0,15.0,1.0,14.0,3.0,1.0,4.0,7.0,1.0,16.0,0.0,1.0,0.0,124.0
0.0,0.0,0.0,1.0,0.0,1.0,0.0,1.0,0.0,0.0,0.0,0.0,0.0,0.0,0.0,0.0,0.0,0.0,1.0,0.0,0.0,16.0,3.0,10.0,2.0,4.0,1.0,4.0,0.0,14.0,10.0,15.0,17.0,202.0
0.0,0.0,0.0,1.0,0.0,1.0,0.0,0.0,0.0,1.0,0.0,0.0,0.0,0.0,0.0,0.0,0.0,1.0,0.0,0.0,0.0,9.0,1.0,8.0,2.0,3.0,4.0,10.0,1.0,11.0,4.0,5.0,12.0,154.0
0.0,0.0,1.0,0.0,0.0,1.0,0.0,1.0,0.0,0.0,0.0,0.0,0.0,0.0,0.0,0.0,1.0,0.0,0.0,0.0,1.0,7.0,1.0,21.0,3.0,3.0,1.0,2.0,0.0,11.0,0.0,1.0,5.0,180.0
1.0,0.0,1.0,0.0,1.0,0.0,0.0,0.0,0.0,0.0,0.0,1.0,0.0,0.0,0.0,0.0,0.0,1.0,0.0,0.0,0.0,1.0,1.0,8.0,2.0,4.0,1.0,2.0,1.0,12.0,0.0,2.0,2.0,139.0
0.0,0.0,0.0,1.0,1.0,0.0,0.0,0.0,0.0,0.0,1.0,0.0,0.0,1.0,0.0,0.0,0.0,0.0,0.0,0.0,0.0,24.0,1.0,12.0,3.0,4.0,3.0,1.0,0.0,14.0,3.0,7.0,7.0,128.0
0.0,0.0,0.0,1.0,1.0,0.0,0.0,0.0,0.0,1.0,0.0,0.0,0.0,0.0,0.0,0.0,1.0,0.0,0.0,0.0,0.0,3.0,1.0,15.0,3.0,3.0,3.0,8.0,1.0,18.0,0.0,1.0,7.0,147.0
0.0,0.0,1.0,0.0,0.0,0.0,1.0,0.0,0.0,0.0,1.0,0.0,0.0,0.0,1.0,0.0,0.0,0.0,0.0,0.0,1.0,0.0,1.0,13.0,2.0,3.0,3.0,4.0,1.0,13.0,4.0,7.0,7.0,133.0
1.0,0.0,0.0,1.0,0.0,0.0,1.0,0.0,0.0,0.0,1.0,0.0,0.0,0.0,0.0,1.0,0.0,0.0,0.0,0.0,0.0,9.0,1.0,7.0,2.0,3.0,5.0,3.0,0.0,11.0,1.0,1.0,2.0,121.0
0.0,0.0,0.0,1.0,0.0,0.0,1.0,0.0,0.0,0.0,1.0,0.0,0.0,1.0,0.0,0.0,0.0,0.0,0.0,0.0,0.0,9.0,1.0,7.0,2.0,3.0,4.0,2.0,0.0,18.0,1.0,2.0,1.0,121.0
1.0,0.0,1.0,0.0,0.0,1.0,0.0,0.0,0.0,1.0,0.0,0.0,0.0,0.0,0.0,0.0,1.0,0.0,0.0,0.0,0.0,5.0,3.0,14.0,2.0,1.0,1.0,2.0,0.0,15.0,0.0,1.0,8.0,162.0
0.0,0.0,0.0,1.0,1.0,0.0,0.0,0.0,0.0,0.0,0.0,0.0,1.0,0.0,0.0,0.0,1.0,0.0,0.0,0.0,0.0,18.0,1.0,31.0,2.0,3.0,4.0,4.0,0.0,22.0,1.0,1.0,0.0,281.0
0.0,0.0,1.0,0.0,0.0,1.0,0.0,0.0,1.0,0.0,0.0,0.0,0.0,0.0,0.0,0.0,1.0,0.0,0.0,0.0,0.0,12.0,1.0,19.0,3.0,4.0,4.0,7.0,1.0,13.0,1.0,15.0,2.0,271.0
1.0,0.0,1.0,0.0,0.0,0.0,1.0,0.0,0.0,0.0,1.0,0.0,0.0,0.0,0.0,0.0,0.0,1.0,0.0,0.0,0.0,30.0,1.0,14.0,2.0,3.0,3.0,2.0,0.0,12.0,1.0,2.0,2.0,124.0
1.0,0.0,1.0,0.0,0.0,0.0,1.0,0.0,0.0,1.0,0.0,0.0,0.0,0.0,0.0,0.0,0.0,1.0,0.0,0.0,1.0,0.0,1.0,13.0,3.0,3.0,3.0,2.0,0.0,18.0,0.0,1.0,1.0,149.0
1.0,0.0,0.0,1.0,0.0,0.0,1.0,0.0,0.0,0.0,0.0,1.0,0.0,0.0,0.0,0.0,1.0,0.0,0.0,0.0,1.0,2.0,1.0,29.0,3.0,3.0,5.0,1.0,0.0,13.0,0.0,1.0,3.0,139.0
0.0,0.0,1.0,0.0,0.0,0.0,1.0,0.0,0.0,1.0,0.0,0.0,0.0,0.0,1.0,0.0,0.0,0.0,0.0,0.0,0.0,3.0,1.0,12.0,2.0,4.0,1.0,1.0,0.0,12.0,5.0,6.0,7.0,146.0
0.0,0.0,1.0,0.0,0.0,1.0,0.0,1.0,0.0,0.0,0.0,0.0,0.0,0.0,1.0,0.0,0.0,0.0,0.0,0.0,0.0,9.0,1.0,16.0,3.0,3.0,3.0,4.0,0.0,12.0,1.0,1.0,7.0,171.0
0.0,0.0,0.0,1.0,0.0,0.0,1.0,0.0,0.0,0.0,1.0,0.0,0.0,0.0,0.0,0.0,0.0,1.0,0.0,0.0,0.0,19.0,2.0,7.0,2.0,3.0,5.0,7.0,0.0,12.0,2.0,5.0,7.0,134.0
0.0,0.0,1.0,0.0,1.0,0.0,0.0,0.0,0.0,1.0,0.0,0.0,0.0,0.0,0.0,0.0,0.0,1.0,0.0,0.0,0.0,1.0,1.0,7.0,2.0,5.0,1.0,1.0,0.0,11.0,7.0,7.0,5.0,167.0
0.0,0.0,1.0,0.0,0.0,1.0,0.0,0.0,1.0,0.0,0.0,0.0,0.0,0.0,0.0,0.0,0.0,1.0,0.0,0.0,0.0,23.0,1.0,34.0,2.0,3.0,5.0,5.0,1.0,11.0,1.0,1.0,2.0,269.0
1.0,0.0,0.0,1.0,0.0,1.0,0.0,1.0,0.0,0.0,0.0,0.0,0.0,0.0,0.0,0.0,0.0,0.0,1.0,0.0,1.0,3.0,3.0,31.0,2.0,4.0,4.0,3.0,1.0,12.0,1.0,1.0,0.0,191.0
1.0,0.0,0.0,1.0,0.0,1.0,0.0,1.0,0.0,0.0,0.0,0.0,0.0,0.0,0.0,0.0,0.0,1.0,0.0,0.0,1.0,15.0,3.0,11.0,3.0,3.0,4.0,10.0,1.0,19.0,7.0,7.0,7.0,184.0
0.0,0.0,1.0,0.0,0.0,1.0,0.0,1.0,0.0,0.0,0.0,0.0,0.0,0.0,0.0,0.0,1.0,0.0,0.0,0.0,0.0,3.0,1.0,23.0,3.0,3.0,5.0,2.0,1.0,23.0,1.0,1.0,4.543490512868683,219.0
1.0,0.0,0.0,1.0,0.0,0.0,1.0,0.0,0.0,1.0,0.0,0.0,0.0,0.0,0.0,0.0,0.0,1.0,0.0,0.0,0.0,12.0,1.0,24.0,2.0,3.0,3.0,1.0,0.0,11.0,1.0,1.0,7.0,145.0
0.0,0.0,1.0,0.0,1.0,0.0,0.0,1.0,0.0,0.0,0.0,0.0,0.0,0.0,0.0,0.0,0.0,1.0,0.0,0.0,0.0,4.0,3.0,8.0,2.0,3.0,3.0,2.0,1.0,19.0,8.0,9.0,6.0,199.0
1.0,0.0,0.0,1.0,1.0,0.0,0.0,0.0,0.0,1.0,0.0,0.0,0.0,0.0,0.0,0.0,1.0,0.0,0.0,0.0,0.0,14.0,3.0,16.0,2.0,5.0,4.0,2.0,0.0,13.0,3.0,11.0,9.0,162.0
0.0,0.0,0.0,1.0,1.0,0.0,0.0,0.0,0.0,0.0,1.0,0.0,0.0,0.0,0.0,0.0,0.0,1.0,0.0,0.0,1.0,9.0,3.0,7.0,2.0,3.0,4.0,2.0,1.0,11.0,2.0,2.0,2.0,123.0
1.0,0.0,1.0,0.0,0.0,0.0,1.0,0.0,0.0,0.0,1.0,0.0,0.0,0.0,0.0,0.0,0.0,1.0,0.0,0.0,1.0,7.0,1.0,14.0,2.0,3.0,5.0,5.0,0.0,12.0,1.0,1.0,2.0,124.0
1.0,0.0,1.0,0.0,1.0,0.0,0.0,0.0,1.0,0.0,0.0,0.0,0.0,0.0,0.0,0.0,0.0,1.0,0.0,0.0,0.0,15.0,1.0,8.0,2.0,3.0,3.0,1.0,1.0,13.0,1.0,2.0,10.0,279.0
0.0,0.0,1.0,0.0,0.0,1.0,0.0,0.0,0.0,0.0,0.0,0.0,1.0,0.0,0.0,0.0,1.0,0.0,0.0,0.0,0.0,28.0,1.0,8.0,2.0,5.0,3.0,5.0,0.0,14.0,1.0,9.0,11.0,292.0
1.0,0.0,0.0,1.0,0.0,1.0,0.0,0.0,0.0,0.0,0.0,0.0,1.0,0.0,0.0,0.0,0.0,1.0,0.0,0.0,0.0,29.0,2.0,14.0,3.0,3.0,4.0,7.0,0.0,15.0,2.0,7.0,7.0,297.0
1.0,0.0,1.0,0.0,1.0,0.0,0.0,0.0,0.0,0.0,1.0,0.0,0.0,0.0,0.0,0.0,0.0,1.0,0.0,0.0,0.0,13.0,1.0,22.0,3.0,3.0,3.0,10.0,0.0,16.0,1.0,1.0,0.0,135.0
1.0,0.0,1.0,0.0,0.0,1.0,0.0,1.0,0.0,0.0,0.0,0.0,0.0,0.0,0.0,0.0,0.0,1.0,0.0,0.0,0.0,7.0,1.0,15.0,2.0,3.0,1.0,1.0,0.0,11.0,0.0,1.0,6.0,185.0
1.0,0.0,0.0,1.0,0.0,0.0,1.0,0.0,0.0,1.0,0.0,0.0,0.0,0.0,0.0,0.0,0.0,1.0,0.0,0.0,0.0,13.0,1.0,8.0,3.0,3.0,1.0,2.0,0.0,13.0,3.0,8.0,8.0,147.0
0.0,0.0,1.0,0.0,1.0,0.0,0.0,0.0,0.0,1.0,0.0,0.0,0.0,0.0,0.0,0.0,0.0,0.0,1.0,0.0,0.0,14.0,3.0,7.0,3.0,3.0,5.0,1.0,0.0,17.0,0.0,1.0,7.0,141.0
1.0,0.0,0.0,1.0,1.0,0.0,0.0,0.0,0.0,1.0,0.0,0.0,0.0,0.0,0.0,0.0,0.0,1.0,0.0,0.0,0.0,8.0,1.0,10.0,2.0,3.0,3.0,2.0,1.0,11.0,1.0,1.0,1.0,142.0
1.0,0.0,1.0,0.0,0.0,1.0,0.0,0.0,1.0,0.0,0.0,0.0,0.0,0.0,0.0,0.0,0.0,1.0,0.0,0.0,0.0,24.0,2.0,11.0,2.0,3.0,4.0,2.0,1.0,11.0,0.0,2.0,10.0,240.0
0.0,0.0,1.0,0.0,0.0,1.0,0.0,0.0,0.0,1.0,0.0,0.0,0.0,0.0,0.0,0.0,0.0,1.0,0.0,0.0,0.0,11.0,3.0,8.0,2.0,3.0,5.0,4.0,0.0,15.0,0.0,1.0,7.0,169.0
0.0,0.0,0.0,1.0,0.0,1.0,0.0,0.0,0.0,1.0,0.0,0.0,0.0,0.0,0.0,0.0,1.0,0.0,0.0,0.0,0.0,7.0,3.0,21.0,3.0,3.0,5.0,2.0,0.0,12.0,4.0,9.0,6.0,161.0
1.0,0.0,1.0,0.0,0.0,0.0,1.0,0.0,0.0,0.0,0.0,1.0,0.0,0.0,0.0,0.0,1.0,0.0,0.0,0.0,0.0,0.0,1.0,25.0,3.0,3.0,1.0,4.0,0.0,11.0,0.0,1.0,2.0,137.0
0.0,0.0,1.0,0.0,0.0,1.0,0.0,1.0,0.0,0.0,0.0,0.0,0.0,0.0,0.0,0.0,1.0,0.0,0.0,0.0,1.0,20.0,1.0,13.0,2.0,4.0,5.0,8.0,1.0,14.0,1.0,5.0,9.0,200.0
1.0,0.0,1.0,0.0,0.0,0.0,1.0,0.0,0.0,0.0,1.0,0.0,0.0,0.0,0.0,0.0,0.0,1.0,0.0,0.0,0.0,13.0,1.0,14.0,2.0,3.0,4.0,4.0,0.0,22.0,1.0,1.0,3.0,124.0
0.0,0.0,1.0,0.0,1.0,0.0,0.0,0.0,0.0,1.0,0.0,0.0,0.0,0.0,0.0,0.0,0.0,0.0,1.0,0.0,0.0,9.0,3.0,13.0,2.0,1.0,5.0,3.0,0.0,16.0,5.0,6.0,13.0,146.0
1.0,0.0,0.0,1.0,0.0,1.0,0.0,1.0,0.0,0.0,0.0,0.0,0.0,0.0,0.0,0.0,0.0,1.0,0.0,0.0,0.0,21.0,1.0,10.0,2.0,3.0,1.0,2.0,0.0,11.0,1.0,1.0,8.0,179.0
0.0,0.0,1.0,0.0,0.0,0.0,1.0,0.0,0.0,0.0,1.0,0.0,0.0,1.0,0.0,0.0,0.0,0.0,0.0,0.0,0.0,0.0,3.0,14.0,3.0,1.0,1.0,9.0,0.0,14.0,0.0,1.0,0.0,125.0
0.0,0.0,0.0,1.0,0.0,1.0,0.0,0.0,1.0,0.0,0.0,0.0,0.0,0.0,0.0,1.0,0.0,0.0,0.0,0.0,0.0,24.0,1.0,17.0,2.0,4.0,4.0,4.0,0.0,16.0,0.0,1.0,3.0,231.0
0.0,0.0,0.0,1.0,1.0,0.0,0.0,0.0,0.0,0.0,0.0,1.0,0.0,0.0,0.0,0.0,0.0,1.0,0.0,0.0,0.0,9.0,1.0,7.0,3.0,3.0,1.0,2.0,0.0,15.0,1.0,1.0,0.0,116.0
0.0,0.0,1.0,0.0,0.0,1.0,0.0,0.0,0.0,1.0,0.0,0.0,0.0,0.0,0.0,0.0,1.0,0.0,0.0,0.0,0.0,8.0,1.0,7.0,2.0,4.0,1.0,1.0,0.0,12.0,0.0,1.0,0.0,154.0
1.0,0.0,0.0,1.0,1.0,0.0,0.0,0.0,0.0,1.0,0.0,0.0,0.0,0.0,0.0,0.0,0.0,1.0,0.0,0.0,0.0,0.0,3.0,8.0,2.0,5.0,1.0,4.0,0.0,20.0,0.0,1.0,0.0,151.0
1.0,0.0,0.0,1.0,0.0,1.0,0.0,0.0,1.0,0.0,0.0,0.0,0.0,0.0,0.0,0.0,0.0,0.0,1.0,0.0,1.0,18.0,3.0,19.0,2.0,1.0,3.0,7.0,1.0,17.0,1.0,2.0,8.0,237.0
1.0,0.0,1.0,0.0,0.0,1.0,0.0,0.0,1.0,0.0,0.0,0.0,0.0,0.0,0.0,0.0,0.0,1.0,0.0,0.0,0.0,29.0,1.0,29.0,3.0,3.0,4.0,5.0,1.0,12.0,13.0,2.0,9.0,234.0
0.0,0.0,1.0,0.0,1.0,0.0,0.0,0.0,0.0,0.0,1.0,0.0,0.0,0.0,0.0,1.0,0.0,0.0,0.0,0.0,0.0,9.0,1.0,32.0,3.0,4.0,3.0,2.0,0.0,20.0,1.0,1.0,0.0,120.0
0.0,0.0,1.0,0.0,0.0,1.0,0.0,0.0,0.0,1.0,0.0,0.0,0.0,0.0,0.0,0.0,1.0,0.0,0.0,0.0,0.0,13.0,1.0,8.0,2.0,1.0,3.0,6.0,0.0,20.0,6.0,11.0,8.0,164.0
1.0,0.0,1.0,0.0,0.0,1.0,0.0,0.0,0.0,1.0,0.0,0.0,0.0,0.0,0.0,0.0,1.0,0.0,0.0,0.0,0.0,7.0,1.0,35.0,2.0,3.0,3.0,5.0,0.0,13.0,5.0,7.0,7.0,154.0
0.0,0.0,0.0,1.0,1.0,0.0,0.0,0.0,0.0,0.0,1.0,0.0,0.0,0.0,0.0,0.0,0.0,1.0,0.0,0.0,1.0,0.0,3.0,8.0,3.0,4.0,1.0,8.0,0.0,14.0,0.0,1.0,0.0,128.0
0.0,0.0,1.0,0.0,1.0,0.0,0.0,0.0,0.0,1.0,0.0,0.0,0.0,0.0,0.0,0.0,0.0,0.0,1.0,0.0,1.0,0.0,3.0,24.0,3.0,3.0,3.0,1.0,1.0,18.0,0.0,3.0,2.0,146.0
1.0,0.0,1.0,0.0,1.0,0.0,0.0,0.0,0.0,0.0,1.0,0.0,0.0,0.0,0.0,0.0,0.0,1.0,0.0,0.0,0.0,11.0,1.0,14.0,2.0,1.0,3.0,2.0,0.0,11.0,0.0,1.0,3.0,126.0
0.0,0.0,0.0,1.0,0.0,1.0,0.0,0.0,0.0,1.0,0.0,0.0,0.0,0.0,1.0,0.0,0.0,0.0,0.0,0.0,0.0,7.0,1.0,8.0,3.0,3.0,1.0,2.0,0.0,11.0,4.0,4.0,11.0,167.0
1.0,0.0,1.0,0.0,0.0,0.0,1.0,0.0,0.0,1.0,0.0,0.0,0.0,0.0,0.0,0.0,0.0,1.0,0.0,0.0,0.0,1.0,3.0,32.0,2.0,4.0,5.0,2.0,0.0,11.0,1.0,1.0,4.0,147.0
1.0,0.0,1.0,0.0,0.0,1.0,0.0,0.0,0.0,1.0,0.0,0.0,0.0,0.0,0.0,0.0,1.0,0.0,0.0,0.0,1.0,0.0,1.0,28.0,3.0,3.0,3.0,2.0,1.0,15.0,5.0,6.0,7.0,162.0
1.0,0.0,1.0,0.0,0.0,1.0,0.0,0.0,0.0,1.0,0.0,0.0,0.0,0.0,0.0,0.0,0.0,1.0,0.0,0.0,0.0,12.0,3.0,27.0,2.0,4.0,1.0,4.0,1.0,12.0,0.0,1.0,4.0,161.0
1.0,0.0,1.0,0.0,1.0,0.0,0.0,1.0,0.0,0.0,0.0,0.0,0.0,0.0,0.0,0.0,0.0,0.0,1.0,0.0,0.0,24.0,3.0,8.0,2.0,3.0,4.0,3.0,0.0,11.0,3.0,3.0,2.0,206.0
0.0,0.0,1.0,0.0,1.0,0.0,0.0,0.0,0.0,1.0,0.0,0.0,0.0,0.0,0.0,0.0,0.0,1.0,0.0,0.0,0.0,14.0,1.0,28.0,3.0,3.0,1.0,4.0,1.0,14.0,2.0,3.0,3.0,155.0
1.0,0.0,1.0,0.0,0.0,0.0,1.0,0.0,0.0,0.0,1.0,0.0,0.0,0.0,0.0,0.0,0.0,1.0,0.0,0.0,0.0,10.0,1.0,10.0,3.0,3.0,3.0,8.0,1.0,15.0,1.0,1.0,3.0,130.0
1.0,0.0,1.0,0.0,1.0,0.0,0.0,0.0,0.0,1.0,0.0,0.0,0.0,0.0,0.0,0.0,0.0,1.0,0.0,0.0,0.0,6.0,3.0,11.0,3.0,3.0,1.0,7.0,0.0,13.0,1.0,1.0,2.0,200.0
1.0,0.0,1.0,0.0,0.0,0.0,1.0,0.0,0.0,1.0,0.0,0.0,0.0,0.0,0.0,0.0,0.0,0.0,1.0,0.0,0.0,5.0,3.0,8.0,2.0,3.0,4.0,1.0,1.0,13.0,1.0,1.0,2.0,141.0
1.0,0.0,1.0,0.0,1.0,0.0,0.0,1.0,0.0,0.0,0.0,0.0,0.0,0.0,0.0,0.0,0.0,1.0,0.0,0.0,0.0,12.0,1.0,31.0,3.0,3.0,3.0,4.0,0.0,21.0,0.0,1.0,4.543490512868683,209.0
1.0,0.0,1.0,0.0,0.0,1.0,0.0,0.0,0.0,1.0,0.0,0.0,0.0,0.0,0.0,0.0,0.0,1.0,0.0,0.0,0.0,0.0,3.0,24.0,3.0,1.0,3.0,3.0,0.0,11.0,1.0,1.0,2.0,162.0
0.0,0.0,1.0,0.0,1.0,0.0,0.0,0.0,1.0,0.0,0.0,0.0,0.0,0.0,0.0,0.0,1.0,0.0,0.0,0.0,0.0,25.0,1.0,34.0,2.0,1.0,3.0,3.0,1.0,11.0,1.0,2.0,2.0,232.0
0.0,0.0,0.0,1.0,0.0,0.0,1.0,0.0,0.0,1.0,0.0,0.0,0.0,0.0,0.0,0.0,1.0,0.0,0.0,0.0,0.0,16.0,1.0,12.0,3.0,4.0,3.0,2.0,1.0,14.0,0.0,1.0,8.0,141.0
0.0,0.0,1.0,0.0,0.0,1.0,0.0,0.0,0.0,1.0,0.0,0.0,0.0,0.0,0.0,0.0,0.0,0.0,1.0,0.0,0.0,0.0,3.0,16.0,3.0,4.0,1.0,2.0,1.0,11.0,1.0,4.0,4.0,158.0
0.0,0.0,0.0,1.0,0.0,0.0,1.0,0.0,0.0,0.0,1.0,0.0,0.0,0.0,0.0,0.0,0.0,1.0,0.0,0.0,1.0,0.0,1.0,14.0,2.0,3.0,3.0,2.0,1.0,13.0,4.0,7.0,7.0,124.0
1.0,0.0,0.0,1.0,0.0,0.0,1.0,0.0,0.0,0.0,0.0,1.0,0.0,0.0,0.0,0.0,1.0,0.0,0.0,0.0,0.0,0.0,1.0,8.0,2.0,4.0,1.0,1.0,0.0,12.0,1.0,1.0,1.0,139.0
0.0,0.0,1.0,0.0,0.0,1.0,0.0,0.0,1.0,0.0,0.0,0.0,0.0,0.0,0.0,0.0,0.0,0.0,0.0,1.0,0.0,15.0,2.0,16.0,2.0,3.0,5.0,1.0,0.0,14.0,1.0,1.0,9.0,268.0
0.0,0.0,1.0,0.0,0.0,0.0,1.0,0.0,0.0,0.0,1.0,0.0,0.0,0.0,0.0,0.0,0.0,0.0,0.0,1.0,0.0,25.0,1.0,14.0,3.0,3.0,5.0,10.0,0.0,13.0,1.0,1.0,4.0,130.0
0.0,0.0,0.0,1.0,0.0,0.0,1.0,0.0,0.0,0.0,0.0,1.0,0.0,0.0,0.0,0.0,1.0,0.0,0.0,0.0,0.0,10.0,1.0,17.0,3.0,3.0,3.0,5.0,0.0,18.0,1.0,1.0,2.0,136.0
1.0,0.0,0.0,1.0,1.0,0.0,0.0,1.0,0.0,0.0,0.0,0.0,0.0,0.0,0.0,0.0,0.0,1.0,0.0,0.0,0.0,8.0,1.0,24.0,2.0,3.0,1.0,3.0,0.0,11.0,2.0,2.0,2.0,194.0
1.0,0.0,1.0,0.0,0.0,0.0,1.0,0.0,0.0,0.0,1.0,0.0,0.0,0.0,1.0,0.0,0.0,0.0,0.0,0.0,0.0,0.0,1.0,7.0,2.0,3.0,1.0,5.0,0.0,11.0,0.0,1.0,2.0,132.0
1.0,0.0,0.0,1.0,0.0,0.0,1.0,0.0,0.0,0.0,0.0,1.0,0.0,0.0,0.0,0.0,0.0,0.0,0.0,1.0,0.0,0.0,1.0,13.0,3.0,1.0,5.0,1.0,0.0,12.0,0.0,1.0,7.0,136.0
1.0,0.0,0.0,1.0,0.0,1.0,0.0,1.0,0.0,0.0,0.0,0.0,0.0,0.0,0.0,0.0,0.0,0.0,0.0,1.0,0.0,2.0,2.0,23.0,2.0,4.0,5.0,2.0,0.0,13.0,0.0,1.0,9.0,180.0
1.0,0.0,0.0,1.0,1.0,0.0,0.0,0.0,0.0,1.0,0.0,0.0,0.0,0.0,0.0,0.0,0.0,1.0,0.0,0.0,1.0,12.0,1.0,34.0,3.0,4.0,5.0,4.0,0.0,20.0,0.0,1.0,3.0,143.0
0.0,0.0,0.0,1.0,1.0,0.0,0.0,1.0,0.0,0.0,0.0,0.0,0.0,0.0,0.0,0.0,0.0,0.0,0.0,1.0,1.0,0.0,1.0,20.0,2.0,3.0,1.0,1.0,1.0,12.0,4.0,7.0,7.0,176.0
0.0,0.0,0.0,1.0,0.0,1.0,0.0,0.0,1.0,0.0,0.0,0.0,0.0,0.0,0.0,0.0,1.0,0.0,0.0,0.0,0.0,27.0,1.0,7.0,2.0,3.0,1.0,7.0,0.0,19.0,1.0,12.0,7.0,273.0
0.0,0.0,1.0,0.0,0.0,1.0,0.0,0.0,0.0,0.0,0.0,0.0,1.0,0.0,0.0,0.0,1.0,0.0,0.0,0.0,0.0,30.0,1.0,7.0,3.0,3.0,5.0,4.0,1.0,15.0,1.0,1.0,5.0,297.0
1.0,0.0,1.0,0.0,0.0,1.0,0.0,0.0,1.0,0.0,0.0,0.0,0.0,0.0,0.0,0.0,1.0,0.0,0.0,0.0,0.0,28.0,1.0,7.0,2.0,1.0,1.0,3.0,0.0,13.0,0.0,2.0,0.0,247.0
0.0,0.0,0.0,1.0,0.0,1.0,0.0,0.0,0.0,1.0,0.0,0.0,0.0,0.0,0.0,0.0,0.0,0.0,1.0,0.0,0.0,9.0,3.0,9.0,3.0,3.0,4.0,4.0,1.0,16.0,0.0,1.0,1.0,193.0
0.0,0.0,0.0,1.0,1.0,0.0,0.0,0.0,0.0,0.0,0.0,1.0,0.0,0.0,0.0,0.0,0.0,1.0,0.0,0.0,1.0,9.0,3.0,7.0,2.0,5.0,3.0,2.0,0.0,12.0,0.0,1.0,0.0,114.0
0.0,0.0,1.0,0.0,0.0,0.0,1.0,0.0,0.0,1.0,0.0,0.0,0.0,0.0,0.0,0.0,0.0,0.0,1.0,0.0,0.0,3.0,3.0,13.0,3.0,3.0,5.0,8.0,0.0,14.0,1.0,1.0,2.0,148.0
0.0,0.0,0.0,1.0,0.0,1.0,0.0,0.0,1.0,0.0,0.0,0.0,0.0,0.0,0.0,0.0,0.0,1.0,0.0,0.0,0.0,4.0,1.0,14.0,3.0,3.0,4.0,4.0,0.0,11.0,1.0,1.0,0.0,264.0
1.0,0.0,1.0,0.0,1.0,0.0,0.0,0.0,0.0,0.0,1.0,0.0,0.0,0.0,0.0,0.0,0.0,0.0,0.0,1.0,0.0,7.0,1.0,7.0,3.0,3.0,5.0,6.0,0.0,14.0,1.0,1.0,3.0,130.0
0.0,0.0,0.0,1.0,0.0,1.0,0.0,0.0,0.0,0.0,0.0,1.0,0.0,0.0,0.0,0.0,0.0,1.0,0.0,0.0,1.0,9.0,1.0,14.0,2.0,4.0,4.0,2.0,0.0,12.0,0.0,1.0,0.0,113.0
1.0,0.0,1.0,0.0,0.0,0.0,1.0,0.0,0.0,0.0,1.0,0.0,0.0,0.0,0.0,0.0,0.0,1.0,0.0,0.0,0.0,9.0,1.0,17.0,3.0,3.0,5.0,1.0,0.0,14.0,1.0,1.0,4.0,121.0
1.0,0.0,0.0,1.0,0.0,1.0,0.0,0.0,0.0,1.0,0.0,0.0,0.0,0.0,0.0,0.0,0.0,1.0,0.0,0.0,0.0,9.0,1.0,10.0,2.0,4.0,1.0,2.0,0.0,16.0,0.0,1.0,8.0,158.0
0.0,0.0,1.0,0.0,0.0,1.0,0.0,0.0,0.0,1.0,0.0,0.0,0.0,0.0,0.0,0.0,0.0,0.0,1.0,0.0,0.0,9.0,3.0,22.0,3.0,4.0,5.0,5.0,0.0,13.0,1.0,1.0,2.0,156.0
1.0,0.0,1.0,0.0,0.0,0.0,1.0,0.0,0.0,0.0,1.0,0.0,0.0,0.0,1.0,0.0,0.0,0.0,0.0,0.0,0.0,20.0,1.0,7.0,3.0,3.0,1.0,8.0,0.0,12.0,1.0,1.0,2.0,134.0
1.0,0.0,1.0,0.0,0.0,0.0,1.0,0.0,0.0,0.0,0.0,1.0,0.0,0.0,0.0,0.0,0.0,1.0,0.0,0.0,1.0,0.0,3.0,15.0,3.0,4.0,5.0,4.0,0.0,12.0,2.0,2.0,2.0,144.0
1.0,0.0,0.0,1.0,1.0,0.0,0.0,0.0,0.0,0.0,1.0,0.0,0.0,0.0,1.0,0.0,0.0,0.0,0.0,0.0,0.0,10.0,1.0,11.0,2.0,1.0,3.0,1.0,0.0,14.0,0.0,1.0,3.0,135.0
0.0,0.0,1.0,0.0,0.0,0.0,1.0,0.0,0.0,0.0,1.0,0.0,0.0,0.0,0.0,0.0,0.0,1.0,0.0,0.0,0.0,9.0,1.0,7.0,2.0,3.0,5.0,3.0,0.0,22.0,0.0,1.0,0.0,121.0
0.0,0.0,1.0,0.0,0.0,1.0,0.0,0.0,1.0,0.0,0.0,0.0,0.0,0.0,0.0,0.0,1.0,0.0,0.0,0.0,0.0,20.0,1.0,8.0,2.0,3.0,3.0,4.0,0.0,19.0,1.0,5.0,6.0,272.0
0.0,0.0,1.0,0.0,0.0,0.0,1.0,0.0,0.0,1.0,0.0,0.0,0.0,0.0,0.0,0.0,1.0,0.0,0.0,0.0,0.0,0.0,3.0,10.0,2.0,3.0,3.0,2.0,1.0,12.0,1.0,1.0,3.0,142.0
1.0,0.0,1.0,0.0,0.0,1.0,0.0,0.0,0.0,1.0,0.0,0.0,0.0,0.0,0.0,0.0,0.0,0.0,1.0,0.0,0.0,5.0,3.0,13.0,3.0,3.0,1.0,5.0,0.0,12.0,0.0,1.0,3.0,192.0
0.0,0.0,1.0,0.0,0.0,0.0,1.0,0.0,0.0,0.0,1.0,0.0,0.0,0.0,0.0,0.0,0.0,1.0,0.0,0.0,0.0,7.0,1.0,7.0,2.0,4.0,4.0,6.0,0.0,17.0,1.0,1.0,2.0,133.0
1.0,0.0,1.0,0.0,0.0,0.0,1.0,0.0,0.0,0.0,1.0,0.0,0.0,1.0,0.0,0.0,0.0,0.0,0.0,0.0,0.0,9.0,1.0,11.0,2.0,1.0,3.0,3.0,1.0,12.0,0.0,1.0,3.0,121.0
1.0,0.0,1.0,0.0,1.0,0.0,0.0,0.0,0.0,1.0,0.0,0.0,0.0,0.0,0.0,0.0,0.0,0.0,0.0,1.0,0.0,13.0,1.0,15.0,2.0,3.0,3.0,4.0,0.0,11.0,0.0,1.0,7.0,140.0
1.0,0.0,1.0,0.0,0.0,1.0,0.0,1.0,0.0,0.0,0.0,0.0,0.0,0.0,0.0,0.0,0.0,1.0,0.0,0.0,0.0,4.0,3.0,14.0,2.0,3.0,1.0,2.0,0.0,18.0,2.0,9.0,9.0,208.0
1.0,0.0,1.0,0.0,0.0,1.0,0.0,1.0,0.0,0.0,0.0,0.0,0.0,0.0,0.0,0.0,0.0,0.0,1.0,0.0,1.0,9.0,3.0,15.0,2.0,3.0,1.0,5.0,0.0,11.0,4.0,4.0,3.0,201.0
0.0,0.0,0.0,1.0,1.0,0.0,0.0,0.0,0.0,0.0,0.0,1.0,0.0,0.0,0.0,0.0,0.0,1.0,0.0,0.0,1.0,2.0,1.0,8.0,2.0,4.0,5.0,3.0,1.0,23.0,0.0,1.0,0.0,136.0
0.0,0.0,0.0,1.0,1.0,0.0,0.0,1.0,0.0,0.0,0.0,0.0,0.0,0.0,0.0,0.0,0.0,1.0,0.0,0.0,1.0,0.0,1.0,7.0,3.0,1.0,4.0,2.0,0.0,11.0,1.0,4.0,7.0,174.0
1.0,0.0,1.0,0.0,0.0,1.0,0.0,1.0,0.0,0.0,0.0,0.0,0.0,0.0,0.0,0.0,1.0,0.0,0.0,0.0,0.0,18.0,1.0,26.0,3.0,5.0,5.0,3.0,1.0,18.0,1.0,1.0,7.0,209.0
0.0,0.0,0.0,1.0,0.0,0.0,1.0,0.0,0.0,0.0,1.0,0.0,0.0,1.0,0.0,0.0,0.0,0.0,0.0,0.0,0.0,9.0,2.0,14.0,3.0,1.0,4.0,10.0,0.0,18.0,1.0,1.0,2.0,121.0
1.0,0.0,1.0,0.0,1.0,0.0,0.0,0.0,0.0,0.0,0.0,1.0,0.0,0.0,0.0,0.0,0.0,1.0,0.0,0.0,1.0,0.0,1.0,8.0,3.0,3.0,1.0,7.0,1.0,13.0,0.0,2.0,2.0,137.0
1.0,0.0,1.0,0.0,0.0,1.0,0.0,1.0,0.0,0.0,0.0,0.0,0.0,0.0,0.0,1.0,0.0,0.0,0.0,0.0,0.0,18.0,1.0,35.0,2.0,3.0,1.0,5.0,1.0,18.0,1.0,1.0,2.0,194.0
1.0,0.0,1.0,0.0,0.0,1.0,0.0,0.0,0.0,1.0,0.0,0.0,0.0,0.0,0.0,0.0,0.0,0.0,1.0,0.0,0.0,21.0,3.0,13.0,3.0,3.0,5.0,5.0,0.0,11.0,0.0,2.0,2.0,155.0
0.0,0.0,1.0,0.0,0.0,0.0,1.0,0.0,0.0,0.0,1.0,0.0,0.0,0.0,1.0,0.0,0.0,0.0,0.0,0.0,1.0,0.0,2.0,15.0,3.0,3.0,3.0,2.0,0.0,15.0,2.0,2.0,2.0,127.0
1.0,0.0,1.0,0.0,1.0,0.0,0.0,1.0,0.0,0.0,0.0,0.0,0.0,0.0,0.0,0.0,1.0,0.0,0.0,0.0,0.0,13.0,1.0,14.0,2.0,4.0,4.0,3.0,0.0,11.0,4.0,2.0,8.0,238.0
1.0,0.0,0.0,1.0,0.0,1.0,0.0,0.0,0.0,1.0,0.0,0.0,0.0,0.0,0.0,0.0,1.0,0.0,0.0,0.0,0.0,1.0,3.0,11.0,2.0,3.0,5.0,1.0,0.0,18.0,0.0,1.0,3.0,185.0
1.0,0.0,0.0,1.0,1.0,0.0,0.0,0.0,0.0,0.0,1.0,0.0,0.0,0.0,0.0,0.0,0.0,1.0,0.0,0.0,0.0,17.0,1.0,11.0,2.0,4.0,3.0,4.0,0.0,14.0,0.0,1.0,3.0,132.0
1.0,0.0,0.0,1.0,0.0,1.0,0.0,0.0,1.0,0.0,0.0,0.0,0.0,0.0,0.0,0.0,1.0,0.0,0.0,0.0,0.0,26.0,1.0,8.0,2.0,1.0,4.0,5.0,0.0,12.0,1.0,8.0,8.0,266.0
1.0,0.0,1.0,0.0,0.0,1.0,0.0,0.0,0.0,1.0,0.0,0.0,0.0,0.0,1.0,0.0,0.0,0.0,0.0,0.0,0.0,22.0,1.0,11.0,3.0,3.0,3.0,3.0,0.0,14.0,0.0,1.0,2.0,167.0
1.0,0.0,1.0,0.0,0.0,0.0,1.0,0.0,0.0,0.0,1.0,0.0,0.0,1.0,0.0,0.0,0.0,0.0,0.0,0.0,0.0,13.0,1.0,14.0,3.0,3.0,3.0,3.0,0.0,14.0,1.0,1.0,2.0,123.0
1.0,0.0,0.0,1.0,0.0,0.0,1.0,0.0,0.0,0.0,1.0,0.0,0.0,0.0,0.0,0.0,0.0,1.0,0.0,0.0,0.0,17.0,1.0,26.0,2.0,3.0,4.0,2.0,0.0,13.0,1.0,1.0,3.0,134.0
1.0,0.0,1.0,0.0,1.0,0.0,0.0,0.0,0.0,1.0,0.0,0.0,0.0,0.0,0.0,0.0,1.0,0.0,0.0,0.0,0.0,6.0,3.0,13.0,2.0,3.0,5.0,1.0,0.0,14.0,1.0,1.0,3.0,144.0
1.0,0.0,0.0,1.0,0.0,0.0,1.0,0.0,0.0,1.0,0.0,0.0,0.0,0.0,0.0,0.0,0.0,0.0,0.0,1.0,0.0,7.0,3.0,9.0,2.0,5.0,5.0,4.0,0.0,18.0,2.0,3.0,12.0,148.0
1.0,0.0,1.0,0.0,0.0,1.0,0.0,0.0,0.0,1.0,0.0,0.0,0.0,0.0,0.0,0.0,0.0,1.0,0.0,0.0,0.0,3.0,3.0,22.0,3.0,3.0,3.0,9.0,0.0,15.0,1.0,2.0,2.0,153.0
0.0,0.0,0.0,1.0,1.0,0.0,0.0,0.0,0.0,0.0,0.0,1.0,0.0,0.0,0.0,0.0,1.0,0.0,0.0,0.0,0.0,15.0,1.0,15.0,3.0,3.0,1.0,2.0,0.0,13.0,0.0,5.0,8.0,137.0
0.0,0.0,1.0,0.0,1.0,0.0,0.0,0.0,0.0,1.0,0.0,0.0,0.0,0.0,0.0,0.0,0.0,0.0,1.0,0.0,0.0,17.0,3.0,7.0,3.0,3.0,3.0,8.0,0.0,12.0,0.0,1.0,0.0,148.0
1.0,0.0,1.0,0.0,1.0,0.0,0.0,0.0,0.0,0.0,0.0,1.0,0.0,0.0,0.0,1.0,0.0,0.0,0.0,0.0,0.0,9.0,1.0,13.0,3.0,3.0,3.0,2.0,0.0,13.0,0.0,1.0,0.0,113.0
1.0,0.0,1.0,0.0,0.0,0.0,1.0,0.0,0.0,1.0,0.0,0.0,0.0,0.0,0.0,0.0,0.0,1.0,0.0,0.0,0.0,30.0,1.0,7.0,3.0,1.0,3.0,1.0,0.0,24.0,1.0,2.0,8.0,149.0
1.0,0.0,1.0,0.0,0.0,1.0,0.0,1.0,0.0,0.0,0.0,0.0,0.0,0.0,0.0,0.0,0.0,1.0,0.0,0.0,0.0,22.0,1.0,13.0,2.0,3.0,4.0,4.0,0.0,14.0,0.0,1.0,7.0,205.0
1.0,0.0,1.0,0.0,1.0,0.0,0.0,0.0,1.0,0.0,0.0,0.0,0.0,0.0,0.0,0.0,1.0,0.0,0.0,0.0,0.0,7.0,1.0,21.0,3.0,3.0,5.0,8.0,0.0,14.0,1.0,6.0,9.0,270.0
1.0,0.0,1.0,0.0,1.0,0.0,0.0,0.0,0.0,0.0,1.0,0.0,0.0,0.0,1.0,0.0,0.0,0.0,0.0,0.0,1.0,0.0,3.0,7.0,3.0,3.0,3.0,4.0,0.0,15.0,1.0,1.0,2.0,129.0
0.0,0.0,0.0,1.0,1.0,0.0,0.0,0.0,0.0,1.0,0.0,0.0,0.0,0.0,1.0,0.0,0.0,0.0,0.0,0.0,1.0,0.0,3.0,19.0,2.0,3.0,4.0,6.0,0.0,11.0,1.0,1.0,0.0,158.0
0.0,0.0,0.0,1.0,0.0,0.0,1.0,0.0,0.0,1.0,0.0,0.0,0.0,0.0,0.0,0.0,1.0,0.0,0.0,0.0,1.0,0.0,3.0,30.0,2.0,4.0,4.0,1.0,1.0,23.0,4.0,10.0,10.0,146.0
1.0,0.0,1.0,0.0,0.0,0.0,1.0,0.0,0.0,0.0,1.0,0.0,0.0,0.0,0.0,0.0,0.0,1.0,0.0,0.0,0.0,8.0,3.0,14.0,3.0,3.0,3.0,2.0,0.0,13.0,0.0,1.0,0.0,124.0
1.0,0.0,0.0,1.0,1.0,0.0,0.0,0.0,0.0,0.0,1.0,0.0,0.0,1.0,0.0,0.0,0.0,0.0,0.0,0.0,1.0,0.0,1.0,15.0,2.0,3.0,5.0,3.0,1.0,11.0,0.0,1.0,0.0,132.0
0.0,0.0,1.0,0.0,1.0,0.0,0.0,0.0,0.0,0.0,1.0,0.0,0.0,0.0,0.0,0.0,0.0,1.0,0.0,0.0,0.0,9.0,3.0,19.0,3.0,3.0,4.0,2.0,0.0,13.0,0.0,1.0,0.0,120.0
1.0,0.0,0.0,1.0,1.0,0.0,0.0,1.0,0.0,0.0,0.0,0.0,0.0,0.0,0.0,0.0,1.0,0.0,0.0,0.0,0.0,17.0,1.0,8.0,2.0,3.0,3.0,6.0,1.0,18.0,2.0,2.0,2.0,202.0
1.0,0.0,1.0,0.0,0.0,1.0,0.0,0.0,0.0,1.0,0.0,0.0,0.0,0.0,0.0,0.0,0.0,1.0,0.0,0.0,0.0,2.0,3.0,25.0,3.0,4.0,3.0,2.0,0.0,14.0,1.0,1.0,4.0,186.0
1.0,0.0,1.0,0.0,0.0,0.0,1.0,0.0,0.0,0.0,1.0,0.0,0.0,0.0,0.0,0.0,0.0,1.0,0.0,0.0,0.0,9.0,2.0,7.0,2.0,3.0,3.0,1.0,0.0,21.0,0.0,1.0,3.0,121.0
1.0,0.0,1.0,0.0,0.0,0.0,1.0,0.0,0.0,1.0,0.0,0.0,0.0,0.0,0.0,0.0,0.0,1.0,0.0,0.0,0.0,28.0,1.0,10.0,1.0,3.0,3.0,1.0,1.0,16.0,1.0,1.0,2.0,140.0
0.0,0.0,1.0,0.0,0.0,0.0,1.0,0.0,0.0,0.0,0.0,1.0,0.0,0.0,0.0,0.0,1.0,0.0,0.0,0.0,0.0,6.0,1.0,10.0,2.0,4.0,4.0,9.0,0.0,11.0,1.0,1.0,2.0,138.0
0.0,0.0,1.0,0.0,0.0,0.0,1.0,0.0,0.0,1.0,0.0,0.0,0.0,0.0,0.0,0.0,1.0,0.0,0.0,0.0,0.0,20.0,3.0,20.0,3.0,3.0,3.0,4.0,1.0,17.0,1.0,1.0,2.0,146.0
1.0,0.0,0.0,1.0,1.0,0.0,0.0,0.0,0.0,0.0,1.0,0.0,0.0,1.0,0.0,0.0,0.0,0.0,0.0,0.0,1.0,0.0,1.0,14.0,2.0,4.0,5.0,8.0,0.0,11.0,1.0,1.0,0.0,126.0
1.0,0.0,1.0,0.0,0.0,1.0,0.0,0.0,0.0,0.0,0.0,1.0,0.0,0.0,0.0,0.0,0.0,1.0,0.0,0.0,0.0,9.0,1.0,7.0,3.0,4.0,3.0,2.0,0.0,14.0,0.0,1.0,0.0,116.0
1.0,0.0,0.0,1.0,1.0,0.0,0.0,0.0,0.0,1.0,0.0,0.0,0.0,0.0,0.0,0.0,0.0,1.0,0.0,0.0,0.0,1.0,3.0,13.0,2.0,3.0,5.0,1.0,0.0,14.0,1.0,1.0,3.0,149.0
0.0,0.0,1.0,0.0,0.0,0.0,1.0,0.0,0.0,1.0,0.0,0.0,0.0,0.0,0.0,0.0,1.0,0.0,0.0,0.0,0.0,22.0,1.0,9.0,2.0,4.0,5.0,5.0,0.0,25.0,0.0,1.0,2.0,148.0
0.0,0.0,1.0,0.0,1.0,0.0,0.0,0.0,0.0,0.0,1.0,0.0,0.0,0.0,0.0,0.0,0.0,1.0,0.0,0.0,0.0,2.0,1.0,8.0,3.0,3.0,4.0,1.0,0.0,13.0,1.0,1.0,2.0,132.0
1.0,0.0,1.0,0.0,0.0,1.0,0.0,0.0,0.0,1.0,0.0,0.0,0.0,0.0,0.0,0.0,0.0,1.0,0.0,0.0,0.0,1.0,1.0,35.0,3.0,5.0,4.0,2.0,0.0,14.0,0.0,1.0,7.0,165.0
1.0,0.0,0.0,1.0,0.0,1.0,0.0,0.0,0.0,1.0,0.0,0.0,0.0,0.0,0.0,0.0,0.0,1.0,0.0,0.0,0.0,6.0,1.0,14.0,3.0,3.0,3.0,3.0,1.0,17.0,1.0,1.0,0.0,164.0
1.0,0.0,0.0,1.0,0.0,1.0,0.0,1.0,0.0,0.0,0.0,0.0,0.0,0.0,0.0,0.0,1.0,0.0,0.0,0.0,0.0,5.0,1.0,16.0,3.0,3.0,1.0,3.0,0.0,25.0,0.0,1.0,4.543490512868683,212.0
0.0,0.0,1.0,0.0,1.0,0.0,0.0,0.0,1.0,0.0,0.0,0.0,0.0,0.0,0.0,0.0,1.0,0.0,0.0,0.0,0.0,27.0,1.0,17.0,2.0,3.0,1.0,4.0,0.0,20.0,0.0,2.0,12.0,260.0
1.0,0.0,0.0,1.0,0.0,0.0,1.0,0.0,0.0,0.0,1.0,0.0,0.0,0.0,1.0,0.0,0.0,0.0,0.0,0.0,1.0,0.0,1.0,14.0,3.0,4.0,5.0,7.0,0.0,13.0,1.0,1.0,7.0,124.0
1.0,0.0,1.0,0.0,0.0,1.0,0.0,0.0,1.0,0.0,0.0,0.0,0.0,0.0,0.0,0.0,0.0,1.0,0.0,0.0,0.0,17.0,1.0,34.0,2.0,3.0,5.0,4.0,0.0,13.0,1.0,14.0,17.0,263.0
0.0,0.0,0.0,1.0,0.0,1.0,0.0,1.0,0.0,0.0,0.0,0.0,0.0,0.0,0.0,0.0,0.0,1.0,0.0,0.0,0.0,12.0,1.0,12.0,2.0,3.0,4.0,5.0,0.0,18.0,2.0,2.0,2.0,184.0
0.0,0.0,1.0,0.0,0.0,1.0,0.0,0.0,1.0,0.0,0.0,0.0,0.0,0.0,0.0,0.0,0.0,1.0,0.0,0.0,0.0,19.0,3.0,9.0,2.0,3.0,4.0,9.0,0.0,12.0,1.0,5.0,1.0,266.0
0.0,0.0,0.0,1.0,0.0,1.0,0.0,1.0,0.0,0.0,0.0,0.0,0.0,0.0,0.0,0.0,0.0,1.0,0.0,0.0,0.0,8.0,1.0,22.0,3.0,4.0,4.0,2.0,0.0,19.0,3.0,3.0,3.0,186.0
1.0,0.0,0.0,1.0,0.0,0.0,1.0,0.0,0.0,1.0,0.0,0.0,0.0,0.0,0.0,0.0,0.0,1.0,0.0,0.0,0.0,9.0,1.0,26.0,3.0,3.0,3.0,1.0,0.0,14.0,1.0,1.0,2.0,123.0
1.0,0.0,0.0,1.0,0.0,1.0,0.0,0.0,0.0,0.0,1.0,0.0,0.0,0.0,0.0,0.0,0.0,1.0,0.0,0.0,1.0,9.0,1.0,15.0,2.0,3.0,5.0,4.0,0.0,14.0,1.0,1.0,0.0,120.0
1.0,0.0,1.0,0.0,0.0,1.0,0.0,1.0,0.0,0.0,0.0,0.0,0.0,0.0,1.0,0.0,0.0,0.0,0.0,0.0,0.0,7.0,3.0,7.0,3.0,4.0,3.0,2.0,1.0,14.0,7.0,8.0,6.0,171.0
0.0,0.0,0.0,1.0,1.0,0.0,0.0,0.0,0.0,0.0,0.0,1.0,0.0,0.0,0.0,0.0,0.0,1.0,0.0,0.0,1.0,0.0,1.0,9.0,2.0,3.0,3.0,2.0,0.0,12.0,2.0,7.0,7.0,141.0
1.0,0.0,0.0,1.0,1.0,0.0,0.0,0.0,1.0,0.0,0.0,0.0,0.0,0.0,0.0,0.0,1.0,0.0,0.0,0.0,0.0,23.0,1.0,28.0,2.0,5.0,1.0,2.0,1.0,13.0,1.0,2.0,9.0,244.0
1.0,0.0,1.0,0.0,0.0,0.0,1.0,0.0,0.0,0.0,1.0,0.0,0.0,0.0,1.0,0.0,0.0,0.0,0.0,0.0,0.0,9.0,3.0,13.0,2.0,3.0,3.0,1.0,1.0,25.0,3.0,5.0,7.0,123.0
1.0,0.0,1.0,0.0,0.0,0.0,1.0,0.0,0.0,0.0,0.0,1.0,0.0,0.0,0.0,0.0,1.0,0.0,0.0,0.0,0.0,15.0,1.0,8.0,3.0,4.0,4.0,5.0,0.0,14.0,0.0,1.0,0.0,148.0
1.0,0.0,1.0,0.0,0.0,0.0,1.0,0.0,0.0,1.0,0.0,0.0,0.0,0.0,0.0,0.0,1.0,0.0,0.0,0.0,0.0,10.0,1.0,19.0,2.0,3.0,1.0,2.0,0.0,17.0,2.0,3.0,7.0,143.0
0.0,0.0,1.0,0.0,0.0,1.0,0.0,0.0,0.0,1.0,0.0,0.0,0.0,0.0,0.0,0.0,0.0,0.0,0.0,1.0,0.0,2.0,1.0,14.0,2.0,5.0,5.0,4.0,0.0,13.0,1.0,1.0,7.0,197.0
1.0,0.0,0.0,1.0,0.0,0.0,1.0,0.0,0.0,1.0,0.0,0.0,0.0,0.0,0.0,0.0,0.0,1.0,0.0,0.0,0.0,6.0,1.0,31.0,2.0,4.0,4.0,2.0,0.0,13.0,1.0,1.0,2.0,143.0
1.0,0.0,1.0,0.0,0.0,0.0,1.0,0.0,0.0,0.0,1.0,0.0,0.0,0.0,0.0,1.0,0.0,0.0,0.0,0.0,0.0,9.0,1.0,34.0,3.0,3.0,1.0,5.0,0.0,20.0,1.0,1.0,3.0,121.0
1.0,0.0,1.0,0.0,1.0,0.0,0.0,1.0,0.0,0.0,0.0,0.0,0.0,0.0,0.0,0.0,0.0,1.0,0.0,0.0,0.0,15.0,1.0,8.0,2.0,3.0,1.0,3.0,1.0,14.0,4.0,13.0,9.0,201.0
1.0,0.0,1.0,0.0,0.0,1.0,0.0,0.0,0.0,1.0,0.0,0.0,0.0,0.0,0.0,0.0,1.0,0.0,0.0,0.0,0.0,13.0,3.0,15.0,2.0,3.0,5.0,1.0,0.0,12.0,7.0,7.0,1.0,155.0
1.0,0.0,1.0,0.0,0.0,1.0,0.0,0.0,0.0,1.0,0.0,0.0,0.0,0.0,0.0,0.0,0.0,1.0,0.0,0.0,0.0,6.0,1.0,34.0,3.0,3.0,3.0,2.0,1.0,12.0,4.0,5.0,7.0,152.0
1.0,0.0,0.0,1.0,0.0,1.0,0.0,0.0,1.0,0.0,0.0,0.0,0.0,0.0,0.0,0.0,1.0,0.0,0.0,0.0,0.0,13.0,2.0,12.0,2.0,3.0,1.0,2.0,1.0,21.0,1.0,7.0,7.0,264.0
1.0,0.0,1.0,0.0,0.0,0.0,1.0,0.0,0.0,0.0,1.0,0.0,0.0,0.0,1.0,0.0,0.0,0.0,0.0,0.0,0.0,9.0,1.0,27.0,2.0,4.0,5.0,1.0,0.0,14.0,0.0,1.0,0.0,123.0
1.0,0.0,1.0,0.0,1.0,0.0,0.0,0.0,0.0,1.0,0.0,0.0,0.0,0.0,0.0,0.0,0.0,1.0,0.0,0.0,0.0,13.0,1.0,14.0,3.0,3.0,1.0,4.0,1.0,18.0,1.0,2.0,2.0,141.0
1.0,0.0,1.0,0.0,0.0,1.0,0.0,1.0,0.0,0.0,0.0,0.0,0.0,0.0,1.0,0.0,0.0,0.0,0.0,0.0,0.0,18.0,1.0,7.0,3.0,3.0,4.0,2.0,0.0,12.0,3.0,7.0,7.0,174.0
0.0,0.0,1.0,0.0,0.0,0.0,1.0,0.0,0.0,0.0,1.0,0.0,0.0,0.0,0.0,0.0,0.0,1.0,0.0,0.0,0.0,8.0,3.0,14.0,3.0,4.0,3.0,1.0,0.0,23.0,2.0,4.0,2.0,124.0
0.0,0.0,1.0,0.0,0.0,1.0,0.0,0.0,0.0,1.0,0.0,0.0,0.0,0.0,0.0,0.0,0.0,1.0,0.0,0.0,0.0,5.0,1.0,11.0,3.0,4.0,4.0,4.0,0.0,12.0,1.0,2.0,5.0,159.0
1.0,0.0,0.0,1.0,0.0,0.0,1.0,0.0,0.0,0.0,1.0,0.0,0.0,0.0,0.0,0.0,0.0,1.0,0.0,0.0,0.0,9.0,3.0,14.0,3.0,3.0,1.0,4.0,1.0,21.0,1.0,1.0,2.0,126.0
0.0,0.0,1.0,0.0,0.0,1.0,0.0,0.0,0.0,1.0,0.0,0.0,0.0,0.0,0.0,0.0,0.0,1.0,0.0,0.0,0.0,21.0,3.0,22.0,3.0,3.0,3.0,9.0,0.0,14.0,7.0,7.0,7.0,164.0
1.0,0.0,1.0,0.0,0.0,0.0,1.0,0.0,0.0,0.0,1.0,0.0,0.0,0.0,0.0,0.0,0.0,1.0,0.0,0.0,0.0,2.0,1.0,14.0,3.0,1.0,3.0,7.0,0.0,18.0,0.0,1.0,0.0,125.0
1.0,0.0,1.0,0.0,0.0,1.0,0.0,0.0,0.0,1.0,0.0,0.0,0.0,0.0,0.0,0.0,0.0,1.0,0.0,0.0,0.0,6.0,3.0,14.0,2.0,3.0,5.0,3.0,0.0,13.0,2.0,2.0,2.0,164.0
1.0,0.0,1.0,0.0,0.0,1.0,0.0,0.0,0.0,1.0,0.0,0.0,0.0,0.0,0.0,0.0,0.0,1.0,0.0,0.0,1.0,0.0,3.0,7.0,3.0,4.0,5.0,2.0,0.0,11.0,1.0,6.0,7.0,197.0
1.0,0.0,1.0,0.0,1.0,0.0,0.0,0.0,0.0,1.0,0.0,0.0,0.0,0.0,0.0,0.0,0.0,0.0,0.0,1.0,0.0,11.0,2.0,16.0,3.0,3.0,3.0,4.0,0.0,11.0,0.0,1.0,2.0,161.0
1.0,0.0,0.0,1.0,0.0,0.0,1.0,0.0,0.0,0.0,1.0,0.0,0.0,1.0,0.0,0.0,0.0,0.0,0.0,0.0,0.0,8.0,1.0,14.0,3.0,4.0,5.0,2.0,0.0,19.0,1.0,1.0,2.0,125.0
1.0,0.0,1.0,0.0,0.0,1.0,0.0,1.0,0.0,0.0,0.0,0.0,0.0,0.0,1.0,0.0,0.0,0.0,0.0,0.0,0.0,7.0,3.0,35.0,2.0,3.0,4.0,4.0,0.0,12.0,1.0,1.0,3.0,193.0
0.0,0.0,1.0,0.0,0.0,0.0,1.0,0.0,0.0,0.0,1.0,0.0,0.0,0.0,0.0,0.0,0.0,1.0,0.0,0.0,1.0,9.0,1.0,8.0,3.0,3.0,5.0,2.0,1.0,12.0,1.0,1.0,0.0,121.0
0.0,0.0,1.0,0.0,0.0,1.0,0.0,1.0,0.0,0.0,0.0,0.0,0.0,0.0,0.0,1.0,0.0,0.0,0.0,0.0,1.0,16.0,1.0,8.0,3.0,4.0,1.0,1.0,0.0,16.0,0.0,1.0,9.0,202.0
1.0,0.0,1.0,0.0,0.0,0.0,1.0,0.0,0.0,1.0,0.0,0.0,0.0,0.0,0.0,0.0,1.0,0.0,0.0,0.0,1.0,1.0,1.0,8.0,2.0,3.0,4.0,5.0,0.0,11.0,1.0,1.0,4.0,149.0
1.0,0.0,1.0,0.0,1.0,0.0,0.0,0.0,0.0,1.0,0.0,0.0,0.0,0.0,1.0,0.0,0.0,0.0,0.0,0.0,0.0,5.0,1.0,7.0,3.0,3.0,5.0,5.0,0.0,14.0,0.0,1.0,2.0,141.0
0.0,0.0,1.0,0.0,0.0,0.0,1.0,0.0,0.0,0.0,1.0,0.0,0.0,0.0,0.0,0.0,0.0,0.0,0.0,1.0,0.0,21.0,1.0,14.0,3.0,3.0,5.0,9.0,0.0,12.0,6.0,7.0,6.0,124.0
1.0,0.0,0.0,1.0,0.0,0.0,1.0,0.0,0.0,0.0,1.0,0.0,0.0,1.0,0.0,0.0,0.0,0.0,0.0,0.0,0.0,7.0,1.0,13.0,3.0,3.0,1.0,2.0,0.0,13.0,0.0,1.0,0.0,130.0
1.0,0.0,1.0,0.0,0.0,1.0,0.0,0.0,0.0,0.0,0.0,0.0,1.0,0.0,0.0,0.0,0.0,0.0,1.0,0.0,0.0,28.0,3.0,32.0,2.0,4.0,1.0,2.0,0.0,15.0,0.0,2.0,13.0,296.0
1.0,0.0,1.0,0.0,0.0,1.0,0.0,0.0,0.0,1.0,0.0,0.0,0.0,0.0,0.0,0.0,0.0,1.0,0.0,0.0,0.0,7.0,1.0,7.0,2.0,3.0,1.0,10.0,0.0,17.0,0.0,2.0,1.0,155.0
0.0,0.0,1.0,0.0,0.0,0.0,1.0,0.0,0.0,0.0,1.0,0.0,0.0,0.0,0.0,0.0,0.0,1.0,0.0,0.0,0.0,9.0,1.0,9.0,2.0,3.0,1.0,2.0,0.0,21.0,1.0,1.0,0.0,121.0
1.0,0.0,1.0,0.0,0.0,1.0,0.0,0.0,0.0,1.0,0.0,0.0,0.0,0.0,0.0,0.0,0.0,1.0,0.0,0.0,0.0,11.0,3.0,20.0,3.0,3.0,4.0,1.0,0.0,11.0,3.0,7.0,7.0,199.0
0.0,0.0,0.0,1.0,0.0,0.0,1.0,0.0,0.0,1.0,0.0,0.0,0.0,0.0,0.0,0.0,0.0,1.0,0.0,0.0,0.0,11.0,3.0,22.0,2.0,3.0,4.0,3.0,0.0,12.0,1.0,1.0,2.0,142.0
0.0,0.0,0.0,1.0,0.0,1.0,0.0,0.0,0.0,1.0,0.0,0.0,0.0,0.0,0.0,0.0,0.0,1.0,0.0,0.0,0.0,9.0,3.0,7.0,3.0,3.0,3.0,7.0,0.0,13.0,1.0,1.0,0.0,168.0
1.0,0.0,0.0,1.0,0.0,0.0,1.0,0.0,0.0,0.0,0.0,1.0,0.0,0.0,0.0,0.0,1.0,0.0,0.0,0.0,0.0,2.0,1.0,9.0,2.0,3.0,5.0,2.0,1.0,18.0,0.0,1.0,5.0,147.0
0.0,0.0,0.0,1.0,0.0,1.0,0.0,0.0,0.0,1.0,0.0,0.0,0.0,0.0,0.0,0.0,1.0,0.0,0.0,0.0,0.0,8.0,1.0,16.0,2.0,3.0,3.0,4.0,1.0,16.0,0.0,1.0,4.0,161.0
1.0,0.0,1.0,0.0,0.0,1.0,0.0,1.0,0.0,0.0,0.0,0.0,0.0,0.0,0.0,0.0,1.0,0.0,0.0,0.0,0.0,12.0,3.0,12.0,2.0,1.0,3.0,3.0,0.0,11.0,3.0,7.0,6.0,182.0
1.0,0.0,1.0,0.0,1.0,0.0,0.0,0.0,0.0,1.0,0.0,0.0,0.0,0.0,0.0,0.0,0.0,1.0,0.0,0.0,0.0,2.0,1.0,8.0,2.0,3.0,1.0,2.0,0.0,19.0,1.0,1.0,3.0,189.0
1.0,0.0,1.0,0.0,0.0,1.0,0.0,0.0,0.0,0.0,0.0,0.0,1.0,0.0,0.0,0.0,0.0,0.0,1.0,0.0,0.0,23.0,3.0,15.0,2.0,3.0,3.0,5.0,1.0,15.0,0.0,1.0,0.0,293.0
1.0,0.0,1.0,0.0,0.0,0.0,1.0,0.0,0.0,0.0,1.0,0.0,0.0,0.0,0.0,1.0,0.0,0.0,0.0,0.0,0.0,9.0,1.0,16.0,2.0,1.0,3.0,3.0,0.0,16.0,0.0,2.0,2.0,121.0
1.0,0.0,1.0,0.0,1.0,0.0,0.0,0.0,0.0,1.0,0.0,0.0,0.0,0.0,0.0,0.0,0.0,1.0,0.0,0.0,0.0,9.0,1.0,12.0,3.0,1.0,5.0,4.0,1.0,13.0,0.0,1.0,2.0,156.0
1.0,0.0,0.0,1.0,0.0,1.0,0.0,0.0,0.0,0.0,0.0,0.0,1.0,0.0,0.0,0.0,0.0,0.0,0.0,1.0,0.0,15.0,1.0,15.0,3.0,4.0,1.0,9.0,0.0,15.0,1.0,1.0,1.0,296.0
1.0,0.0,1.0,0.0,0.0,0.0,1.0,0.0,0.0,1.0,0.0,0.0,0.0,0.0,0.0,0.0,0.0,1.0,0.0,0.0,0.0,8.0,1.0,34.0,2.0,1.0,3.0,2.0,0.0,17.0,6.0,6.0,8.0,134.0
1.0,0.0,1.0,0.0,1.0,0.0,0.0,0.0,0.0,1.0,0.0,0.0,0.0,0.0,1.0,0.0,0.0,0.0,0.0,0.0,0.0,7.0,1.0,16.0,3.0,4.0,3.0,2.0,0.0,14.0,1.0,7.0,7.0,151.0
0.0,0.0,1.0,0.0,0.0,0.0,1.0,0.0,0.0,1.0,0.0,0.0,0.0,0.0,0.0,0.0,0.0,1.0,0.0,0.0,0.0,13.0,3.0,20.0,2.0,3.0,5.0,2.0,0.0,15.0,0.0,1.0,2.0,146.0
1.0,0.0,1.0,0.0,0.0,0.0,1.0,0.0,0.0,0.0,0.0,1.0,0.0,0.0,1.0,0.0,0.0,0.0,0.0,0.0,0.0,16.0,1.0,33.0,2.0,1.0,4.0,6.0,0.0,12.0,1.0,1.0,2.0,149.0
1.0,0.0,1.0,0.0,0.0,0.0,1.0,0.0,0.0,0.0,1.0,0.0,0.0,0.0,0.0,0.0,0.0,1.0,0.0,0.0,0.0,8.0,1.0,13.0,3.0,4.0,1.0,2.0,0.0,18.0,1.0,1.0,1.0,127.0
1.0,0.0,0.0,1.0,0.0,1.0,0.0,0.0,1.0,0.0,0.0,0.0,0.0,0.0,0.0,0.0,0.0,1.0,0.0,0.0,0.0,19.0,3.0,7.0,2.0,1.0,5.0,2.0,0.0,15.0,1.0,1.0,12.0,276.0
1.0,0.0,1.0,0.0,0.0,0.0,1.0,0.0,0.0,0.0,1.0,0.0,0.0,1.0,0.0,0.0,0.0,0.0,0.0,0.0,1.0,0.0,1.0,14.0,2.0,3.0,4.0,2.0,1.0,17.0,0.0,1.0,0.0,124.0
0.0,0.0,1.0,0.0,1.0,0.0,0.0,0.0,0.0,0.0,1.0,0.0,0.0,0.0,0.0,0.0,0.0,0.0,0.0,1.0,0.0,0.0,1.0,32.0,3.0,4.0,3.0,2.0,1.0,14.0,1.0,1.0,3.0,128.0
1.0,0.0,1.0,0.0,1.0,0.0,0.0,0.0,1.0,0.0,0.0,0.0,0.0,0.0,0.0,0.0,1.0,0.0,0.0,0.0,0.0,23.0,1.0,26.0,2.0,3.0,3.0,3.0,1.0,15.0,0.0,12.0,4.543490512868683,212.0
0.0,0.0,1.0,0.0,0.0,0.0,1.0,0.0,0.0,0.0,1.0,0.0,0.0,0.0,0.0,0.0,0.0,0.0,0.0,1.0,0.0,5.0,1.0,11.0,2.0,1.0,1.0,4.0,0.0,17.0,1.0,1.0,2.0,133.0
0.0,0.0,1.0,0.0,0.0,1.0,0.0,0.0,0.0,0.0,0.0,0.0,1.0,0.0,0.0,0.0,1.0,0.0,0.0,0.0,0.0,17.0,1.0,13.0,2.0,3.0,1.0,1.0,1.0,14.0,1.0,1.0,10.0,290.0
1.0,0.0,1.0,0.0,0.0,0.0,1.0,0.0,0.0,0.0,1.0,0.0,0.0,1.0,0.0,0.0,0.0,0.0,0.0,0.0,0.0,9.0,1.0,13.0,2.0,4.0,4.0,2.0,0.0,12.0,1.0,1.0,1.0,121.0
0.0,0.0,0.0,1.0,0.0,1.0,0.0,0.0,0.0,1.0,0.0,0.0,0.0,0.0,0.0,0.0,1.0,0.0,0.0,0.0,0.0,18.0,1.0,11.0,2.0,5.0,5.0,2.0,1.0,14.0,0.0,1.0,4.0,158.0
1.0,0.0,1.0,0.0,1.0,0.0,0.0,0.0,0.0,1.0,0.0,0.0,0.0,0.0,0.0,0.0,0.0,0.0,1.0,0.0,0.0,18.0,3.0,32.0,2.0,4.0,5.0,2.0,0.0,15.0,3.0,4.0,5.0,144.0
1.0,0.0,0.0,1.0,1.0,0.0,0.0,0.0,0.0,1.0,0.0,0.0,0.0,0.0,0.0,0.0,0.0,0.0,0.0,1.0,0.0,4.0,3.0,8.0,2.0,3.0,5.0,8.0,0.0,13.0,1.0,1.0,3.0,153.0
0.0,0.0,1.0,0.0,0.0,0.0,1.0,0.0,0.0,1.0,0.0,0.0,0.0,0.0,0.0,0.0,0.0,1.0,0.0,0.0,0.0,9.0,1.0,18.0,3.0,3.0,3.0,10.0,1.0,12.0,0.0,1.0,1.0,147.0
1.0,0.0,1.0,0.0,1.0,0.0,0.0,0.0,0.0,1.0,0.0,0.0,0.0,0.0,0.0,0.0,0.0,1.0,0.0,0.0,0.0,7.0,1.0,16.0,2.0,1.0,1.0,2.0,0.0,13.0,3.0,7.0,2.0,147.0
0.0,0.0,1.0,0.0,0.0,0.0,1.0,0.0,0.0,0.0,1.0,0.0,0.0,0.0,0.0,0.0,0.0,1.0,0.0,0.0,0.0,22.0,1.0,31.0,2.0,3.0,5.0,2.0,0.0,14.0,1.0,1.0,4.0,132.0
1.0,0.0,1.0,0.0,0.0,1.0,0.0,0.0,0.0,1.0,0.0,0.0,0.0,0.0,0.0,0.0,1.0,0.0,0.0,0.0,0.0,12.0,1.0,16.0,3.0,3.0,5.0,3.0,0.0,13.0,3.0,7.0,7.0,154.0
1.0,0.0,1.0,0.0,0.0,0.0,1.0,0.0,0.0,0.0,0.0,1.0,0.0,0.0,0.0,0.0,0.0,0.0,0.0,1.0,0.0,0.0,1.0,25.0,3.0,4.0,5.0,2.0,0.0,11.0,0.0,1.0,7.0,141.0
1.0,0.0,1.0,0.0,0.0,1.0,0.0,0.0,0.0,1.0,0.0,0.0,0.0,0.0,0.0,0.0,0.0,1.0,0.0,0.0,0.0,8.0,1.0,24.0,2.0,1.0,5.0,2.0,0.0,11.0,1.0,1.0,10.0,152.0
0.0,0.0,1.0,0.0,0.0,0.0,1.0,0.0,0.0,1.0,0.0,0.0,0.0,0.0,0.0,0.0,1.0,0.0,0.0,0.0,0.0,1.0,1.0,33.0,2.0,5.0,5.0,1.0,0.0,21.0,1.0,1.0,0.0,149.0
1.0,0.0,0.0,1.0,0.0,0.0,1.0,0.0,0.0,0.0,1.0,0.0,0.0,1.0,0.0,0.0,0.0,0.0,0.0,0.0,0.0,0.0,1.0,11.0,3.0,3.0,1.0,2.0,0.0,18.0,0.0,2.0,2.0,131.0
0.0,0.0,0.0,1.0,1.0,0.0,0.0,0.0,0.0,0.0,0.0,1.0,0.0,0.0,0.0,0.0,1.0,0.0,0.0,0.0,1.0,9.0,3.0,9.0,3.0,3.0,1.0,2.0,1.0,12.0,1.0,1.0,0.0,116.0
0.0,0.0,1.0,0.0,0.0,1.0,0.0,0.0,0.0,0.0,0.0,0.0,1.0,0.0,0.0,0.0,0.0,1.0,0.0,0.0,0.0,20.0,2.0,32.0,3.0,3.0,3.0,4.0,0.0,15.0,1.0,1.0,0.0,297.0
1.0,0.0,1.0,0.0,0.0,0.0,1.0,0.0,0.0,1.0,0.0,0.0,0.0,1.0,0.0,0.0,0.0,0.0,0.0,0.0,0.0,12.0,1.0,9.0,3.0,4.0,3.0,1.0,0.0,15.0,0.0,1.0,7.0,131.0
0.0,0.0,1.0,0.0,0.0,1.0,0.0,1.0,0.0,0.0,0.0,0.0,0.0,0.0,0.0,0.0,0.0,1.0,0.0,0.0,0.0,13.0,1.0,21.0,3.0,4.0,3.0,2.0,0.0,13.0,6.0,14.0,12.0,204.0
0.0,0.0,1.0,0.0,1.0,0.0,0.0,0.0,0.0,1.0,0.0,0.0,0.0,0.0,0.0,0.0,0.0,1.0,0.0,0.0,0.0,8.0,1.0,14.0,2.0,3.0,3.0,2.0,0.0,12.0,0.0,2.0,9.0,141.0
1.0,0.0,1.0,0.0,0.0,1.0,0.0,0.0,0.0,1.0,0.0,0.0,0.0,0.0,0.0,0.0,0.0,1.0,0.0,0.0,0.0,10.0,1.0,25.0,2.0,3.0,3.0,4.0,0.0,17.0,0.0,1.0,2.0,158.0
0.0,0.0,0.0,1.0,1.0,0.0,0.0,0.0,0.0,1.0,0.0,0.0,0.0,0.0,0.0,0.0,1.0,0.0,0.0,0.0,0.0,12.0,1.0,10.0,2.0,3.0,3.0,1.0,0.0,13.0,3.0,3.0,8.0,150.0
0.0,0.0,1.0,0.0,0.0,1.0,0.0,0.0,0.0,1.0,0.0,0.0,0.0,0.0,0.0,0.0,0.0,0.0,0.0,1.0,0.0,18.0,1.0,8.0,2.0,4.0,1.0,2.0,0.0,19.0,3.0,3.0,9.0,158.0
0.0,0.0,1.0,0.0,0.0,1.0,0.0,1.0,0.0,0.0,0.0,0.0,0.0,0.0,0.0,0.0,1.0,0.0,0.0,0.0,0.0,11.0,1.0,8.0,2.0,4.0,3.0,4.0,1.0,19.0,0.0,1.0,2.0,178.0
1.0,0.0,1.0,0.0,0.0,1.0,0.0,1.0,0.0,0.0,0.0,0.0,0.0,0.0,0.0,0.0,1.0,0.0,0.0,0.0,1.0,0.0,3.0,16.0,2.0,4.0,5.0,10.0,0.0,17.0,0.0,6.0,0.0,203.0
0.0,0.0,1.0,0.0,0.0,0.0,1.0,0.0,0.0,0.0,0.0,1.0,0.0,0.0,0.0,0.0,1.0,0.0,0.0,0.0,0.0,10.0,1.0,16.0,3.0,3.0,4.0,2.0,0.0,11.0,4.0,7.0,7.0,139.0
0.0,0.0,0.0,1.0,0.0,1.0,0.0,1.0,0.0,0.0,0.0,0.0,0.0,0.0,0.0,0.0,0.0,1.0,0.0,0.0,0.0,13.0,1.0,22.0,2.0,3.0,1.0,7.0,1.0,15.0,3.0,3.0,3.0,179.0
1.0,0.0,1.0,0.0,1.0,0.0,0.0,0.0,0.0,1.0,0.0,0.0,0.0,0.0,0.0,0.0,0.0,0.0,0.0,1.0,0.0,17.0,2.0,7.0,2.0,3.0,1.0,5.0,1.0,11.0,1.0,1.0,2.0,157.0
1.0,0.0,1.0,0.0,1.0,0.0,0.0,0.0,1.0,0.0,0.0,0.0,0.0,0.0,0.0,0.0,1.0,0.0,0.0,0.0,0.0,21.0,1.0,10.0,2.0,4.0,1.0,3.0,0.0,25.0,0.0,2.0,2.0,252.0
1.0,0.0,1.0,0.0,0.0,1.0,0.0,0.0,0.0,1.0,0.0,0.0,0.0,0.0,0.0,0.0,1.0,0.0,0.0,0.0,1.0,0.0,3.0,21.0,2.0,5.0,1.0,7.0,1.0,14.0,0.0,2.0,2.0,154.0
0.0,0.0,0.0,1.0,1.0,0.0,0.0,0.0,0.0,0.0,0.0,1.0,0.0,0.0,1.0,0.0,0.0,0.0,0.0,0.0,0.0,0.0,1.0,8.0,2.0,3.0,1.0,2.0,1.0,13.0,0.0,1.0,3.0,138.0
0.0,0.0,1.0,0.0,0.0,0.0,1.0,0.0,0.0,0.0,1.0,0.0,0.0,0.0,0.0,0.0,1.0,0.0,0.0,0.0,0.0,0.0,1.0,14.0,2.0,1.0,3.0,8.0,0.0,17.0,0.0,1.0,2.0,135.0
1.0,0.0,0.0,1.0,1.0,0.0,0.0,0.0,0.0,0.0,1.0,0.0,0.0,1.0,0.0,0.0,0.0,0.0,0.0,0.0,0.0,0.0,1.0,14.0,2.0,3.0,1.0,3.0,0.0,13.0,0.0,1.0,2.0,126.0
1.0,0.0,0.0,1.0,0.0,0.0,1.0,0.0,0.0,0.0,1.0,0.0,0.0,0.0,0.0,0.0,0.0,1.0,0.0,0.0,1.0,9.0,1.0,13.0,3.0,3.0,5.0,4.0,1.0,14.0,0.0,1.0,3.0,122.0
1.0,0.0,0.0,1.0,0.0,1.0,0.0,0.0,0.0,1.0,0.0,0.0,0.0,0.0,0.0,0.0,1.0,0.0,0.0,0.0,0.0,2.0,3.0,16.0,2.0,4.0,3.0,10.0,0.0,11.0,1.0,1.0,4.0,159.0
0.0,0.0,1.0,0.0,0.0,1.0,0.0,1.0,0.0,0.0,0.0,0.0,0.0,0.0,0.0,0.0,0.0,1.0,0.0,0.0,0.0,9.0,1.0,11.0,2.0,3.0,5.0,5.0,0.0,12.0,1.0,1.0,2.0,180.0
1.0,0.0,1.0,0.0,1.0,0.0,0.0,0.0,0.0,1.0,0.0,0.0,0.0,0.0,0.0,0.0,0.0,1.0,0.0,0.0,0.0,0.0,1.0,8.0,3.0,1.0,3.0,2.0,0.0,17.0,1.0,1.0,7.0,152.0
1.0,0.0,1.0,0.0,0.0,1.0,0.0,0.0,0.0,1.0,0.0,0.0,0.0,0.0,0.0,0.0,1.0,0.0,0.0,0.0,0.0,12.0,1.0,18.0,3.0,3.0,4.0,5.0,0.0,21.0,1.0,1.0,0.0,153.0
0.0,0.0,1.0,0.0,0.0,1.0,0.0,0.0,1.0,0.0,0.0,0.0,0.0,0.0,0.0,0.0,0.0,0.0,0.0,1.0,0.0,22.0,1.0,28.0,3.0,3.0,4.0,4.0,0.0,16.0,1.0,1.0,2.0,264.0
0.0,0.0,1.0,0.0,0.0,1.0,0.0,1.0,0.0,0.0,0.0,0.0,0.0,0.0,0.0,0.0,0.0,1.0,0.0,0.0,0.0,23.0,1.0,23.0,2.0,4.0,5.0,6.0,0.0,15.0,0.0,2.0,11.0,233.0
0.0,0.0,0.0,1.0,0.0,0.0,1.0,0.0,0.0,0.0,1.0,0.0,0.0,1.0,0.0,0.0,0.0,0.0,0.0,0.0,0.0,0.0,3.0,8.0,3.0,3.0,3.0,2.0,0.0,19.0,0.0,2.0,2.0,128.0
0.0,0.0,1.0,0.0,0.0,1.0,0.0,0.0,0.0,1.0,0.0,0.0,0.0,0.0,0.0,0.0,0.0,1.0,0.0,0.0,0.0,7.0,1.0,9.0,3.0,3.0,4.0,2.0,0.0,12.0,1.0,7.0,9.0,154.0
1.0,0.0,0.0,1.0,0.0,1.0,0.0,0.0,0.0,0.0,1.0,0.0,0.0,0.0,0.0,0.0,0.0,1.0,0.0,0.0,0.0,9.0,1.0,13.0,3.0,3.0,4.0,3.0,0.0,11.0,0.0,1.0,3.0,120.0
0.0,0.0,1.0,0.0,0.0,1.0,0.0,0.0,1.0,0.0,0.0,0.0,0.0,0.0,0.0,0.0,0.0,1.0,0.0,0.0,0.0,22.0,1.0,12.0,2.0,4.0,3.0,3.0,1.0,19.0,2.0,2.0,12.0,240.0
0.0,0.0,1.0,0.0,1.0,0.0,0.0,0.0,0.0,1.0,0.0,0.0,0.0,0.0,0.0,0.0,1.0,0.0,0.0,0.0,0.0,9.0,1.0,7.0,2.0,4.0,3.0,1.0,0.0,15.0,0.0,1.0,2.0,144.0
1.0,0.0,1.0,0.0,0.0,1.0,0.0,0.0,0.0,1.0,0.0,0.0,0.0,0.0,0.0,0.0,0.0,1.0,0.0,0.0,0.0,9.0,1.0,9.0,3.0,1.0,5.0,7.0,0.0,20.0,0.0,1.0,4.0,168.0
0.0,0.0,1.0,0.0,0.0,1.0,0.0,0.0,1.0,0.0,0.0,0.0,0.0,0.0,0.0,0.0,1.0,0.0,0.0,0.0,0.0,27.0,1.0,28.0,3.0,3.0,3.0,4.0,0.0,25.0,1.0,4.0,7.0,274.0
1.0,0.0,1.0,0.0,0.0,1.0,0.0,0.0,1.0,0.0,0.0,0.0,0.0,0.0,0.0,0.0,0.0,1.0,0.0,0.0,0.0,16.0,1.0,21.0,3.0,4.0,3.0,2.0,0.0,24.0,1.0,6.0,11.0,276.0
1.0,0.0,0.0,1.0,1.0,0.0,0.0,0.0,0.0,1.0,0.0,0.0,0.0,0.0,0.0,0.0,0.0,0.0,0.0,1.0,1.0,0.0,3.0,18.0,2.0,3.0,1.0,4.0,1.0,24.0,5.0,6.0,7.0,146.0
1.0,0.0,1.0,0.0,1.0,0.0,0.0,0.0,0.0,1.0,0.0,0.0,0.0,0.0,0.0,0.0,0.0,1.0,0.0,0.0,0.0,11.0,1.0,7.0,2.0,3.0,1.0,8.0,0.0,15.0,1.0,2.0,9.0,147.0
1.0,0.0,1.0,0.0,0.0,0.0,1.0,0.0,0.0,1.0,0.0,0.0,0.0,0.0,0.0,0.0,1.0,0.0,0.0,0.0,0.0,2.0,3.0,11.0,2.0,4.0,4.0,2.0,1.0,13.0,0.0,1.0,9.0,142.0
1.0,0.0,1.0,0.0,0.0,1.0,0.0,0.0,0.0,1.0,0.0,0.0,0.0,0.0,0.0,0.0,1.0,0.0,0.0,0.0,0.0,6.0,3.0,8.0,3.0,3.0,1.0,2.0,0.0,14.0,1.0,1.0,4.0,155.0
1.0,0.0,1.0,0.0,0.0,1.0,0.0,0.0,0.0,1.0,0.0,0.0,0.0,0.0,0.0,0.0,1.0,0.0,0.0,0.0,0.0,5.0,1.0,8.0,2.0,3.0,4.0,1.0,0.0,13.0,1.0,1.0,6.0,155.0
0.0,0.0,1.0,0.0,0.0,1.0,0.0,0.0,0.0,1.0,0.0,0.0,0.0,0.0,0.0,0.0,0.0,1.0,0.0,0.0,0.0,4.0,3.0,11.0,3.0,3.0,1.0,2.0,0.0,11.0,0.0,1.0,2.0,155.0
0.0,0.0,1.0,0.0,0.0,0.0,1.0,0.0,0.0,0.0,1.0,0.0,0.0,1.0,0.0,0.0,0.0,0.0,0.0,0.0,0.0,22.0,1.0,14.0,3.0,3.0,5.0,5.0,1.0,16.0,0.0,2.0,2.0,126.0
0.0,0.0,0.0,1.0,1.0,0.0,0.0,0.0,0.0,0.0,1.0,0.0,0.0,1.0,0.0,0.0,0.0,0.0,0.0,0.0,0.0,11.0,1.0,14.0,2.0,4.0,4.0,2.0,0.0,22.0,0.0,3.0,3.0,124.0
0.0,0.0,1.0,0.0,0.0,1.0,0.0,0.0,1.0,0.0,0.0,0.0,0.0,0.0,0.0,0.0,0.0,1.0,0.0,0.0,0.0,20.0,3.0,8.0,2.0,1.0,4.0,7.0,0.0,14.0,1.0,2.0,2.0,260.0
1.0,0.0,0.0,1.0,0.0,1.0,0.0,0.0,1.0,0.0,0.0,0.0,0.0,0.0,0.0,0.0,0.0,1.0,0.0,0.0,0.0,22.0,1.0,7.0,2.0,3.0,3.0,5.0,0.0,14.0,1.0,2.0,0.0,254.0
1.0,0.0,0.0,1.0,0.0,1.0,0.0,1.0,0.0,0.0,0.0,0.0,0.0,0.0,0.0,0.0,0.0,1.0,0.0,0.0,0.0,14.0,3.0,29.0,3.0,3.0,3.0,4.0,1.0,16.0,0.0,1.0,2.0,171.0
1.0,0.0,0.0,1.0,0.0,0.0,1.0,0.0,0.0,0.0,1.0,0.0,0.0,0.0,0.0,0.0,0.0,1.0,0.0,0.0,0.0,0.0,3.0,15.0,3.0,3.0,5.0,2.0,0.0,11.0,0.0,1.0,2.0,127.0
0.0,0.0,1.0,0.0,1.0,0.0,0.0,0.0,0.0,1.0,0.0,0.0,0.0,0.0,0.0,0.0,0.0,1.0,0.0,0.0,0.0,6.0,3.0,22.0,2.0,3.0,1.0,2.0,1.0,25.0,0.0,1.0,2.0,154.0
1.0,0.0,1.0,0.0,0.0,1.0,0.0,0.0,0.0,1.0,0.0,0.0,0.0,0.0,0.0,0.0,0.0,1.0,0.0,0.0,0.0,9.0,1.0,32.0,3.0,3.0,3.0,7.0,0.0,14.0,1.0,1.0,2.0,153.0
0.0,0.0,1.0,0.0,0.0,0.0,1.0,0.0,0.0,0.0,1.0,0.0,0.0,0.0,0.0,0.0,0.0,1.0,0.0,0.0,0.0,17.0,2.0,7.0,2.0,3.0,1.0,5.0,1.0,18.0,2.0,2.0,2.0,132.0
1.0,0.0,0.0,1.0,0.0,0.0,1.0,0.0,0.0,0.0,0.0,1.0,0.0,0.0,0.0,0.0,1.0,0.0,0.0,0.0,1.0,0.0,1.0,14.0,3.0,4.0,3.0,2.0,1.0,11.0,1.0,1.0,2.0,140.0
0.0,0.0,1.0,0.0,0.0,0.0,1.0,0.0,0.0,0.0,1.0,0.0,0.0,1.0,0.0,0.0,0.0,0.0,0.0,0.0,0.0,11.0,1.0,10.0,2.0,3.0,3.0,8.0,0.0,19.0,0.0,1.0,0.0,133.0
1.0,0.0,1.0,0.0,0.0,1.0,0.0,1.0,0.0,0.0,0.0,0.0,0.0,0.0,0.0,0.0,1.0,0.0,0.0,0.0,0.0,26.0,1.0,30.0,2.0,1.0,1.0,4.0,0.0,15.0,0.0,1.0,2.0,170.0
0.0,0.0,1.0,0.0,1.0,0.0,0.0,0.0,0.0,0.0,1.0,0.0,0.0,1.0,0.0,0.0,0.0,0.0,0.0,0.0,1.0,11.0,3.0,14.0,3.0,3.0,3.0,3.0,1.0,11.0,1.0,7.0,7.0,127.0
1.0,0.0,0.0,1.0,0.0,1.0,0.0,0.0,0.0,0.0,0.0,1.0,0.0,0.0,0.0,0.0,0.0,1.0,0.0,0.0,1.0,9.0,1.0,8.0,3.0,3.0,4.0,2.0,0.0,12.0,0.0,1.0,0.0,114.0
1.0,0.0,0.0,1.0,1.0,0.0,0.0,0.0,0.0,0.0,1.0,0.0,0.0,1.0,0.0,0.0,0.0,0.0,0.0,0.0,0.0,0.0,1.0,14.0,3.0,3.0,1.0,2.0,0.0,20.0,0.0,5.0,7.0,126.0
1.0,0.0,1.0,0.0,0.0,0.0,1.0,0.0,0.0,0.0,1.0,0.0,0.0,0.0,1.0,0.0,0.0,0.0,0.0,0.0,0.0,28.0,1.0,28.0,3.0,4.0,4.0,6.0,0.0,12.0,1.0,1.0,2.0,135.0
1.0,0.0,1.0,0.0,0.0,0.0,1.0,0.0,0.0,1.0,0.0,0.0,0.0,0.0,0.0,0.0,1.0,0.0,0.0,0.0,0.0,7.0,1.0,11.0,2.0,4.0,1.0,2.0,0.0,14.0,0.0,4.0,13.0,140.0
1.0,0.0,1.0,0.0,0.0,1.0,0.0,1.0,0.0,0.0,0.0,0.0,0.0,0.0,0.0,0.0,1.0,0.0,0.0,0.0,0.0,30.0,1.0,7.0,3.0,5.0,1.0,4.0,0.0,20.0,1.0,1.0,0.0,209.0
1.0,0.0,1.0,0.0,0.0,0.0,1.0,0.0,0.0,0.0,1.0,0.0,0.0,1.0,0.0,0.0,0.0,0.0,0.0,0.0,0.0,9.0,1.0,27.0,3.0,1.0,4.0,2.0,0.0,18.0,0.0,2.0,13.0,120.0
1.0,0.0,1.0,0.0,1.0,0.0,0.0,0.0,0.0,1.0,0.0,0.0,0.0,0.0,0.0,0.0,1.0,0.0,0.0,0.0,0.0,10.0,3.0,7.0,2.0,5.0,1.0,2.0,0.0,14.0,1.0,1.0,3.0,195.0
0.0,0.0,1.0,0.0,0.0,0.0,1.0,0.0,0.0,0.0,1.0,0.0,0.0,0.0,0.0,0.0,0.0,1.0,0.0,0.0,0.0,7.0,1.0,25.0,3.0,4.0,1.0,2.0,0.0,12.0,1.0,8.0,7.0,129.0
1.0,0.0,1.0,0.0,0.0,0.0,1.0,0.0,0.0,0.0,1.0,0.0,0.0,0.0,0.0,0.0,0.0,1.0,0.0,0.0,1.0,9.0,3.0,13.0,3.0,3.0,1.0,2.0,1.0,21.0,1.0,1.0,2.0,123.0
0.0,0.0,1.0,0.0,0.0,1.0,0.0,1.0,0.0,0.0,0.0,0.0,0.0,0.0,0.0,0.0,0.0,1.0,0.0,0.0,0.0,17.0,1.0,8.0,3.0,1.0,1.0,2.0,1.0,19.0,1.0,6.0,7.0,179.0
1.0,0.0,0.0,1.0,1.0,0.0,0.0,0.0,0.0,0.0,0.0,1.0,0.0,0.0,0.0,0.0,1.0,0.0,0.0,0.0,0.0,8.0,1.0,8.0,3.0,4.0,1.0,1.0,1.0,14.0,1.0,1.0,4.0,149.0
1.0,0.0,1.0,0.0,0.0,1.0,0.0,0.0,0.0,1.0,0.0,0.0,0.0,0.0,0.0,0.0,1.0,0.0,0.0,0.0,0.0,16.0,3.0,8.0,3.0,3.0,1.0,2.0,1.0,17.0,3.0,8.0,8.0,178.0
1.0,0.0,1.0,0.0,0.0,0.0,1.0,0.0,0.0,0.0,0.0,1.0,0.0,0.0,0.0,0.0,1.0,0.0,0.0,0.0,0.0,0.0,1.0,15.0,3.0,1.0,3.0,2.0,0.0,16.0,0.0,1.0,4.0,144.0
1.0,0.0,0.0,1.0,0.0,1.0,0.0,1.0,0.0,0.0,0.0,0.0,0.0,0.0,0.0,0.0,0.0,0.0,1.0,0.0,0.0,14.0,3.0,12.0,2.0,3.0,3.0,2.0,0.0,12.0,3.0,8.0,7.0,192.0
0.0,0.0,1.0,0.0,0.0,0.0,1.0,0.0,0.0,0.0,1.0,0.0,0.0,1.0,0.0,0.0,0.0,0.0,0.0,0.0,0.0,2.0,1.0,15.0,3.0,3.0,3.0,10.0,0.0,17.0,0.0,1.0,2.0,130.0
0.0,0.0,0.0,1.0,0.0,0.0,1.0,0.0,0.0,1.0,0.0,0.0,0.0,0.0,0.0,0.0,0.0,1.0,0.0,0.0,0.0,9.0,3.0,8.0,2.0,3.0,1.0,4.0,0.0,15.0,6.0,6.0,7.0,145.0
1.0,0.0,1.0,0.0,1.0,0.0,0.0,1.0,0.0,0.0,0.0,0.0,0.0,0.0,0.0,0.0,0.0,1.0,0.0,0.0,0.0,18.0,1.0,7.0,3.0,4.0,3.0,4.0,0.0,23.0,4.0,14.0,4.0,207.0
1.0,0.0,1.0,0.0,0.0,1.0,0.0,0.0,0.0,0.0,0.0,1.0,0.0,0.0,0.0,0.0,0.0,0.0,0.0,1.0,1.0,9.0,2.0,28.0,2.0,5.0,3.0,2.0,0.0,11.0,0.0,1.0,0.0,116.0
1.0,0.0,1.0,0.0,1.0,0.0,0.0,0.0,1.0,0.0,0.0,0.0,0.0,0.0,0.0,0.0,0.0,1.0,0.0,0.0,1.0,10.0,3.0,15.0,2.0,5.0,3.0,8.0,0.0,11.0,6.0,14.0,4.543490512868683,229.0
1.0,0.0,1.0,0.0,0.0,0.0,1.0,0.0,0.0,0.0,1.0,0.0,0.0,1.0,0.0,0.0,0.0,0.0,0.0,0.0,0.0,9.0,1.0,23.0,3.0,5.0,3.0,2.0,0.0,15.0,1.0,1.0,2.0,123.0
0.0,0.0,0.0,1.0,0.0,1.0,0.0,0.0,1.0,0.0,0.0,0.0,0.0,0.0,0.0,1.0,0.0,0.0,0.0,0.0,0.0,18.0,1.0,34.0,2.0,4.0,4.0,2.0,0.0,11.0,1.0,8.0,6.0,267.0
1.0,0.0,1.0,0.0,1.0,0.0,0.0,0.0,0.0,0.0,1.0,0.0,0.0,0.0,0.0,0.0,0.0,1.0,0.0,0.0,0.0,5.0,1.0,16.0,2.0,3.0,3.0,7.0,0.0,13.0,0.0,1.0,3.0,134.0
1.0,0.0,1.0,0.0,0.0,0.0,1.0,0.0,0.0,0.0,1.0,0.0,0.0,0.0,0.0,0.0,0.0,1.0,0.0,0.0,0.0,4.0,1.0,8.0,3.0,3.0,3.0,2.0,0.0,14.0,1.0,1.0,3.0,135.0
1.0,0.0,1.0,0.0,1.0,0.0,0.0,0.0,0.0,1.0,0.0,0.0,0.0,0.0,0.0,0.0,0.0,0.0,0.0,1.0,0.0,14.0,2.0,10.0,2.0,5.0,4.0,7.0,0.0,19.0,0.0,1.0,2.0,164.0
0.0,0.0,1.0,0.0,0.0,1.0,0.0,0.0,0.0,1.0,0.0,0.0,0.0,0.0,0.0,0.0,0.0,1.0,0.0,0.0,0.0,13.0,1.0,14.0,3.0,3.0,5.0,3.0,1.0,16.0,1.0,1.0,0.0,165.0
1.0,0.0,1.0,0.0,0.0,0.0,1.0,0.0,0.0,0.0,0.0,1.0,0.0,0.0,0.0,0.0,1.0,0.0,0.0,0.0,0.0,0.0,1.0,35.0,3.0,3.0,5.0,2.0,0.0,13.0,1.0,1.0,2.0,139.0
1.0,0.0,0.0,1.0,0.0,1.0,0.0,0.0,0.0,1.0,0.0,0.0,0.0,0.0,0.0,0.0,0.0,1.0,0.0,0.0,0.0,19.0,1.0,19.0,2.0,3.0,4.0,7.0,0.0,14.0,1.0,1.0,9.0,156.0
1.0,0.0,1.0,0.0,0.0,1.0,0.0,0.0,0.0,1.0,0.0,0.0,0.0,0.0,0.0,0.0,0.0,1.0,0.0,0.0,0.0,8.0,1.0,33.0,2.0,3.0,3.0,3.0,0.0,16.0,1.0,1.0,7.0,169.0
1.0,0.0,1.0,0.0,0.0,0.0,1.0,0.0,0.0,0.0,1.0,0.0,0.0,0.0,0.0,0.0,0.0,1.0,0.0,0.0,0.0,3.0,1.0,22.0,3.0,3.0,1.0,2.0,0.0,12.0,0.0,1.0,8.0,129.0
1.0,0.0,1.0,0.0,1.0,0.0,0.0,0.0,0.0,1.0,0.0,0.0,0.0,0.0,0.0,0.0,0.0,0.0,1.0,0.0,0.0,20.0,3.0,8.0,2.0,3.0,4.0,8.0,0.0,11.0,0.0,1.0,0.0,150.0
1.0,0.0,1.0,0.0,0.0,1.0,0.0,1.0,0.0,0.0,0.0,0.0,0.0,0.0,0.0,0.0,0.0,1.0,0.0,0.0,0.0,19.0,3.0,8.0,3.0,3.0,1.0,5.0,1.0,12.0,0.0,1.0,3.0,204.0
1.0,0.0,1.0,0.0,0.0,1.0,0.0,0.0,0.0,1.0,0.0,0.0,0.0,0.0,0.0,0.0,0.0,0.0,1.0,0.0,1.0,0.0,3.0,19.0,3.0,4.0,5.0,6.0,1.0,13.0,1.0,2.0,2.0,161.0
1.0,0.0,0.0,1.0,0.0,1.0,0.0,0.0,0.0,1.0,0.0,0.0,0.0,0.0,0.0,0.0,0.0,1.0,0.0,0.0,1.0,0.0,3.0,7.0,2.0,5.0,4.0,7.0,0.0,15.0,0.0,1.0,0.0,167.0
0.0,0.0,0.0,1.0,0.0,0.0,1.0,0.0,0.0,0.0,1.0,0.0,0.0,1.0,0.0,0.0,0.0,0.0,0.0,0.0,0.0,0.0,1.0,10.0,2.0,3.0,4.0,2.0,0.0,13.0,0.0,1.0,2.0,133.0
0.0,0.0,0.0,1.0,1.0,0.0,0.0,0.0,0.0,1.0,0.0,0.0,0.0,0.0,1.0,0.0,0.0,0.0,0.0,0.0,0.0,4.0,1.0,30.0,1.0,3.0,1.0,3.0,0.0,20.0,0.0,1.0,4.0,152.0
1.0,0.0,1.0,0.0,1.0,0.0,0.0,0.0,0.0,1.0,0.0,0.0,0.0,0.0,0.0,0.0,0.0,1.0,0.0,0.0,0.0,12.0,1.0,7.0,3.0,3.0,1.0,2.0,1.0,15.0,0.0,5.0,8.0,165.0
1.0,0.0,1.0,0.0,0.0,1.0,0.0,1.0,0.0,0.0,0.0,0.0,0.0,0.0,0.0,0.0,0.0,1.0,0.0,0.0,0.0,5.0,3.0,25.0,3.0,5.0,3.0,4.0,0.0,13.0,0.0,1.0,2.0,196.0
1.0,0.0,0.0,1.0,0.0,1.0,0.0,0.0,0.0,0.0,0.0,0.0,1.0,0.0,0.0,0.0,1.0,0.0,0.0,0.0,0.0,13.0,3.0,13.0,2.0,3.0,4.0,2.0,0.0,15.0,12.0,12.0,8.0,298.0
0.0,0.0,1.0,0.0,0.0,1.0,0.0,1.0,0.0,0.0,0.0,0.0,0.0,0.0,0.0,0.0,0.0,1.0,0.0,0.0,0.0,18.0,2.0,10.0,2.0,5.0,3.0,5.0,0.0,21.0,1.0,1.0,3.0,198.0
0.0,0.0,0.0,1.0,1.0,0.0,0.0,0.0,0.0,0.0,0.0,1.0,0.0,0.0,1.0,0.0,0.0,0.0,0.0,0.0,0.0,3.0,1.0,8.0,3.0,4.0,5.0,1.0,0.0,16.0,0.0,1.0,7.0,150.0
1.0,0.0,1.0,0.0,1.0,0.0,0.0,0.0,0.0,0.0,1.0,0.0,0.0,1.0,0.0,0.0,0.0,0.0,0.0,0.0,0.0,9.0,2.0,16.0,2.0,3.0,1.0,1.0,0.0,14.0,0.0,2.0,1.0,121.0
0.0,0.0,1.0,0.0,1.0,0.0,0.0,0.0,0.0,0.0,1.0,0.0,0.0,0.0,0.0,0.0,0.0,0.0,0.0,1.0,1.0,9.0,2.0,14.0,3.0,4.0,1.0,7.0,0.0,11.0,1.0,1.0,2.0,122.0
1.0,0.0,1.0,0.0,0.0,1.0,0.0,0.0,0.0,1.0,0.0,0.0,0.0,0.0,1.0,0.0,0.0,0.0,0.0,0.0,0.0,4.0,3.0,11.0,2.0,3.0,3.0,2.0,0.0,19.0,1.0,1.0,2.0,183.0
0.0,0.0,0.0,1.0,0.0,0.0,1.0,0.0,0.0,0.0,1.0,0.0,0.0,1.0,0.0,0.0,0.0,0.0,0.0,0.0,0.0,0.0,1.0,14.0,3.0,3.0,1.0,2.0,0.0,11.0,0.0,1.0,4.0,134.0
0.0,0.0,0.0,1.0,0.0,0.0,1.0,0.0,0.0,0.0,1.0,0.0,0.0,0.0,0.0,0.0,0.0,0.0,1.0,0.0,1.0,0.0,3.0,15.0,3.0,5.0,4.0,2.0,0.0,13.0,2.0,2.0,2.0,128.0
1.0,0.0,0.0,1.0,1.0,0.0,0.0,0.0,0.0,1.0,0.0,0.0,0.0,0.0,0.0,0.0,0.0,1.0,0.0,0.0,0.0,2.0,1.0,7.0,3.0,1.0,3.0,9.0,1.0,12.0,1.0,1.0,2.0,163.0
1.0,0.0,1.0,0.0,0.0,1.0,0.0,1.0,0.0,0.0,0.0,0.0,0.0,0.0,0.0,0.0,0.0,0.0,1.0,0.0,0.0,3.0,3.0,21.0,3.0,4.0,5.0,3.0,0.0,11.0,1.0,1.0,7.0,171.0
1.0,0.0,1.0,0.0,0.0,0.0,1.0,0.0,0.0,0.0,1.0,0.0,0.0,1.0,0.0,0.0,0.0,0.0,0.0,0.0,0.0,7.0,1.0,8.0,3.0,1.0,1.0,1.0,1.0,14.0,1.0,1.0,2.0,129.0
0.0,0.0,0.0,1.0,1.0,0.0,0.0,0.0,0.0,1.0,0.0,0.0,0.0,0.0,0.0,0.0,0.0,0.0,1.0,0.0,0.0,6.0,3.0,8.0,3.0,3.0,4.0,9.0,0.0,15.0,1.0,1.0,7.0,151.0
0.0,0.0,0.0,1.0,0.0,0.0,1.0,0.0,0.0,1.0,0.0,0.0,0.0,0.0,0.0,0.0,0.0,0.0,1.0,0.0,0.0,22.0,3.0,17.0,3.0,3.0,1.0,4.0,0.0,12.0,0.0,1.0,4.0,145.0
0.0,0.0,0.0,1.0,0.0,1.0,0.0,1.0,0.0,0.0,0.0,0.0,0.0,0.0,0.0,0.0,0.0,1.0,0.0,0.0,1.0,0.0,3.0,22.0,3.0,3.0,5.0,3.0,1.0,20.0,1.0,1.0,0.0,186.0
0.0,0.0,1.0,0.0,1.0,0.0,0.0,0.0,0.0,0.0,1.0,0.0,0.0,1.0,0.0,0.0,0.0,0.0,0.0,0.0,0.0,11.0,1.0,14.0,3.0,4.0,4.0,5.0,0.0,14.0,0.0,1.0,5.0,125.0
1.0,0.0,1.0,0.0,0.0,1.0,0.0,1.0,0.0,0.0,0.0,0.0,0.0,0.0,0.0,0.0,0.0,0.0,1.0,0.0,1.0,0.0,3.0,22.0,3.0,3.0,3.0,3.0,0.0,13.0,0.0,1.0,0.0,182.0
0.0,0.0,1.0,0.0,0.0,0.0,1.0,0.0,0.0,0.0,1.0,0.0,0.0,0.0,0.0,1.0,0.0,0.0,0.0,0.0,0.0,9.0,1.0,10.0,3.0,4.0,5.0,2.0,0.0,13.0,0.0,1.0,0.0,121.0
1.0,0.0,1.0,0.0,0.0,1.0,0.0,0.0,0.0,1.0,0.0,0.0,0.0,0.0,0.0,0.0,0.0,1.0,0.0,0.0,0.0,3.0,1.0,22.0,2.0,1.0,3.0,4.0,0.0,16.0,1.0,1.0,7.0,153.0
1.0,0.0,0.0,1.0,1.0,0.0,0.0,0.0,0.0,0.0,1.0,0.0,0.0,0.0,1.0,0.0,0.0,0.0,0.0,0.0,0.0,5.0,1.0,11.0,3.0,3.0,4.0,3.0,0.0,14.0,1.0,1.0,7.0,127.0
1.0,0.0,1.0,0.0,0.0,1.0,0.0,0.0,0.0,1.0,0.0,0.0,0.0,0.0,0.0,0.0,1.0,0.0,0.0,0.0,0.0,11.0,1.0,24.0,2.0,5.0,1.0,4.0,1.0,16.0,0.0,1.0,0.0,158.0
1.0,0.0,1.0,0.0,1.0,0.0,0.0,0.0,0.0,0.0,1.0,0.0,0.0,0.0,1.0,0.0,0.0,0.0,0.0,0.0,1.0,6.0,1.0,14.0,2.0,4.0,3.0,10.0,1.0,16.0,1.0,1.0,0.0,124.0
1.0,0.0,1.0,0.0,0.0,0.0,1.0,0.0,0.0,0.0,1.0,0.0,0.0,1.0,0.0,0.0,0.0,0.0,0.0,0.0,0.0,15.0,1.0,18.0,3.0,3.0,4.0,9.0,0.0,22.0,1.0,1.0,4.0,128.0
1.0,0.0,1.0,0.0,0.0,1.0,0.0,0.0,0.0,0.0,0.0,0.0,1.0,0.0,0.0,0.0,1.0,0.0,0.0,0.0,0.0,28.0,1.0,8.0,2.0,4.0,5.0,9.0,0.0,12.0,1.0,1.0,0.0,290.0
1.0,0.0,1.0,0.0,1.0,0.0,0.0,0.0,0.0,1.0,0.0,0.0,0.0,0.0,1.0,0.0,0.0,0.0,0.0,0.0,0.0,6.0,1.0,10.0,3.0,3.0,4.0,6.0,0.0,15.0,0.0,1.0,7.0,131.0
1.0,0.0,1.0,0.0,0.0,0.0,1.0,0.0,0.0,0.0,1.0,0.0,0.0,0.0,0.0,0.0,0.0,1.0,0.0,0.0,0.0,9.0,1.0,15.0,3.0,3.0,5.0,2.0,0.0,20.0,0.0,1.0,4.0,123.0
1.0,0.0,1.0,0.0,1.0,0.0,0.0,0.0,0.0,1.0,0.0,0.0,0.0,0.0,0.0,0.0,0.0,1.0,0.0,0.0,0.0,7.0,3.0,16.0,2.0,3.0,3.0,2.0,1.0,14.0,1.0,1.0,7.0,140.0
0.0,0.0,1.0,0.0,1.0,0.0,0.0,0.0,1.0,0.0,0.0,0.0,0.0,0.0,0.0,0.0,1.0,0.0,0.0,0.0,0.0,26.0,1.0,7.0,2.0,4.0,3.0,5.0,1.0,20.0,1.0,1.0,4.543490512868683,230.0
1.0,0.0,0.0,1.0,0.0,0.0,1.0,0.0,0.0,0.0,1.0,0.0,0.0,0.0,0.0,0.0,0.0,1.0,0.0,0.0,0.0,16.0,2.0,8.0,3.0,3.0,1.0,1.0,0.0,13.0,1.0,1.0,8.0,135.0
0.0,0.0,0.0,1.0,0.0,1.0,0.0,0.0,0.0,1.0,0.0,0.0,0.0,0.0,0.0,0.0,0.0,1.0,0.0,0.0,0.0,7.0,3.0,9.0,2.0,5.0,1.0,6.0,0.0,12.0,2.0,2.0,2.0,160.0
1.0,0.0,0.0,1.0,0.0,0.0,1.0,0.0,0.0,0.0,1.0,0.0,0.0,0.0,0.0,0.0,0.0,0.0,1.0,0.0,1.0,0.0,3.0,13.0,3.0,3.0,4.0,2.0,0.0,13.0,0.0,1.0,0.0,127.0
0.0,0.0,1.0,0.0,0.0,0.0,1.0,0.0,0.0,0.0,0.0,1.0,0.0,0.0,0.0,0.0,0.0,0.0,0.0,1.0,0.0,11.0,1.0,12.0,2.0,4.0,3.0,2.0,0.0,11.0,1.0,1.0,4.0,137.0
0.0,0.0,1.0,0.0,0.0,0.0,1.0,0.0,0.0,0.0,1.0,0.0,0.0,1.0,0.0,0.0,0.0,0.0,0.0,0.0,1.0,0.0,1.0,14.0,3.0,3.0,5.0,2.0,1.0,17.0,0.0,1.0,0.0,124.0
0.0,0.0,1.0,0.0,0.0,1.0,0.0,0.0,0.0,1.0,0.0,0.0,0.0,0.0,0.0,0.0,0.0,0.0,1.0,0.0,0.0,4.0,3.0,35.0,3.0,4.0,1.0,2.0,0.0,14.0,0.0,5.0,7.0,155.0
0.0,0.0,1.0,0.0,0.0,1.0,0.0,1.0,0.0,0.0,0.0,0.0,0.0,0.0,0.0,1.0,0.0,0.0,0.0,0.0,0.0,24.0,1.0,9.0,2.0,3.0,3.0,3.0,0.0,11.0,2.0,2.0,4.543490512868683,231.0
1.0,0.0,1.0,0.0,0.0,0.0,1.0,0.0,0.0,1.0,0.0,0.0,0.0,0.0,0.0,0.0,0.0,0.0,1.0,0.0,0.0,10.0,3.0,15.0,2.0,4.0,4.0,2.0,0.0,14.0,1.0,1.0,3.0,142.0
1.0,0.0,1.0,0.0,0.0,1.0,0.0,0.0,0.0,0.0,0.0,0.0,1.0,0.0,0.0,0.0,1.0,0.0,0.0,0.0,0.0,19.0,1.0,8.0,2.0,3.0,1.0,8.0,1.0,15.0,2.0,2.0,2.0,293.0
1.0,0.0,1.0,0.0,0.0,1.0,0.0,1.0,0.0,0.0,0.0,0.0,0.0,0.0,0.0,0.0,0.0,1.0,0.0,0.0,0.0,9.0,1.0,16.0,2.0,3.0,5.0,8.0,1.0,13.0,2.0,5.0,7.0,183.0
1.0,0.0,1.0,0.0,1.0,0.0,0.0,0.0,0.0,0.0,1.0,0.0,0.0,1.0,0.0,0.0,0.0,0.0,0.0,0.0,1.0,7.0,1.0,14.0,3.0,3.0,4.0,2.0,1.0,12.0,2.0,2.0,3.0,123.0
1.0,0.0,1.0,0.0,0.0,0.0,1.0,0.0,0.0,1.0,0.0,0.0,0.0,0.0,0.0,0.0,0.0,0.0,0.0,1.0,0.0,10.0,2.0,14.0,2.0,3.0,4.0,3.0,0.0,13.0,3.0,4.0,7.0,141.0
1.0,0.0,0.0,1.0,0.0,1.0,0.0,0.0,0.0,1.0,0.0,0.0,0.0,0.0,0.0,0.0,0.0,1.0,0.0,0.0,1.0,0.0,3.0,33.0,2.0,3.0,1.0,2.0,1.0,18.0,3.0,7.0,7.0,158.0
1.0,0.0,1.0,0.0,0.0,0.0,1.0,0.0,0.0,0.0,1.0,0.0,0.0,0.0,0.0,0.0,0.0,1.0,0.0,0.0,0.0,6.0,1.0,14.0,3.0,1.0,5.0,7.0,0.0,19.0,3.0,7.0,6.0,131.0
1.0,0.0,1.0,0.0,0.0,0.0,1.0,0.0,0.0,0.0,1.0,0.0,0.0,0.0,0.0,0.0,0.0,1.0,0.0,0.0,0.0,9.0,1.0,7.0,2.0,3.0,1.0,2.0,0.0,11.0,0.0,1.0,3.0,120.0
1.0,0.0,0.0,1.0,0.0,1.0,0.0,1.0,0.0,0.0,0.0,0.0,0.0,0.0,0.0,0.0,1.0,0.0,0.0,0.0,0.0,12.0,1.0,16.0,3.0,3.0,3.0,8.0,0.0,21.0,2.0,2.0,2.0,235.0
1.0,0.0,0.0,1.0,1.0,0.0,0.0,0.0,0.0,1.0,0.0,0.0,0.0,0.0,0.0,0.0,0.0,1.0,0.0,0.0,0.0,19.0,3.0,32.0,3.0,4.0,4.0,9.0,0.0,15.0,1.0,2.0,2.0,180.0
0.0,0.0,1.0,0.0,0.0,0.0,1.0,0.0,0.0,0.0,1.0,0.0,0.0,0.0,0.0,0.0,0.0,1.0,0.0,0.0,0.0,13.0,1.0,8.0,3.0,3.0,5.0,5.0,0.0,17.0,1.0,1.0,2.0,134.0
1.0,0.0,1.0,0.0,0.0,1.0,0.0,0.0,0.0,1.0,0.0,0.0,0.0,0.0,0.0,0.0,1.0,0.0,0.0,0.0,0.0,15.0,1.0,19.0,3.0,1.0,5.0,6.0,0.0,18.0,1.0,1.0,0.0,155.0
1.0,0.0,1.0,0.0,1.0,0.0,0.0,0.0,0.0,1.0,0.0,0.0,0.0,0.0,0.0,0.0,1.0,0.0,0.0,0.0,0.0,8.0,1.0,8.0,2.0,3.0,1.0,3.0,0.0,14.0,1.0,1.0,7.0,158.0
1.0,0.0,1.0,0.0,1.0,0.0,0.0,0.0,0.0,0.0,1.0,0.0,0.0,0.0,0.0,0.0,0.0,0.0,0.0,1.0,0.0,11.0,2.0,14.0,3.0,3.0,4.0,6.0,0.0,13.0,2.0,3.0,8.0,126.0
1.0,0.0,1.0,0.0,1.0,0.0,0.0,0.0,0.0,1.0,0.0,0.0,0.0,0.0,0.0,0.0,0.0,1.0,0.0,0.0,1.0,0.0,1.0,15.0,3.0,3.0,5.0,5.0,0.0,17.0,0.0,1.0,7.0,153.0
1.0,0.0,0.0,1.0,0.0,0.0,1.0,0.0,0.0,1.0,0.0,0.0,0.0,0.0,0.0,0.0,1.0,0.0,0.0,0.0,1.0,0.0,1.0,16.0,2.0,3.0,5.0,2.0,0.0,15.0,0.0,1.0,8.0,142.0
1.0,0.0,1.0,0.0,1.0,0.0,0.0,0.0,0.0,1.0,0.0,0.0,0.0,0.0,0.0,0.0,0.0,1.0,0.0,0.0,0.0,12.0,3.0,26.0,2.0,3.0,1.0,3.0,0.0,18.0,1.0,2.0,2.0,141.0
1.0,0.0,0.0,1.0,1.0,0.0,0.0,0.0,0.0,0.0,1.0,0.0,0.0,0.0,0.0,0.0,0.0,1.0,0.0,0.0,0.0,16.0,1.0,14.0,2.0,3.0,3.0,5.0,0.0,13.0,1.0,1.0,2.0,124.0
1.0,0.0,0.0,1.0,0.0,1.0,0.0,0.0,0.0,1.0,0.0,0.0,0.0,0.0,0.0,0.0,0.0,1.0,0.0,0.0,0.0,14.0,1.0,11.0,2.0,1.0,4.0,4.0,0.0,12.0,0.0,1.0,2.0,169.0
0.0,0.0,1.0,0.0,0.0,1.0,0.0,1.0,0.0,0.0,0.0,0.0,0.0,0.0,0.0,0.0,0.0,0.0,1.0,0.0,0.0,14.0,3.0,10.0,2.0,3.0,3.0,1.0,1.0,13.0,5.0,13.0,5.0,204.0
0.0,0.0,0.0,1.0,0.0,1.0,0.0,1.0,0.0,0.0,0.0,0.0,0.0,0.0,0.0,0.0,1.0,0.0,0.0,0.0,0.0,3.0,1.0,16.0,3.0,3.0,3.0,10.0,0.0,14.0,0.0,1.0,2.0,197.0
0.0,0.0,1.0,0.0,0.0,0.0,1.0,0.0,0.0,0.0,1.0,0.0,0.0,1.0,0.0,0.0,0.0,0.0,0.0,0.0,1.0,9.0,2.0,26.0,3.0,3.0,4.0,1.0,1.0,11.0,0.0,1.0,4.0,121.0
0.0,0.0,1.0,0.0,0.0,1.0,0.0,0.0,0.0,1.0,0.0,0.0,0.0,0.0,0.0,0.0,1.0,0.0,0.0,0.0,1.0,9.0,1.0,27.0,3.0,3.0,4.0,5.0,0.0,22.0,3.0,3.0,7.0,189.0
0.0,0.0,1.0,0.0,0.0,1.0,0.0,0.0,0.0,1.0,0.0,0.0,0.0,0.0,0.0,0.0,0.0,1.0,0.0,0.0,0.0,13.0,1.0,7.0,2.0,3.0,1.0,5.0,0.0,17.0,0.0,1.0,3.0,165.0
1.0,0.0,1.0,0.0,0.0,1.0,0.0,0.0,0.0,1.0,0.0,0.0,0.0,0.0,1.0,0.0,0.0,0.0,0.0,0.0,0.0,7.0,3.0,14.0,3.0,1.0,3.0,2.0,0.0,21.0,2.0,4.0,8.0,168.0
1.0,0.0,1.0,0.0,1.0,0.0,0.0,0.0,1.0,0.0,0.0,0.0,0.0,0.0,0.0,0.0,1.0,0.0,0.0,0.0,0.0,30.0,3.0,8.0,2.0,3.0,4.0,5.0,0.0,22.0,1.0,14.0,14.0,263.0
1.0,0.0,1.0,0.0,0.0,0.0,1.0,0.0,0.0,0.0,1.0,0.0,0.0,1.0,0.0,0.0,0.0,0.0,0.0,0.0,0.0,8.0,1.0,29.0,3.0,5.0,3.0,1.0,0.0,16.0,0.0,1.0,3.0,127.0
0.0,0.0,1.0,0.0,0.0,1.0,0.0,1.0,0.0,0.0,0.0,0.0,0.0,0.0,0.0,0.0,0.0,1.0,0.0,0.0,0.0,20.0,1.0,10.0,3.0,4.0,4.0,9.0,1.0,12.0,5.0,14.0,10.0,203.0
0.0,0.0,1.0,0.0,0.0,0.0,1.0,0.0,0.0,1.0,0.0,0.0,0.0,0.0,0.0,0.0,0.0,1.0,0.0,0.0,0.0,13.0,1.0,18.0,2.0,3.0,5.0,3.0,0.0,12.0,1.0,7.0,7.0,144.0
0.0,0.0,1.0,0.0,0.0,1.0,0.0,0.0,0.0,1.0,0.0,0.0,0.0,0.0,0.0,0.0,1.0,0.0,0.0,0.0,0.0,27.0,1.0,13.0,3.0,3.0,1.0,5.0,0.0,15.0,1.0,1.0,7.0,169.0
0.0,0.0,1.0,0.0,1.0,0.0,0.0,1.0,0.0,0.0,0.0,0.0,0.0,0.0,0.0,0.0,0.0,0.0,1.0,0.0,0.0,4.0,3.0,13.0,3.0,3.0,5.0,3.0,0.0,14.0,2.0,2.0,2.0,196.0
0.0,0.0,1.0,0.0,0.0,0.0,1.0,0.0,0.0,0.0,0.0,1.0,0.0,0.0,0.0,0.0,1.0,0.0,0.0,0.0,0.0,1.0,1.0,7.0,3.0,3.0,5.0,2.0,0.0,25.0,1.0,1.0,2.0,136.0
0.0,0.0,1.0,0.0,0.0,1.0,0.0,0.0,0.0,1.0,0.0,0.0,0.0,0.0,0.0,0.0,0.0,0.0,1.0,0.0,0.0,11.0,3.0,8.0,3.0,5.0,1.0,3.0,1.0,20.0,0.0,1.0,3.0,154.0
1.0,0.0,0.0,1.0,0.0,0.0,1.0,0.0,0.0,1.0,0.0,0.0,0.0,0.0,0.0,0.0,1.0,0.0,0.0,0.0,0.0,0.0,3.0,16.0,2.0,3.0,1.0,2.0,0.0,13.0,1.0,1.0,2.0,147.0
1.0,0.0,1.0,0.0,1.0,0.0,0.0,0.0,1.0,0.0,0.0,0.0,0.0,0.0,0.0,0.0,0.0,1.0,0.0,0.0,0.0,30.0,1.0,21.0,2.0,3.0,3.0,3.0,1.0,14.0,2.0,2.0,2.0,258.0
0.0,0.0,0.0,1.0,1.0,0.0,0.0,0.0,0.0,0.0,0.0,1.0,0.0,0.0,0.0,0.0,1.0,0.0,0.0,0.0,0.0,9.0,1.0,20.0,2.0,3.0,3.0,2.0,0.0,16.0,1.0,1.0,0.0,115.0
1.0,0.0,1.0,0.0,0.0,0.0,1.0,0.0,0.0,0.0,1.0,0.0,0.0,0.0,0.0,0.0,0.0,0.0,0.0,1.0,1.0,0.0,2.0,24.0,3.0,1.0,5.0,1.0,0.0,17.0,1.0,1.0,0.0,130.0
1.0,0.0,1.0,0.0,0.0,0.0,1.0,0.0,0.0,0.0,1.0,0.0,0.0,0.0,0.0,0.0,0.0,0.0,0.0,1.0,1.0,0.0,2.0,14.0,2.0,4.0,5.0,5.0,1.0,15.0,2.0,2.0,0.0,123.0
0.0,0.0,1.0,0.0,1.0,0.0,0.0,0.0,0.0,1.0,0.0,0.0,0.0,0.0,0.0,0.0,0.0,1.0,0.0,0.0,0.0,18.0,3.0,8.0,3.0,3.0,3.0,5.0,0.0,22.0,3.0,5.0,7.0,152.0
0.0,0.0,1.0,0.0,0.0,1.0,0.0,0.0,0.0,1.0,0.0,0.0,0.0,0.0,0.0,0.0,0.0,0.0,0.0,1.0,0.0,9.0,1.0,8.0,3.0,3.0,4.0,5.0,1.0,22.0,1.0,1.0,0.0,170.0
1.0,0.0,1.0,0.0,1.0,0.0,0.0,0.0,0.0,1.0,0.0,0.0,0.0,0.0,0.0,0.0,0.0,1.0,0.0,0.0,0.0,16.0,3.0,8.0,3.0,3.0,1.0,2.0,0.0,20.0,7.0,7.0,7.0,157.0
0.0,0.0,0.0,1.0,1.0,0.0,0.0,0.0,0.0,0.0,1.0,0.0,0.0,0.0,0.0,0.0,0.0,1.0,0.0,0.0,0.0,0.0,1.0,14.0,2.0,3.0,1.0,1.0,1.0,14.0,1.0,1.0,2.0,124.0
1.0,0.0,1.0,0.0,1.0,0.0,0.0,0.0,0.0,0.0,0.0,1.0,0.0,0.0,0.0,0.0,1.0,0.0,0.0,0.0,0.0,2.0,1.0,26.0,2.0,3.0,1.0,2.0,0.0,13.0,1.0,3.0,10.0,138.0
1.0,0.0,0.0,1.0,1.0,0.0,0.0,0.0,0.0,1.0,0.0,0.0,0.0,0.0,0.0,0.0,0.0,0.0,1.0,0.0,0.0,5.0,3.0,16.0,3.0,3.0,1.0,9.0,0.0,13.0,0.0,1.0,0.0,146.0
1.0,0.0,1.0,0.0,1.0,0.0,0.0,0.0,0.0,0.0,1.0,0.0,0.0,0.0,1.0,0.0,0.0,0.0,0.0,0.0,0.0,15.0,1.0,16.0,3.0,3.0,3.0,4.0,0.0,22.0,3.0,3.0,3.0,129.0
0.0,0.0,0.0,1.0,0.0,0.0,1.0,0.0,0.0,0.0,1.0,0.0,0.0,0.0,0.0,0.0,0.0,1.0,0.0,0.0,0.0,9.0,1.0,15.0,3.0,3.0,3.0,5.0,0.0,12.0,0.0,2.0,0.0,121.0
1.0,0.0,1.0,0.0,0.0,1.0,0.0,1.0,0.0,0.0,0.0,0.0,0.0,0.0,0.0,0.0,0.0,1.0,0.0,0.0,0.0,19.0,1.0,8.0,2.0,3.0,1.0,4.0,0.0,14.0,0.0,4.0,7.0,186.0
1.0,0.0,1.0,0.0,1.0,0.0,0.0,0.0,0.0,0.0,1.0,0.0,0.0,0.0,0.0,0.0,0.0,1.0,0.0,0.0,0.0,1.0,2.0,7.0,3.0,3.0,1.0,2.0,0.0,15.0,1.0,2.0,2.0,127.0
1.0,0.0,1.0,0.0,0.0,1.0,0.0,0.0,0.0,1.0,0.0,0.0,0.0,0.0,0.0,0.0,0.0,1.0,0.0,0.0,0.0,2.0,1.0,35.0,3.0,5.0,3.0,9.0,0.0,17.0,0.0,1.0,6.0,164.0
1.0,0.0,0.0,1.0,0.0,0.0,1.0,0.0,0.0,0.0,0.0,1.0,0.0,0.0,0.0,0.0,0.0,1.0,0.0,0.0,0.0,15.0,1.0,14.0,2.0,3.0,3.0,5.0,0.0,13.0,1.0,1.0,0.0,140.0
1.0,0.0,0.0,1.0,0.0,1.0,0.0,0.0,0.0,1.0,0.0,0.0,0.0,0.0,0.0,0.0,0.0,0.0,1.0,0.0,1.0,0.0,3.0,8.0,2.0,4.0,4.0,8.0,1.0,12.0,1.0,2.0,2.0,199.0
0.0,0.0,1.0,0.0,0.0,1.0,0.0,0.0,1.0,0.0,0.0,0.0,0.0,0.0,0.0,1.0,0.0,0.0,0.0,0.0,0.0,19.0,3.0,9.0,2.0,1.0,5.0,3.0,0.0,12.0,2.0,2.0,8.0,232.0
0.0,0.0,1.0,0.0,0.0,0.0,1.0,0.0,0.0,1.0,0.0,0.0,0.0,0.0,0.0,0.0,1.0,0.0,0.0,0.0,0.0,0.0,3.0,29.0,2.0,4.0,3.0,2.0,0.0,21.0,3.0,5.0,8.0,135.0
1.0,0.0,1.0,0.0,0.0,0.0,1.0,0.0,0.0,0.0,1.0,0.0,0.0,1.0,0.0,0.0,0.0,0.0,0.0,0.0,0.0,2.0,2.0,12.0,3.0,4.0,4.0,2.0,0.0,11.0,1.0,1.0,0.0,128.0
0.0,0.0,1.0,0.0,0.0,1.0,0.0,0.0,0.0,0.0,0.0,0.0,1.0,0.0,0.0,0.0,1.0,0.0,0.0,0.0,0.0,16.0,1.0,12.0,2.0,4.0,3.0,8.0,0.0,15.0,6.0,6.0,14.0,294.0
1.0,0.0,1.0,0.0,0.0,1.0,0.0,0.0,0.0,0.0,0.0,0.0,1.0,0.0,0.0,0.0,0.0,1.0,0.0,0.0,0.0,21.0,1.0,16.0,3.0,4.0,4.0,5.0,0.0,15.0,3.0,12.0,9.0,297.0
1.0,0.0,0.0,1.0,1.0,0.0,0.0,0.0,0.0,0.0,1.0,0.0,0.0,0.0,0.0,0.0,0.0,1.0,0.0,0.0,1.0,0.0,1.0,14.0,3.0,4.0,1.0,2.0,1.0,24.0,1.0,1.0,0.0,124.0
0.0,0.0,1.0,0.0,0.0,1.0,0.0,1.0,0.0,0.0,0.0,0.0,0.0,0.0,0.0,0.0,0.0,1.0,0.0,0.0,1.0,9.0,3.0,16.0,3.0,3.0,4.0,6.0,0.0,21.0,1.0,1.0,7.0,173.0
0.0,0.0,1.0,0.0,1.0,0.0,0.0,0.0,0.0,0.0,0.0,1.0,0.0,0.0,0.0,0.0,0.0,1.0,0.0,0.0,0.0,0.0,1.0,21.0,3.0,4.0,5.0,1.0,0.0,19.0,0.0,7.0,3.0,148.0
1.0,0.0,1.0,0.0,0.0,0.0,1.0,0.0,0.0,1.0,0.0,0.0,0.0,0.0,0.0,0.0,0.0,0.0,0.0,1.0,0.0,12.0,1.0,25.0,2.0,3.0,1.0,9.0,0.0,14.0,0.0,2.0,2.0,139.0
1.0,0.0,1.0,0.0,0.0,0.0,1.0,0.0,0.0,0.0,1.0,0.0,0.0,0.0,1.0,0.0,0.0,0.0,0.0,0.0,0.0,28.0,1.0,8.0,3.0,4.0,1.0,9.0,0.0,20.0,1.0,1.0,4.0,127.0
0.0,0.0,1.0,0.0,0.0,0.0,1.0,0.0,0.0,0.0,1.0,0.0,0.0,1.0,0.0,0.0,0.0,0.0,0.0,0.0,0.0,1.0,3.0,9.0,3.0,3.0,4.0,2.0,0.0,19.0,1.0,1.0,0.0,129.0
1.0,0.0,0.0,1.0,0.0,1.0,0.0,0.0,0.0,0.0,0.0,1.0,0.0,0.0,0.0,0.0,1.0,0.0,0.0,0.0,1.0,0.0,3.0,15.0,2.0,3.0,1.0,2.0,0.0,13.0,0.0,1.0,0.0,111.0
1.0,0.0,0.0,1.0,0.0,0.0,1.0,0.0,0.0,0.0,1.0,0.0,0.0,0.0,0.0,0.0,0.0,1.0,0.0,0.0,1.0,0.0,1.0,14.0,3.0,3.0,4.0,2.0,1.0,23.0,1.0,1.0,0.0,125.0
0.0,0.0,1.0,0.0,0.0,1.0,0.0,0.0,0.0,1.0,0.0,0.0,0.0,0.0,1.0,0.0,0.0,0.0,0.0,0.0,0.0,9.0,3.0,16.0,3.0,4.0,3.0,2.0,1.0,13.0,0.0,1.0,7.0,157.0
1.0,0.0,1.0,0.0,0.0,0.0,1.0,0.0,0.0,1.0,0.0,0.0,0.0,0.0,0.0,0.0,0.0,1.0,0.0,0.0,0.0,4.0,1.0,26.0,2.0,3.0,3.0,2.0,0.0,11.0,0.0,1.0,2.0,142.0
1.0,0.0,1.0,0.0,0.0,1.0,0.0,1.0,0.0,0.0,0.0,0.0,0.0,0.0,0.0,0.0,0.0,1.0,0.0,0.0,0.0,7.0,3.0,10.0,3.0,3.0,1.0,3.0,1.0,13.0,0.0,1.0,0.0,197.0
1.0,0.0,0.0,1.0,0.0,0.0,1.0,0.0,0.0,0.0,1.0,0.0,0.0,0.0,0.0,0.0,0.0,1.0,0.0,0.0,0.0,9.0,1.0,13.0,2.0,3.0,5.0,4.0,0.0,14.0,0.0,1.0,2.0,121.0
1.0,0.0,1.0,0.0,0.0,0.0,1.0,0.0,0.0,1.0,0.0,0.0,0.0,0.0,0.0,0.0,1.0,0.0,0.0,0.0,0.0,10.0,1.0,13.0,3.0,3.0,5.0,6.0,1.0,22.0,0.0,1.0,4.0,143.0
0.0,0.0,1.0,0.0,0.0,0.0,1.0,0.0,0.0,1.0,0.0,0.0,0.0,0.0,0.0,0.0,0.0,0.0,0.0,1.0,0.0,8.0,1.0,22.0,2.0,4.0,4.0,1.0,1.0,11.0,0.0,1.0,2.0,148.0
0.0,0.0,1.0,0.0,0.0,1.0,0.0,0.0,0.0,1.0,0.0,0.0,0.0,0.0,0.0,0.0,0.0,1.0,0.0,0.0,0.0,18.0,1.0,31.0,3.0,4.0,1.0,1.0,0.0,13.0,0.0,3.0,8.0,159.0
1.0,0.0,0.0,1.0,1.0,0.0,0.0,0.0,0.0,1.0,0.0,0.0,0.0,0.0,0.0,0.0,0.0,0.0,0.0,1.0,0.0,9.0,2.0,8.0,3.0,4.0,1.0,2.0,0.0,21.0,1.0,1.0,8.0,139.0
1.0,0.0,1.0,0.0,0.0,1.0,0.0,0.0,1.0,0.0,0.0,0.0,0.0,0.0,0.0,0.0,0.0,1.0,0.0,0.0,0.0,13.0,1.0,7.0,3.0,3.0,5.0,3.0,0.0,11.0,1.0,11.0,16.0,268.0
0.0,0.0,1.0,0.0,0.0,0.0,1.0,0.0,0.0,0.0,1.0,0.0,0.0,0.0,0.0,0.0,0.0,1.0,0.0,0.0,0.0,0.0,1.0,7.0,3.0,4.0,3.0,2.0,1.0,13.0,0.0,1.0,0.0,129.0
0.0,0.0,0.0,1.0,0.0,1.0,0.0,0.0,0.0,1.0,0.0,0.0,0.0,0.0,0.0,0.0,1.0,0.0,0.0,0.0,0.0,0.0,3.0,8.0,2.0,1.0,3.0,1.0,0.0,14.0,0.0,1.0,7.0,165.0
0.0,0.0,1.0,0.0,1.0,0.0,0.0,0.0,1.0,0.0,0.0,0.0,0.0,0.0,0.0,0.0,1.0,0.0,0.0,0.0,0.0,21.0,1.0,28.0,2.0,3.0,1.0,4.0,0.0,11.0,1.0,4.0,7.0,272.0
1.0,0.0,1.0,0.0,0.0,1.0,0.0,0.0,0.0,1.0,0.0,0.0,0.0,0.0,0.0,0.0,0.0,1.0,0.0,0.0,0.0,17.0,1.0,7.0,3.0,1.0,5.0,3.0,0.0,15.0,1.0,2.0,2.0,150.0
1.0,0.0,1.0,0.0,1.0,0.0,0.0,0.0,0.0,0.0,1.0,0.0,0.0,0.0,1.0,0.0,0.0,0.0,0.0,0.0,1.0,9.0,1.0,22.0,2.0,5.0,5.0,2.0,1.0,23.0,0.0,3.0,0.0,123.0
1.0,0.0,0.0,1.0,0.0,0.0,1.0,0.0,0.0,0.0,1.0,0.0,0.0,0.0,0.0,0.0,0.0,1.0,0.0,0.0,1.0,19.0,1.0,14.0,3.0,3.0,1.0,2.0,0.0,16.0,0.0,1.0,0.0,126.0
1.0,0.0,1.0,0.0,0.0,1.0,0.0,0.0,0.0,1.0,0.0,0.0,0.0,0.0,0.0,0.0,0.0,0.0,1.0,0.0,0.0,9.0,3.0,23.0,2.0,4.0,4.0,3.0,0.0,16.0,1.0,1.0,3.0,155.0
0.0,0.0,1.0,0.0,0.0,0.0,1.0,0.0,0.0,1.0,0.0,0.0,0.0,0.0,0.0,0.0,0.0,0.0,1.0,0.0,0.0,14.0,3.0,14.0,2.0,3.0,4.0,6.0,0.0,21.0,0.0,1.0,4.0,144.0
1.0,0.0,1.0,0.0,0.0,1.0,0.0,1.0,0.0,0.0,0.0,0.0,0.0,0.0,0.0,0.0,1.0,0.0,0.0,0.0,0.0,15.0,1.0,12.0,2.0,3.0,5.0,10.0,0.0,13.0,5.0,2.0,7.0,233.0
0.0,0.0,1.0,0.0,0.0,1.0,0.0,0.0,0.0,1.0,0.0,0.0,0.0,0.0,0.0,0.0,1.0,0.0,0.0,0.0,0.0,4.0,3.0,16.0,2.0,3.0,1.0,3.0,1.0,11.0,1.0,1.0,4.0,166.0
0.0,0.0,1.0,0.0,0.0,1.0,0.0,0.0,0.0,1.0,0.0,0.0,0.0,0.0,0.0,0.0,1.0,0.0,0.0,0.0,0.0,7.0,3.0,9.0,3.0,4.0,1.0,4.0,1.0,12.0,0.0,1.0,1.0,181.0
0.0,0.0,1.0,0.0,0.0,0.0,1.0,0.0,0.0,0.0,0.0,1.0,0.0,0.0,0.0,0.0,1.0,0.0,0.0,0.0,0.0,4.0,1.0,10.0,3.0,1.0,3.0,9.0,0.0,12.0,1.0,2.0,2.0,140.0
1.0,0.0,1.0,0.0,1.0,0.0,0.0,0.0,0.0,0.0,1.0,0.0,0.0,0.0,0.0,0.0,0.0,0.0,0.0,1.0,0.0,0.0,1.0,14.0,3.0,1.0,1.0,1.0,0.0,18.0,2.0,7.0,7.0,125.0
1.0,0.0,0.0,1.0,1.0,0.0,0.0,0.0,0.0,1.0,0.0,0.0,0.0,0.0,0.0,0.0,1.0,0.0,0.0,0.0,0.0,18.0,1.0,7.0,2.0,3.0,3.0,5.0,0.0,12.0,0.0,1.0,3.0,154.0
1.0,0.0,0.0,1.0,0.0,1.0,0.0,0.0,0.0,1.0,0.0,0.0,0.0,0.0,0.0,0.0,0.0,0.0,1.0,0.0,0.0,6.0,3.0,16.0,2.0,3.0,3.0,2.0,0.0,14.0,0.0,1.0,9.0,155.0
1.0,0.0,1.0,0.0,1.0,0.0,0.0,0.0,0.0,1.0,0.0,0.0,0.0,0.0,0.0,0.0,0.0,1.0,0.0,0.0,0.0,1.0,3.0,7.0,2.0,4.0,1.0,2.0,1.0,12.0,1.0,1.0,7.0,168.0
1.0,0.0,0.0,1.0,1.0,0.0,0.0,0.0,0.0,0.0,0.0,1.0,0.0,0.0,0.0,1.0,0.0,0.0,0.0,0.0,1.0,0.0,3.0,30.0,2.0,1.0,5.0,2.0,0.0,17.0,0.0,1.0,0.0,111.0
0.0,0.0,1.0,0.0,1.0,0.0,0.0,0.0,0.0,1.0,0.0,0.0,0.0,0.0,0.0,0.0,0.0,1.0,0.0,0.0,0.0,12.0,3.0,27.0,2.0,5.0,3.0,7.0,0.0,19.0,0.0,1.0,2.0,157.0
1.0,0.0,1.0,0.0,0.0,0.0,1.0,0.0,0.0,0.0,1.0,0.0,0.0,0.0,1.0,0.0,0.0,0.0,0.0,0.0,0.0,9.0,1.0,8.0,2.0,3.0,4.0,2.0,0.0,11.0,0.0,1.0,2.0,122.0
1.0,0.0,1.0,0.0,1.0,0.0,0.0,0.0,0.0,1.0,0.0,0.0,0.0,0.0,0.0,0.0,0.0,0.0,0.0,1.0,0.0,7.0,1.0,28.0,2.0,4.0,1.0,2.0,1.0,15.0,3.0,6.0,11.0,157.0
0.0,0.0,0.0,1.0,0.0,1.0,0.0,0.0,0.0,1.0,0.0,0.0,0.0,0.0,0.0,0.0,0.0,0.0,1.0,0.0,1.0,0.0,3.0,19.0,2.0,3.0,3.0,4.0,1.0,11.0,0.0,2.0,2.0,199.0
1.0,0.0,1.0,0.0,1.0,0.0,0.0,0.0,0.0,1.0,0.0,0.0,0.0,0.0,1.0,0.0,0.0,0.0,0.0,0.0,0.0,20.0,1.0,20.0,3.0,3.0,4.0,9.0,0.0,18.0,0.0,1.0,7.0,155.0
0.0,0.0,1.0,0.0,0.0,1.0,0.0,0.0,0.0,1.0,0.0,0.0,0.0,0.0,0.0,0.0,0.0,0.0,1.0,0.0,0.0,29.0,3.0,17.0,2.0,4.0,5.0,5.0,0.0,16.0,0.0,1.0,0.0,154.0
1.0,0.0,1.0,0.0,0.0,1.0,0.0,0.0,0.0,1.0,0.0,0.0,0.0,0.0,0.0,0.0,1.0,0.0,0.0,0.0,0.0,12.0,1.0,15.0,2.0,3.0,5.0,2.0,0.0,25.0,0.0,7.0,9.0,152.0
0.0,0.0,1.0,0.0,1.0,0.0,0.0,0.0,0.0,1.0,0.0,0.0,0.0,1.0,0.0,0.0,0.0,0.0,0.0,0.0,0.0,9.0,1.0,14.0,2.0,4.0,4.0,2.0,1.0,16.0,1.0,1.0,7.0,121.0
0.0,0.0,1.0,0.0,0.0,1.0,0.0,0.0,1.0,0.0,0.0,0.0,0.0,0.0,0.0,0.0,0.0,1.0,0.0,0.0,0.0,60.0,3.0,27.0,3.0,3.0,1.0,5.0,1.0,13.0,1.0,1.0,0.0,279.0
0.0,0.0,0.0,1.0,1.0,0.0,0.0,0.0,0.0,0.0,1.0,0.0,0.0,0.0,0.0,0.0,0.0,1.0,0.0,0.0,1.0,0.0,1.0,14.0,2.0,1.0,3.0,4.0,1.0,14.0,0.0,1.0,3.0,124.0
1.0,0.0,1.0,0.0,0.0,0.0,1.0,0.0,0.0,0.0,0.0,1.0,0.0,0.0,0.0,0.0,0.0,1.0,0.0,0.0,0.0,11.0,1.0,15.0,3.0,3.0,1.0,3.0,0.0,19.0,0.0,1.0,3.0,148.0
1.0,0.0,1.0,0.0,1.0,0.0,0.0,0.0,0.0,0.0,0.0,0.0,1.0,0.0,0.0,0.0,0.0,1.0,0.0,0.0,0.0,22.0,1.0,8.0,2.0,3.0,1.0,4.0,0.0,15.0,1.0,4.0,3.0,292.0
1.0,0.0,1.0,0.0,0.0,1.0,0.0,0.0,0.0,1.0,0.0,0.0,0.0,0.0,0.0,0.0,0.0,0.0,1.0,0.0,0.0,15.0,3.0,18.0,3.0,3.0,1.0,4.0,1.0,12.0,1.0,1.0,0.0,151.0
0.0,0.0,1.0,0.0,1.0,0.0,0.0,0.0,0.0,0.0,1.0,0.0,0.0,0.0,0.0,0.0,0.0,0.0,0.0,1.0,1.0,0.0,2.0,28.0,3.0,4.0,4.0,2.0,0.0,12.0,1.0,1.0,0.0,129.0
1.0,0.0,1.0,0.0,0.0,1.0,0.0,0.0,0.0,1.0,0.0,0.0,0.0,0.0,0.0,0.0,1.0,0.0,0.0,0.0,0.0,8.0,3.0,24.0,3.0,3.0,5.0,1.0,0.0,16.0,1.0,1.0,4.0,156.0
1.0,0.0,0.0,1.0,1.0,0.0,0.0,0.0,0.0,0.0,1.0,0.0,0.0,1.0,0.0,0.0,0.0,0.0,0.0,0.0,0.0,9.0,1.0,22.0,2.0,3.0,3.0,2.0,0.0,14.0,0.0,1.0,4.0,121.0
1.0,0.0,1.0,0.0,1.0,0.0,0.0,0.0,0.0,0.0,1.0,0.0,0.0,1.0,0.0,0.0,0.0,0.0,0.0,0.0,0.0,4.0,1.0,9.0,3.0,3.0,5.0,2.0,1.0,13.0,2.0,2.0,3.0,131.0
1.0,0.0,1.0,0.0,1.0,0.0,0.0,0.0,0.0,0.0,1.0,0.0,0.0,0.0,0.0,0.0,0.0,1.0,0.0,0.0,0.0,9.0,1.0,15.0,3.0,1.0,4.0,2.0,0.0,22.0,1.0,1.0,2.0,128.0
1.0,0.0,0.0,1.0,0.0,1.0,0.0,1.0,0.0,0.0,0.0,0.0,0.0,0.0,0.0,0.0,0.0,0.0,1.0,0.0,0.0,7.0,3.0,7.0,2.0,3.0,1.0,2.0,0.0,21.0,2.0,2.0,1.0,199.0
1.0,0.0,1.0,0.0,0.0,1.0,0.0,1.0,0.0,0.0,0.0,0.0,0.0,0.0,0.0,0.0,1.0,0.0,0.0,0.0,0.0,7.0,3.0,19.0,2.0,3.0,3.0,2.0,0.0,18.0,0.0,1.0,1.0,186.0
1.0,0.0,0.0,1.0,0.0,0.0,1.0,0.0,0.0,0.0,1.0,0.0,0.0,1.0,0.0,0.0,0.0,0.0,0.0,0.0,0.0,0.0,1.0,7.0,3.0,3.0,5.0,1.0,0.0,13.0,7.0,7.0,6.0,129.0
1.0,0.0,1.0,0.0,0.0,1.0,0.0,0.0,0.0,1.0,0.0,0.0,0.0,0.0,0.0,0.0,0.0,1.0,0.0,0.0,0.0,2.0,1.0,7.0,2.0,3.0,5.0,1.0,0.0,12.0,0.0,1.0,2.0,154.0
0.0,0.0,1.0,0.0,1.0,0.0,0.0,0.0,0.0,1.0,0.0,0.0,0.0,0.0,0.0,0.0,1.0,0.0,0.0,0.0,0.0,5.0,1.0,21.0,2.0,3.0,1.0,6.0,0.0,18.0,0.0,1.0,2.0,167.0
1.0,0.0,1.0,0.0,1.0,0.0,0.0,0.0,0.0,1.0,0.0,0.0,0.0,0.0,0.0,0.0,0.0,1.0,0.0,0.0,0.0,4.0,1.0,7.0,2.0,5.0,5.0,2.0,0.0,21.0,6.0,8.0,7.0,150.0
1.0,0.0,1.0,0.0,0.0,0.0,1.0,0.0,0.0,0.0,1.0,0.0,0.0,0.0,1.0,0.0,0.0,0.0,0.0,0.0,1.0,0.0,1.0,14.0,2.0,4.0,1.0,6.0,0.0,12.0,1.0,1.0,3.0,124.0
1.0,0.0,0.0,1.0,0.0,0.0,1.0,0.0,0.0,0.0,1.0,0.0,0.0,0.0,0.0,0.0,0.0,1.0,0.0,0.0,0.0,11.0,3.0,7.0,3.0,4.0,5.0,5.0,0.0,14.0,1.0,1.0,0.0,129.0
0.0,0.0,1.0,0.0,0.0,1.0,0.0,0.0,0.0,1.0,0.0,0.0,0.0,0.0,0.0,0.0,0.0,1.0,0.0,0.0,0.0,8.0,3.0,13.0,2.0,3.0,1.0,2.0,1.0,11.0,1.0,1.0,9.0,152.0
1.0,0.0,0.0,1.0,0.0,0.0,1.0,0.0,0.0,1.0,0.0,0.0,0.0,0.0,0.0,0.0,0.0,0.0,1.0,0.0,0.0,0.0,3.0,15.0,2.0,3.0,1.0,2.0,0.0,14.0,1.0,1.0,7.0,141.0
1.0,0.0,0.0,1.0,0.0,1.0,0.0,0.0,0.0,1.0,0.0,0.0,0.0,0.0,0.0,0.0,0.0,1.0,0.0,0.0,0.0,5.0,1.0,11.0,2.0,4.0,1.0,9.0,0.0,24.0,1.0,1.0,0.0,197.0
1.0,0.0,1.0,0.0,1.0,0.0,0.0,0.0,0.0,1.0,0.0,0.0,0.0,0.0,0.0,0.0,0.0,0.0,1.0,0.0,1.0,0.0,3.0,32.0,3.0,3.0,1.0,2.0,1.0,11.0,0.0,1.0,8.0,156.0
1.0,0.0,0.0,1.0,0.0,1.0,0.0,1.0,0.0,0.0,0.0,0.0,0.0,0.0,0.0,0.0,0.0,1.0,0.0,0.0,1.0,16.0,3.0,30.0,3.0,3.0,5.0,7.0,1.0,13.0,0.0,2.0,2.0,204.0
0.0,0.0,1.0,0.0,0.0,0.0,1.0,0.0,0.0,1.0,0.0,0.0,0.0,0.0,0.0,0.0,0.0,1.0,0.0,0.0,0.0,27.0,1.0,15.0,3.0,3.0,3.0,4.0,0.0,11.0,1.0,2.0,3.0,129.0
1.0,0.0,1.0,0.0,1.0,0.0,0.0,0.0,0.0,1.0,0.0,0.0,0.0,0.0,0.0,0.0,0.0,1.0,0.0,0.0,0.0,6.0,1.0,13.0,2.0,3.0,3.0,2.0,0.0,20.0,0.0,2.0,8.0,160.0
1.0,0.0,1.0,0.0,0.0,1.0,0.0,1.0,0.0,0.0,0.0,0.0,0.0,0.0,0.0,0.0,0.0,1.0,0.0,0.0,0.0,16.0,1.0,17.0,1.0,3.0,3.0,2.0,0.0,17.0,1.0,1.0,9.0,175.0
1.0,0.0,1.0,0.0,1.0,0.0,0.0,0.0,0.0,0.0,1.0,0.0,0.0,0.0,0.0,0.0,0.0,0.0,0.0,1.0,0.0,11.0,2.0,7.0,3.0,3.0,4.0,1.0,1.0,11.0,0.0,1.0,2.0,130.0
1.0,0.0,1.0,0.0,0.0,1.0,0.0,0.0,0.0,0.0,0.0,0.0,1.0,0.0,0.0,0.0,0.0,0.0,0.0,1.0,0.0,28.0,2.0,32.0,3.0,1.0,4.0,5.0,1.0,15.0,1.0,1.0,4.0,296.0
0.0,0.0,1.0,0.0,0.0,1.0,0.0,0.0,0.0,0.0,0.0,1.0,0.0,0.0,0.0,0.0,1.0,0.0,0.0,0.0,0.0,4.0,1.0,8.0,2.0,5.0,1.0,2.0,1.0,11.0,0.0,1.0,0.0,111.0
1.0,0.0,0.0,1.0,0.0,1.0,0.0,0.0,1.0,0.0,0.0,0.0,0.0,0.0,0.0,0.0,0.0,0.0,1.0,0.0,0.0,12.0,3.0,21.0,3.0,3.0,5.0,1.0,0.0,12.0,4.0,2.0,10.0,233.0
1.0,0.0,0.0,1.0,1.0,0.0,0.0,0.0,0.0,1.0,0.0,0.0,0.0,0.0,0.0,0.0,0.0,1.0,0.0,0.0,0.0,15.0,1.0,29.0,2.0,4.0,3.0,2.0,0.0,12.0,3.0,3.0,7.0,143.0
0.0,0.0,1.0,0.0,1.0,0.0,0.0,1.0,0.0,0.0,0.0,0.0,0.0,0.0,0.0,0.0,1.0,0.0,0.0,0.0,0.0,4.0,1.0,16.0,2.0,3.0,3.0,5.0,0.0,20.0,3.0,4.0,4.543490512868683,210.0
0.0,0.0,0.0,1.0,0.0,0.0,1.0,0.0,0.0,1.0,0.0,0.0,0.0,0.0,0.0,0.0,1.0,0.0,0.0,0.0,0.0,27.0,1.0,16.0,3.0,3.0,5.0,7.0,1.0,19.0,0.0,1.0,4.0,144.0
1.0,0.0,0.0,1.0,0.0,0.0,1.0,0.0,0.0,1.0,0.0,0.0,0.0,0.0,0.0,0.0,0.0,1.0,0.0,0.0,0.0,0.0,1.0,7.0,2.0,4.0,3.0,2.0,0.0,12.0,1.0,1.0,2.0,146.0
1.0,0.0,0.0,1.0,0.0,0.0,1.0,0.0,0.0,0.0,1.0,0.0,0.0,0.0,0.0,0.0,0.0,0.0,0.0,1.0,0.0,0.0,1.0,14.0,3.0,3.0,1.0,2.0,0.0,13.0,1.0,1.0,4.0,126.0
0.0,0.0,1.0,0.0,1.0,0.0,0.0,0.0,0.0,1.0,0.0,0.0,0.0,0.0,1.0,0.0,0.0,0.0,0.0,0.0,0.0,13.0,1.0,17.0,3.0,3.0,3.0,2.0,0.0,11.0,7.0,9.0,4.0,163.0
0.0,0.0,1.0,0.0,0.0,1.0,0.0,0.0,0.0,1.0,0.0,0.0,0.0,0.0,0.0,0.0,0.0,0.0,1.0,0.0,0.0,13.0,3.0,8.0,3.0,3.0,4.0,4.0,0.0,14.0,1.0,5.0,10.0,157.0
0.0,0.0,1.0,0.0,0.0,0.0,1.0,0.0,0.0,0.0,1.0,0.0,0.0,0.0,0.0,0.0,0.0,0.0,0.0,1.0,0.0,9.0,2.0,8.0,2.0,3.0,4.0,5.0,0.0,14.0,0.0,1.0,2.0,122.0
1.0,0.0,1.0,0.0,0.0,0.0,1.0,0.0,0.0,0.0,0.0,1.0,0.0,0.0,0.0,0.0,1.0,0.0,0.0,0.0,0.0,3.0,1.0,7.0,3.0,3.0,4.0,2.0,0.0,13.0,1.0,1.0,7.0,137.0
1.0,0.0,1.0,0.0,0.0,0.0,1.0,0.0,0.0,0.0,0.0,1.0,0.0,0.0,0.0,0.0,0.0,0.0,0.0,1.0,0.0,0.0,1.0,8.0,2.0,3.0,3.0,7.0,1.0,19.0,0.0,1.0,2.0,140.0
1.0,0.0,0.0,1.0,0.0,1.0,0.0,1.0,0.0,0.0,0.0,0.0,0.0,0.0,0.0,0.0,1.0,0.0,0.0,0.0,0.0,20.0,1.0,31.0,2.0,3.0,3.0,3.0,0.0,23.0,9.0,12.0,11.0,186.0
1.0,0.0,1.0,0.0,1.0,0.0,0.0,0.0,0.0,0.0,1.0,0.0,0.0,1.0,0.0,0.0,0.0,0.0,0.0,0.0,0.0,9.0,1.0,7.0,2.0,4.0,3.0,2.0,0.0,12.0,0.0,1.0,0.0,120.0
1.0,0.0,1.0,0.0,0.0,0.0,1.0,0.0,0.0,1.0,0.0,0.0,0.0,0.0,0.0,0.0,0.0,1.0,0.0,0.0,0.0,11.0,3.0,7.0,2.0,3.0,4.0,1.0,0.0,15.0,1.0,5.0,8.0,144.0
1.0,0.0,1.0,0.0,0.0,0.0,1.0,0.0,0.0,0.0,1.0,0.0,0.0,0.0,0.0,0.0,0.0,1.0,0.0,0.0,0.0,4.0,3.0,8.0,3.0,3.0,3.0,1.0,0.0,19.0,0.0,1.0,2.0,131.0
1.0,0.0,1.0,0.0,1.0,0.0,0.0,0.0,0.0,1.0,0.0,0.0,0.0,0.0,0.0,0.0,0.0,1.0,0.0,0.0,0.0,11.0,1.0,12.0,3.0,4.0,3.0,3.0,0.0,11.0,2.0,7.0,7.0,153.0
1.0,0.0,1.0,0.0,0.0,1.0,0.0,0.0,0.0,1.0,0.0,0.0,0.0,0.0,0.0,0.0,0.0,1.0,0.0,0.0,0.0,15.0,1.0,24.0,2.0,3.0,5.0,7.0,1.0,17.0,1.0,1.0,2.0,154.0
1.0,0.0,1.0,0.0,0.0,0.0,1.0,0.0,0.0,0.0,1.0,0.0,0.0,0.0,0.0,0.0,0.0,1.0,0.0,0.0,0.0,14.0,1.0,7.0,3.0,3.0,1.0,4.0,0.0,22.0,0.0,1.0,0.0,128.0
0.0,0.0,1.0,0.0,1.0,0.0,0.0,1.0,0.0,0.0,0.0,0.0,0.0,0.0,0.0,0.0,1.0,0.0,0.0,0.0,0.0,20.0,1.0,7.0,3.0,3.0,4.0,1.0,0.0,18.0,0.0,5.0,4.543490512868683,220.0
1.0,0.0,1.0,0.0,0.0,0.0,1.0,0.0,0.0,0.0,1.0,0.0,0.0,1.0,0.0,0.0,0.0,0.0,0.0,0.0,0.0,8.0,1.0,17.0,2.0,3.0,3.0,8.0,1.0,11.0,2.0,2.0,2.0,127.0
1.0,0.0,0.0,1.0,0.0,0.0,1.0,0.0,0.0,0.0,1.0,0.0,0.0,0.0,0.0,0.0,0.0,1.0,0.0,0.0,0.0,0.0,1.0,7.0,3.0,3.0,3.0,1.0,0.0,12.0,1.0,1.0,2.0,134.0
1.0,0.0,0.0,1.0,0.0,1.0,0.0,0.0,0.0,1.0,0.0,0.0,0.0,0.0,0.0,0.0,1.0,0.0,0.0,0.0,0.0,8.0,1.0,15.0,2.0,3.0,3.0,2.0,0.0,19.0,0.0,1.0,8.0,151.0
0.0,0.0,1.0,0.0,0.0,0.0,1.0,0.0,0.0,1.0,0.0,0.0,0.0,0.0,0.0,0.0,1.0,0.0,0.0,0.0,0.0,6.0,1.0,21.0,3.0,3.0,1.0,1.0,1.0,13.0,6.0,8.0,1.0,149.0
0.0,0.0,0.0,1.0,0.0,0.0,1.0,0.0,0.0,0.0,1.0,0.0,0.0,0.0,0.0,0.0,0.0,1.0,0.0,0.0,0.0,5.0,1.0,35.0,3.0,4.0,4.0,2.0,0.0,13.0,0.0,4.0,1.0,128.0
1.0,0.0,1.0,0.0,0.0,0.0,1.0,0.0,0.0,0.0,1.0,0.0,0.0,0.0,0.0,0.0,0.0,1.0,0.0,0.0,0.0,13.0,1.0,14.0,2.0,3.0,1.0,9.0,0.0,19.0,1.0,1.0,0.0,124.0
1.0,0.0,1.0,0.0,0.0,0.0,1.0,0.0,0.0,0.0,1.0,0.0,0.0,1.0,0.0,0.0,0.0,0.0,0.0,0.0,0.0,9.0,3.0,7.0,3.0,4.0,4.0,1.0,0.0,14.0,2.0,2.0,2.0,123.0
1.0,0.0,0.0,1.0,0.0,0.0,1.0,0.0,0.0,1.0,0.0,0.0,0.0,0.0,0.0,0.0,0.0,1.0,0.0,0.0,0.0,12.0,1.0,30.0,2.0,3.0,1.0,8.0,0.0,13.0,0.0,1.0,7.0,141.0
0.0,0.0,1.0,0.0,0.0,1.0,0.0,1.0,0.0,0.0,0.0,0.0,0.0,0.0,0.0,0.0,1.0,0.0,0.0,0.0,0.0,11.0,1.0,16.0,3.0,5.0,3.0,4.0,0.0,12.0,0.0,2.0,11.0,232.0
0.0,0.0,1.0,0.0,0.0,1.0,0.0,1.0,0.0,0.0,0.0,0.0,0.0,0.0,0.0,0.0,0.0,0.0,1.0,0.0,0.0,5.0,3.0,7.0,2.0,3.0,1.0,2.0,0.0,19.0,0.0,5.0,7.0,204.0
0.0,0.0,1.0,0.0,0.0,1.0,0.0,1.0,0.0,0.0,0.0,0.0,0.0,0.0,0.0,0.0,0.0,1.0,0.0,0.0,0.0,10.0,1.0,16.0,2.0,1.0,1.0,2.0,1.0,25.0,5.0,2.0,8.0,237.0
0.0,0.0,1.0,0.0,0.0,0.0,1.0,0.0,0.0,1.0,0.0,0.0,0.0,0.0,0.0,0.0,0.0,0.0,0.0,1.0,0.0,0.0,3.0,14.0,2.0,3.0,3.0,1.0,1.0,22.0,0.0,1.0,4.0,149.0
1.0,0.0,1.0,0.0,1.0,0.0,0.0,0.0,0.0,0.0,1.0,0.0,0.0,0.0,0.0,0.0,0.0,1.0,0.0,0.0,0.0,25.0,3.0,35.0,2.0,3.0,1.0,3.0,0.0,15.0,1.0,1.0,0.0,135.0
1.0,0.0,0.0,1.0,0.0,0.0,1.0,0.0,0.0,0.0,1.0,0.0,0.0,1.0,0.0,0.0,0.0,0.0,0.0,0.0,0.0,17.0,1.0,14.0,2.0,3.0,1.0,7.0,1.0,12.0,1.0,1.0,2.0,124.0
1.0,0.0,0.0,1.0,0.0,0.0,1.0,0.0,0.0,0.0,1.0,0.0,0.0,1.0,0.0,0.0,0.0,0.0,0.0,0.0,0.0,0.0,3.0,14.0,2.0,3.0,5.0,2.0,1.0,11.0,1.0,1.0,2.0,124.0
1.0,0.0,0.0,1.0,1.0,0.0,0.0,0.0,0.0,0.0,0.0,0.0,1.0,0.0,0.0,0.0,0.0,1.0,0.0,0.0,0.0,12.0,1.0,15.0,2.0,3.0,1.0,3.0,0.0,15.0,1.0,1.0,3.0,294.0
1.0,0.0,1.0,0.0,1.0,0.0,0.0,0.0,0.0,0.0,0.0,1.0,0.0,0.0,0.0,0.0,0.0,0.0,1.0,0.0,1.0,9.0,3.0,15.0,2.0,3.0,5.0,2.0,0.0,19.0,1.0,1.0,0.0,118.0
0.0,0.0,1.0,0.0,0.0,1.0,0.0,1.0,0.0,0.0,0.0,0.0,0.0,0.0,0.0,0.0,1.0,0.0,0.0,0.0,0.0,9.0,3.0,9.0,3.0,4.0,1.0,1.0,0.0,19.0,0.0,3.0,4.0,176.0
0.0,0.0,1.0,0.0,1.0,0.0,0.0,0.0,0.0,1.0,0.0,0.0,0.0,0.0,0.0,0.0,0.0,1.0,0.0,0.0,0.0,9.0,1.0,10.0,3.0,3.0,4.0,8.0,0.0,13.0,0.0,1.0,2.0,151.0
1.0,0.0,1.0,0.0,1.0,0.0,0.0,0.0,0.0,1.0,0.0,0.0,0.0,0.0,0.0,0.0,0.0,1.0,0.0,0.0,0.0,29.0,1.0,7.0,2.0,3.0,3.0,2.0,0.0,21.0,0.0,1.0,9.0,163.0
1.0,0.0,1.0,0.0,0.0,0.0,1.0,0.0,0.0,0.0,0.0,1.0,0.0,0.0,0.0,0.0,1.0,0.0,0.0,0.0,1.0,0.0,1.0,7.0,2.0,3.0,1.0,10.0,1.0,14.0,2.0,2.0,2.0,148.0
1.0,0.0,1.0,0.0,0.0,1.0,0.0,0.0,0.0,0.0,0.0,0.0,1.0,0.0,0.0,0.0,0.0,1.0,0.0,0.0,0.0,15.0,1.0,8.0,2.0,3.0,3.0,6.0,0.0,11.0,1.0,4.0,14.0,289.0
1.0,0.0,1.0,0.0,0.0,0.0,1.0,0.0,0.0,0.0,1.0,0.0,0.0,0.0,1.0,0.0,0.0,0.0,0.0,0.0,1.0,19.0,1.0,14.0,3.0,3.0,3.0,9.0,0.0,11.0,6.0,9.0,8.0,123.0
0.0,0.0,1.0,0.0,0.0,1.0,0.0,0.0,1.0,0.0,0.0,0.0,0.0,0.0,0.0,0.0,0.0,1.0,0.0,0.0,0.0,14.0,1.0,34.0,2.0,4.0,4.0,1.0,0.0,23.0,1.0,2.0,10.0,236.0
0.0,0.0,1.0,0.0,0.0,1.0,0.0,0.0,0.0,1.0,0.0,0.0,0.0,0.0,0.0,0.0,0.0,0.0,1.0,0.0,0.0,7.0,3.0,34.0,3.0,4.0,3.0,2.0,0.0,21.0,1.0,1.0,7.0,167.0
1.0,0.0,1.0,0.0,1.0,0.0,0.0,0.0,0.0,1.0,0.0,0.0,0.0,0.0,0.0,0.0,0.0,0.0,1.0,0.0,0.0,9.0,3.0,21.0,2.0,5.0,1.0,2.0,0.0,24.0,5.0,11.0,11.0,154.0
1.0,0.0,1.0,0.0,0.0,1.0,0.0,0.0,0.0,1.0,0.0,0.0,0.0,0.0,0.0,0.0,0.0,1.0,0.0,0.0,0.0,14.0,3.0,9.0,2.0,4.0,4.0,3.0,0.0,11.0,1.0,1.0,4.0,189.0
1.0,0.0,0.0,1.0,0.0,0.0,1.0,0.0,0.0,0.0,1.0,0.0,0.0,0.0,1.0,0.0,0.0,0.0,0.0,0.0,0.0,5.0,1.0,14.0,3.0,3.0,5.0,2.0,0.0,14.0,0.0,1.0,2.0,124.0
0.0,0.0,0.0,1.0,0.0,1.0,0.0,1.0,0.0,0.0,0.0,0.0,0.0,0.0,0.0,0.0,0.0,1.0,0.0,0.0,0.0,8.0,2.0,32.0,2.0,3.0,1.0,2.0,1.0,16.0,1.0,1.0,7.0,188.0
0.0,0.0,1.0,0.0,0.0,1.0,0.0,0.0,0.0,1.0,0.0,0.0,0.0,0.0,0.0,0.0,0.0,1.0,0.0,0.0,0.0,11.0,3.0,16.0,3.0,3.0,1.0,2.0,0.0,11.0,0.0,1.0,9.0,153.0
1.0,0.0,1.0,0.0,1.0,0.0,0.0,0.0,0.0,1.0,0.0,0.0,0.0,0.0,0.0,0.0,0.0,1.0,0.0,0.0,1.0,13.0,3.0,7.0,3.0,3.0,3.0,8.0,0.0,12.0,1.0,1.0,1.0,167.0
0.0,0.0,1.0,0.0,0.0,1.0,0.0,0.0,0.0,1.0,0.0,0.0,0.0,0.0,0.0,0.0,0.0,0.0,1.0,0.0,0.0,9.0,3.0,17.0,3.0,4.0,1.0,5.0,0.0,13.0,1.0,1.0,0.0,167.0
0.0,0.0,0.0,1.0,0.0,0.0,1.0,0.0,0.0,1.0,0.0,0.0,0.0,0.0,0.0,0.0,0.0,1.0,0.0,0.0,0.0,18.0,3.0,26.0,2.0,3.0,3.0,9.0,0.0,15.0,0.0,1.0,1.0,149.0
1.0,0.0,0.0,1.0,0.0,0.0,1.0,0.0,0.0,0.0,1.0,0.0,0.0,0.0,0.0,0.0,0.0,1.0,0.0,0.0,0.0,13.0,1.0,8.0,3.0,4.0,3.0,3.0,0.0,14.0,0.0,2.0,2.0,128.0
1.0,0.0,1.0,0.0,1.0,0.0,0.0,0.0,0.0,1.0,0.0,0.0,0.0,0.0,0.0,0.0,0.0,1.0,0.0,0.0,0.0,8.0,1.0,24.0,3.0,3.0,3.0,2.0,1.0,14.0,0.0,1.0,2.0,157.0
0.0,0.0,1.0,0.0,0.0,1.0,0.0,0.0,0.0,0.0,1.0,0.0,0.0,1.0,0.0,0.0,0.0,0.0,0.0,0.0,0.0,9.0,1.0,8.0,3.0,3.0,3.0,3.0,0.0,14.0,0.0,1.0,2.0,120.0
0.0,0.0,1.0,0.0,0.0,0.0,1.0,0.0,0.0,0.0,1.0,0.0,0.0,0.0,0.0,0.0,0.0,1.0,0.0,0.0,0.0,8.0,1.0,7.0,3.0,5.0,1.0,2.0,0.0,12.0,1.0,1.0,1.0,130.0
1.0,0.0,1.0,0.0,0.0,0.0,1.0,0.0,0.0,1.0,0.0,0.0,0.0,0.0,0.0,0.0,0.0,0.0,0.0,1.0,0.0,2.0,1.0,19.0,2.0,4.0,4.0,5.0,1.0,13.0,0.0,1.0,3.0,140.0
0.0,0.0,0.0,1.0,0.0,0.0,1.0,0.0,0.0,0.0,0.0,1.0,0.0,0.0,0.0,0.0,1.0,0.0,0.0,0.0,0.0,2.0,1.0,34.0,3.0,4.0,5.0,2.0,0.0,14.0,0.0,1.0,4.0,138.0
1.0,0.0,1.0,0.0,0.0,1.0,0.0,1.0,0.0,0.0,0.0,0.0,0.0,0.0,0.0,0.0,0.0,0.0,1.0,0.0,1.0,13.0,3.0,34.0,2.0,4.0,5.0,5.0,1.0,13.0,2.0,2.0,0.0,209.0
0.0,0.0,1.0,0.0,0.0,1.0,0.0,0.0,1.0,0.0,0.0,0.0,0.0,0.0,0.0,0.0,0.0,0.0,1.0,0.0,0.0,12.0,3.0,30.0,2.0,4.0,1.0,1.0,0.0,11.0,3.0,9.0,4.543490512868683,220.0
1.0,0.0,0.0,1.0,1.0,0.0,0.0,0.0,0.0,1.0,0.0,0.0,0.0,0.0,0.0,0.0,1.0,0.0,0.0,0.0,0.0,4.0,1.0,11.0,3.0,3.0,5.0,1.0,0.0,19.0,1.0,1.0,7.0,199.0
0.0,0.0,0.0,1.0,0.0,0.0,1.0,0.0,0.0,0.0,1.0,0.0,0.0,0.0,0.0,0.0,0.0,0.0,0.0,1.0,0.0,0.0,3.0,11.0,3.0,4.0,3.0,1.0,0.0,18.0,1.0,1.0,0.0,130.0
1.0,0.0,1.0,0.0,1.0,0.0,0.0,0.0,0.0,1.0,0.0,0.0,0.0,1.0,0.0,0.0,0.0,0.0,0.0,0.0,0.0,9.0,1.0,14.0,2.0,1.0,1.0,5.0,0.0,17.0,0.0,1.0,3.0,126.0
1.0,0.0,1.0,0.0,0.0,1.0,0.0,1.0,0.0,0.0,0.0,0.0,0.0,0.0,0.0,0.0,1.0,0.0,0.0,0.0,0.0,12.0,1.0,12.0,2.0,4.0,5.0,5.0,0.0,15.0,0.0,1.0,7.0,200.0
1.0,0.0,1.0,0.0,0.0,1.0,0.0,0.0,0.0,1.0,0.0,0.0,0.0,0.0,0.0,0.0,0.0,1.0,0.0,0.0,0.0,0.0,1.0,10.0,2.0,1.0,4.0,2.0,1.0,20.0,0.0,1.0,3.0,161.0
1.0,0.0,1.0,0.0,1.0,0.0,0.0,0.0,0.0,1.0,0.0,0.0,0.0,0.0,0.0,0.0,1.0,0.0,0.0,0.0,0.0,22.0,3.0,8.0,3.0,4.0,4.0,3.0,0.0,14.0,1.0,1.0,8.0,154.0
1.0,0.0,1.0,0.0,0.0,0.0,1.0,0.0,0.0,1.0,0.0,0.0,0.0,0.0,0.0,0.0,1.0,0.0,0.0,0.0,0.0,7.0,1.0,14.0,2.0,1.0,3.0,3.0,0.0,12.0,1.0,1.0,2.0,144.0
0.0,0.0,0.0,1.0,0.0,1.0,0.0,0.0,0.0,1.0,0.0,0.0,0.0,0.0,0.0,0.0,0.0,1.0,0.0,0.0,1.0,5.0,3.0,7.0,4.0,4.0,2.0,10.0,1.0,12.0,2.0,2.0,6.0,185.0
1.0,0.0,0.0,1.0,0.0,0.0,1.0,0.0,0.0,0.0,0.0,1.0,0.0,0.0,0.0,0.0,0.0,0.0,0.0,1.0,1.0,1.0,1.0,9.0,4.0,5.0,3.0,8.0,1.0,16.0,1.0,2.0,1.0,146.0
1.0,0.0,0.0,1.0,0.0,0.0,1.0,0.0,0.0,0.0,0.0,1.0,0.0,0.0,0.0,0.0,0.0,1.0,0.0,0.0,1.0,1.0,1.0,31.0,3.0,5.0,3.0,7.0,1.0,15.0,1.0,2.0,4.0,145.0
1.0,0.0,0.0,1.0,0.0,1.0,0.0,0.0,0.0,1.0,0.0,0.0,0.0,0.0,0.0,0.0,0.0,1.0,0.0,0.0,1.0,1.0,3.0,16.0,3.0,5.0,5.0,9.0,0.0,24.0,1.0,2.0,4.0,159.0
1.0,0.0,0.0,1.0,0.0,1.0,0.0,0.0,0.0,0.0,0.0,1.0,0.0,0.0,0.0,0.0,1.0,0.0,0.0,0.0,1.0,1.0,1.0,13.0,3.0,4.0,5.0,4.0,0.0,12.0,2.0,2.0,4.0,155.0
0.0,0.0,0.0,1.0,1.0,0.0,0.0,0.0,0.0,0.0,0.0,1.0,0.0,0.0,0.0,0.0,0.0,1.0,0.0,0.0,1.0,1.0,1.0,23.0,4.0,6.0,5.0,3.0,1.0,23.0,5.0,7.0,8.0,164.0
1.0,1.0,0.0,0.0,0.0,0.0,1.0,0.0,0.0,1.0,0.0,0.0,0.0,0.0,1.0,0.0,0.0,0.0,0.0,0.0,1.0,3.0,3.0,12.0,3.0,4.0,2.0,5.0,0.0,15.0,1.0,2.0,1.0,146.0
1.0,1.0,0.0,0.0,0.0,0.0,1.0,0.0,0.0,0.0,0.0,1.0,0.0,0.0,0.0,0.0,1.0,0.0,0.0,0.0,1.0,1.0,1.0,7.0,4.0,4.0,2.0,4.0,1.0,17.0,3.0,3.0,1.0,148.0
1.0,1.0,0.0,0.0,0.0,1.0,0.0,0.0,0.0,0.0,0.0,1.0,0.0,0.0,0.0,0.0,0.0,0.0,1.0,0.0,1.0,14.0,3.0,10.0,3.0,5.0,3.0,3.0,1.0,15.0,1.0,2.0,3.0,152.0
1.0,0.0,0.0,1.0,0.0,0.0,1.0,0.0,0.0,0.0,0.0,1.0,0.0,0.0,0.0,0.0,0.0,1.0,0.0,0.0,1.0,1.0,1.0,32.0,3.0,6.0,3.0,3.0,0.0,13.0,2.0,2.0,2.0,148.0
0.0,1.0,0.0,0.0,0.0,1.0,0.0,0.0,0.0,0.0,0.0,0.0,1.0,0.0,0.0,1.0,0.0,0.0,0.0,0.0,1.0,5.0,1.0,19.0,3.0,4.0,3.0,3.0,0.0,15.0,10.0,16.0,9.0,320.0
1.0,0.0,0.0,1.0,0.0,1.0,0.0,1.0,0.0,0.0,0.0,0.0,0.0,0.0,0.0,0.0,0.0,1.0,0.0,0.0,1.0,12.0,1.0,7.0,4.0,5.0,3.0,11.0,1.0,14.0,1.0,2.0,1.0,179.0
1.0,0.0,0.0,1.0,0.0,1.0,0.0,0.0,0.0,0.0,0.0,1.0,0.0,0.0,1.0,0.0,0.0,0.0,0.0,0.0,1.0,1.0,1.0,12.0,3.0,4.0,3.0,3.0,1.0,14.0,3.0,3.0,3.0,159.0
1.0,1.0,0.0,0.0,0.0,1.0,0.0,0.0,0.0,0.0,0.0,1.0,0.0,0.0,0.0,0.0,1.0,0.0,0.0,0.0,1.0,1.0,1.0,16.0,4.0,5.0,3.0,2.0,1.0,18.0,1.0,2.0,1.0,159.0
1.0,0.0,0.0,1.0,0.0,1.0,0.0,1.0,0.0,0.0,0.0,0.0,0.0,0.0,0.0,0.0,1.0,0.0,0.0,0.0,1.0,10.0,3.0,16.0,4.0,5.0,2.0,3.0,0.0,17.0,1.0,5.0,4.543490512868683,221.0
1.0,0.0,1.0,0.0,0.0,0.0,1.0,0.0,0.0,0.0,0.0,1.0,0.0,0.0,0.0,0.0,0.0,0.0,0.0,1.0,1.0,1.0,2.0,13.0,4.0,4.0,5.0,6.0,1.0,23.0,2.0,2.0,3.0,146.0
0.0,0.0,0.0,1.0,1.0,0.0,0.0,0.0,0.0,0.0,0.0,1.0,0.0,0.0,0.0,0.0,0.0,1.0,0.0,0.0,1.0,1.0,1.0,13.0,4.0,5.0,2.0,3.0,1.0,19.0,2.0,2.0,1.0,154.0
1.0,0.0,0.0,1.0,0.0,1.0,0.0,0.0,0.0,1.0,0.0,0.0,0.0,0.0,0.0,0.0,0.0,0.0,1.0,0.0,1.0,1.0,3.0,12.0,3.0,5.0,3.0,3.0,1.0,12.0,2.0,2.0,4.0,182.0
1.0,0.0,0.0,1.0,1.0,0.0,0.0,0.0,0.0,1.0,0.0,0.0,0.0,0.0,0.0,0.0,0.0,1.0,0.0,0.0,1.0,1.0,1.0,14.0,4.0,6.0,3.0,3.0,1.0,25.0,2.0,2.0,7.0,186.0
0.0,1.0,0.0,0.0,0.0,1.0,0.0,0.0,0.0,0.0,0.0,1.0,0.0,0.0,0.0,0.0,0.0,1.0,0.0,0.0,1.0,20.0,1.0,21.0,4.0,4.0,4.0,11.0,1.0,19.0,2.0,5.0,4.0,175.0
1.0,1.0,0.0,0.0,0.0,1.0,0.0,0.0,0.0,1.0,0.0,0.0,0.0,0.0,0.0,0.0,0.0,1.0,0.0,0.0,1.0,1.0,3.0,13.0,4.0,6.0,3.0,6.0,1.0,19.0,7.0,8.0,8.0,187.0
0.0,1.0,0.0,0.0,0.0,1.0,0.0,1.0,0.0,0.0,0.0,0.0,0.0,0.0,0.0,0.0,1.0,0.0,0.0,0.0,1.0,21.0,1.0,30.0,4.0,4.0,2.0,3.0,0.0,13.0,12.0,16.0,4.543490512868683,228.0
1.0,0.0,0.0,1.0,0.0,0.0,1.0,0.0,0.0,0.0,0.0,1.0,0.0,0.0,0.0,0.0,0.0,0.0,1.0,0.0,1.0,1.0,3.0,29.0,3.0,4.0,3.0,3.0,1.0,20.0,1.0,2.0,1.0,142.0
0.0,1.0,0.0,0.0,0.0,1.0,0.0,0.0,0.0,1.0,0.0,0.0,0.0,0.0,0.0,0.0,0.0,1.0,0.0,0.0,1.0,1.0,3.0,27.0,4.0,6.0,3.0,5.0,1.0,12.0,2.0,3.0,3.0,171.0
1.0,0.0,0.0,1.0,1.0,0.0,0.0,1.0,0.0,0.0,0.0,0.0,0.0,0.0,0.0,0.0,0.0,1.0,0.0,0.0,1.0,15.0,1.0,15.0,3.0,6.0,2.0,4.0,0.0,16.0,1.0,2.0,4.0,232.0
0.0,0.0,0.0,1.0,0.0,1.0,0.0,0.0,0.0,0.0,0.0,1.0,0.0,0.0,0.0,0.0,1.0,0.0,0.0,0.0,1.0,1.0,1.0,16.0,3.0,4.0,5.0,9.0,0.0,23.0,2.0,2.0,5.0,167.0
1.0,1.0,0.0,0.0,0.0,1.0,0.0,1.0,0.0,0.0,0.0,0.0,0.0,0.0,0.0,0.0,0.0,0.0,1.0,0.0,0.0,9.0,3.0,7.0,4.0,4.0,4.0,3.0,0.0,14.0,2.0,2.0,7.0,198.0
1.0,1.0,0.0,0.0,0.0,0.0,1.0,0.0,0.0,1.0,0.0,0.0,0.0,0.0,0.0,0.0,0.0,0.0,1.0,0.0,0.0,27.0,3.0,13.0,3.0,4.0,3.0,4.0,1.0,21.0,1.0,5.0,6.0,148.0
1.0,0.0,1.0,0.0,0.0,0.0,1.0,0.0,0.0,1.0,0.0,0.0,0.0,0.0,0.0,0.0,0.0,1.0,0.0,0.0,0.0,19.0,1.0,16.0,3.0,4.0,4.0,10.0,0.0,19.0,2.0,2.0,16.0,148.0
0.0,0.0,0.0,1.0,1.0,0.0,0.0,1.0,0.0,0.0,0.0,0.0,0.0,0.0,0.0,0.0,0.0,0.0,1.0,0.0,0.0,6.0,3.0,15.0,3.0,4.0,2.0,3.0,0.0,15.0,3.0,4.0,4.543490512868683,215.0
1.0,1.0,0.0,0.0,1.0,0.0,0.0,0.0,0.0,1.0,0.0,0.0,0.0,0.0,1.0,0.0,0.0,0.0,0.0,0.0,0.0,3.0,1.0,7.0,3.0,4.0,3.0,3.0,0.0,14.0,1.0,2.0,10.0,168.0
1.0,1.0,0.0,0.0,0.0,1.0,0.0,0.0,0.0,1.0,0.0,0.0,0.0,0.0,0.0,0.0,1.0,0.0,0.0,0.0,0.0,1.0,1.0,14.0,3.0,5.0,3.0,4.0,0.0,18.0,2.0,2.0,1.0,186.0
0.0,1.0,0.0,0.0,0.0,1.0,0.0,0.0,0.0,0.0,0.0,1.0,0.0,0.0,0.0,0.0,1.0,0.0,0.0,0.0,0.0,31.0,1.0,16.0,4.0,5.0,4.0,6.0,1.0,21.0,2.0,2.0,1.0,158.0
1.0,1.0,0.0,0.0,0.0,1.0,0.0,1.0,0.0,0.0,0.0,0.0,0.0,0.0,0.0,0.0,0.0,0.0,1.0,0.0,0.0,14.0,3.0,11.0,4.0,5.0,2.0,9.0,0.0,12.0,3.0,2.0,12.0,234.0
0.0,1.0,0.0,0.0,1.0,0.0,0.0,0.0,0.0,0.0,0.0,1.0,0.0,0.0,0.0,0.0,0.0,0.0,1.0,0.0,0.0,8.0,3.0,9.0,4.0,4.0,3.0,8.0,0.0,19.0,2.0,2.0,3.0,147.0
1.0,1.0,0.0,0.0,0.0,0.0,1.0,0.0,0.0,0.0,0.0,1.0,0.0,0.0,0.0,0.0,1.0,0.0,0.0,0.0,0.0,1.0,1.0,26.0,4.0,4.0,2.0,3.0,0.0,25.0,1.0,3.0,3.0,148.0
1.0,0.0,1.0,0.0,1.0,0.0,0.0,0.0,0.0,0.0,0.0,1.0,0.0,0.0,0.0,0.0,1.0,0.0,0.0,0.0,0.0,1.0,1.0,16.0,3.0,4.0,4.0,8.0,0.0,19.0,1.0,3.0,3.0,145.0
1.0,1.0,0.0,0.0,0.0,1.0,0.0,0.0,0.0,0.0,0.0,1.0,0.0,0.0,0.0,0.0,1.0,0.0,0.0,0.0,0.0,2.0,1.0,28.0,3.0,4.0,2.0,3.0,0.0,12.0,1.0,2.0,3.0,152.0
1.0,0.0,1.0,0.0,0.0,1.0,0.0,1.0,0.0,0.0,0.0,0.0,0.0,0.0,0.0,0.0,0.0,1.0,0.0,0.0,0.0,31.0,1.0,31.0,3.0,3.0,2.0,5.0,1.0,17.0,2.0,2.0,4.543490512868683,219.0
1.0,0.0,1.0,0.0,1.0,0.0,0.0,0.0,0.0,0.0,0.0,1.0,0.0,0.0,0.0,0.0,1.0,0.0,0.0,0.0,0.0,1.0,1.0,10.0,4.0,5.0,3.0,3.0,1.0,16.0,1.0,2.0,2.0,151.0
0.0,0.0,0.0,1.0,0.0,1.0,0.0,0.0,0.0,0.0,0.0,0.0,1.0,0.0,0.0,0.0,0.0,1.0,0.0,0.0,0.0,24.0,1.0,18.0,3.0,4.0,4.0,5.0,0.0,16.0,3.0,5.0,5.0,324.0
1.0,0.0,1.0,0.0,0.0,0.0,1.0,0.0,0.0,0.0,0.0,1.0,0.0,0.0,0.0,0.0,0.0,1.0,0.0,0.0,0.0,15.0,1.0,21.0,3.0,4.0,3.0,6.0,0.0,13.0,2.0,2.0,9.0,150.0
0.0,1.0,0.0,0.0,0.0,1.0,0.0,1.0,0.0,0.0,0.0,0.0,0.0,0.0,0.0,0.0,0.0,1.0,0.0,0.0,0.0,4.0,3.0,12.0,3.0,4.0,2.0,4.0,0.0,13.0,3.0,8.0,4.543490512868683,219.0
0.0,0.0,0.0,1.0,0.0,1.0,0.0,0.0,0.0,1.0,0.0,0.0,0.0,0.0,0.0,0.0,0.0,1.0,0.0,0.0,0.0,12.0,3.0,7.0,3.0,5.0,2.0,6.0,0.0,23.0,2.0,2.0,4.543490512868683,212.0
1.0,0.0,0.0,1.0,0.0,1.0,0.0,0.0,0.0,0.0,0.0,1.0,0.0,0.0,0.0,0.0,0.0,1.0,0.0,0.0,0.0,6.0,1.0,13.0,3.0,4.0,3.0,5.0,0.0,21.0,1.0,2.0,5.0,155.0
1.0,1.0,0.0,0.0,0.0,1.0,0.0,0.0,0.0,0.0,0.0,1.0,0.0,0.0,1.0,0.0,0.0,0.0,0.0,0.0,0.0,1.0,1.0,24.0,3.0,4.0,4.0,2.0,1.0,17.0,2.0,2.0,2.0,156.0
0.0,0.0,0.0,1.0,1.0,0.0,0.0,0.0,0.0,0.0,0.0,1.0,0.0,0.0,1.0,0.0,0.0,0.0,0.0,0.0,1.0,1.0,3.0,7.0,4.0,6.0,5.0,2.0,0.0,22.0,2.0,2.0,1.0,148.0
1.0,0.0,0.0,1.0,1.0,0.0,0.0,0.0,0.0,0.0,0.0,1.0,0.0,0.0,0.0,0.0,1.0,0.0,0.0,0.0,0.0,10.0,1.0,10.0,2.0,4.0,4.0,6.0,0.0,13.0,5.0,8.0,3.0,146.0
1.0,0.0,1.0,0.0,1.0,0.0,0.0,0.0,0.0,1.0,0.0,0.0,0.0,0.0,0.0,0.0,1.0,0.0,0.0,0.0,0.0,4.0,1.0,16.0,4.0,4.0,5.0,3.0,0.0,12.0,1.0,7.0,11.0,156.0
0.0,0.0,1.0,0.0,0.0,1.0,0.0,0.0,0.0,1.0,0.0,0.0,0.0,0.0,0.0,0.0,0.0,1.0,0.0,0.0,0.0,19.0,3.0,11.0,2.0,4.0,5.0,6.0,1.0,12.0,1.0,2.0,4.0,175.0
0.0,0.0,1.0,0.0,0.0,1.0,0.0,0.0,0.0,0.0,0.0,1.0,0.0,0.0,0.0,0.0,0.0,1.0,0.0,0.0,0.0,30.0,1.0,15.0,4.0,4.0,5.0,6.0,1.0,19.0,2.0,3.0,3.0,168.0
1.0,0.0,0.0,1.0,0.0,1.0,0.0,0.0,0.0,0.0,0.0,1.0,0.0,0.0,0.0,0.0,0.0,1.0,0.0,0.0,0.0,7.0,1.0,9.0,3.0,4.0,2.0,2.0,0.0,15.0,1.0,2.0,3.0,150.0
1.0,0.0,0.0,1.0,0.0,0.0,1.0,0.0,0.0,0.0,0.0,1.0,0.0,0.0,0.0,0.0,0.0,1.0,0.0,0.0,1.0,1.0,1.0,9.0,3.0,5.0,2.0,3.0,0.0,23.0,1.0,2.0,1.0,136.0
0.0,0.0,1.0,0.0,0.0,1.0,0.0,1.0,0.0,0.0,0.0,0.0,0.0,0.0,0.0,0.0,0.0,0.0,1.0,0.0,0.0,20.0,3.0,7.0,4.0,4.0,5.0,3.0,0.0,26.0,5.0,16.0,4.543490512868683,230.0
0.0,0.0,0.0,1.0,0.0,0.0,1.0,0.0,0.0,0.0,0.0,1.0,0.0,0.0,0.0,0.0,0.0,1.0,0.0,0.0,0.0,12.0,1.0,16.0,4.0,4.0,2.0,3.0,0.0,13.0,2.0,3.0,2.0,148.0
0.0,1.0,0.0,0.0,0.0,1.0,0.0,0.0,0.0,0.0,0.0,1.0,0.0,0.0,0.0,0.0,1.0,0.0,0.0,0.0,0.0,5.0,1.0,19.0,4.0,4.0,2.0,10.0,1.0,24.0,2.0,2.0,3.0,164.0
0.0,0.0,0.0,1.0,0.0,0.0,1.0,0.0,0.0,0.0,0.0,1.0,0.0,0.0,0.0,0.0,1.0,0.0,0.0,0.0,0.0,8.0,1.0,34.0,4.0,4.0,4.0,4.0,0.0,16.0,2.0,2.0,3.0,148.0
0.0,0.0,0.0,1.0,0.0,1.0,0.0,0.0,0.0,0.0,0.0,1.0,0.0,0.0,0.0,0.0,0.0,0.0,1.0,0.0,1.0,5.0,3.0,27.0,4.0,4.0,4.0,3.0,1.0,23.0,1.0,2.0,3.0,156.0
1.0,1.0,0.0,0.0,0.0,1.0,0.0,0.0,0.0,0.0,0.0,1.0,0.0,0.0,0.0,0.0,1.0,0.0,0.0,0.0,0.0,24.0,1.0,7.0,3.0,5.0,3.0,4.0,0.0,16.0,1.0,2.0,3.0,162.0
0.0,0.0,1.0,0.0,0.0,1.0,0.0,0.0,0.0,1.0,0.0,0.0,0.0,0.0,0.0,0.0,1.0,0.0,0.0,0.0,0.0,27.0,1.0,20.0,3.0,3.0,5.0,3.0,0.0,12.0,2.0,2.0,4.0,170.0
0.0,1.0,0.0,0.0,0.0,1.0,0.0,0.0,0.0,0.0,0.0,1.0,0.0,0.0,0.0,0.0,1.0,0.0,0.0,0.0,0.0,7.0,1.0,21.0,4.0,4.0,4.0,3.0,0.0,14.0,1.0,2.0,7.0,153.0
0.0,1.0,0.0,0.0,0.0,1.0,0.0,0.0,0.0,0.0,0.0,0.0,1.0,0.0,0.0,0.0,1.0,0.0,0.0,0.0,0.0,14.0,1.0,11.0,3.0,4.0,3.0,3.0,0.0,15.0,1.0,10.0,10.0,315.0
1.0,0.0,0.0,1.0,0.0,1.0,0.0,0.0,0.0,0.0,0.0,0.0,1.0,0.0,0.0,0.0,1.0,0.0,0.0,0.0,0.0,29.0,1.0,21.0,4.0,3.0,4.0,10.0,0.0,15.0,1.0,3.0,16.0,312.0
1.0,1.0,0.0,0.0,1.0,0.0,0.0,0.0,0.0,1.0,0.0,0.0,0.0,0.0,0.0,0.0,0.0,1.0,0.0,0.0,0.0,8.0,1.0,9.0,3.0,5.0,3.0,3.0,0.0,18.0,1.0,2.0,4.543490512868683,220.0
0.0,0.0,0.0,1.0,0.0,1.0,0.0,0.0,1.0,0.0,0.0,0.0,0.0,0.0,0.0,0.0,1.0,0.0,0.0,0.0,0.0,25.0,1.0,10.0,4.0,4.0,4.0,5.0,0.0,19.0,1.0,2.0,1.0,262.0
1.0,1.0,0.0,0.0,0.0,1.0,0.0,0.0,0.0,0.0,0.0,0.0,1.0,0.0,0.0,0.0,0.0,1.0,0.0,0.0,0.0,26.0,1.0,7.0,4.0,5.0,3.0,2.0,0.0,15.0,2.0,12.0,10.0,325.0
0.0,0.0,0.0,1.0,0.0,0.0,1.0,0.0,0.0,0.0,0.0,1.0,0.0,0.0,0.0,0.0,1.0,0.0,0.0,0.0,0.0,1.0,1.0,16.0,3.0,4.0,4.0,3.0,0.0,17.0,2.0,2.0,4.0,148.0
1.0,1.0,0.0,0.0,0.0,1.0,0.0,0.0,0.0,1.0,0.0,0.0,0.0,0.0,0.0,0.0,0.0,1.0,0.0,0.0,1.0,1.0,1.0,30.0,3.0,5.0,3.0,5.0,1.0,14.0,2.0,2.0,2.0,184.0
1.0,0.0,1.0,0.0,1.0,0.0,0.0,0.0,0.0,0.0,0.0,1.0,0.0,0.0,0.0,0.0,1.0,0.0,0.0,0.0,0.0,17.0,1.0,14.0,3.0,3.0,2.0,6.0,0.0,15.0,1.0,3.0,3.0,146.0
1.0,1.0,0.0,0.0,1.0,0.0,0.0,0.0,1.0,0.0,0.0,0.0,0.0,0.0,0.0,0.0,1.0,0.0,0.0,0.0,0.0,19.0,1.0,9.0,4.0,5.0,2.0,11.0,0.0,15.0,10.0,12.0,9.0,293.0
1.0,1.0,0.0,0.0,0.0,1.0,0.0,0.0,0.0,0.0,0.0,1.0,0.0,0.0,0.0,0.0,0.0,1.0,0.0,0.0,0.0,11.0,1.0,28.0,4.0,3.0,5.0,3.0,1.0,13.0,1.0,2.0,8.0,161.0
0.0,0.0,0.0,1.0,1.0,0.0,0.0,0.0,0.0,1.0,0.0,0.0,0.0,0.0,0.0,0.0,1.0,0.0,0.0,0.0,0.0,9.0,1.0,9.0,3.0,4.0,4.0,7.0,0.0,12.0,2.0,2.0,3.0,169.0
0.0,0.0,1.0,0.0,1.0,0.0,0.0,0.0,0.0,1.0,0.0,0.0,0.0,0.0,0.0,0.0,1.0,0.0,0.0,0.0,0.0,16.0,1.0,28.0,3.0,4.0,3.0,4.0,0.0,17.0,1.0,2.0,3.0,178.0
1.0,1.0,0.0,0.0,0.0,1.0,0.0,0.0,0.0,1.0,0.0,0.0,0.0,0.0,0.0,0.0,0.0,1.0,0.0,0.0,0.0,12.0,1.0,9.0,3.0,4.0,3.0,11.0,0.0,15.0,1.0,2.0,1.0,191.0
1.0,1.0,0.0,0.0,0.0,1.0,0.0,0.0,0.0,1.0,0.0,0.0,0.0,0.0,1.0,0.0,0.0,0.0,0.0,0.0,0.0,12.0,1.0,36.0,3.0,4.0,2.0,5.0,0.0,19.0,1.0,2.0,8.0,188.0
1.0,1.0,0.0,0.0,1.0,0.0,0.0,0.0,0.0,1.0,0.0,0.0,0.0,0.0,1.0,0.0,0.0,0.0,0.0,0.0,0.0,1.0,1.0,7.0,3.0,5.0,5.0,7.0,0.0,20.0,1.0,3.0,1.0,168.0
1.0,0.0,1.0,0.0,1.0,0.0,0.0,0.0,0.0,1.0,0.0,0.0,0.0,0.0,0.0,0.0,0.0,1.0,0.0,0.0,0.0,23.0,1.0,25.0,4.0,4.0,2.0,3.0,1.0,16.0,1.0,2.0,8.0,193.0
1.0,0.0,1.0,0.0,1.0,0.0,0.0,0.0,0.0,0.0,0.0,1.0,0.0,0.0,0.0,0.0,1.0,0.0,0.0,0.0,0.0,8.0,1.0,17.0,3.0,4.0,3.0,3.0,1.0,18.0,3.0,3.0,1.0,163.0
1.0,1.0,0.0,0.0,0.0,1.0,0.0,0.0,0.0,1.0,0.0,0.0,0.0,0.0,0.0,0.0,1.0,0.0,0.0,0.0,0.0,14.0,1.0,26.0,3.0,4.0,2.0,10.0,1.0,16.0,2.0,4.0,8.0,152.0
1.0,1.0,0.0,0.0,0.0,1.0,0.0,0.0,0.0,1.0,0.0,0.0,0.0,0.0,0.0,0.0,1.0,0.0,0.0,0.0,1.0,2.0,1.0,36.0,4.0,4.0,5.0,9.0,1.0,20.0,1.0,2.0,1.0,192.0
0.0,1.0,0.0,0.0,0.0,1.0,0.0,1.0,0.0,0.0,0.0,0.0,0.0,0.0,0.0,0.0,0.0,0.0,1.0,0.0,1.0,1.0,3.0,34.0,3.0,4.0,2.0,3.0,0.0,23.0,2.0,2.0,10.0,201.0
1.0,0.0,1.0,0.0,0.0,0.0,1.0,0.0,0.0,0.0,0.0,1.0,0.0,0.0,0.0,0.0,0.0,1.0,0.0,0.0,0.0,1.0,1.0,12.0,3.0,3.0,4.0,3.0,1.0,17.0,1.0,3.0,3.0,148.0
0.0,0.0,0.0,1.0,1.0,0.0,0.0,0.0,0.0,0.0,0.0,1.0,0.0,0.0,0.0,0.0,1.0,0.0,0.0,0.0,0.0,10.0,1.0,25.0,4.0,4.0,2.0,3.0,0.0,14.0,2.0,2.0,8.0,147.0
1.0,1.0,0.0,0.0,1.0,0.0,0.0,0.0,0.0,1.0,0.0,0.0,0.0,0.0,0.0,0.0,0.0,1.0,0.0,0.0,0.0,14.0,1.0,16.0,4.0,5.0,2.0,11.0,0.0,15.0,2.0,2.0,3.0,174.0
1.0,0.0,1.0,0.0,0.0,1.0,0.0,1.0,0.0,0.0,0.0,0.0,0.0,0.0,0.0,0.0,1.0,0.0,0.0,0.0,0.0,20.0,1.0,7.0,4.0,4.0,5.0,9.0,0.0,17.0,1.0,2.0,4.543490512868683,219.0
1.0,1.0,0.0,0.0,0.0,1.0,0.0,1.0,0.0,0.0,0.0,0.0,0.0,0.0,0.0,0.0,1.0,0.0,0.0,0.0,1.0,1.0,3.0,11.0,3.0,6.0,2.0,3.0,0.0,12.0,8.0,10.0,4.543490512868683,229.0
1.0,0.0,0.0,1.0,1.0,0.0,0.0,1.0,0.0,0.0,0.0,0.0,0.0,0.0,0.0,0.0,0.0,1.0,0.0,0.0,0.0,4.0,1.0,7.0,3.0,5.0,3.0,3.0,0.0,23.0,3.0,6.0,4.543490512868683,210.0
0.0,0.0,0.0,1.0,1.0,0.0,0.0,0.0,0.0,1.0,0.0,0.0,0.0,0.0,0.0,0.0,0.0,1.0,0.0,0.0,0.0,1.0,3.0,27.0,3.0,4.0,3.0,3.0,0.0,15.0,2.0,2.0,4.543490512868683,225.0
1.0,1.0,0.0,0.0,0.0,1.0,0.0,1.0,0.0,0.0,0.0,0.0,0.0,0.0,0.0,0.0,0.0,1.0,0.0,0.0,0.0,25.0,1.0,15.0,3.0,5.0,4.0,7.0,0.0,17.0,2.0,2.0,8.0,250.0
0.0,0.0,0.0,1.0,0.0,1.0,0.0,0.0,0.0,0.0,0.0,1.0,0.0,0.0,1.0,0.0,0.0,0.0,0.0,0.0,1.0,1.0,1.0,10.0,3.0,4.0,5.0,7.0,1.0,12.0,2.0,2.0,5.0,152.0
0.0,0.0,0.0,1.0,0.0,1.0,0.0,1.0,0.0,0.0,0.0,0.0,0.0,0.0,0.0,0.0,0.0,1.0,0.0,0.0,0.0,15.0,3.0,13.0,4.0,4.0,2.0,5.0,1.0,19.0,1.0,2.0,1.0,261.0
0.0,0.0,0.0,1.0,1.0,0.0,0.0,0.0,0.0,1.0,0.0,0.0,0.0,0.0,0.0,0.0,0.0,0.0,1.0,0.0,1.0,1.0,3.0,33.0,3.0,5.0,5.0,7.0,0.0,16.0,1.0,2.0,2.0,192.0
1.0,0.0,0.0,1.0,0.0,0.0,1.0,0.0,0.0,0.0,0.0,1.0,0.0,0.0,1.0,0.0,0.0,0.0,0.0,0.0,1.0,1.0,1.0,7.0,3.0,4.0,3.0,2.0,0.0,15.0,1.0,2.0,6.0,146.0
0.0,0.0,0.0,1.0,1.0,0.0,0.0,1.0,0.0,0.0,0.0,0.0,0.0,0.0,0.0,0.0,1.0,0.0,0.0,0.0,0.0,19.0,3.0,13.0,3.0,5.0,2.0,8.0,0.0,13.0,13.0,13.0,4.543490512868683,214.0
0.0,1.0,0.0,0.0,0.0,1.0,0.0,0.0,0.0,1.0,0.0,0.0,0.0,0.0,0.0,0.0,0.0,0.0,1.0,0.0,0.0,28.0,3.0,10.0,3.0,4.0,5.0,4.0,0.0,15.0,2.0,2.0,6.0,184.0
1.0,0.0,0.0,1.0,0.0,1.0,0.0,0.0,0.0,1.0,0.0,0.0,0.0,0.0,0.0,0.0,0.0,1.0,0.0,0.0,0.0,10.0,1.0,12.0,4.0,4.0,4.0,10.0,0.0,17.0,1.0,4.0,8.0,184.0
0.0,1.0,0.0,0.0,0.0,1.0,0.0,0.0,0.0,0.0,0.0,1.0,0.0,0.0,0.0,0.0,1.0,0.0,0.0,0.0,0.0,7.0,1.0,11.0,3.0,5.0,4.0,8.0,0.0,22.0,1.0,2.0,2.0,151.0
1.0,0.0,1.0,0.0,1.0,0.0,0.0,1.0,0.0,0.0,0.0,0.0,0.0,0.0,0.0,0.0,0.0,0.0,0.0,1.0,0.0,11.0,1.0,18.0,3.0,4.0,2.0,3.0,1.0,15.0,1.0,2.0,8.0,247.0
1.0,0.0,1.0,0.0,0.0,1.0,0.0,1.0,0.0,0.0,0.0,0.0,0.0,0.0,0.0,0.0,0.0,1.0,0.0,0.0,0.0,12.0,3.0,10.0,4.0,4.0,3.0,2.0,0.0,13.0,2.0,6.0,4.543490512868683,231.0
1.0,1.0,0.0,0.0,1.0,0.0,0.0,0.0,0.0,1.0,0.0,0.0,0.0,0.0,0.0,0.0,1.0,0.0,0.0,0.0,0.0,5.0,1.0,7.0,3.0,6.0,3.0,2.0,0.0,13.0,2.0,2.0,5.0,168.0
1.0,1.0,0.0,0.0,0.0,0.0,1.0,0.0,0.0,0.0,0.0,1.0,0.0,0.0,0.0,0.0,0.0,1.0,0.0,0.0,0.0,31.0,1.0,10.0,4.0,5.0,2.0,5.0,0.0,18.0,1.0,2.0,1.0,147.0
1.0,0.0,1.0,0.0,1.0,0.0,0.0,0.0,0.0,0.0,0.0,1.0,0.0,0.0,0.0,0.0,0.0,0.0,1.0,0.0,0.0,11.0,3.0,11.0,3.0,4.0,2.0,6.0,0.0,18.0,2.0,6.0,9.0,25.0
0.0,1.0,0.0,0.0,1.0,0.0,0.0,1.0,0.0,0.0,0.0,0.0,0.0,0.0,0.0,0.0,1.0,0.0,0.0,0.0,0.0,3.0,3.0,7.0,3.0,4.0,2.0,3.0,0.0,15.0,5.0,5.0,2.0,204.0
0.0,0.0,0.0,1.0,1.0,0.0,0.0,1.0,0.0,0.0,0.0,0.0,0.0,0.0,0.0,0.0,0.0,0.0,1.0,0.0,0.0,9.0,3.0,7.0,4.0,4.0,3.0,3.0,0.0,15.0,2.0,2.0,4.543490512868683,213.0
1.0,0.0,0.0,1.0,0.0,0.0,1.0,0.0,0.0,0.0,0.0,1.0,0.0,0.0,0.0,0.0,1.0,0.0,0.0,0.0,1.0,1.0,1.0,25.0,3.0,5.0,2.0,3.0,1.0,14.0,1.0,2.0,2.0,149.0
0.0,0.0,0.0,1.0,0.0,1.0,0.0,0.0,0.0,0.0,0.0,1.0,0.0,0.0,0.0,0.0,0.0,1.0,0.0,0.0,0.0,26.0,1.0,9.0,3.0,5.0,2.0,9.0,0.0,16.0,1.0,3.0,3.0,157.0
1.0,1.0,0.0,0.0,0.0,1.0,0.0,0.0,0.0,0.0,0.0,0.0,1.0,0.0,0.0,1.0,0.0,0.0,0.0,0.0,0.0,16.0,1.0,11.0,3.0,4.0,2.0,3.0,0.0,15.0,1.0,12.0,16.0,317.0
1.0,1.0,0.0,0.0,0.0,0.0,1.0,0.0,0.0,0.0,0.0,1.0,0.0,0.0,0.0,0.0,1.0,0.0,0.0,0.0,0.0,31.0,2.0,13.0,3.0,4.0,3.0,10.0,0.0,18.0,3.0,3.0,3.0,148.0
0.0,0.0,1.0,0.0,0.0,1.0,0.0,0.0,0.0,0.0,0.0,0.0,1.0,0.0,0.0,0.0,1.0,0.0,0.0,0.0,0.0,24.0,3.0,7.0,4.0,4.0,2.0,5.0,0.0,15.0,2.0,2.0,7.0,320.0
1.0,1.0,0.0,0.0,0.0,0.0,1.0,0.0,0.0,0.0,0.0,1.0,0.0,0.0,0.0,0.0,1.0,0.0,0.0,0.0,1.0,1.0,1.0,21.0,3.0,4.0,2.0,7.0,1.0,14.0,1.0,2.0,5.0,149.0
0.0,1.0,0.0,0.0,0.0,1.0,0.0,0.0,1.0,0.0,0.0,0.0,0.0,0.0,0.0,0.0,0.0,0.0,1.0,0.0,0.0,17.0,3.0,23.0,4.0,4.0,2.0,7.0,1.0,23.0,1.0,2.0,10.0,286.0
0.0,1.0,0.0,0.0,0.0,1.0,0.0,0.0,0.0,0.0,0.0,1.0,0.0,0.0,0.0,0.0,0.0,1.0,0.0,0.0,1.0,1.0,1.0,9.0,3.0,4.0,5.0,9.0,0.0,21.0,2.0,2.0,8.0,152.0
1.0,0.0,0.0,1.0,1.0,0.0,0.0,0.0,0.0,0.0,0.0,0.0,1.0,0.0,0.0,0.0,0.0,1.0,0.0,0.0,0.0,26.0,3.0,9.0,4.0,5.0,3.0,3.0,1.0,15.0,8.0,16.0,13.0,316.0
0.0,1.0,0.0,0.0,0.0,1.0,0.0,0.0,0.0,0.0,0.0,1.0,0.0,0.0,0.0,0.0,0.0,1.0,0.0,0.0,0.0,6.0,3.0,11.0,3.0,4.0,4.0,4.0,0.0,12.0,2.0,2.0,3.0,164.0
1.0,0.0,0.0,1.0,0.0,1.0,0.0,0.0,0.0,0.0,0.0,1.0,0.0,0.0,0.0,0.0,0.0,1.0,0.0,0.0,1.0,1.0,1.0,7.0,4.0,5.0,3.0,2.0,1.0,15.0,2.0,2.0,3.0,162.0
0.0,0.0,1.0,0.0,0.0,0.0,1.0,0.0,0.0,0.0,0.0,1.0,0.0,0.0,0.0,0.0,1.0,0.0,0.0,0.0,0.0,13.0,1.0,7.0,4.0,4.0,3.0,9.0,0.0,15.0,1.0,2.0,3.0,147.0
1.0,1.0,0.0,0.0,1.0,0.0,0.0,0.0,0.0,1.0,0.0,0.0,0.0,0.0,0.0,0.0,0.0,0.0,1.0,0.0,0.0,6.0,3.0,33.0,4.0,4.0,2.0,2.0,0.0,19.0,2.0,3.0,3.0,170.0
1.0,0.0,1.0,0.0,0.0,1.0,0.0,0.0,0.0,1.0,0.0,0.0,0.0,0.0,0.0,0.0,0.0,1.0,0.0,0.0,0.0,15.0,1.0,26.0,3.0,4.0,5.0,4.0,0.0,17.0,2.0,2.0,1.0,156.0
1.0,0.0,1.0,0.0,0.0,1.0,0.0,0.0,0.0,1.0,0.0,0.0,0.0,0.0,1.0,0.0,0.0,0.0,0.0,0.0,0.0,14.0,1.0,31.0,4.0,4.0,2.0,3.0,0.0,18.0,3.0,5.0,8.0,158.0
1.0,1.0,0.0,0.0,0.0,1.0,0.0,0.0,0.0,0.0,0.0,0.0,1.0,0.0,0.0,0.0,0.0,0.0,0.0,1.0,0.0,19.0,1.0,7.0,4.0,3.0,2.0,2.0,0.0,15.0,2.0,2.0,8.0,317.0
1.0,0.0,1.0,0.0,1.0,0.0,0.0,1.0,0.0,0.0,0.0,0.0,0.0,0.0,0.0,0.0,1.0,0.0,0.0,0.0,0.0,5.0,1.0,10.0,4.0,4.0,3.0,11.0,0.0,13.0,1.0,3.0,3.0,262.0
0.0,1.0,0.0,0.0,0.0,1.0,0.0,0.0,0.0,0.0,0.0,1.0,0.0,0.0,0.0,0.0,0.0,1.0,0.0,0.0,0.0,7.0,1.0,12.0,4.0,5.0,2.0,3.0,0.0,14.0,1.0,2.0,3.0,154.0
1.0,1.0,0.0,0.0,0.0,1.0,0.0,0.0,0.0,1.0,0.0,0.0,0.0,0.0,0.0,0.0,0.0,1.0,0.0,0.0,0.0,8.0,1.0,9.0,3.0,5.0,5.0,8.0,0.0,14.0,1.0,6.0,10.0,185.0
0.0,1.0,0.0,0.0,0.0,1.0,0.0,0.0,0.0,0.0,0.0,1.0,0.0,0.0,0.0,0.0,1.0,0.0,0.0,0.0,0.0,11.0,1.0,7.0,3.0,5.0,5.0,4.0,0.0,15.0,2.0,2.0,3.0,164.0
1.0,1.0,0.0,0.0,1.0,0.0,0.0,0.0,0.0,1.0,0.0,0.0,0.0,0.0,0.0,0.0,0.0,1.0,0.0,0.0,0.0,19.0,1.0,14.0,4.0,3.0,3.0,6.0,0.0,18.0,1.0,2.0,3.0,189.0
1.0,0.0,1.0,0.0,1.0,0.0,0.0,1.0,0.0,0.0,0.0,0.0,0.0,0.0,0.0,0.0,1.0,0.0,0.0,0.0,1.0,1.0,1.0,17.0,4.0,4.0,3.0,8.0,0.0,12.0,2.0,2.0,4.543490512868683,225.0
0.0,0.0,0.0,1.0,1.0,0.0,0.0,1.0,0.0,0.0,0.0,0.0,0.0,0.0,0.0,1.0,0.0,0.0,0.0,0.0,0.0,13.0,1.0,9.0,4.0,4.0,3.0,2.0,0.0,26.0,11.0,2.0,9.0,234.0
1.0,0.0,0.0,1.0,0.0,0.0,1.0,0.0,0.0,0.0,0.0,1.0,0.0,0.0,0.0,0.0,0.0,1.0,0.0,0.0,0.0,3.0,1.0,22.0,3.0,4.0,2.0,3.0,0.0,20.0,1.0,2.0,6.0,148.0
0.0,0.0,0.0,1.0,0.0,1.0,0.0,0.0,0.0,1.0,0.0,0.0,0.0,0.0,0.0,0.0,0.0,1.0,0.0,0.0,0.0,16.0,1.0,24.0,3.0,3.0,5.0,5.0,1.0,14.0,1.0,2.0,3.0,190.0
1.0,0.0,1.0,0.0,0.0,1.0,0.0,0.0,0.0,1.0,0.0,0.0,0.0,0.0,0.0,0.0,0.0,0.0,1.0,0.0,0.0,3.0,3.0,27.0,3.0,4.0,2.0,4.0,0.0,15.0,2.0,2.0,3.0,194.0
0.0,1.0,0.0,0.0,0.0,1.0,0.0,0.0,0.0,1.0,0.0,0.0,0.0,0.0,0.0,0.0,0.0,1.0,0.0,0.0,0.0,1.0,1.0,7.0,4.0,4.0,3.0,2.0,0.0,13.0,2.0,2.0,3.0,174.0
0.0,0.0,1.0,0.0,0.0,1.0,0.0,0.0,0.0,0.0,0.0,1.0,0.0,0.0,0.0,0.0,1.0,0.0,0.0,0.0,0.0,16.0,1.0,9.0,3.0,5.0,5.0,2.0,1.0,12.0,5.0,8.0,9.0,151.0
1.0,0.0,1.0,0.0,0.0,1.0,0.0,0.0,0.0,0.0,0.0,0.0,1.0,0.0,0.0,0.0,1.0,0.0,0.0,0.0,0.0,14.0,1.0,9.0,3.0,4.0,3.0,2.0,0.0,15.0,1.0,4.0,10.0,319.0
1.0,1.0,0.0,0.0,0.0,1.0,0.0,0.0,0.0,0.0,0.0,1.0,0.0,0.0,0.0,0.0,0.0,1.0,0.0,0.0,0.0,25.0,1.0,7.0,4.0,4.0,2.0,3.0,0.0,12.0,2.0,2.0,1.0,152.0
1.0,0.0,0.0,1.0,1.0,0.0,0.0,0.0,0.0,0.0,0.0,1.0,0.0,0.0,0.0,0.0,1.0,0.0,0.0,0.0,1.0,1.0,1.0,36.0,4.0,5.0,4.0,2.0,0.0,12.0,2.0,2.0,5.0,160.0
1.0,1.0,0.0,0.0,1.0,0.0,0.0,0.0,0.0,0.0,0.0,1.0,0.0,0.0,0.0,0.0,0.0,1.0,0.0,0.0,0.0,6.0,1.0,14.0,4.0,3.0,4.0,3.0,0.0,21.0,1.0,2.0,4.0,153.0
1.0,1.0,0.0,0.0,1.0,0.0,0.0,0.0,0.0,1.0,0.0,0.0,0.0,0.0,0.0,0.0,0.0,1.0,0.0,0.0,0.0,12.0,3.0,9.0,3.0,5.0,2.0,5.0,0.0,19.0,7.0,8.0,6.0,177.0
1.0,0.0,0.0,1.0,0.0,0.0,1.0,0.0,0.0,1.0,0.0,0.0,0.0,0.0,1.0,0.0,0.0,0.0,0.0,0.0,0.0,6.0,1.0,9.0,3.0,5.0,5.0,6.0,0.0,14.0,1.0,2.0,5.0,147.0
0.0,1.0,0.0,0.0,0.0,1.0,0.0,0.0,1.0,0.0,0.0,0.0,0.0,0.0,0.0,1.0,0.0,0.0,0.0,0.0,0.0,20.0,3.0,9.0,4.0,6.0,4.0,5.0,1.0,15.0,7.0,8.0,8.0,294.0
1.0,0.0,0.0,1.0,0.0,1.0,0.0,0.0,0.0,0.0,0.0,1.0,0.0,0.0,0.0,0.0,0.0,1.0,0.0,0.0,1.0,1.0,1.0,9.0,4.0,4.0,3.0,4.0,0.0,12.0,2.0,2.0,1.0,160.0
1.0,1.0,0.0,0.0,0.0,1.0,0.0,0.0,0.0,1.0,0.0,0.0,0.0,0.0,0.0,0.0,1.0,0.0,0.0,0.0,0.0,3.0,3.0,9.0,4.0,5.0,4.0,4.0,0.0,20.0,1.0,2.0,1.0,191.0
1.0,1.0,0.0,0.0,0.0,1.0,0.0,0.0,0.0,1.0,0.0,0.0,0.0,0.0,0.0,0.0,1.0,0.0,0.0,0.0,0.0,5.0,1.0,30.0,4.0,5.0,2.0,2.0,0.0,22.0,2.0,8.0,9.0,181.0
1.0,0.0,1.0,0.0,1.0,0.0,0.0,0.0,0.0,1.0,0.0,0.0,0.0,0.0,0.0,0.0,0.0,1.0,0.0,0.0,0.0,1.0,1.0,12.0,3.0,3.0,5.0,3.0,0.0,13.0,2.0,2.0,6.0,165.0
1.0,1.0,0.0,0.0,0.0,1.0,0.0,0.0,1.0,0.0,0.0,0.0,0.0,0.0,0.0,0.0,1.0,0.0,0.0,0.0,0.0,19.0,1.0,27.0,4.0,4.0,2.0,2.0,1.0,15.0,1.0,2.0,11.0,260.0
1.0,1.0,0.0,0.0,0.0,1.0,0.0,0.0,0.0,0.0,0.0,1.0,0.0,0.0,0.0,0.0,0.0,1.0,0.0,0.0,0.0,10.0,1.0,13.0,3.0,4.0,2.0,2.0,0.0,12.0,5.0,11.0,12.0,157.0
1.0,0.0,0.0,1.0,0.0,1.0,0.0,0.0,0.0,0.0,0.0,0.0,1.0,0.0,0.0,0.0,1.0,0.0,0.0,0.0,0.0,29.0,1.0,7.0,3.0,4.0,5.0,2.0,1.0,15.0,5.0,5.0,14.0,315.0
1.0,1.0,0.0,0.0,1.0,0.0,0.0,1.0,0.0,0.0,0.0,0.0,0.0,0.0,0.0,0.0,0.0,1.0,0.0,0.0,1.0,11.0,1.0,36.0,3.0,4.0,4.0,3.0,1.0,13.0,6.0,2.0,10.0,243.0
1.0,1.0,0.0,0.0,0.0,0.0,1.0,0.0,0.0,0.0,0.0,1.0,0.0,0.0,0.0,0.0,1.0,0.0,0.0,0.0,0.0,2.0,1.0,16.0,4.0,4.0,2.0,3.0,0.0,24.0,2.0,2.0,5.0,146.0
1.0,1.0,0.0,0.0,0.0,1.0,0.0,0.0,0.0,1.0,0.0,0.0,0.0,0.0,0.0,0.0,1.0,0.0,0.0,0.0,0.0,11.0,3.0,13.0,4.0,4.0,2.0,6.0,0.0,15.0,1.0,2.0,2.0,190.0
1.0,0.0,0.0,1.0,0.0,1.0,0.0,0.0,0.0,0.0,0.0,1.0,0.0,0.0,0.0,0.0,1.0,0.0,0.0,0.0,0.0,1.0,1.0,10.0,4.0,5.0,3.0,3.0,0.0,18.0,2.0,2.0,1.0,157.0
0.0,0.0,1.0,0.0,1.0,0.0,0.0,1.0,0.0,0.0,0.0,0.0,0.0,0.0,0.0,0.0,1.0,0.0,0.0,0.0,0.0,11.0,1.0,7.0,1.0,4.0,2.0,4.0,1.0,19.0,1.0,2.0,3.0,261.0
0.0,0.0,1.0,0.0,0.0,1.0,0.0,1.0,0.0,0.0,0.0,0.0,0.0,0.0,0.0,0.0,0.0,1.0,0.0,0.0,0.0,3.0,1.0,29.0,4.0,3.0,4.0,9.0,0.0,19.0,6.0,2.0,3.0,245.0
0.0,0.0,1.0,0.0,0.0,1.0,0.0,0.0,0.0,1.0,0.0,0.0,0.0,0.0,0.0,0.0,1.0,0.0,0.0,0.0,0.0,12.0,3.0,14.0,3.0,3.0,5.0,3.0,1.0,25.0,1.0,8.0,8.0,181.0
0.0,0.0,1.0,0.0,1.0,0.0,0.0,0.0,0.0,1.0,0.0,0.0,0.0,0.0,0.0,0.0,0.0,1.0,0.0,0.0,0.0,1.0,1.0,7.0,3.0,4.0,4.0,3.0,0.0,21.0,1.0,2.0,5.0,189.0
1.0,0.0,1.0,0.0,0.0,1.0,0.0,0.0,0.0,0.0,0.0,0.0,1.0,0.0,0.0,0.0,0.0,1.0,0.0,0.0,0.0,24.0,1.0,11.0,4.0,4.0,4.0,5.0,0.0,15.0,2.0,2.0,7.0,316.0
1.0,1.0,0.0,0.0,0.0,1.0,0.0,0.0,1.0,0.0,0.0,0.0,0.0,0.0,0.0,0.0,1.0,0.0,0.0,0.0,0.0,27.0,1.0,10.0,3.0,4.0,3.0,5.0,1.0,15.0,1.0,2.0,4.0,301.0
1.0,1.0,0.0,0.0,0.0,1.0,0.0,0.0,0.0,1.0,0.0,0.0,0.0,0.0,0.0,0.0,0.0,1.0,0.0,0.0,0.0,16.0,3.0,7.0,3.0,4.0,3.0,3.0,0.0,26.0,5.0,12.0,7.0,174.0
1.0,0.0,0.0,1.0,1.0,0.0,0.0,0.0,0.0,1.0,0.0,0.0,0.0,0.0,0.0,0.0,0.0,1.0,0.0,0.0,0.0,3.0,3.0,9.0,3.0,4.0,2.0,3.0,0.0,19.0,1.0,2.0,10.0,171.0
1.0,1.0,0.0,0.0,0.0,1.0,0.0,0.0,0.0,1.0,0.0,0.0,0.0,0.0,1.0,0.0,0.0,0.0,0.0,0.0,0.0,29.0,1.0,27.0,3.0,4.0,2.0,5.0,1.0,20.0,2.0,2.0,9.0,179.0
1.0,1.0,0.0,0.0,1.0,0.0,0.0,0.0,0.0,1.0,0.0,0.0,0.0,0.0,0.0,0.0,1.0,0.0,0.0,0.0,0.0,1.0,1.0,18.0,3.0,4.0,5.0,3.0,1.0,14.0,3.0,4.0,4.0,172.0
0.0,0.0,0.0,1.0,0.0,0.0,1.0,0.0,0.0,0.0,0.0,1.0,0.0,0.0,0.0,0.0,0.0,1.0,0.0,0.0,0.0,11.0,1.0,7.0,3.0,4.0,2.0,3.0,0.0,13.0,2.0,6.0,8.0,146.0
1.0,0.0,1.0,0.0,1.0,0.0,0.0,0.0,0.0,0.0,0.0,1.0,0.0,0.0,0.0,0.0,0.0,1.0,0.0,0.0,1.0,8.0,1.0,31.0,3.0,4.0,3.0,5.0,1.0,23.0,1.0,2.0,1.0,157.0
1.0,0.0,1.0,0.0,0.0,1.0,0.0,0.0,0.0,1.0,0.0,0.0,0.0,0.0,0.0,0.0,0.0,1.0,0.0,0.0,0.0,12.0,1.0,30.0,3.0,4.0,2.0,11.0,0.0,15.0,1.0,2.0,3.0,182.0
1.0,0.0,1.0,0.0,0.0,0.0,1.0,0.0,0.0,0.0,0.0,1.0,0.0,0.0,0.0,0.0,1.0,0.0,0.0,0.0,1.0,1.0,1.0,23.0,3.0,4.0,4.0,4.0,1.0,14.0,2.0,2.0,3.0,149.0
0.0,0.0,0.0,1.0,0.0,1.0,0.0,0.0,0.0,0.0,0.0,1.0,0.0,0.0,0.0,0.0,0.0,1.0,0.0,0.0,0.0,2.0,1.0,15.0,4.0,4.0,2.0,3.0,0.0,22.0,1.0,2.0,3.0,158.0
0.0,0.0,0.0,1.0,1.0,0.0,0.0,0.0,0.0,0.0,0.0,0.0,1.0,0.0,0.0,0.0,0.0,1.0,0.0,0.0,0.0,23.0,1.0,17.0,3.0,4.0,5.0,11.0,1.0,15.0,1.0,2.0,3.0,312.0
1.0,0.0,0.0,1.0,0.0,1.0,0.0,0.0,0.0,1.0,0.0,0.0,0.0,0.0,1.0,0.0,0.0,0.0,0.0,0.0,0.0,10.0,1.0,10.0,2.0,4.0,4.0,6.0,0.0,13.0,7.0,8.0,8.0,170.0
0.0,0.0,1.0,0.0,1.0,0.0,0.0,0.0,0.0,0.0,0.0,1.0,0.0,0.0,0.0,0.0,0.0,0.0,1.0,0.0,0.0,5.0,3.0,12.0,3.0,4.0,4.0,3.0,0.0,12.0,1.0,3.0,3.0,153.0
1.0,0.0,0.0,1.0,0.0,1.0,0.0,0.0,0.0,1.0,0.0,0.0,0.0,0.0,0.0,0.0,0.0,0.0,1.0,0.0,1.0,1.0,3.0,11.0,3.0,5.0,2.0,3.0,1.0,13.0,8.0,8.0,5.0,183.0
1.0,1.0,0.0,0.0,1.0,0.0,0.0,0.0,0.0,0.0,0.0,1.0,0.0,0.0,0.0,0.0,1.0,0.0,0.0,0.0,0.0,11.0,1.0,16.0,3.0,4.0,2.0,3.0,1.0,13.0,1.0,2.0,3.0,148.0
0.0,1.0,0.0,0.0,1.0,0.0,0.0,0.0,1.0,0.0,0.0,0.0,0.0,0.0,0.0,0.0,0.0,0.0,1.0,0.0,0.0,16.0,3.0,33.0,4.0,4.0,4.0,7.0,0.0,15.0,3.0,2.0,9.0,260.0
1.0,0.0,0.0,1.0,0.0,0.0,1.0,0.0,0.0,0.0,0.0,1.0,0.0,0.0,0.0,0.0,0.0,1.0,0.0,0.0,1.0,1.0,1.0,10.0,3.0,4.0,3.0,3.0,0.0,14.0,1.0,2.0,1.0,139.0
1.0,1.0,0.0,0.0,0.0,1.0,0.0,1.0,0.0,0.0,0.0,0.0,0.0,0.0,0.0,0.0,0.0,0.0,1.0,0.0,0.0,9.0,3.0,23.0,4.0,4.0,4.0,2.0,0.0,16.0,4.0,7.0,10.0,205.0
1.0,1.0,0.0,0.0,1.0,0.0,0.0,0.0,0.0,0.0,0.0,1.0,0.0,0.0,0.0,0.0,0.0,1.0,0.0,0.0,0.0,10.0,1.0,25.0,3.0,3.0,2.0,6.0,0.0,19.0,1.0,2.0,1.0,162.0
1.0,0.0,1.0,0.0,0.0,1.0,0.0,0.0,0.0,1.0,0.0,0.0,0.0,0.0,0.0,0.0,1.0,0.0,0.0,0.0,0.0,25.0,1.0,9.0,3.0,6.0,4.0,7.0,0.0,19.0,1.0,2.0,3.0,180.0
1.0,0.0,0.0,1.0,0.0,1.0,0.0,0.0,1.0,0.0,0.0,0.0,0.0,0.0,0.0,0.0,0.0,1.0,0.0,0.0,0.0,15.0,3.0,9.0,3.0,4.0,4.0,3.0,0.0,20.0,1.0,2.0,5.0,285.0
0.0,0.0,0.0,1.0,0.0,0.0,1.0,0.0,0.0,0.0,0.0,1.0,0.0,0.0,0.0,0.0,1.0,0.0,0.0,0.0,0.0,1.0,3.0,17.0,4.0,5.0,3.0,3.0,0.0,13.0,2.0,2.0,1.0,137.0
1.0,0.0,0.0,1.0,0.0,1.0,0.0,0.0,0.0,1.0,0.0,0.0,0.0,0.0,0.0,0.0,1.0,0.0,0.0,0.0,0.0,2.0,1.0,23.0,4.0,3.0,5.0,2.0,0.0,20.0,1.0,2.0,8.0,182.0
1.0,1.0,0.0,0.0,0.0,1.0,0.0,0.0,0.0,1.0,0.0,0.0,0.0,0.0,0.0,1.0,0.0,0.0,0.0,0.0,0.0,5.0,3.0,14.0,4.0,3.0,2.0,6.0,0.0,12.0,4.0,8.0,8.0,194.0
1.0,0.0,1.0,0.0,0.0,1.0,0.0,1.0,0.0,0.0,0.0,0.0,0.0,0.0,0.0,0.0,1.0,0.0,0.0,0.0,0.0,13.0,1.0,7.0,3.0,3.0,2.0,2.0,0.0,18.0,4.0,4.0,4.543490512868683,221.0
0.0,1.0,0.0,0.0,1.0,0.0,0.0,0.0,0.0,1.0,0.0,0.0,0.0,0.0,0.0,0.0,0.0,1.0,0.0,0.0,0.0,10.0,1.0,31.0,3.0,4.0,4.0,9.0,0.0,16.0,1.0,2.0,9.0,182.0
1.0,1.0,0.0,0.0,0.0,1.0,0.0,0.0,0.0,1.0,0.0,0.0,0.0,0.0,0.0,0.0,0.0,1.0,0.0,0.0,0.0,6.0,3.0,14.0,4.0,5.0,3.0,3.0,0.0,15.0,2.0,5.0,9.0,180.0
0.0,1.0,0.0,0.0,0.0,1.0,0.0,1.0,0.0,0.0,0.0,0.0,0.0,0.0,0.0,0.0,0.0,1.0,0.0,0.0,0.0,12.0,1.0,32.0,3.0,5.0,4.0,5.0,0.0,18.0,2.0,2.0,2.0,246.0
1.0,0.0,1.0,0.0,1.0,0.0,0.0,0.0,0.0,1.0,0.0,0.0,0.0,0.0,0.0,0.0,0.0,1.0,0.0,0.0,0.0,31.0,1.0,7.0,3.0,6.0,3.0,4.0,1.0,14.0,2.0,2.0,3.0,182.0
1.0,1.0,0.0,0.0,0.0,1.0,0.0,0.0,0.0,0.0,0.0,1.0,0.0,0.0,1.0,0.0,0.0,0.0,0.0,0.0,0.0,5.0,1.0,12.0,3.0,4.0,2.0,2.0,1.0,13.0,1.0,2.0,4.0,173.0
1.0,1.0,0.0,0.0,0.0,1.0,0.0,0.0,0.0,1.0,0.0,0.0,0.0,0.0,0.0,0.0,0.0,0.0,0.0,1.0,0.0,5.0,2.0,9.0,4.0,5.0,5.0,5.0,0.0,13.0,1.0,2.0,1.0,189.0
1.0,0.0,1.0,0.0,1.0,0.0,0.0,1.0,0.0,0.0,0.0,0.0,0.0,0.0,0.0,0.0,0.0,1.0,0.0,0.0,0.0,19.0,1.0,14.0,4.0,4.0,5.0,3.0,0.0,19.0,6.0,10.0,12.0,177.0
1.0,0.0,1.0,0.0,0.0,1.0,0.0,0.0,0.0,0.0,0.0,1.0,0.0,0.0,0.0,0.0,0.0,1.0,0.0,0.0,0.0,5.0,1.0,9.0,3.0,4.0,2.0,2.0,1.0,19.0,2.0,3.0,3.0,152.0
0.0,1.0,0.0,0.0,1.0,0.0,0.0,1.0,0.0,0.0,0.0,0.0,0.0,0.0,0.0,0.0,0.0,1.0,0.0,0.0,0.0,7.0,1.0,12.0,4.0,4.0,4.0,8.0,0.0,12.0,3.0,2.0,9.0,244.0
1.0,1.0,0.0,0.0,0.0,1.0,0.0,0.0,1.0,0.0,0.0,0.0,0.0,0.0,0.0,0.0,1.0,0.0,0.0,0.0,0.0,13.0,1.0,17.0,3.0,4.0,5.0,3.0,1.0,15.0,12.0,12.0,11.0,296.0
0.0,0.0,0.0,1.0,1.0,0.0,0.0,0.0,0.0,0.0,0.0,1.0,0.0,0.0,0.0,0.0,0.0,1.0,0.0,0.0,0.0,17.0,1.0,17.0,3.0,4.0,2.0,2.0,0.0,20.0,1.0,2.0,8.0,150.0
0.0,0.0,0.0,1.0,0.0,1.0,0.0,0.0,1.0,0.0,0.0,0.0,0.0,0.0,0.0,1.0,0.0,0.0,0.0,0.0,0.0,23.0,1.0,7.0,3.0,5.0,3.0,9.0,1.0,13.0,1.0,2.0,8.0,265.0
1.0,1.0,0.0,0.0,0.0,1.0,0.0,0.0,0.0,1.0,0.0,0.0,0.0,0.0,0.0,0.0,1.0,0.0,0.0,0.0,1.0,16.0,1.0,15.0,3.0,5.0,4.0,4.0,0.0,16.0,8.0,8.0,8.0,174.0
0.0,0.0,0.0,1.0,0.0,1.0,0.0,0.0,0.0,0.0,0.0,1.0,0.0,0.0,0.0,0.0,0.0,1.0,0.0,0.0,0.0,1.0,1.0,12.0,3.0,4.0,4.0,3.0,1.0,13.0,1.0,2.0,3.0,150.0
0.0,1.0,0.0,0.0,0.0,1.0,0.0,0.0,0.0,1.0,0.0,0.0,0.0,0.0,1.0,0.0,0.0,0.0,0.0,0.0,0.0,6.0,3.0,15.0,4.0,5.0,4.0,3.0,1.0,12.0,7.0,12.0,10.0,177.0
1.0,0.0,0.0,1.0,0.0,1.0,0.0,0.0,0.0,1.0,0.0,0.0,0.0,0.0,0.0,0.0,0.0,1.0,0.0,0.0,0.0,1.0,3.0,9.0,4.0,4.0,3.0,3.0,1.0,12.0,2.0,2.0,5.0,170.0
1.0,0.0,1.0,0.0,0.0,1.0,0.0,0.0,0.0,1.0,0.0,0.0,0.0,0.0,0.0,0.0,0.0,0.0,1.0,0.0,0.0,5.0,3.0,14.0,4.0,4.0,2.0,6.0,0.0,13.0,1.0,2.0,8.0,200.0
0.0,0.0,0.0,1.0,0.0,1.0,0.0,0.0,0.0,1.0,0.0,0.0,0.0,0.0,0.0,0.0,1.0,0.0,0.0,0.0,0.0,6.0,1.0,9.0,4.0,3.0,2.0,9.0,0.0,17.0,2.0,2.0,8.0,176.0
1.0,1.0,0.0,0.0,0.0,1.0,0.0,0.0,0.0,0.0,0.0,1.0,0.0,0.0,0.0,0.0,1.0,0.0,0.0,0.0,1.0,1.0,1.0,9.0,3.0,6.0,2.0,7.0,1.0,14.0,3.0,3.0,3.0,160.0
0.0,1.0,0.0,0.0,0.0,1.0,0.0,0.0,0.0,1.0,0.0,0.0,0.0,0.0,0.0,0.0,1.0,0.0,0.0,0.0,0.0,4.0,1.0,35.0,4.0,4.0,2.0,3.0,0.0,14.0,1.0,2.0,10.0,183.0
0.0,1.0,0.0,0.0,1.0,0.0,0.0,1.0,0.0,0.0,0.0,0.0,0.0,0.0,0.0,0.0,0.0,1.0,0.0,0.0,0.0,5.0,1.0,14.0,3.0,5.0,3.0,3.0,0.0,25.0,4.0,9.0,4.543490512868683,214.0
1.0,1.0,0.0,0.0,1.0,0.0,0.0,0.0,0.0,0.0,0.0,0.0,1.0,0.0,0.0,0.0,1.0,0.0,0.0,0.0,0.0,13.0,1.0,6.0,3.0,5.0,2.0,3.0,0.0,15.0,10.0,14.0,4.0,318.0
0.0,1.0,0.0,0.0,0.0,1.0,0.0,0.0,0.0,1.0,0.0,0.0,0.0,0.0,0.0,0.0,1.0,0.0,0.0,0.0,1.0,3.0,3.0,10.0,3.0,4.0,3.0,6.0,1.0,19.0,2.0,2.0,1.0,177.0
1.0,0.0,0.0,1.0,1.0,0.0,0.0,0.0,0.0,1.0,0.0,0.0,0.0,0.0,0.0,0.0,0.0,0.0,1.0,0.0,0.0,7.0,3.0,17.0,3.0,5.0,2.0,5.0,0.0,15.0,2.0,2.0,2.0,172.0
1.0,1.0,0.0,0.0,0.0,1.0,0.0,0.0,0.0,0.0,0.0,0.0,1.0,0.0,0.0,0.0,0.0,1.0,0.0,0.0,0.0,21.0,1.0,12.0,3.0,4.0,3.0,6.0,0.0,15.0,1.0,2.0,2.0,308.0
0.0,0.0,1.0,0.0,1.0,0.0,0.0,0.0,0.0,1.0,0.0,0.0,0.0,0.0,0.0,0.0,0.0,1.0,0.0,0.0,0.0,17.0,1.0,17.0,3.0,5.0,3.0,3.0,0.0,12.0,1.0,2.0,1.0,178.0
1.0,1.0,0.0,0.0,1.0,0.0,0.0,0.0,0.0,1.0,0.0,0.0,0.0,0.0,0.0,0.0,0.0,0.0,1.0,0.0,0.0,1.0,3.0,7.0,4.0,4.0,4.0,2.0,1.0,14.0,1.0,2.0,5.0,188.0
0.0,0.0,0.0,1.0,1.0,0.0,0.0,0.0,0.0,1.0,0.0,0.0,0.0,0.0,0.0,0.0,0.0,1.0,0.0,0.0,0.0,28.0,1.0,27.0,3.0,4.0,3.0,5.0,0.0,13.0,2.0,2.0,4.0,174.0
0.0,1.0,0.0,0.0,0.0,1.0,0.0,1.0,0.0,0.0,0.0,0.0,0.0,0.0,0.0,0.0,0.0,1.0,0.0,0.0,0.0,17.0,1.0,14.0,3.0,4.0,5.0,10.0,0.0,17.0,2.0,2.0,4.543490512868683,225.0
1.0,1.0,0.0,0.0,0.0,1.0,0.0,0.0,0.0,1.0,0.0,0.0,0.0,0.0,0.0,0.0,0.0,0.0,0.0,1.0,0.0,19.0,1.0,15.0,4.0,4.0,2.0,11.0,0.0,15.0,8.0,10.0,9.0,162.0
1.0,1.0,0.0,0.0,0.0,1.0,0.0,0.0,0.0,1.0,0.0,0.0,0.0,0.0,0.0,0.0,1.0,0.0,0.0,0.0,0.0,14.0,3.0,7.0,3.0,6.0,2.0,4.0,1.0,23.0,2.0,2.0,3.0,200.0
1.0,1.0,0.0,0.0,0.0,0.0,1.0,0.0,0.0,0.0,0.0,1.0,0.0,0.0,0.0,0.0,0.0,0.0,0.0,1.0,1.0,1.0,1.0,15.0,4.0,6.0,5.0,3.0,1.0,12.0,2.0,2.0,8.0,146.0
1.0,0.0,0.0,1.0,0.0,1.0,0.0,0.0,0.0,0.0,0.0,1.0,0.0,0.0,0.0,0.0,0.0,0.0,0.0,1.0,0.0,3.0,1.0,16.0,2.0,5.0,2.0,2.0,0.0,18.0,3.0,3.0,3.0,165.0
0.0,0.0,1.0,0.0,0.0,1.0,0.0,0.0,0.0,1.0,0.0,0.0,0.0,0.0,0.0,0.0,0.0,0.0,1.0,0.0,0.0,4.0,3.0,12.0,2.0,5.0,3.0,3.0,0.0,14.0,1.0,2.0,3.0,186.0
0.0,1.0,0.0,0.0,0.0,1.0,0.0,0.0,0.0,1.0,0.0,0.0,0.0,0.0,0.0,0.0,0.0,0.0,1.0,0.0,0.0,1.0,3.0,15.0,3.0,4.0,4.0,3.0,0.0,19.0,1.0,2.0,8.0,187.0
1.0,0.0,1.0,0.0,0.0,1.0,0.0,0.0,0.0,1.0,0.0,0.0,0.0,0.0,0.0,0.0,1.0,0.0,0.0,0.0,0.0,11.0,1.0,12.0,4.0,4.0,2.0,9.0,0.0,17.0,1.0,2.0,5.0,188.0
1.0,0.0,1.0,0.0,0.0,1.0,0.0,1.0,0.0,0.0,0.0,0.0,0.0,0.0,0.0,0.0,0.0,1.0,0.0,0.0,0.0,12.0,1.0,22.0,4.0,5.0,2.0,2.0,1.0,15.0,2.0,2.0,10.0,240.0
0.0,0.0,0.0,1.0,0.0,1.0,0.0,1.0,0.0,0.0,0.0,0.0,0.0,0.0,0.0,0.0,1.0,0.0,0.0,0.0,0.0,5.0,1.0,14.0,3.0,4.0,2.0,3.0,1.0,15.0,3.0,5.0,11.0,196.0
0.0,0.0,1.0,0.0,0.0,1.0,0.0,0.0,0.0,1.0,0.0,0.0,0.0,0.0,0.0,0.0,0.0,0.0,1.0,0.0,0.0,3.0,3.0,17.0,3.0,5.0,4.0,3.0,1.0,15.0,1.0,2.0,8.0,208.0
1.0,0.0,0.0,1.0,0.0,1.0,0.0,1.0,0.0,0.0,0.0,0.0,0.0,0.0,0.0,1.0,0.0,0.0,0.0,0.0,0.0,9.0,1.0,12.0,4.0,4.0,4.0,2.0,0.0,14.0,1.0,2.0,14.0,206.0
1.0,0.0,1.0,0.0,0.0,1.0,0.0,0.0,0.0,0.0,0.0,1.0,0.0,0.0,0.0,0.0,0.0,1.0,0.0,0.0,0.0,1.0,1.0,33.0,3.0,4.0,2.0,3.0,0.0,13.0,2.0,2.0,3.0,154.0
1.0,0.0,0.0,1.0,0.0,1.0,0.0,0.0,0.0,1.0,0.0,0.0,0.0,0.0,0.0,0.0,1.0,0.0,0.0,0.0,0.0,15.0,1.0,13.0,4.0,5.0,4.0,8.0,1.0,16.0,2.0,2.0,3.0,185.0
1.0,0.0,0.0,1.0,1.0,0.0,0.0,0.0,0.0,1.0,0.0,0.0,0.0,0.0,0.0,0.0,1.0,0.0,0.0,0.0,0.0,21.0,3.0,11.0,3.0,4.0,3.0,5.0,0.0,20.0,1.0,2.0,1.0,155.0
0.0,0.0,0.0,1.0,0.0,1.0,0.0,0.0,1.0,0.0,0.0,0.0,0.0,0.0,0.0,0.0,0.0,1.0,0.0,0.0,0.0,16.0,1.0,30.0,3.0,4.0,2.0,4.0,0.0,15.0,1.0,2.0,1.0,285.0
1.0,1.0,0.0,0.0,1.0,0.0,0.0,0.0,0.0,1.0,0.0,0.0,0.0,0.0,0.0,0.0,0.0,1.0,0.0,0.0,0.0,3.0,3.0,9.0,4.0,4.0,3.0,3.0,0.0,15.0,2.0,2.0,3.0,171.0
1.0,0.0,1.0,0.0,0.0,1.0,0.0,0.0,0.0,0.0,0.0,1.0,0.0,0.0,1.0,0.0,0.0,0.0,0.0,0.0,0.0,16.0,2.0,9.0,3.0,4.0,3.0,2.0,1.0,12.0,2.0,2.0,1.0,152.0
0.0,1.0,0.0,0.0,0.0,0.0,1.0,0.0,0.0,0.0,0.0,1.0,0.0,0.0,0.0,0.0,1.0,0.0,0.0,0.0,0.0,6.0,1.0,9.0,4.0,4.0,4.0,3.0,0.0,14.0,1.0,2.0,8.0,149.0
0.0,1.0,0.0,0.0,0.0,1.0,0.0,1.0,0.0,0.0,0.0,0.0,0.0,0.0,0.0,0.0,1.0,0.0,0.0,0.0,0.0,22.0,3.0,36.0,4.0,4.0,3.0,5.0,0.0,22.0,1.0,2.0,1.0,250.0
1.0,0.0,1.0,0.0,0.0,1.0,0.0,0.0,0.0,1.0,0.0,0.0,0.0,0.0,0.0,0.0,1.0,0.0,0.0,0.0,0.0,11.0,1.0,13.0,3.0,3.0,5.0,6.0,1.0,14.0,3.0,7.0,8.0,185.0
0.0,1.0,0.0,0.0,1.0,0.0,0.0,0.0,0.0,1.0,0.0,0.0,0.0,0.0,1.0,0.0,0.0,0.0,0.0,0.0,0.0,4.0,3.0,32.0,3.0,4.0,3.0,9.0,1.0,13.0,2.0,3.0,3.0,172.0
1.0,1.0,0.0,0.0,0.0,1.0,0.0,0.0,0.0,1.0,0.0,0.0,0.0,0.0,0.0,0.0,0.0,1.0,0.0,0.0,0.0,1.0,3.0,7.0,3.0,4.0,3.0,3.0,0.0,18.0,3.0,8.0,8.0,178.0
1.0,0.0,0.0,1.0,0.0,1.0,0.0,0.0,0.0,1.0,0.0,0.0,0.0,0.0,0.0,0.0,0.0,0.0,0.0,1.0,0.0,16.0,1.0,9.0,4.0,5.0,2.0,5.0,0.0,24.0,1.0,2.0,1.0,193.0
0.0,0.0,0.0,1.0,1.0,0.0,0.0,0.0,0.0,0.0,0.0,1.0,0.0,0.0,1.0,0.0,0.0,0.0,0.0,0.0,1.0,1.0,3.0,7.0,3.0,5.0,4.0,3.0,1.0,12.0,2.0,2.0,3.0,147.0
0.0,0.0,0.0,1.0,1.0,0.0,0.0,0.0,0.0,1.0,0.0,0.0,0.0,0.0,0.0,0.0,1.0,0.0,0.0,0.0,0.0,10.0,3.0,7.0,3.0,4.0,2.0,6.0,0.0,16.0,2.0,2.0,1.0,192.0
1.0,1.0,0.0,0.0,1.0,0.0,0.0,1.0,0.0,0.0,0.0,0.0,0.0,0.0,0.0,0.0,1.0,0.0,0.0,0.0,0.0,10.0,3.0,10.0,3.0,5.0,2.0,6.0,0.0,12.0,1.0,2.0,4.543490512868683,222.0
1.0,1.0,0.0,0.0,0.0,1.0,0.0,0.0,0.0,1.0,0.0,0.0,0.0,0.0,0.0,0.0,1.0,0.0,0.0,0.0,0.0,31.0,1.0,7.0,3.0,4.0,3.0,4.0,0.0,12.0,2.0,2.0,3.0,193.0
0.0,1.0,0.0,0.0,0.0,0.0,1.0,0.0,0.0,0.0,0.0,1.0,0.0,0.0,0.0,0.0,0.0,1.0,0.0,0.0,0.0,14.0,1.0,17.0,3.0,3.0,3.0,5.0,1.0,14.0,1.0,2.0,8.0,147.0
1.0,0.0,0.0,1.0,1.0,0.0,0.0,0.0,0.0,0.0,0.0,1.0,0.0,0.0,0.0,0.0,1.0,0.0,0.0,0.0,0.0,1.0,3.0,16.0,3.0,4.0,2.0,3.0,0.0,25.0,1.0,3.0,3.0,151.0
0.0,0.0,0.0,1.0,0.0,1.0,0.0,0.0,0.0,0.0,0.0,1.0,0.0,0.0,0.0,0.0,0.0,0.0,1.0,0.0,1.0,1.0,3.0,12.0,3.0,4.0,3.0,3.0,1.0,14.0,2.0,2.0,1.0,154.0
0.0,1.0,0.0,0.0,0.0,1.0,0.0,0.0,0.0,0.0,0.0,1.0,0.0,0.0,0.0,0.0,1.0,0.0,0.0,0.0,0.0,11.0,1.0,17.0,4.0,4.0,5.0,8.0,0.0,21.0,2.0,2.0,4.0,160.0
0.0,1.0,0.0,0.0,1.0,0.0,0.0,0.0,0.0,1.0,0.0,0.0,0.0,0.0,0.0,0.0,1.0,0.0,0.0,0.0,0.0,20.0,1.0,14.0,2.0,4.0,3.0,4.0,0.0,15.0,1.0,2.0,1.0,178.0
1.0,0.0,0.0,1.0,1.0,0.0,0.0,0.0,0.0,1.0,0.0,0.0,0.0,0.0,0.0,0.0,0.0,0.0,1.0,0.0,1.0,5.0,3.0,11.0,3.0,4.0,4.0,3.0,0.0,19.0,8.0,8.0,4.543490512868683,219.0
1.0,0.0,0.0,1.0,0.0,1.0,0.0,1.0,0.0,0.0,0.0,0.0,0.0,0.0,0.0,1.0,0.0,0.0,0.0,0.0,0.0,24.0,1.0,17.0,4.0,5.0,2.0,8.0,0.0,16.0,1.0,2.0,4.543490512868683,230.0
1.0,1.0,0.0,0.0,0.0,1.0,0.0,0.0,0.0,1.0,0.0,0.0,0.0,0.0,0.0,0.0,0.0,0.0,1.0,0.0,1.0,4.0,3.0,29.0,4.0,5.0,3.0,4.0,1.0,13.0,2.0,2.0,1.0,189.0
1.0,0.0,0.0,1.0,0.0,1.0,0.0,0.0,0.0,0.0,0.0,1.0,0.0,0.0,0.0,0.0,0.0,1.0,0.0,0.0,0.0,5.0,1.0,16.0,3.0,5.0,4.0,2.0,1.0,17.0,2.0,3.0,3.0,152.0
0.0,0.0,0.0,1.0,0.0,1.0,0.0,0.0,0.0,0.0,0.0,1.0,0.0,0.0,0.0,0.0,0.0,1.0,0.0,0.0,1.0,1.0,3.0,19.0,3.0,3.0,4.0,3.0,0.0,16.0,1.0,2.0,1.0,152.0
1.0,0.0,0.0,1.0,0.0,0.0,1.0,0.0,0.0,0.0,0.0,1.0,0.0,0.0,0.0,0.0,0.0,1.0,0.0,0.0,0.0,3.0,1.0,30.0,3.0,4.0,2.0,11.0,0.0,17.0,2.0,2.0,3.0,147.0
1.0,0.0,0.0,1.0,0.0,1.0,0.0,0.0,0.0,1.0,0.0,0.0,0.0,0.0,0.0,0.0,0.0,1.0,0.0,0.0,0.0,9.0,1.0,16.0,4.0,5.0,4.0,11.0,0.0,20.0,2.0,2.0,1.0,190.0
1.0,0.0,1.0,0.0,0.0,1.0,0.0,0.0,0.0,0.0,0.0,1.0,0.0,0.0,0.0,0.0,1.0,0.0,0.0,0.0,0.0,1.0,1.0,7.0,3.0,4.0,4.0,3.0,0.0,12.0,1.0,2.0,5.0,163.0
1.0,0.0,0.0,1.0,0.0,1.0,0.0,0.0,0.0,1.0,0.0,0.0,0.0,0.0,0.0,0.0,0.0,1.0,0.0,0.0,0.0,2.0,3.0,16.0,4.0,4.0,2.0,3.0,0.0,17.0,2.0,2.0,8.0,178.0
1.0,0.0,0.0,1.0,0.0,1.0,0.0,1.0,0.0,0.0,0.0,0.0,0.0,0.0,0.0,0.0,0.0,0.0,0.0,1.0,0.0,23.0,1.0,14.0,3.0,5.0,3.0,10.0,0.0,25.0,2.0,2.0,1.0,170.0
0.0,1.0,0.0,0.0,0.0,1.0,0.0,0.0,0.0,1.0,0.0,0.0,0.0,0.0,0.0,0.0,0.0,1.0,0.0,0.0,0.0,25.0,3.0,21.0,3.0,4.0,2.0,6.0,0.0,12.0,1.0,2.0,8.0,174.0
0.0,1.0,0.0,0.0,0.0,1.0,0.0,0.0,0.0,0.0,0.0,1.0,0.0,0.0,0.0,0.0,0.0,1.0,0.0,0.0,0.0,10.0,1.0,9.0,4.0,4.0,3.0,6.0,0.0,14.0,2.0,3.0,3.0,150.0
1.0,0.0,0.0,1.0,1.0,0.0,0.0,0.0,0.0,1.0,0.0,0.0,0.0,0.0,0.0,0.0,0.0,0.0,1.0,0.0,1.0,1.0,3.0,26.0,4.0,3.0,2.0,10.0,1.0,14.0,2.0,2.0,5.0,178.0
0.0,0.0,0.0,1.0,0.0,1.0,0.0,0.0,1.0,0.0,0.0,0.0,0.0,0.0,0.0,0.0,0.0,1.0,0.0,0.0,0.0,29.0,1.0,9.0,4.0,4.0,2.0,4.0,1.0,14.0,1.0,2.0,3.0,292.0
0.0,0.0,1.0,0.0,0.0,1.0,0.0,0.0,0.0,1.0,0.0,0.0,0.0,0.0,0.0,0.0,0.0,0.0,1.0,0.0,0.0,1.0,3.0,17.0,4.0,4.0,3.0,3.0,1.0,13.0,1.0,2.0,4.0,168.0
1.0,1.0,0.0,0.0,0.0,1.0,0.0,0.0,0.0,0.0,0.0,1.0,0.0,0.0,1.0,0.0,0.0,0.0,0.0,0.0,0.0,4.0,3.0,9.0,4.0,4.0,4.0,3.0,0.0,19.0,2.0,2.0,1.0,150.0
1.0,0.0,0.0,1.0,1.0,0.0,0.0,0.0,0.0,0.0,0.0,1.0,0.0,0.0,1.0,0.0,0.0,0.0,0.0,0.0,1.0,1.0,1.0,10.0,4.0,4.0,5.0,2.0,0.0,23.0,1.0,2.0,5.0,156.0
0.0,1.0,0.0,0.0,0.0,0.0,1.0,0.0,0.0,0.0,0.0,1.0,0.0,0.0,0.0,0.0,1.0,0.0,0.0,0.0,0.0,1.0,1.0,18.0,3.0,4.0,4.0,3.0,0.0,14.0,2.0,2.0,3.0,147.0
1.0,1.0,0.0,0.0,0.0,1.0,0.0,1.0,0.0,0.0,0.0,0.0,0.0,0.0,0.0,0.0,1.0,0.0,0.0,0.0,0.0,10.0,3.0,9.0,4.0,5.0,3.0,3.0,0.0,14.0,10.0,10.0,1.0,201.0
1.0,0.0,0.0,1.0,1.0,0.0,0.0,0.0,0.0,0.0,0.0,1.0,0.0,0.0,1.0,0.0,0.0,0.0,0.0,0.0,1.0,1.0,1.0,11.0,3.0,4.0,2.0,20.0,1.0,24.0,2.0,2.0,1.0,148.0
0.0,0.0,1.0,0.0,0.0,1.0,0.0,0.0,0.0,0.0,0.0,1.0,0.0,0.0,0.0,0.0,0.0,1.0,0.0,0.0,0.0,11.0,1.0,21.0,4.0,4.0,5.0,3.0,0.0,13.0,4.0,13.0,18.0,155.0
0.0,0.0,1.0,0.0,0.0,1.0,0.0,0.0,0.0,1.0,0.0,0.0,0.0,0.0,0.0,0.0,0.0,0.0,1.0,0.0,0.0,14.0,3.0,9.0,3.0,4.0,4.0,9.0,0.0,13.0,1.0,2.0,4.0,182.0
0.0,0.0,1.0,0.0,0.0,1.0,0.0,0.0,0.0,0.0,0.0,1.0,0.0,0.0,0.0,0.0,0.0,1.0,0.0,0.0,0.0,16.0,1.0,7.0,4.0,4.0,5.0,5.0,0.0,17.0,2.0,2.0,3.0,151.0
1.0,0.0,0.0,1.0,0.0,1.0,0.0,0.0,0.0,1.0,0.0,0.0,0.0,0.0,0.0,0.0,0.0,1.0,0.0,0.0,0.0,11.0,1.0,17.0,3.0,4.0,4.0,4.0,1.0,13.0,1.0,2.0,2.0,167.0
1.0,0.0,1.0,0.0,0.0,1.0,0.0,0.0,1.0,0.0,0.0,0.0,0.0,0.0,0.0,0.0,0.0,1.0,0.0,0.0,0.0,17.0,1.0,19.0,3.0,5.0,4.0,3.0,0.0,12.0,1.0,4.0,10.0,268.0
0.0,1.0,0.0,0.0,0.0,1.0,0.0,0.0,0.0,1.0,0.0,0.0,0.0,0.0,0.0,0.0,1.0,0.0,0.0,0.0,0.0,14.0,1.0,9.0,4.0,5.0,3.0,8.0,0.0,23.0,2.0,2.0,1.0,159.0
1.0,1.0,0.0,0.0,0.0,1.0,0.0,0.0,0.0,0.0,0.0,0.0,1.0,0.0,0.0,0.0,1.0,0.0,0.0,0.0,0.0,28.0,1.0,12.0,3.0,4.0,5.0,6.0,0.0,15.0,2.0,2.0,3.0,319.0
0.0,1.0,0.0,0.0,1.0,0.0,0.0,0.0,0.0,1.0,0.0,0.0,0.0,0.0,0.0,0.0,0.0,0.0,1.0,0.0,0.0,8.0,3.0,11.0,4.0,4.0,3.0,11.0,0.0,16.0,2.0,2.0,3.0,190.0
0.0,1.0,0.0,0.0,0.0,1.0,0.0,0.0,0.0,1.0,0.0,0.0,0.0,0.0,0.0,0.0,1.0,0.0,0.0,0.0,0.0,5.0,1.0,14.0,3.0,4.0,5.0,3.0,0.0,13.0,4.0,4.0,13.0,168.0
1.0,1.0,0.0,0.0,1.0,0.0,0.0,0.0,0.0,0.0,0.0,1.0,0.0,0.0,0.0,0.0,1.0,0.0,0.0,0.0,0.0,17.0,1.0,28.0,4.0,4.0,2.0,9.0,0.0,21.0,1.0,2.0,3.0,148.0
0.0,0.0,1.0,0.0,0.0,1.0,0.0,0.0,0.0,1.0,0.0,0.0,0.0,0.0,0.0,0.0,0.0,0.0,0.0,1.0,0.0,17.0,1.0,15.0,4.0,4.0,3.0,6.0,1.0,15.0,1.0,2.0,3.0,170.0
0.0,0.0,0.0,1.0,0.0,1.0,0.0,0.0,0.0,1.0,0.0,0.0,0.0,0.0,0.0,0.0,0.0,1.0,0.0,0.0,0.0,1.0,3.0,11.0,3.0,5.0,2.0,3.0,1.0,12.0,1.0,2.0,4.0,170.0
0.0,1.0,0.0,0.0,1.0,0.0,0.0,0.0,0.0,1.0,0.0,0.0,0.0,0.0,0.0,0.0,1.0,0.0,0.0,0.0,0.0,11.0,1.0,32.0,4.0,4.0,3.0,5.0,1.0,16.0,4.0,11.0,8.0,169.0
1.0,1.0,0.0,0.0,0.0,0.0,1.0,0.0,0.0,0.0,0.0,1.0,0.0,0.0,0.0,0.0,0.0,1.0,0.0,0.0,0.0,5.0,1.0,7.0,4.0,5.0,5.0,3.0,0.0,13.0,1.0,4.0,3.0,147.0
1.0,0.0,1.0,0.0,1.0,0.0,0.0,0.0,0.0,0.0,0.0,0.0,1.0,0.0,0.0,0.0,0.0,1.0,0.0,0.0,0.0,13.0,1.0,7.0,3.0,4.0,3.0,3.0,1.0,15.0,1.0,2.0,7.0,317.0
0.0,1.0,0.0,0.0,1.0,0.0,0.0,0.0,1.0,0.0,0.0,0.0,0.0,0.0,0.0,0.0,0.0,1.0,0.0,0.0,0.0,30.0,3.0,13.0,3.0,3.0,5.0,11.0,0.0,12.0,3.0,2.0,8.0,257.0
0.0,0.0,0.0,1.0,0.0,1.0,0.0,0.0,0.0,1.0,0.0,0.0,0.0,0.0,1.0,0.0,0.0,0.0,0.0,0.0,0.0,4.0,3.0,19.0,3.0,4.0,3.0,2.0,0.0,12.0,4.0,5.0,5.0,191.0
1.0,1.0,0.0,0.0,0.0,1.0,0.0,1.0,0.0,0.0,0.0,0.0,0.0,0.0,0.0,0.0,0.0,0.0,1.0,0.0,0.0,15.0,3.0,7.0,3.0,3.0,5.0,3.0,0.0,17.0,2.0,2.0,8.0,209.0
1.0,0.0,1.0,0.0,0.0,1.0,0.0,0.0,0.0,1.0,0.0,0.0,0.0,0.0,0.0,0.0,1.0,0.0,0.0,0.0,0.0,2.0,1.0,24.0,4.0,4.0,5.0,3.0,0.0,13.0,1.0,2.0,9.0,171.0
1.0,1.0,0.0,0.0,0.0,1.0,0.0,0.0,0.0,0.0,0.0,1.0,0.0,0.0,0.0,0.0,1.0,0.0,0.0,0.0,1.0,1.0,1.0,10.0,4.0,4.0,5.0,7.0,0.0,14.0,2.0,2.0,3.0,165.0
1.0,1.0,0.0,0.0,0.0,1.0,0.0,1.0,0.0,0.0,0.0,0.0,0.0,0.0,0.0,0.0,1.0,0.0,0.0,0.0,0.0,26.0,1.0,10.0,3.0,5.0,3.0,4.0,1.0,15.0,1.0,2.0,5.0,205.0
1.0,1.0,0.0,0.0,0.0,1.0,0.0,0.0,0.0,0.0,0.0,1.0,0.0,0.0,0.0,0.0,0.0,1.0,0.0,0.0,0.0,19.0,1.0,17.0,4.0,4.0,2.0,5.0,0.0,22.0,2.0,2.0,3.0,152.0
0.0,1.0,0.0,0.0,0.0,1.0,0.0,0.0,1.0,0.0,0.0,0.0,0.0,0.0,0.0,0.0,0.0,1.0,0.0,0.0,0.0,26.0,1.0,11.0,2.0,4.0,2.0,4.0,0.0,14.0,1.0,2.0,5.0,291.0
0.0,0.0,1.0,0.0,1.0,0.0,0.0,0.0,0.0,1.0,0.0,0.0,0.0,0.0,0.0,0.0,0.0,1.0,0.0,0.0,0.0,16.0,1.0,36.0,4.0,4.0,3.0,4.0,0.0,12.0,2.0,2.0,3.0,171.0
0.0,0.0,0.0,1.0,0.0,1.0,0.0,0.0,0.0,1.0,0.0,0.0,0.0,0.0,0.0,0.0,0.0,1.0,0.0,0.0,0.0,4.0,1.0,9.0,3.0,6.0,2.0,4.0,0.0,21.0,1.0,2.0,3.0,186.0
0.0,1.0,0.0,0.0,0.0,1.0,0.0,0.0,0.0,0.0,0.0,0.0,1.0,0.0,0.0,0.0,0.0,1.0,0.0,0.0,0.0,31.0,1.0,14.0,3.0,4.0,5.0,7.0,0.0,15.0,1.0,12.0,11.0,321.0
0.0,0.0,1.0,0.0,0.0,1.0,0.0,0.0,0.0,1.0,0.0,0.0,0.0,0.0,0.0,0.0,1.0,0.0,0.0,0.0,0.0,20.0,1.0,25.0,3.0,4.0,3.0,4.0,0.0,15.0,1.0,2.0,9.0,173.0
0.0,1.0,0.0,0.0,1.0,0.0,0.0,0.0,0.0,1.0,0.0,0.0,0.0,0.0,1.0,0.0,0.0,0.0,0.0,0.0,0.0,16.0,1.0,35.0,3.0,5.0,2.0,2.0,0.0,12.0,1.0,2.0,5.0,170.0
0.0,0.0,0.0,1.0,0.0,1.0,0.0,0.0,0.0,0.0,0.0,1.0,0.0,0.0,1.0,0.0,0.0,0.0,0.0,0.0,1.0,1.0,3.0,7.0,4.0,4.0,4.0,3.0,1.0,17.0,2.0,2.0,5.0,157.0
0.0,0.0,1.0,0.0,1.0,0.0,0.0,0.0,0.0,0.0,0.0,1.0,0.0,0.0,0.0,0.0,0.0,0.0,1.0,0.0,1.0,1.0,3.0,13.0,3.0,6.0,3.0,2.0,0.0,17.0,2.0,2.0,1.0,149.0
1.0,1.0,0.0,0.0,1.0,0.0,0.0,0.0,0.0,0.0,0.0,1.0,0.0,0.0,0.0,0.0,0.0,1.0,0.0,0.0,0.0,12.0,1.0,9.0,3.0,4.0,2.0,3.0,1.0,24.0,2.0,2.0,1.0,142.0
0.0,1.0,0.0,0.0,0.0,1.0,0.0,0.0,0.0,0.0,0.0,0.0,1.0,0.0,0.0,0.0,0.0,1.0,0.0,0.0,0.0,14.0,3.0,9.0,4.0,4.0,3.0,2.0,0.0,15.0,1.0,2.0,13.0,305.0
0.0,0.0,1.0,0.0,0.0,1.0,0.0,0.0,0.0,0.0,0.0,1.0,0.0,0.0,0.0,0.0,0.0,1.0,0.0,0.0,0.0,1.0,1.0,30.0,3.0,4.0,2.0,3.0,0.0,23.0,2.0,2.0,3.0,154.0
1.0,1.0,0.0,0.0,1.0,0.0,0.0,0.0,0.0,0.0,0.0,1.0,0.0,0.0,0.0,0.0,0.0,1.0,0.0,0.0,0.0,4.0,1.0,10.0,3.0,4.0,2.0,6.0,0.0,16.0,1.0,2.0,5.0,146.0
1.0,1.0,0.0,0.0,0.0,1.0,0.0,1.0,0.0,0.0,0.0,0.0,0.0,0.0,0.0,0.0,1.0,0.0,0.0,0.0,0.0,3.0,1.0,10.0,4.0,5.0,3.0,3.0,0.0,19.0,2.0,2.0,8.0,244.0
0.0,1.0,0.0,0.0,0.0,1.0,0.0,0.0,0.0,0.0,0.0,1.0,0.0,0.0,1.0,0.0,0.0,0.0,0.0,0.0,1.0,1.0,1.0,32.0,4.0,5.0,4.0,7.0,0.0,17.0,1.0,2.0,2.0,150.0
1.0,0.0,0.0,1.0,0.0,1.0,0.0,0.0,0.0,0.0,0.0,1.0,0.0,0.0,1.0,0.0,0.0,0.0,0.0,0.0,1.0,1.0,2.0,9.0,3.0,5.0,2.0,3.0,0.0,13.0,2.0,2.0,1.0,151.0
0.0,1.0,0.0,0.0,1.0,0.0,0.0,1.0,0.0,0.0,0.0,0.0,0.0,0.0,0.0,0.0,0.0,0.0,0.0,1.0,0.0,4.0,3.0,29.0,4.0,4.0,5.0,2.0,0.0,12.0,3.0,8.0,9.0,209.0
1.0,0.0,1.0,0.0,0.0,1.0,0.0,0.0,1.0,0.0,0.0,0.0,0.0,0.0,0.0,0.0,0.0,0.0,1.0,0.0,0.0,31.0,3.0,36.0,3.0,5.0,2.0,5.0,0.0,13.0,1.0,2.0,1.0,266.0
1.0,1.0,0.0,0.0,0.0,1.0,0.0,0.0,1.0,0.0,0.0,0.0,0.0,0.0,0.0,0.0,0.0,1.0,0.0,0.0,0.0,24.0,1.0,36.0,3.0,5.0,3.0,2.0,0.0,15.0,12.0,16.0,8.0,295.0
0.0,0.0,0.0,1.0,1.0,0.0,0.0,0.0,0.0,0.0,0.0,1.0,0.0,0.0,0.0,0.0,1.0,0.0,0.0,0.0,0.0,4.0,1.0,9.0,3.0,4.0,2.0,2.0,0.0,15.0,6.0,7.0,8.0,151.0
0.0,1.0,0.0,0.0,1.0,0.0,0.0,1.0,0.0,0.0,0.0,0.0,0.0,0.0,0.0,0.0,0.0,0.0,1.0,0.0,0.0,31.0,3.0,35.0,4.0,5.0,5.0,6.0,0.0,20.0,14.0,14.0,4.543490512868683,228.0
0.0,0.0,1.0,0.0,0.0,1.0,0.0,0.0,0.0,1.0,0.0,0.0,0.0,0.0,0.0,0.0,1.0,0.0,0.0,0.0,0.0,21.0,1.0,9.0,4.0,4.0,2.0,7.0,0.0,14.0,1.0,2.0,5.0,176.0
1.0,1.0,0.0,0.0,0.0,1.0,0.0,0.0,1.0,0.0,0.0,0.0,0.0,0.0,0.0,0.0,0.0,1.0,0.0,0.0,0.0,20.0,1.0,9.0,3.0,4.0,3.0,8.0,0.0,15.0,1.0,2.0,2.0,304.0
1.0,0.0,0.0,1.0,0.0,1.0,0.0,0.0,0.0,0.0,0.0,1.0,0.0,0.0,0.0,0.0,0.0,1.0,0.0,0.0,0.0,9.0,1.0,29.0,3.0,6.0,3.0,2.0,0.0,16.0,3.0,5.0,4.0,167.0
0.0,0.0,0.0,1.0,0.0,1.0,0.0,0.0,0.0,1.0,0.0,0.0,0.0,0.0,0.0,0.0,0.0,1.0,0.0,0.0,0.0,28.0,1.0,15.0,3.0,4.0,3.0,9.0,0.0,12.0,2.0,2.0,1.0,163.0
1.0,0.0,1.0,0.0,0.0,1.0,0.0,0.0,0.0,0.0,0.0,1.0,0.0,0.0,0.0,0.0,0.0,1.0,0.0,0.0,0.0,8.0,1.0,9.0,4.0,5.0,3.0,5.0,0.0,13.0,6.0,6.0,8.0,153.0
0.0,1.0,0.0,0.0,0.0,1.0,0.0,1.0,0.0,0.0,0.0,0.0,0.0,0.0,0.0,0.0,0.0,0.0,1.0,0.0,0.0,20.0,3.0,17.0,4.0,5.0,2.0,4.0,1.0,20.0,2.0,2.0,4.543490512868683,216.0
1.0,0.0,1.0,0.0,0.0,1.0,0.0,1.0,0.0,0.0,0.0,0.0,0.0,0.0,0.0,0.0,0.0,1.0,0.0,0.0,0.0,5.0,1.0,16.0,3.0,4.0,4.0,3.0,0.0,26.0,2.0,2.0,9.0,231.0
1.0,1.0,0.0,0.0,0.0,1.0,0.0,1.0,0.0,0.0,0.0,0.0,0.0,0.0,0.0,0.0,1.0,0.0,0.0,0.0,1.0,1.0,1.0,22.0,3.0,4.0,3.0,9.0,1.0,13.0,1.0,8.0,8.0,261.0
1.0,0.0,1.0,0.0,0.0,1.0,0.0,0.0,0.0,0.0,0.0,1.0,0.0,0.0,0.0,0.0,1.0,0.0,0.0,0.0,1.0,1.0,1.0,17.0,3.0,6.0,2.0,9.0,0.0,14.0,1.0,2.0,4.0,159.0
1.0,0.0,0.0,1.0,0.0,1.0,0.0,0.0,0.0,0.0,0.0,1.0,0.0,0.0,0.0,0.0,0.0,0.0,1.0,0.0,0.0,4.0,3.0,14.0,3.0,4.0,4.0,2.0,0.0,15.0,2.0,2.0,3.0,155.0
1.0,1.0,0.0,0.0,0.0,1.0,0.0,1.0,0.0,0.0,0.0,0.0,0.0,0.0,0.0,0.0,0.0,1.0,0.0,0.0,0.0,9.0,1.0,23.0,4.0,4.0,3.0,6.0,1.0,13.0,1.0,2.0,1.0,201.0
1.0,1.0,0.0,0.0,1.0,0.0,0.0,1.0,0.0,0.0,0.0,0.0,0.0,0.0,0.0,0.0,0.0,1.0,0.0,0.0,1.0,1.0,1.0,27.0,4.0,4.0,3.0,5.0,0.0,13.0,2.0,2.0,4.543490512868683,223.0
0.0,0.0,1.0,0.0,1.0,0.0,0.0,1.0,0.0,0.0,0.0,0.0,0.0,0.0,0.0,0.0,0.0,0.0,0.0,1.0,1.0,1.0,2.0,30.0,3.0,4.0,5.0,11.0,1.0,16.0,2.0,2.0,4.543490512868683,225.0
1.0,1.0,0.0,0.0,1.0,0.0,0.0,0.0,0.0,0.0,0.0,1.0,0.0,0.0,0.0,0.0,0.0,0.0,0.0,1.0,0.0,16.0,1.0,12.0,4.0,4.0,3.0,6.0,0.0,18.0,3.0,3.0,1.0,146.0
1.0,0.0,0.0,1.0,1.0,0.0,0.0,1.0,0.0,0.0,0.0,0.0,0.0,0.0,0.0,0.0,1.0,0.0,0.0,0.0,0.0,10.0,3.0,17.0,3.0,4.0,2.0,3.0,0.0,15.0,2.0,10.0,4.543490512868683,225.0
1.0,0.0,0.0,1.0,1.0,0.0,0.0,0.0,0.0,0.0,0.0,1.0,0.0,0.0,1.0,0.0,0.0,0.0,0.0,0.0,1.0,1.0,1.0,11.0,3.0,5.0,3.0,7.0,0.0,17.0,2.0,2.0,3.0,164.0
0.0,1.0,0.0,0.0,0.0,1.0,0.0,0.0,0.0,1.0,0.0,0.0,0.0,0.0,0.0,0.0,0.0,0.0,1.0,0.0,0.0,22.0,3.0,9.0,3.0,4.0,2.0,4.0,0.0,15.0,5.0,7.0,8.0,166.0
0.0,0.0,0.0,1.0,0.0,1.0,0.0,0.0,1.0,0.0,0.0,0.0,0.0,0.0,0.0,0.0,0.0,1.0,0.0,0.0,0.0,29.0,3.0,25.0,3.0,4.0,4.0,5.0,0.0,15.0,1.0,8.0,8.0,293.0
1.0,0.0,0.0,1.0,1.0,0.0,0.0,0.0,0.0,1.0,0.0,0.0,0.0,0.0,0.0,0.0,0.0,1.0,0.0,0.0,0.0,15.0,3.0,17.0,3.0,4.0,2.0,9.0,0.0,15.0,1.0,2.0,11.0,187.0
1.0,1.0,0.0,0.0,0.0,1.0,0.0,0.0,0.0,1.0,0.0,0.0,0.0,0.0,0.0,0.0,0.0,0.0,1.0,0.0,0.0,9.0,3.0,7.0,3.0,4.0,3.0,11.0,0.0,12.0,4.0,7.0,10.0,172.0
0.0,0.0,0.0,1.0,0.0,1.0,0.0,0.0,1.0,0.0,0.0,0.0,0.0,0.0,0.0,0.0,0.0,1.0,0.0,0.0,0.0,14.0,1.0,13.0,4.0,4.0,3.0,9.0,0.0,16.0,5.0,2.0,14.0,257.0
0.0,1.0,0.0,0.0,1.0,0.0,0.0,0.0,0.0,0.0,0.0,1.0,0.0,0.0,0.0,0.0,0.0,1.0,0.0,0.0,0.0,13.0,1.0,15.0,3.0,4.0,3.0,3.0,0.0,12.0,1.0,2.0,8.0,163.0
1.0,0.0,0.0,1.0,0.0,1.0,0.0,0.0,0.0,1.0,0.0,0.0,0.0,0.0,0.0,0.0,0.0,1.0,0.0,0.0,0.0,5.0,3.0,9.0,4.0,4.0,2.0,6.0,1.0,14.0,2.0,2.0,6.0,191.0
1.0,1.0,0.0,0.0,0.0,1.0,0.0,1.0,0.0,0.0,0.0,0.0,0.0,0.0,0.0,0.0,1.0,0.0,0.0,0.0,0.0,16.0,1.0,31.0,3.0,4.0,5.0,3.0,1.0,22.0,5.0,6.0,9.0,199.0
1.0,1.0,0.0,0.0,0.0,1.0,0.0,0.0,0.0,1.0,0.0,0.0,0.0,0.0,0.0,0.0,0.0,0.0,0.0,1.0,0.0,19.0,3.0,9.0,4.0,4.0,4.0,2.0,0.0,20.0,4.0,4.0,8.0,173.0
0.0,0.0,1.0,0.0,1.0,0.0,0.0,0.0,0.0,0.0,0.0,1.0,0.0,0.0,0.0,0.0,0.0,1.0,0.0,0.0,1.0,1.0,2.0,24.0,3.0,4.0,3.0,2.0,1.0,12.0,1.0,2.0,1.0,152.0
1.0,0.0,1.0,0.0,0.0,1.0,0.0,0.0,0.0,1.0,0.0,0.0,0.0,0.0,1.0,0.0,0.0,0.0,0.0,0.0,0.0,3.0,1.0,26.0,3.0,4.0,2.0,6.0,0.0,13.0,1.0,2.0,3.0,168.0
0.0,0.0,1.0,0.0,0.0,1.0,0.0,0.0,1.0,0.0,0.0,0.0,0.0,0.0,0.0,0.0,1.0,0.0,0.0,0.0,0.0,7.0,1.0,7.0,4.0,3.0,3.0,6.0,0.0,20.0,1.0,2.0,6.0,287.0
1.0,0.0,1.0,0.0,0.0,1.0,0.0,1.0,0.0,0.0,0.0,0.0,0.0,0.0,0.0,0.0,0.0,1.0,0.0,0.0,0.0,1.0,3.0,14.0,3.0,5.0,2.0,11.0,0.0,22.0,2.0,2.0,2.0,241.0
1.0,0.0,0.0,1.0,1.0,0.0,0.0,0.0,0.0,0.0,0.0,1.0,0.0,0.0,0.0,0.0,0.0,0.0,1.0,0.0,1.0,1.0,3.0,12.0,4.0,4.0,4.0,3.0,1.0,15.0,2.0,2.0,1.0,144.0
1.0,0.0,1.0,0.0,1.0,0.0,0.0,1.0,0.0,0.0,0.0,0.0,0.0,0.0,0.0,0.0,0.0,0.0,0.0,1.0,0.0,14.0,3.0,35.0,3.0,6.0,5.0,5.0,0.0,16.0,2.0,2.0,2.0,234.0
0.0,0.0,0.0,1.0,1.0,0.0,0.0,0.0,0.0,1.0,0.0,0.0,0.0,0.0,0.0,0.0,0.0,0.0,0.0,1.0,0.0,15.0,1.0,9.0,4.0,5.0,3.0,4.0,1.0,18.0,1.0,2.0,8.0,193.0
1.0,0.0,1.0,0.0,0.0,1.0,0.0,0.0,0.0,1.0,0.0,0.0,0.0,0.0,0.0,0.0,1.0,0.0,0.0,0.0,0.0,1.0,3.0,36.0,3.0,4.0,3.0,7.0,0.0,13.0,2.0,2.0,1.0,168.0
0.0,0.0,0.0,1.0,0.0,1.0,0.0,0.0,0.0,1.0,0.0,0.0,0.0,0.0,0.0,0.0,1.0,0.0,0.0,0.0,0.0,9.0,3.0,7.0,4.0,4.0,3.0,3.0,0.0,17.0,1.0,2.0,4.0,174.0
1.0,0.0,0.0,1.0,0.0,1.0,0.0,0.0,0.0,1.0,0.0,0.0,0.0,0.0,0.0,0.0,0.0,1.0,0.0,0.0,0.0,8.0,3.0,28.0,4.0,3.0,2.0,3.0,0.0,13.0,6.0,6.0,8.0,178.0
1.0,0.0,0.0,1.0,0.0,0.0,1.0,0.0,0.0,0.0,0.0,1.0,0.0,0.0,1.0,0.0,0.0,0.0,0.0,0.0,1.0,1.0,1.0,31.0,4.0,6.0,2.0,3.0,1.0,19.0,2.0,2.0,1.0,148.0
0.0,0.0,0.0,1.0,0.0,1.0,0.0,1.0,0.0,0.0,0.0,0.0,0.0,0.0,0.0,1.0,0.0,0.0,0.0,0.0,0.0,11.0,1.0,7.0,3.0,4.0,2.0,6.0,0.0,18.0,2.0,2.0,3.0,200.0
0.0,1.0,0.0,0.0,1.0,0.0,0.0,1.0,0.0,0.0,0.0,0.0,0.0,0.0,0.0,0.0,1.0,0.0,0.0,0.0,0.0,20.0,1.0,25.0,3.0,4.0,3.0,7.0,0.0,12.0,2.0,2.0,4.543490512868683,230.0
0.0,1.0,0.0,0.0,0.0,1.0,0.0,0.0,1.0,0.0,0.0,0.0,0.0,0.0,0.0,0.0,0.0,1.0,0.0,0.0,0.0,15.0,3.0,9.0,4.0,4.0,5.0,9.0,0.0,17.0,1.0,12.0,9.0,291.0
1.0,0.0,1.0,0.0,1.0,0.0,0.0,1.0,0.0,0.0,0.0,0.0,0.0,0.0,0.0,0.0,1.0,0.0,0.0,0.0,0.0,11.0,3.0,16.0,4.0,4.0,4.0,3.0,0.0,14.0,7.0,8.0,4.543490512868683,213.0
1.0,0.0,1.0,0.0,0.0,1.0,0.0,0.0,0.0,1.0,0.0,0.0,0.0,0.0,1.0,0.0,0.0,0.0,0.0,0.0,0.0,26.0,1.0,13.0,4.0,4.0,5.0,5.0,1.0,13.0,3.0,7.0,10.0,181.0
1.0,1.0,0.0,0.0,1.0,0.0,0.0,0.0,0.0,1.0,0.0,0.0,0.0,0.0,0.0,0.0,0.0,0.0,0.0,1.0,1.0,1.0,3.0,18.0,3.0,3.0,3.0,10.0,0.0,13.0,2.0,2.0,3.0,172.0
1.0,1.0,0.0,0.0,1.0,0.0,0.0,0.0,0.0,0.0,0.0,1.0,0.0,0.0,0.0,0.0,1.0,0.0,0.0,0.0,0.0,1.0,3.0,31.0,3.0,4.0,2.0,2.0,0.0,14.0,1.0,3.0,2.0,149.0
0.0,1.0,0.0,0.0,0.0,1.0,0.0,0.0,0.0,1.0,0.0,0.0,0.0,0.0,0.0,0.0,1.0,0.0,0.0,0.0,0.0,12.0,1.0,17.0,4.0,4.0,3.0,5.0,0.0,20.0,2.0,2.0,4.543490512868683,223.0
0.0,1.0,0.0,0.0,0.0,1.0,0.0,0.0,0.0,1.0,0.0,0.0,0.0,0.0,0.0,0.0,0.0,1.0,0.0,0.0,0.0,11.0,1.0,7.0,4.0,4.0,4.0,8.0,0.0,13.0,4.0,5.0,4.0,189.0
1.0,0.0,1.0,0.0,0.0,1.0,0.0,0.0,0.0,0.0,0.0,0.0,1.0,0.0,0.0,0.0,0.0,1.0,0.0,0.0,0.0,23.0,1.0,25.0,3.0,5.0,3.0,3.0,1.0,15.0,1.0,2.0,10.0,320.0
1.0,1.0,0.0,0.0,0.0,1.0,0.0,0.0,0.0,0.0,0.0,1.0,0.0,0.0,0.0,0.0,1.0,0.0,0.0,0.0,0.0,1.0,1.0,30.0,3.0,3.0,2.0,3.0,1.0,12.0,1.0,2.0,5.0,152.0
1.0,1.0,0.0,0.0,0.0,1.0,0.0,0.0,0.0,1.0,0.0,0.0,0.0,0.0,0.0,0.0,0.0,0.0,1.0,0.0,0.0,1.0,3.0,35.0,4.0,4.0,4.0,3.0,0.0,21.0,2.0,2.0,5.0,188.0
1.0,1.0,0.0,0.0,0.0,0.0,1.0,0.0,0.0,0.0,0.0,1.0,0.0,0.0,0.0,0.0,0.0,0.0,0.0,1.0,0.0,1.0,1.0,24.0,4.0,5.0,4.0,3.0,0.0,22.0,2.0,2.0,1.0,146.0
1.0,1.0,0.0,0.0,1.0,0.0,0.0,0.0,0.0,0.0,0.0,0.0,1.0,0.0,0.0,0.0,1.0,0.0,0.0,0.0,0.0,24.0,2.0,10.0,3.0,4.0,4.0,3.0,0.0,15.0,7.0,11.0,8.0,307.0
1.0,1.0,0.0,0.0,0.0,0.0,1.0,0.0,0.0,0.0,0.0,1.0,0.0,0.0,0.0,0.0,1.0,0.0,0.0,0.0,0.0,1.0,3.0,20.0,3.0,4.0,3.0,3.0,0.0,12.0,2.0,2.0,7.0,146.0
0.0,1.0,0.0,0.0,1.0,0.0,0.0,0.0,0.0,0.0,0.0,1.0,0.0,0.0,0.0,0.0,0.0,1.0,0.0,0.0,1.0,1.0,1.0,14.0,3.0,4.0,3.0,3.0,1.0,17.0,1.0,2.0,3.0,154.0
1.0,1.0,0.0,0.0,1.0,0.0,0.0,0.0,0.0,0.0,0.0,1.0,0.0,0.0,0.0,0.0,0.0,1.0,0.0,0.0,1.0,1.0,3.0,19.0,4.0,5.0,5.0,3.0,0.0,19.0,2.0,2.0,1.0,145.0
1.0,1.0,0.0,0.0,0.0,1.0,0.0,0.0,0.0,0.0,0.0,1.0,0.0,0.0,0.0,0.0,0.0,1.0,0.0,0.0,0.0,8.0,1.0,7.0,3.0,5.0,2.0,3.0,1.0,14.0,1.0,2.0,4.0,161.0
1.0,0.0,1.0,0.0,0.0,1.0,0.0,0.0,0.0,1.0,0.0,0.0,0.0,0.0,0.0,0.0,1.0,0.0,0.0,0.0,1.0,1.0,3.0,20.0,3.0,4.0,5.0,4.0,0.0,18.0,1.0,2.0,3.0,167.0
1.0,0.0,0.0,1.0,0.0,1.0,0.0,0.0,0.0,1.0,0.0,0.0,0.0,0.0,0.0,0.0,0.0,0.0,0.0,1.0,0.0,9.0,1.0,32.0,3.0,5.0,2.0,6.0,0.0,15.0,1.0,2.0,3.0,162.0
1.0,0.0,1.0,0.0,0.0,1.0,0.0,0.0,0.0,1.0,0.0,0.0,0.0,0.0,0.0,0.0,1.0,0.0,0.0,0.0,0.0,5.0,3.0,13.0,4.0,3.0,2.0,6.0,0.0,23.0,4.0,6.0,8.0,180.0
0.0,0.0,1.0,0.0,0.0,0.0,1.0,0.0,0.0,0.0,0.0,1.0,0.0,0.0,0.0,0.0,1.0,0.0,0.0,0.0,0.0,1.0,1.0,13.0,4.0,5.0,3.0,2.0,0.0,13.0,2.0,2.0,4.0,147.0
1.0,1.0,0.0,0.0,0.0,1.0,0.0,0.0,0.0,1.0,0.0,0.0,0.0,0.0,0.0,0.0,0.0,0.0,1.0,0.0,0.0,11.0,3.0,9.0,4.0,4.0,3.0,6.0,1.0,12.0,1.0,2.0,4.543490512868683,221.0
0.0,0.0,0.0,1.0,0.0,1.0,0.0,0.0,0.0,0.0,0.0,1.0,0.0,0.0,0.0,0.0,0.0,1.0,0.0,0.0,0.0,1.0,1.0,7.0,3.0,5.0,4.0,3.0,0.0,14.0,2.0,2.0,1.0,153.0
0.0,1.0,0.0,0.0,0.0,1.0,0.0,0.0,0.0,1.0,0.0,0.0,0.0,0.0,0.0,0.0,0.0,1.0,0.0,0.0,0.0,16.0,1.0,9.0,3.0,4.0,2.0,3.0,0.0,14.0,3.0,3.0,3.0,166.0
1.0,0.0,1.0,0.0,0.0,1.0,0.0,0.0,1.0,0.0,0.0,0.0,0.0,0.0,0.0,0.0,0.0,0.0,0.0,1.0,0.0,17.0,1.0,13.0,3.0,5.0,2.0,6.0,1.0,15.0,1.0,2.0,1.0,291.0
0.0,0.0,0.0,1.0,0.0,1.0,0.0,0.0,0.0,0.0,0.0,1.0,0.0,0.0,0.0,0.0,0.0,1.0,0.0,0.0,0.0,12.0,1.0,7.0,3.0,4.0,5.0,5.0,0.0,18.0,2.0,2.0,1.0,151.0
1.0,0.0,1.0,0.0,1.0,0.0,0.0,0.0,0.0,1.0,0.0,0.0,0.0,0.0,0.0,0.0,1.0,0.0,0.0,0.0,0.0,17.0,1.0,16.0,4.0,4.0,3.0,5.0,1.0,14.0,3.0,5.0,8.0,182.0
0.0,1.0,0.0,0.0,0.0,1.0,0.0,0.0,1.0,0.0,0.0,0.0,0.0,0.0,0.0,0.0,0.0,1.0,0.0,0.0,0.0,22.0,1.0,7.0,3.0,5.0,5.0,9.0,0.0,12.0,1.0,2.0,3.0,279.0
0.0,0.0,0.0,1.0,0.0,1.0,0.0,0.0,0.0,1.0,0.0,0.0,0.0,0.0,0.0,0.0,0.0,1.0,0.0,0.0,0.0,18.0,2.0,7.0,3.0,5.0,3.0,6.0,0.0,12.0,2.0,2.0,3.0,185.0
0.0,0.0,1.0,0.0,0.0,1.0,0.0,0.0,0.0,0.0,0.0,1.0,0.0,0.0,1.0,0.0,0.0,0.0,0.0,0.0,0.0,8.0,3.0,21.0,3.0,4.0,3.0,3.0,1.0,19.0,2.0,2.0,7.0,151.0
1.0,0.0,1.0,0.0,0.0,1.0,0.0,0.0,0.0,0.0,0.0,1.0,0.0,0.0,0.0,0.0,0.0,0.0,1.0,0.0,1.0,1.0,3.0,9.0,3.0,4.0,5.0,2.0,0.0,12.0,1.0,2.0,3.0,155.0
1.0,0.0,0.0,1.0,0.0,1.0,0.0,0.0,0.0,0.0,0.0,1.0,0.0,0.0,1.0,0.0,0.0,0.0,0.0,0.0,0.0,1.0,3.0,29.0,3.0,4.0,3.0,3.0,0.0,12.0,2.0,2.0,3.0,159.0
1.0,1.0,0.0,0.0,0.0,1.0,0.0,0.0,0.0,0.0,0.0,0.0,1.0,0.0,0.0,0.0,0.0,0.0,0.0,1.0,0.0,18.0,1.0,10.0,3.0,4.0,2.0,6.0,1.0,15.0,2.0,2.0,2.0,320.0
1.0,1.0,0.0,0.0,0.0,1.0,0.0,0.0,0.0,0.0,0.0,1.0,0.0,0.0,0.0,0.0,1.0,0.0,0.0,0.0,0.0,1.0,1.0,13.0,4.0,4.0,3.0,2.0,0.0,21.0,3.0,3.0,3.0,153.0
1.0,0.0,1.0,0.0,0.0,1.0,0.0,0.0,0.0,1.0,0.0,0.0,0.0,0.0,0.0,0.0,0.0,0.0,1.0,0.0,0.0,7.0,3.0,15.0,3.0,4.0,3.0,2.0,0.0,13.0,2.0,2.0,3.0,196.0
0.0,1.0,0.0,0.0,0.0,1.0,0.0,0.0,0.0,1.0,0.0,0.0,0.0,0.0,0.0,0.0,0.0,1.0,0.0,0.0,0.0,6.0,1.0,16.0,4.0,4.0,2.0,3.0,1.0,13.0,2.0,2.0,6.0,188.0
0.0,0.0,1.0,0.0,1.0,0.0,0.0,0.0,0.0,0.0,0.0,1.0,0.0,0.0,0.0,0.0,1.0,0.0,0.0,0.0,0.0,4.0,1.0,10.0,4.0,4.0,3.0,3.0,0.0,21.0,2.0,2.0,1.0,146.0
0.0,0.0,0.0,1.0,0.0,1.0,0.0,0.0,0.0,1.0,0.0,0.0,0.0,0.0,0.0,0.0,1.0,0.0,0.0,0.0,0.0,27.0,3.0,7.0,3.0,4.0,5.0,9.0,0.0,21.0,7.0,9.0,11.0,209.0
1.0,1.0,0.0,0.0,0.0,1.0,0.0,0.0,0.0,0.0,0.0,1.0,0.0,0.0,0.0,0.0,0.0,1.0,0.0,0.0,0.0,8.0,1.0,7.0,3.0,4.0,2.0,3.0,0.0,13.0,7.0,9.0,9.0,152.0
0.0,1.0,0.0,0.0,1.0,0.0,0.0,0.0,0.0,1.0,0.0,0.0,0.0,0.0,0.0,0.0,0.0,1.0,0.0,0.0,1.0,9.0,3.0,33.0,4.0,4.0,5.0,4.0,0.0,15.0,1.0,2.0,1.0,168.0
0.0,1.0,0.0,0.0,0.0,1.0,0.0,0.0,0.0,0.0,0.0,1.0,0.0,0.0,0.0,0.0,0.0,1.0,0.0,0.0,0.0,1.0,1.0,13.0,4.0,4.0,2.0,3.0,1.0,14.0,1.0,2.0,3.0,152.0
1.0,1.0,0.0,0.0,0.0,1.0,0.0,1.0,0.0,0.0,0.0,0.0,0.0,0.0,0.0,0.0,0.0,0.0,0.0,1.0,0.0,11.0,1.0,10.0,3.0,4.0,3.0,3.0,0.0,16.0,7.0,8.0,4.543490512868683,219.0
0.0,1.0,0.0,0.0,0.0,1.0,0.0,0.0,0.0,1.0,0.0,0.0,0.0,0.0,0.0,0.0,1.0,0.0,0.0,0.0,0.0,3.0,3.0,10.0,4.0,4.0,3.0,3.0,0.0,15.0,1.0,2.0,3.0,181.0
1.0,0.0,0.0,1.0,0.0,1.0,0.0,0.0,0.0,1.0,0.0,0.0,0.0,0.0,0.0,0.0,0.0,1.0,0.0,0.0,0.0,9.0,1.0,13.0,3.0,6.0,2.0,3.0,0.0,14.0,12.0,12.0,9.0,191.0
1.0,0.0,1.0,0.0,1.0,0.0,0.0,0.0,0.0,1.0,0.0,0.0,0.0,0.0,0.0,0.0,0.0,1.0,0.0,0.0,0.0,7.0,1.0,13.0,2.0,4.0,2.0,5.0,0.0,24.0,5.0,5.0,8.0,202.0
1.0,1.0,0.0,0.0,0.0,1.0,0.0,1.0,0.0,0.0,0.0,0.0,0.0,0.0,0.0,0.0,1.0,0.0,0.0,0.0,0.0,28.0,2.0,26.0,3.0,4.0,4.0,4.0,0.0,16.0,4.0,2.0,2.0,232.0
1.0,0.0,1.0,0.0,0.0,1.0,0.0,0.0,0.0,1.0,0.0,0.0,0.0,0.0,0.0,0.0,1.0,0.0,0.0,0.0,0.0,10.0,1.0,16.0,3.0,5.0,4.0,4.0,1.0,12.0,2.0,2.0,4.543490512868683,213.0
1.0,0.0,0.0,1.0,0.0,0.0,1.0,0.0,0.0,0.0,0.0,1.0,0.0,0.0,0.0,0.0,1.0,0.0,0.0,0.0,0.0,1.0,1.0,10.0,3.0,5.0,2.0,2.0,0.0,14.0,1.0,2.0,2.0,145.0
1.0,0.0,0.0,1.0,0.0,0.0,1.0,0.0,0.0,0.0,1.0,0.0,0.0,0.0,0.0,0.0,1.0,0.0,0.0,0.0,1.0,1.0,1.0,17.0,3.0,4.0,3.0,3.0,1.0,12.0,1.0,2.0,2.0,135.0
1.0,0.0,0.0,1.0,1.0,0.0,0.0,0.0,0.0,0.0,0.0,1.0,0.0,0.0,0.0,0.0,0.0,1.0,0.0,0.0,1.0,1.0,1.0,10.0,4.0,4.0,5.0,3.0,1.0,12.0,10.0,10.0,8.0,158.0
1.0,1.0,0.0,0.0,1.0,0.0,0.0,0.0,0.0,0.0,0.0,1.0,0.0,0.0,0.0,0.0,0.0,1.0,0.0,0.0,0.0,9.0,1.0,10.0,3.0,5.0,3.0,3.0,0.0,19.0,2.0,2.0,1.0,138.0
1.0,1.0,0.0,0.0,0.0,1.0,0.0,0.0,0.0,0.0,0.0,1.0,0.0,0.0,0.0,0.0,1.0,0.0,0.0,0.0,0.0,1.0,1.0,11.0,3.0,3.0,5.0,4.0,0.0,17.0,1.0,2.0,3.0,153.0
1.0,1.0,0.0,0.0,0.0,1.0,0.0,0.0,0.0,1.0,0.0,0.0,0.0,0.0,0.0,0.0,0.0,1.0,0.0,0.0,0.0,1.0,3.0,15.0,3.0,3.0,4.0,2.0,0.0,23.0,1.0,2.0,3.0,174.0
0.0,0.0,0.0,1.0,0.0,1.0,0.0,0.0,0.0,1.0,0.0,0.0,0.0,0.0,0.0,0.0,0.0,0.0,1.0,0.0,0.0,12.0,3.0,14.0,3.0,5.0,2.0,2.0,0.0,21.0,2.0,2.0,6.0,165.0
1.0,0.0,1.0,0.0,1.0,0.0,0.0,0.0,0.0,0.0,0.0,1.0,0.0,0.0,0.0,0.0,0.0,1.0,0.0,0.0,0.0,3.0,1.0,7.0,4.0,6.0,2.0,3.0,0.0,19.0,3.0,3.0,9.0,152.0
1.0,1.0,0.0,0.0,0.0,1.0,0.0,0.0,0.0,1.0,0.0,0.0,0.0,0.0,0.0,0.0,0.0,0.0,1.0,0.0,0.0,22.0,3.0,9.0,3.0,3.0,4.0,5.0,0.0,13.0,3.0,3.0,3.0,206.0
0.0,0.0,1.0,0.0,1.0,0.0,0.0,0.0,0.0,1.0,0.0,0.0,0.0,0.0,0.0,0.0,1.0,0.0,0.0,0.0,0.0,1.0,3.0,10.0,4.0,3.0,2.0,3.0,1.0,21.0,2.0,2.0,5.0,171.0
1.0,0.0,0.0,1.0,0.0,1.0,0.0,0.0,0.0,0.0,0.0,1.0,0.0,0.0,0.0,0.0,0.0,1.0,0.0,0.0,0.0,11.0,1.0,17.0,4.0,3.0,2.0,5.0,0.0,18.0,2.0,2.0,1.0,172.0
1.0,1.0,0.0,0.0,0.0,1.0,0.0,0.0,0.0,0.0,0.0,1.0,0.0,0.0,0.0,0.0,1.0,0.0,0.0,0.0,0.0,24.0,1.0,35.0,4.0,3.0,3.0,3.0,1.0,12.0,4.0,4.0,9.0,157.0
0.0,0.0,0.0,1.0,0.0,1.0,0.0,1.0,0.0,0.0,0.0,0.0,0.0,0.0,0.0,0.0,1.0,0.0,0.0,0.0,0.0,8.0,1.0,16.0,3.0,5.0,4.0,3.0,0.0,15.0,5.0,8.0,4.543490512868683,211.0
0.0,0.0,0.0,1.0,0.0,1.0,0.0,0.0,0.0,1.0,0.0,0.0,0.0,0.0,0.0,0.0,0.0,1.0,0.0,0.0,1.0,1.0,3.0,10.0,4.0,4.0,3.0,11.0,0.0,15.0,2.0,3.0,1.0,171.0
0.0,0.0,0.0,1.0,0.0,1.0,0.0,0.0,0.0,1.0,0.0,0.0,0.0,0.0,1.0,0.0,0.0,0.0,0.0,0.0,0.0,13.0,1.0,9.0,4.0,5.0,3.0,3.0,0.0,12.0,3.0,12.0,11.0,171.0
1.0,0.0,0.0,1.0,0.0,1.0,0.0,0.0,0.0,1.0,0.0,0.0,0.0,0.0,0.0,0.0,0.0,0.0,1.0,0.0,0.0,6.0,3.0,17.0,3.0,4.0,2.0,3.0,0.0,13.0,1.0,2.0,9.0,179.0
1.0,1.0,0.0,0.0,1.0,0.0,0.0,0.0,0.0,1.0,0.0,0.0,0.0,0.0,1.0,0.0,0.0,0.0,0.0,0.0,1.0,14.0,3.0,15.0,3.0,4.0,3.0,5.0,1.0,15.0,2.0,2.0,4.0,193.0
0.0,0.0,0.0,1.0,0.0,1.0,0.0,0.0,0.0,1.0,0.0,0.0,0.0,0.0,0.0,0.0,0.0,1.0,0.0,0.0,0.0,12.0,1.0,7.0,3.0,3.0,2.0,2.0,0.0,14.0,2.0,2.0,9.0,201.0
0.0,1.0,0.0,0.0,0.0,1.0,0.0,1.0,0.0,0.0,0.0,0.0,0.0,0.0,0.0,0.0,0.0,1.0,0.0,0.0,0.0,1.0,1.0,7.0,4.0,4.0,5.0,3.0,0.0,12.0,2.0,2.0,8.0,199.0
0.0,0.0,0.0,1.0,0.0,1.0,0.0,1.0,0.0,0.0,0.0,0.0,0.0,0.0,0.0,0.0,0.0,1.0,0.0,0.0,0.0,6.0,1.0,10.0,3.0,4.0,2.0,5.0,0.0,16.0,4.0,2.0,8.0,237.0
1.0,0.0,0.0,1.0,0.0,1.0,0.0,0.0,0.0,1.0,0.0,0.0,0.0,0.0,0.0,0.0,0.0,0.0,1.0,0.0,0.0,21.0,3.0,21.0,3.0,4.0,5.0,4.0,0.0,13.0,1.0,2.0,8.0,175.0
1.0,1.0,0.0,0.0,1.0,0.0,0.0,1.0,0.0,0.0,0.0,0.0,0.0,0.0,0.0,0.0,0.0,1.0,0.0,0.0,0.0,14.0,3.0,12.0,3.0,5.0,5.0,7.0,1.0,22.0,1.0,2.0,4.543490512868683,230.0
1.0,1.0,0.0,0.0,0.0,1.0,0.0,0.0,1.0,0.0,0.0,0.0,0.0,0.0,0.0,0.0,0.0,1.0,0.0,0.0,0.0,27.0,1.0,14.0,3.0,3.0,3.0,5.0,0.0,20.0,1.0,2.0,4.0,273.0
1.0,0.0,1.0,0.0,0.0,1.0,0.0,0.0,0.0,0.0,0.0,0.0,1.0,0.0,0.0,0.0,0.0,0.0,0.0,1.0,0.0,15.0,2.0,17.0,4.0,5.0,2.0,5.0,0.0,15.0,13.0,13.0,7.0,316.0
1.0,0.0,0.0,1.0,0.0,1.0,0.0,0.0,0.0,1.0,0.0,0.0,0.0,0.0,0.0,0.0,0.0,0.0,1.0,0.0,0.0,31.0,3.0,23.0,3.0,4.0,5.0,10.0,0.0,15.0,2.0,3.0,3.0,179.0
1.0,0.0,1.0,0.0,1.0,0.0,0.0,1.0,0.0,0.0,0.0,0.0,0.0,0.0,0.0,0.0,0.0,1.0,0.0,0.0,0.0,1.0,1.0,17.0,3.0,4.0,5.0,3.0,0.0,22.0,2.0,2.0,4.543490512868683,213.0
1.0,1.0,0.0,0.0,0.0,1.0,0.0,0.0,0.0,0.0,0.0,0.0,1.0,0.0,0.0,0.0,0.0,0.0,0.0,1.0,0.0,15.0,2.0,7.0,3.0,5.0,3.0,3.0,0.0,15.0,3.0,3.0,11.0,317.0
1.0,1.0,0.0,0.0,0.0,1.0,0.0,0.0,0.0,0.0,0.0,1.0,0.0,0.0,0.0,0.0,0.0,0.0,1.0,0.0,0.0,24.0,3.0,15.0,3.0,4.0,4.0,9.0,0.0,16.0,2.0,3.0,3.0,164.0
0.0,0.0,0.0,1.0,0.0,0.0,1.0,0.0,0.0,0.0,0.0,1.0,0.0,0.0,0.0,0.0,0.0,1.0,0.0,0.0,1.0,1.0,1.0,7.0,4.0,6.0,4.0,9.0,1.0,14.0,2.0,4.0,8.0,147.0
0.0,1.0,0.0,0.0,1.0,0.0,0.0,1.0,0.0,0.0,0.0,0.0,0.0,0.0,0.0,0.0,0.0,1.0,0.0,0.0,0.0,10.0,1.0,15.0,4.0,3.0,5.0,11.0,0.0,15.0,1.0,2.0,6.0,242.0
0.0,0.0,0.0,1.0,0.0,1.0,0.0,1.0,0.0,0.0,0.0,0.0,0.0,0.0,0.0,0.0,0.0,1.0,0.0,0.0,0.0,12.0,1.0,7.0,3.0,4.0,3.0,6.0,1.0,15.0,1.0,2.0,1.0,204.0
1.0,0.0,0.0,1.0,1.0,0.0,0.0,0.0,0.0,0.0,0.0,1.0,0.0,0.0,0.0,0.0,1.0,0.0,0.0,0.0,0.0,18.0,1.0,31.0,3.0,6.0,3.0,4.0,0.0,15.0,1.0,2.0,5.0,162.0
0.0,0.0,1.0,0.0,1.0,0.0,0.0,0.0,1.0,0.0,0.0,0.0,0.0,0.0,0.0,0.0,1.0,0.0,0.0,0.0,0.0,21.0,3.0,10.0,3.0,4.0,3.0,11.0,1.0,13.0,1.0,12.0,14.0,263.0
1.0,0.0,1.0,0.0,0.0,1.0,0.0,0.0,0.0,1.0,0.0,0.0,0.0,0.0,0.0,0.0,0.0,0.0,1.0,0.0,0.0,4.0,3.0,34.0,3.0,4.0,2.0,9.0,0.0,24.0,5.0,8.0,8.0,178.0
1.0,0.0,0.0,1.0,0.0,1.0,0.0,0.0,0.0,0.0,0.0,1.0,0.0,0.0,0.0,0.0,0.0,1.0,0.0,0.0,0.0,3.0,3.0,17.0,3.0,4.0,3.0,3.0,0.0,12.0,1.0,2.0,1.0,151.0
1.0,0.0,1.0,0.0,1.0,0.0,0.0,0.0,0.0,0.0,0.0,1.0,0.0,0.0,0.0,0.0,1.0,0.0,0.0,0.0,1.0,6.0,1.0,26.0,3.0,3.0,3.0,8.0,1.0,13.0,3.0,3.0,3.0,153.0
1.0,1.0,0.0,0.0,1.0,0.0,0.0,0.0,0.0,1.0,0.0,0.0,0.0,0.0,0.0,0.0,0.0,1.0,0.0,0.0,0.0,17.0,3.0,22.0,3.0,5.0,2.0,5.0,0.0,19.0,1.0,3.0,3.0,193.0
0.0,0.0,0.0,1.0,0.0,1.0,0.0,0.0,0.0,1.0,0.0,0.0,0.0,0.0,0.0,0.0,1.0,0.0,0.0,0.0,0.0,8.0,1.0,15.0,4.0,4.0,3.0,5.0,0.0,12.0,2.0,5.0,4.0,186.0
1.0,1.0,0.0,0.0,0.0,1.0,0.0,0.0,0.0,0.0,0.0,1.0,0.0,0.0,0.0,0.0,1.0,0.0,0.0,0.0,0.0,1.0,1.0,16.0,3.0,4.0,5.0,3.0,0.0,15.0,1.0,2.0,3.0,150.0
0.0,1.0,0.0,0.0,0.0,1.0,0.0,0.0,0.0,1.0,0.0,0.0,0.0,0.0,0.0,0.0,0.0,0.0,0.0,1.0,0.0,13.0,2.0,10.0,3.0,3.0,4.0,11.0,0.0,16.0,4.0,4.0,7.0,189.0
1.0,1.0,0.0,0.0,0.0,1.0,0.0,0.0,1.0,0.0,0.0,0.0,0.0,0.0,0.0,0.0,1.0,0.0,0.0,0.0,0.0,30.0,1.0,16.0,3.0,4.0,2.0,9.0,0.0,12.0,1.0,2.0,2.0,236.0
0.0,0.0,0.0,1.0,0.0,0.0,1.0,0.0,0.0,0.0,0.0,1.0,0.0,0.0,0.0,0.0,1.0,0.0,0.0,0.0,0.0,14.0,1.0,9.0,3.0,5.0,2.0,2.0,1.0,21.0,3.0,3.0,4.0,148.0
0.0,0.0,0.0,1.0,0.0,1.0,0.0,0.0,0.0,1.0,0.0,0.0,0.0,0.0,0.0,0.0,1.0,0.0,0.0,0.0,0.0,1.0,1.0,14.0,3.0,5.0,5.0,10.0,0.0,20.0,2.0,2.0,8.0,193.0
1.0,0.0,1.0,0.0,0.0,0.0,1.0,0.0,0.0,0.0,0.0,1.0,0.0,0.0,0.0,0.0,0.0,0.0,1.0,0.0,0.0,3.0,3.0,17.0,3.0,4.0,4.0,3.0,0.0,15.0,1.0,3.0,3.0,148.0
1.0,0.0,0.0,1.0,0.0,0.0,1.0,0.0,0.0,1.0,0.0,0.0,0.0,0.0,0.0,0.0,0.0,1.0,0.0,0.0,0.0,27.0,1.0,13.0,3.0,4.0,2.0,4.0,0.0,18.0,2.0,3.0,3.0,150.0
0.0,0.0,1.0,0.0,1.0,0.0,0.0,0.0,0.0,1.0,0.0,0.0,0.0,0.0,0.0,0.0,0.0,1.0,0.0,0.0,0.0,9.0,1.0,9.0,4.0,4.0,5.0,4.0,0.0,12.0,1.0,2.0,1.0,176.0
1.0,1.0,0.0,0.0,1.0,0.0,0.0,0.0,0.0,1.0,0.0,0.0,0.0,0.0,0.0,0.0,0.0,1.0,0.0,0.0,0.0,6.0,1.0,31.0,4.0,4.0,2.0,3.0,0.0,16.0,3.0,5.0,8.0,178.0
1.0,1.0,0.0,0.0,0.0,1.0,0.0,0.0,0.0,0.0,0.0,1.0,0.0,0.0,0.0,0.0,1.0,0.0,0.0,0.0,0.0,12.0,1.0,9.0,4.0,4.0,3.0,8.0,1.0,14.0,1.0,2.0,2.0,156.0
0.0,0.0,1.0,0.0,0.0,1.0,0.0,0.0,0.0,1.0,0.0,0.0,0.0,0.0,0.0,0.0,0.0,1.0,0.0,0.0,0.0,8.0,1.0,15.0,3.0,4.0,5.0,5.0,0.0,15.0,2.0,2.0,1.0,176.0
1.0,1.0,0.0,0.0,0.0,1.0,0.0,0.0,1.0,0.0,0.0,0.0,0.0,0.0,0.0,0.0,0.0,0.0,1.0,0.0,0.0,26.0,3.0,10.0,3.0,5.0,5.0,3.0,0.0,15.0,2.0,2.0,17.0,294.0
1.0,0.0,0.0,1.0,0.0,1.0,0.0,0.0,0.0,0.0,0.0,1.0,0.0,0.0,0.0,0.0,0.0,0.0,0.0,1.0,1.0,1.0,1.0,7.0,4.0,4.0,2.0,3.0,1.0,14.0,6.0,8.0,9.0,152.0
0.0,0.0,0.0,1.0,0.0,1.0,0.0,0.0,0.0,1.0,0.0,0.0,0.0,0.0,0.0,0.0,1.0,0.0,0.0,0.0,0.0,1.0,3.0,33.0,3.0,4.0,2.0,3.0,0.0,24.0,1.0,2.0,5.0,187.0
1.0,0.0,0.0,1.0,0.0,1.0,0.0,0.0,0.0,1.0,0.0,0.0,0.0,0.0,1.0,0.0,0.0,0.0,0.0,0.0,0.0,19.0,3.0,9.0,3.0,6.0,3.0,2.0,0.0,14.0,1.0,4.0,2.0,191.0
1.0,0.0,0.0,1.0,0.0,1.0,0.0,0.0,0.0,0.0,0.0,1.0,0.0,0.0,0.0,0.0,1.0,0.0,0.0,0.0,0.0,1.0,1.0,17.0,4.0,3.0,3.0,3.0,0.0,19.0,2.0,2.0,3.0,160.0
0.0,0.0,0.0,1.0,1.0,0.0,0.0,0.0,0.0,1.0,0.0,0.0,0.0,0.0,0.0,0.0,0.0,1.0,0.0,0.0,1.0,11.0,3.0,34.0,4.0,2.0,3.0,6.0,1.0,13.0,2.0,2.0,4.0,189.0
1.0,0.0,0.0,1.0,0.0,1.0,0.0,0.0,0.0,1.0,0.0,0.0,0.0,0.0,0.0,0.0,0.0,0.0,0.0,1.0,0.0,8.0,3.0,9.0,3.0,4.0,2.0,3.0,0.0,23.0,1.0,2.0,5.0,188.0
1.0,1.0,0.0,0.0,0.0,1.0,0.0,0.0,0.0,0.0,0.0,0.0,1.0,0.0,0.0,0.0,1.0,0.0,0.0,0.0,1.0,19.0,1.0,9.0,4.0,4.0,5.0,7.0,1.0,14.0,2.0,2.0,5.0,324.0
1.0,0.0,0.0,1.0,1.0,0.0,0.0,1.0,0.0,0.0,0.0,0.0,0.0,0.0,0.0,0.0,0.0,1.0,0.0,0.0,0.0,10.0,3.0,15.0,4.0,5.0,5.0,3.0,0.0,16.0,1.0,2.0,10.0,201.0
1.0,1.0,0.0,0.0,1.0,0.0,0.0,0.0,0.0,0.0,0.0,1.0,0.0,0.0,0.0,0.0,1.0,0.0,0.0,0.0,0.0,26.0,1.0,26.0,3.0,4.0,2.0,2.0,0.0,19.0,2.0,2.0,3.0,168.0
0.0,0.0,1.0,0.0,1.0,0.0,0.0,0.0,0.0,0.0,0.0,1.0,0.0,0.0,0.0,0.0,0.0,1.0,0.0,0.0,0.0,1.0,1.0,7.0,4.0,6.0,2.0,5.0,0.0,15.0,3.0,3.0,1.0,169.0
0.0,1.0,0.0,0.0,0.0,1.0,0.0,0.0,0.0,1.0,0.0,0.0,0.0,0.0,0.0,0.0,1.0,0.0,0.0,0.0,0.0,3.0,1.0,34.0,4.0,4.0,3.0,6.0,0.0,13.0,2.0,2.0,2.0,168.0
1.0,0.0,0.0,1.0,0.0,1.0,0.0,0.0,0.0,1.0,0.0,0.0,0.0,0.0,1.0,0.0,0.0,0.0,0.0,0.0,1.0,1.0,3.0,15.0,3.0,5.0,5.0,8.0,0.0,18.0,2.0,2.0,3.0,178.0
0.0,0.0,0.0,1.0,0.0,1.0,0.0,0.0,0.0,0.0,0.0,1.0,0.0,0.0,0.0,0.0,0.0,1.0,0.0,0.0,0.0,8.0,1.0,7.0,4.0,2.0,2.0,4.0,0.0,17.0,1.0,2.0,4.0,158.0
0.0,0.0,1.0,0.0,0.0,1.0,0.0,0.0,0.0,1.0,0.0,0.0,0.0,0.0,0.0,0.0,1.0,0.0,0.0,0.0,0.0,28.0,1.0,26.0,4.0,4.0,5.0,11.0,1.0,12.0,1.0,2.0,5.0,180.0
1.0,1.0,0.0,0.0,1.0,0.0,0.0,0.0,0.0,1.0,0.0,0.0,0.0,0.0,0.0,0.0,0.0,0.0,1.0,0.0,0.0,3.0,3.0,6.0,3.0,4.0,2.0,2.0,0.0,20.0,1.0,2.0,2.0,168.0
0.0,0.0,1.0,0.0,0.0,1.0,0.0,0.0,0.0,0.0,0.0,1.0,0.0,0.0,0.0,0.0,0.0,1.0,0.0,0.0,0.0,11.0,1.0,17.0,3.0,4.0,5.0,2.0,1.0,14.0,4.0,5.0,4.0,153.0
0.0,0.0,0.0,1.0,1.0,0.0,0.0,0.0,0.0,1.0,0.0,0.0,0.0,0.0,0.0,0.0,0.0,1.0,0.0,0.0,0.0,12.0,1.0,9.0,4.0,2.0,5.0,8.0,1.0,13.0,5.0,5.0,13.0,185.0
0.0,0.0,0.0,1.0,0.0,1.0,0.0,0.0,0.0,0.0,0.0,1.0,0.0,0.0,0.0,0.0,1.0,0.0,0.0,0.0,0.0,8.0,1.0,9.0,3.0,5.0,5.0,3.0,0.0,12.0,2.0,2.0,4.0,169.0
0.0,1.0,0.0,0.0,0.0,1.0,0.0,0.0,0.0,0.0,0.0,1.0,0.0,0.0,0.0,0.0,0.0,1.0,0.0,0.0,0.0,9.0,3.0,15.0,4.0,4.0,2.0,3.0,0.0,17.0,1.0,2.0,3.0,151.0
1.0,1.0,0.0,0.0,0.0,1.0,0.0,0.0,0.0,0.0,0.0,1.0,0.0,0.0,0.0,0.0,0.0,1.0,0.0,0.0,0.0,4.0,1.0,7.0,3.0,6.0,3.0,5.0,0.0,22.0,2.0,2.0,3.0,163.0
0.0,1.0,0.0,0.0,1.0,0.0,0.0,0.0,0.0,1.0,0.0,0.0,0.0,0.0,0.0,0.0,1.0,0.0,0.0,0.0,0.0,14.0,1.0,9.0,3.0,2.0,4.0,3.0,0.0,25.0,1.0,4.0,8.0,167.0
0.0,1.0,0.0,0.0,0.0,1.0,0.0,0.0,0.0,1.0,0.0,0.0,0.0,0.0,0.0,0.0,0.0,1.0,0.0,0.0,0.0,8.0,3.0,15.0,4.0,4.0,5.0,7.0,0.0,18.0,2.0,2.0,3.0,190.0
1.0,0.0,1.0,0.0,1.0,0.0,0.0,0.0,0.0,0.0,0.0,0.0,1.0,0.0,0.0,0.0,0.0,1.0,0.0,0.0,0.0,16.0,1.0,15.0,4.0,4.0,2.0,3.0,0.0,15.0,1.0,15.0,10.0,309.0
1.0,1.0,0.0,0.0,0.0,0.0,1.0,0.0,0.0,0.0,0.0,1.0,0.0,0.0,0.0,0.0,0.0,1.0,0.0,0.0,1.0,1.0,1.0,13.0,4.0,2.0,5.0,3.0,1.0,22.0,2.0,2.0,1.0,141.0
1.0,0.0,1.0,0.0,1.0,0.0,0.0,0.0,0.0,0.0,0.0,1.0,0.0,0.0,0.0,0.0,0.0,1.0,0.0,0.0,0.0,1.0,1.0,16.0,3.0,5.0,4.0,3.0,0.0,12.0,2.0,2.0,1.0,152.0
0.0,1.0,0.0,0.0,0.0,1.0,0.0,0.0,0.0,1.0,0.0,0.0,0.0,0.0,0.0,0.0,0.0,1.0,0.0,0.0,0.0,26.0,1.0,18.0,3.0,4.0,3.0,10.0,0.0,21.0,2.0,2.0,5.0,156.0
1.0,1.0,0.0,0.0,0.0,1.0,0.0,0.0,1.0,0.0,0.0,0.0,0.0,0.0,0.0,0.0,1.0,0.0,0.0,0.0,0.0,24.0,1.0,9.0,4.0,4.0,3.0,7.0,0.0,15.0,1.0,2.0,4.0,301.0
0.0,1.0,0.0,0.0,0.0,0.0,1.0,0.0,0.0,0.0,0.0,1.0,0.0,0.0,0.0,0.0,0.0,1.0,0.0,0.0,1.0,1.0,1.0,7.0,3.0,5.0,5.0,3.0,1.0,12.0,1.0,2.0,1.0,148.0
1.0,1.0,0.0,0.0,0.0,1.0,0.0,1.0,0.0,0.0,0.0,0.0,0.0,0.0,0.0,0.0,1.0,0.0,0.0,0.0,0.0,7.0,1.0,14.0,3.0,4.0,3.0,2.0,0.0,12.0,1.0,2.0,8.0,242.0
0.0,0.0,0.0,1.0,0.0,1.0,0.0,0.0,0.0,1.0,0.0,0.0,0.0,0.0,0.0,0.0,0.0,0.0,1.0,0.0,1.0,1.0,3.0,23.0,4.0,4.0,5.0,7.0,0.0,16.0,2.0,2.0,3.0,178.0
0.0,1.0,0.0,0.0,0.0,1.0,0.0,0.0,1.0,0.0,0.0,0.0,0.0,0.0,0.0,0.0,0.0,0.0,0.0,1.0,0.0,21.0,1.0,9.0,3.0,4.0,2.0,3.0,1.0,15.0,4.0,4.0,1.0,293.0
0.0,1.0,0.0,0.0,0.0,1.0,0.0,0.0,0.0,1.0,0.0,0.0,0.0,0.0,0.0,0.0,0.0,0.0,0.0,1.0,0.0,10.0,1.0,7.0,3.0,4.0,4.0,2.0,0.0,16.0,1.0,2.0,6.0,177.0
1.0,1.0,0.0,0.0,0.0,1.0,0.0,0.0,0.0,0.0,0.0,1.0,0.0,0.0,0.0,0.0,0.0,1.0,0.0,0.0,0.0,3.0,1.0,30.0,3.0,2.0,3.0,3.0,0.0,25.0,2.0,2.0,8.0,152.0
1.0,0.0,0.0,1.0,0.0,1.0,0.0,0.0,0.0,0.0,0.0,0.0,1.0,0.0,0.0,0.0,0.0,1.0,0.0,0.0,1.0,21.0,1.0,9.0,3.0,4.0,4.0,9.0,1.0,15.0,6.0,14.0,9.0,317.0
0.0,0.0,0.0,1.0,0.0,1.0,0.0,0.0,0.0,0.0,0.0,1.0,0.0,0.0,0.0,0.0,0.0,1.0,0.0,0.0,0.0,9.0,1.0,7.0,3.0,2.0,3.0,5.0,0.0,14.0,1.0,3.0,3.0,150.0
0.0,1.0,0.0,0.0,0.0,1.0,0.0,0.0,0.0,1.0,0.0,0.0,0.0,0.0,0.0,0.0,0.0,1.0,0.0,0.0,0.0,16.0,1.0,7.0,3.0,5.0,2.0,11.0,1.0,14.0,1.0,2.0,3.0,186.0
1.0,0.0,0.0,1.0,0.0,1.0,0.0,0.0,0.0,0.0,0.0,1.0,0.0,0.0,0.0,0.0,1.0,0.0,0.0,0.0,1.0,1.0,1.0,9.0,3.0,4.0,3.0,8.0,0.0,18.0,1.0,3.0,2.0,169.0
1.0,1.0,0.0,0.0,0.0,0.0,1.0,0.0,0.0,0.0,0.0,1.0,0.0,0.0,0.0,0.0,0.0,0.0,0.0,1.0,0.0,10.0,2.0,20.0,3.0,4.0,4.0,5.0,0.0,14.0,2.0,2.0,5.0,146.0
0.0,1.0,0.0,0.0,0.0,1.0,0.0,0.0,0.0,1.0,0.0,0.0,0.0,0.0,0.0,0.0,0.0,1.0,0.0,0.0,0.0,6.0,1.0,11.0,4.0,5.0,3.0,3.0,0.0,13.0,2.0,7.0,9.0,187.0
1.0,0.0,0.0,1.0,1.0,0.0,0.0,0.0,0.0,1.0,0.0,0.0,0.0,0.0,0.0,0.0,1.0,0.0,0.0,0.0,0.0,14.0,1.0,23.0,3.0,5.0,3.0,8.0,0.0,15.0,2.0,2.0,1.0,176.0
0.0,0.0,0.0,1.0,0.0,1.0,0.0,0.0,0.0,1.0,0.0,0.0,0.0,0.0,0.0,0.0,1.0,0.0,0.0,0.0,0.0,4.0,1.0,9.0,3.0,5.0,2.0,7.0,1.0,25.0,2.0,2.0,1.0,194.0
0.0,0.0,0.0,1.0,0.0,0.0,1.0,0.0,0.0,0.0,0.0,1.0,0.0,0.0,0.0,0.0,0.0,1.0,0.0,0.0,0.0,19.0,1.0,9.0,4.0,5.0,3.0,3.0,0.0,15.0,2.0,2.0,1.0,148.0
1.0,1.0,0.0,0.0,0.0,1.0,0.0,0.0,0.0,1.0,0.0,0.0,0.0,0.0,0.0,0.0,0.0,1.0,0.0,0.0,0.0,16.0,1.0,36.0,4.0,4.0,4.0,3.0,0.0,14.0,3.0,8.0,9.0,169.0
1.0,0.0,1.0,0.0,1.0,0.0,0.0,0.0,0.0,1.0,0.0,0.0,0.0,0.0,0.0,0.0,0.0,1.0,0.0,0.0,0.0,12.0,1.0,19.0,3.0,5.0,5.0,4.0,0.0,16.0,2.0,2.0,3.0,188.0
0.0,0.0,0.0,1.0,1.0,0.0,0.0,0.0,0.0,0.0,0.0,1.0,0.0,0.0,0.0,0.0,0.0,1.0,0.0,0.0,0.0,8.0,1.0,23.0,4.0,5.0,2.0,3.0,0.0,17.0,2.0,2.0,4.0,151.0
0.0,1.0,0.0,0.0,0.0,1.0,0.0,1.0,0.0,0.0,0.0,0.0,0.0,0.0,0.0,0.0,0.0,0.0,1.0,0.0,1.0,13.0,3.0,18.0,3.0,4.0,2.0,3.0,0.0,19.0,1.0,8.0,8.0,202.0
1.0,0.0,0.0,1.0,0.0,1.0,0.0,0.0,0.0,1.0,0.0,0.0,0.0,0.0,0.0,0.0,1.0,0.0,0.0,0.0,1.0,19.0,3.0,9.0,3.0,4.0,2.0,6.0,0.0,17.0,1.0,8.0,4.0,177.0
1.0,1.0,0.0,0.0,0.0,1.0,0.0,0.0,1.0,0.0,0.0,0.0,0.0,0.0,0.0,0.0,0.0,1.0,0.0,0.0,0.0,17.0,1.0,21.0,4.0,4.0,5.0,8.0,0.0,15.0,2.0,2.0,1.0,297.0
1.0,0.0,1.0,0.0,0.0,1.0,0.0,1.0,0.0,0.0,0.0,0.0,0.0,0.0,0.0,1.0,0.0,0.0,0.0,0.0,0.0,1.0,1.0,12.0,3.0,5.0,2.0,3.0,1.0,17.0,1.0,2.0,9.0,253.0
1.0,0.0,0.0,1.0,0.0,1.0,0.0,1.0,0.0,0.0,0.0,0.0,0.0,0.0,0.0,0.0,0.0,0.0,0.0,1.0,0.0,9.0,1.0,14.0,3.0,4.0,3.0,5.0,0.0,22.0,1.0,2.0,4.543490512868683,227.0
0.0,1.0,0.0,0.0,0.0,1.0,0.0,0.0,0.0,1.0,0.0,0.0,0.0,0.0,0.0,0.0,0.0,0.0,1.0,0.0,0.0,2.0,3.0,9.0,3.0,4.0,4.0,3.0,1.0,21.0,8.0,8.0,6.0,173.0
1.0,1.0,0.0,0.0,0.0,1.0,0.0,0.0,0.0,0.0,0.0,1.0,0.0,0.0,0.0,0.0,0.0,0.0,0.0,1.0,0.0,8.0,2.0,10.0,3.0,4.0,2.0,2.0,0.0,20.0,2.0,2.0,3.0,162.0
0.0,1.0,0.0,0.0,1.0,0.0,0.0,0.0,0.0,0.0,0.0,1.0,0.0,0.0,0.0,0.0,1.0,0.0,0.0,0.0,1.0,1.0,1.0,12.0,3.0,5.0,3.0,3.0,1.0,15.0,1.0,2.0,8.0,149.0
1.0,1.0,0.0,0.0,1.0,0.0,0.0,0.0,0.0,0.0,0.0,1.0,0.0,0.0,0.0,0.0,1.0,0.0,0.0,0.0,0.0,1.0,1.0,10.0,3.0,4.0,2.0,3.0,0.0,12.0,2.0,2.0,1.0,142.0
0.0,1.0,0.0,0.0,0.0,1.0,0.0,0.0,1.0,0.0,0.0,0.0,0.0,0.0,0.0,0.0,0.0,0.0,1.0,0.0,0.0,25.0,3.0,33.0,4.0,4.0,3.0,4.0,0.0,15.0,1.0,5.0,18.0,288.0
1.0,0.0,0.0,1.0,0.0,1.0,0.0,0.0,0.0,1.0,0.0,0.0,0.0,0.0,0.0,0.0,1.0,0.0,0.0,0.0,0.0,18.0,1.0,11.0,3.0,4.0,4.0,11.0,0.0,13.0,2.0,3.0,4.0,184.0
1.0,0.0,0.0,1.0,0.0,1.0,0.0,0.0,0.0,0.0,0.0,1.0,0.0,0.0,0.0,0.0,1.0,0.0,0.0,0.0,0.0,1.0,1.0,9.0,4.0,2.0,5.0,9.0,0.0,14.0,2.0,2.0,2.0,159.0
1.0,0.0,1.0,0.0,0.0,1.0,0.0,0.0,0.0,1.0,0.0,0.0,0.0,0.0,0.0,0.0,1.0,0.0,0.0,0.0,0.0,7.0,3.0,7.0,3.0,2.0,5.0,3.0,0.0,23.0,1.0,2.0,9.0,165.0
0.0,0.0,0.0,1.0,0.0,1.0,0.0,0.0,0.0,0.0,0.0,1.0,0.0,0.0,0.0,0.0,1.0,0.0,0.0,0.0,0.0,9.0,1.0,34.0,3.0,5.0,5.0,3.0,0.0,12.0,2.0,2.0,2.0,151.0
1.0,1.0,0.0,0.0,0.0,1.0,0.0,0.0,0.0,1.0,0.0,0.0,0.0,0.0,0.0,0.0,0.0,1.0,0.0,0.0,0.0,10.0,3.0,7.0,3.0,4.0,2.0,3.0,1.0,15.0,3.0,5.0,12.0,187.0
1.0,0.0,1.0,0.0,0.0,1.0,0.0,0.0,0.0,1.0,0.0,0.0,0.0,0.0,0.0,0.0,0.0,1.0,0.0,0.0,0.0,6.0,3.0,20.0,4.0,4.0,2.0,4.0,0.0,12.0,1.0,2.0,4.0,169.0
1.0,0.0,1.0,0.0,1.0,0.0,0.0,0.0,0.0,0.0,0.0,1.0,0.0,0.0,0.0,0.0,0.0,1.0,0.0,0.0,0.0,4.0,1.0,12.0,4.0,5.0,2.0,11.0,0.0,13.0,1.0,2.0,4.0,163.0
0.0,1.0,0.0,0.0,0.0,1.0,0.0,1.0,0.0,0.0,0.0,0.0,0.0,0.0,0.0,0.0,0.0,0.0,1.0,0.0,0.0,27.0,3.0,14.0,4.0,5.0,2.0,9.0,1.0,19.0,1.0,2.0,5.0,234.0
1.0,0.0,1.0,0.0,0.0,1.0,0.0,1.0,0.0,0.0,0.0,0.0,0.0,0.0,0.0,0.0,0.0,0.0,1.0,0.0,0.0,19.0,3.0,16.0,4.0,4.0,5.0,6.0,1.0,13.0,2.0,2.0,3.0,233.0
0.0,1.0,0.0,0.0,0.0,1.0,0.0,0.0,0.0,1.0,0.0,0.0,0.0,0.0,0.0,0.0,1.0,0.0,0.0,0.0,0.0,6.0,1.0,15.0,4.0,2.0,3.0,7.0,0.0,13.0,2.0,2.0,4.0,177.0
0.0,1.0,0.0,0.0,1.0,0.0,0.0,0.0,1.0,0.0,0.0,0.0,0.0,0.0,0.0,0.0,1.0,0.0,0.0,0.0,0.0,26.0,1.0,32.0,3.0,5.0,2.0,5.0,0.0,23.0,1.0,2.0,1.0,263.0
1.0,0.0,1.0,0.0,0.0,1.0,0.0,0.0,0.0,1.0,0.0,0.0,0.0,0.0,0.0,0.0,0.0,0.0,1.0,0.0,0.0,11.0,3.0,23.0,4.0,5.0,3.0,6.0,0.0,20.0,2.0,2.0,1.0,188.0
1.0,0.0,1.0,0.0,0.0,1.0,0.0,0.0,0.0,0.0,0.0,1.0,0.0,0.0,0.0,0.0,1.0,0.0,0.0,0.0,0.0,2.0,2.0,15.0,4.0,5.0,2.0,3.0,0.0,14.0,1.0,2.0,5.0,174.0
1.0,1.0,0.0,0.0,0.0,1.0,0.0,0.0,0.0,1.0,0.0,0.0,0.0,0.0,0.0,0.0,0.0,1.0,0.0,0.0,0.0,1.0,1.0,7.0,3.0,5.0,2.0,8.0,0.0,23.0,3.0,3.0,3.0,173.0
1.0,1.0,0.0,0.0,0.0,1.0,0.0,0.0,0.0,0.0,0.0,1.0,0.0,0.0,0.0,0.0,0.0,1.0,0.0,0.0,0.0,18.0,1.0,15.0,4.0,2.0,2.0,4.0,1.0,25.0,2.0,2.0,3.0,153.0
1.0,0.0,0.0,1.0,1.0,0.0,0.0,0.0,0.0,0.0,0.0,1.0,0.0,0.0,0.0,0.0,1.0,0.0,0.0,0.0,0.0,16.0,1.0,9.0,3.0,4.0,2.0,7.0,1.0,15.0,1.0,3.0,3.0,150.0
1.0,1.0,0.0,0.0,0.0,0.0,1.0,0.0,0.0,0.0,0.0,1.0,0.0,0.0,0.0,0.0,0.0,1.0,0.0,0.0,0.0,10.0,2.0,15.0,4.0,5.0,5.0,2.0,0.0,22.0,2.0,2.0,4.0,148.0
1.0,1.0,0.0,0.0,0.0,1.0,0.0,0.0,0.0,1.0,0.0,0.0,0.0,0.0,0.0,0.0,0.0,0.0,0.0,1.0,0.0,1.0,3.0,10.0,4.0,4.0,5.0,3.0,1.0,19.0,2.0,2.0,4.0,167.0
0.0,1.0,0.0,0.0,0.0,1.0,0.0,1.0,0.0,0.0,0.0,0.0,0.0,0.0,0.0,0.0,0.0,1.0,0.0,0.0,0.0,9.0,1.0,16.0,4.0,5.0,3.0,3.0,1.0,21.0,3.0,2.0,16.0,232.0
0.0,0.0,1.0,0.0,1.0,0.0,0.0,0.0,0.0,0.0,0.0,1.0,0.0,0.0,0.0,0.0,0.0,1.0,0.0,0.0,1.0,1.0,1.0,32.0,4.0,4.0,4.0,3.0,1.0,20.0,1.0,8.0,9.0,145.0
1.0,0.0,1.0,0.0,1.0,0.0,0.0,0.0,0.0,0.0,0.0,1.0,0.0,0.0,0.0,0.0,0.0,1.0,0.0,0.0,0.0,6.0,1.0,7.0,4.0,4.0,2.0,2.0,0.0,13.0,1.0,2.0,3.0,148.0
1.0,1.0,0.0,0.0,0.0,1.0,0.0,0.0,0.0,1.0,0.0,0.0,0.0,0.0,0.0,0.0,0.0,0.0,1.0,0.0,0.0,1.0,3.0,11.0,3.0,5.0,5.0,3.0,0.0,13.0,2.0,2.0,4.0,168.0
0.0,1.0,0.0,0.0,0.0,1.0,0.0,0.0,0.0,0.0,0.0,1.0,0.0,0.0,1.0,0.0,0.0,0.0,0.0,0.0,0.0,23.0,1.0,7.0,3.0,4.0,5.0,4.0,0.0,17.0,2.0,2.0,3.0,161.0
1.0,1.0,0.0,0.0,1.0,0.0,0.0,0.0,0.0,0.0,0.0,1.0,0.0,0.0,0.0,0.0,0.0,1.0,0.0,0.0,0.0,1.0,1.0,11.0,3.0,5.0,2.0,2.0,0.0,18.0,1.0,4.0,5.0,157.0
1.0,1.0,0.0,0.0,1.0,0.0,0.0,0.0,0.0,1.0,0.0,0.0,0.0,0.0,0.0,0.0,0.0,1.0,0.0,0.0,0.0,6.0,3.0,12.0,3.0,4.0,4.0,3.0,0.0,15.0,3.0,6.0,4.0,190.0
1.0,1.0,0.0,0.0,0.0,1.0,0.0,0.0,0.0,0.0,0.0,1.0,0.0,0.0,0.0,0.0,0.0,0.0,1.0,0.0,0.0,12.0,3.0,16.0,4.0,5.0,4.0,2.0,0.0,20.0,1.0,2.0,3.0,154.0
0.0,1.0,0.0,0.0,0.0,1.0,0.0,0.0,0.0,1.0,0.0,0.0,0.0,0.0,0.0,0.0,0.0,1.0,0.0,0.0,0.0,16.0,1.0,10.0,4.0,2.0,2.0,4.0,1.0,14.0,1.0,2.0,4.0,177.0
1.0,1.0,0.0,0.0,0.0,0.0,1.0,0.0,0.0,0.0,0.0,1.0,0.0,0.0,0.0,0.0,0.0,1.0,0.0,0.0,0.0,5.0,1.0,18.0,3.0,4.0,2.0,5.0,1.0,20.0,2.0,2.0,3.0,149.0
0.0,0.0,1.0,0.0,0.0,1.0,0.0,0.0,0.0,0.0,0.0,1.0,0.0,0.0,0.0,0.0,1.0,0.0,0.0,0.0,1.0,1.0,3.0,7.0,3.0,5.0,3.0,8.0,1.0,20.0,1.0,2.0,3.0,153.0
1.0,1.0,0.0,0.0,0.0,1.0,0.0,0.0,1.0,0.0,0.0,0.0,0.0,0.0,0.0,0.0,0.0,0.0,1.0,0.0,0.0,27.0,3.0,15.0,4.0,4.0,2.0,7.0,0.0,15.0,1.0,2.0,3.0,243.0
1.0,1.0,0.0,0.0,0.0,1.0,0.0,1.0,0.0,0.0,0.0,0.0,0.0,0.0,0.0,1.0,0.0,0.0,0.0,0.0,0.0,9.0,1.0,32.0,4.0,5.0,4.0,5.0,0.0,17.0,4.0,2.0,9.0,234.0
0.0,1.0,0.0,0.0,1.0,0.0,0.0,0.0,0.0,0.0,0.0,1.0,0.0,0.0,0.0,0.0,1.0,0.0,0.0,0.0,0.0,11.0,3.0,28.0,3.0,4.0,2.0,7.0,0.0,16.0,2.0,2.0,1.0,155.0
0.0,0.0,0.0,1.0,0.0,1.0,0.0,0.0,1.0,0.0,0.0,0.0,0.0,0.0,0.0,0.0,0.0,1.0,0.0,0.0,0.0,27.0,1.0,30.0,4.0,4.0,2.0,8.0,0.0,19.0,1.0,4.0,9.0,268.0
0.0,1.0,0.0,0.0,1.0,0.0,0.0,0.0,0.0,1.0,0.0,0.0,0.0,0.0,0.0,0.0,0.0,1.0,0.0,0.0,0.0,17.0,1.0,7.0,3.0,4.0,2.0,6.0,0.0,14.0,2.0,3.0,3.0,181.0
0.0,1.0,0.0,0.0,0.0,1.0,0.0,0.0,0.0,1.0,0.0,0.0,0.0,0.0,0.0,0.0,0.0,0.0,1.0,0.0,0.0,21.0,3.0,9.0,3.0,4.0,2.0,2.0,1.0,23.0,6.0,8.0,8.0,170.0
1.0,0.0,0.0,1.0,1.0,0.0,0.0,1.0,0.0,0.0,0.0,0.0,0.0,0.0,0.0,0.0,1.0,0.0,0.0,0.0,0.0,11.0,3.0,26.0,3.0,4.0,4.0,3.0,1.0,14.0,1.0,2.0,10.0,201.0
1.0,0.0,1.0,0.0,1.0,0.0,0.0,0.0,1.0,0.0,0.0,0.0,0.0,0.0,0.0,0.0,0.0,1.0,0.0,0.0,0.0,24.0,1.0,9.0,4.0,4.0,5.0,3.0,0.0,15.0,14.0,15.0,8.0,304.0
0.0,1.0,0.0,0.0,0.0,1.0,0.0,0.0,0.0,1.0,0.0,0.0,0.0,0.0,0.0,0.0,0.0,1.0,0.0,0.0,0.0,13.0,2.0,9.0,3.0,5.0,2.0,10.0,0.0,12.0,1.0,2.0,5.0,177.0
1.0,0.0,1.0,0.0,0.0,0.0,1.0,0.0,0.0,0.0,0.0,1.0,0.0,0.0,0.0,0.0,0.0,0.0,0.0,1.0,0.0,7.0,2.0,10.0,3.0,4.0,4.0,5.0,1.0,12.0,1.0,2.0,4.0,148.0
1.0,0.0,0.0,1.0,0.0,1.0,0.0,0.0,0.0,0.0,0.0,1.0,0.0,0.0,0.0,0.0,0.0,1.0,0.0,0.0,1.0,1.0,1.0,32.0,3.0,4.0,2.0,3.0,1.0,25.0,2.0,2.0,2.0,153.0
0.0,0.0,1.0,0.0,0.0,1.0,0.0,0.0,0.0,0.0,0.0,1.0,0.0,0.0,0.0,0.0,1.0,0.0,0.0,0.0,0.0,3.0,1.0,14.0,4.0,5.0,2.0,8.0,0.0,15.0,2.0,2.0,4.0,150.0
1.0,1.0,0.0,0.0,0.0,1.0,0.0,0.0,0.0,0.0,0.0,1.0,0.0,0.0,0.0,0.0,0.0,1.0,0.0,0.0,0.0,18.0,1.0,16.0,4.0,4.0,5.0,3.0,1.0,14.0,3.0,8.0,2.0,151.0
1.0,0.0,0.0,1.0,0.0,1.0,0.0,0.0,0.0,1.0,0.0,0.0,0.0,0.0,0.0,0.0,1.0,0.0,0.0,0.0,0.0,2.0,3.0,12.0,4.0,4.0,2.0,3.0,0.0,15.0,2.0,2.0,3.0,174.0
1.0,0.0,1.0,0.0,1.0,0.0,0.0,0.0,0.0,0.0,0.0,1.0,0.0,0.0,0.0,0.0,0.0,1.0,0.0,0.0,1.0,21.0,1.0,9.0,3.0,5.0,2.0,11.0,1.0,15.0,1.0,2.0,1.0,149.0
0.0,0.0,1.0,0.0,0.0,1.0,0.0,0.0,0.0,1.0,0.0,0.0,0.0,0.0,0.0,0.0,0.0,1.0,0.0,0.0,0.0,17.0,1.0,15.0,3.0,4.0,4.0,6.0,0.0,22.0,2.0,2.0,1.0,173.0
0.0,0.0,0.0,1.0,0.0,0.0,1.0,0.0,0.0,0.0,0.0,1.0,0.0,0.0,0.0,0.0,1.0,0.0,0.0,0.0,1.0,1.0,3.0,9.0,3.0,5.0,3.0,3.0,0.0,14.0,1.0,2.0,3.0,145.0
0.0,0.0,0.0,1.0,0.0,1.0,0.0,0.0,0.0,0.0,0.0,1.0,0.0,0.0,0.0,0.0,0.0,0.0,0.0,1.0,1.0,1.0,1.0,25.0,4.0,4.0,2.0,3.0,0.0,20.0,2.0,2.0,1.0,152.0
1.0,1.0,0.0,0.0,0.0,1.0,0.0,0.0,0.0,1.0,0.0,0.0,0.0,0.0,0.0,0.0,0.0,1.0,0.0,0.0,0.0,10.0,1.0,21.0,4.0,4.0,2.0,2.0,1.0,18.0,5.0,5.0,12.0,191.0
0.0,0.0,0.0,1.0,0.0,1.0,0.0,0.0,0.0,0.0,0.0,1.0,0.0,0.0,0.0,0.0,0.0,1.0,0.0,0.0,0.0,21.0,3.0,9.0,4.0,5.0,2.0,3.0,1.0,19.0,2.0,2.0,3.0,158.0
0.0,1.0,0.0,0.0,0.0,1.0,0.0,0.0,0.0,1.0,0.0,0.0,0.0,0.0,0.0,0.0,0.0,1.0,0.0,0.0,1.0,1.0,1.0,10.0,3.0,4.0,3.0,2.0,1.0,20.0,2.0,2.0,3.0,167.0
0.0,0.0,1.0,0.0,0.0,1.0,0.0,0.0,0.0,0.0,0.0,1.0,0.0,0.0,0.0,0.0,0.0,1.0,0.0,0.0,1.0,5.0,1.0,9.0,3.0,6.0,2.0,6.0,1.0,14.0,1.0,2.0,1.0,153.0
0.0,0.0,1.0,0.0,0.0,0.0,1.0,0.0,0.0,0.0,0.0,1.0,0.0,0.0,0.0,0.0,1.0,0.0,0.0,0.0,0.0,2.0,1.0,16.0,4.0,4.0,3.0,7.0,0.0,19.0,3.0,3.0,3.0,149.0
1.0,1.0,0.0,0.0,0.0,0.0,1.0,0.0,0.0,0.0,0.0,1.0,0.0,0.0,0.0,0.0,1.0,0.0,0.0,0.0,1.0,3.0,1.0,13.0,4.0,4.0,5.0,9.0,1.0,22.0,2.0,3.0,3.0,149.0
0.0,0.0,0.0,1.0,0.0,0.0,1.0,0.0,0.0,0.0,0.0,1.0,0.0,0.0,0.0,0.0,0.0,1.0,0.0,0.0,0.0,1.0,1.0,11.0,4.0,4.0,3.0,3.0,0.0,20.0,2.0,2.0,1.0,148.0
1.0,0.0,1.0,0.0,0.0,0.0,1.0,0.0,0.0,0.0,0.0,1.0,0.0,0.0,0.0,0.0,0.0,1.0,0.0,0.0,0.0,8.0,1.0,17.0,3.0,4.0,4.0,3.0,0.0,15.0,2.0,2.0,1.0,145.0
0.0,0.0,0.0,1.0,0.0,1.0,0.0,0.0,0.0,1.0,0.0,0.0,0.0,0.0,0.0,0.0,1.0,0.0,0.0,0.0,0.0,16.0,3.0,21.0,4.0,5.0,3.0,9.0,0.0,18.0,1.0,2.0,4.0,187.0
1.0,0.0,0.0,1.0,0.0,1.0,0.0,0.0,0.0,0.0,0.0,1.0,0.0,0.0,0.0,0.0,0.0,0.0,0.0,1.0,0.0,7.0,1.0,7.0,4.0,5.0,5.0,5.0,1.0,12.0,1.0,2.0,3.0,153.0
0.0,0.0,1.0,0.0,0.0,1.0,0.0,1.0,0.0,0.0,0.0,0.0,0.0,0.0,0.0,1.0,0.0,0.0,0.0,0.0,0.0,31.0,1.0,12.0,3.0,5.0,4.0,4.0,1.0,14.0,2.0,2.0,4.543490512868683,231.0
1.0,1.0,0.0,0.0,0.0,0.0,1.0,0.0,0.0,0.0,0.0,1.0,0.0,0.0,0.0,0.0,0.0,1.0,0.0,0.0,0.0,5.0,3.0,14.0,3.0,5.0,3.0,5.0,0.0,16.0,4.0,6.0,3.0,148.0
0.0,1.0,0.0,0.0,0.0,1.0,0.0,0.0,0.0,1.0,0.0,0.0,0.0,0.0,0.0,0.0,0.0,1.0,0.0,0.0,0.0,9.0,1.0,28.0,3.0,4.0,2.0,3.0,1.0,26.0,1.0,2.0,8.0,165.0
0.0,1.0,0.0,0.0,0.0,1.0,0.0,1.0,0.0,0.0,0.0,0.0,0.0,0.0,0.0,0.0,0.0,0.0,0.0,1.0,0.0,23.0,1.0,15.0,3.0,4.0,4.0,6.0,0.0,12.0,1.0,2.0,8.0,199.0
1.0,1.0,0.0,0.0,0.0,0.0,1.0,0.0,0.0,0.0,0.0,1.0,0.0,0.0,0.0,0.0,1.0,0.0,0.0,0.0,0.0,22.0,1.0,27.0,3.0,4.0,3.0,6.0,0.0,18.0,1.0,2.0,1.0,148.0
0.0,1.0,0.0,0.0,1.0,0.0,0.0,0.0,0.0,1.0,0.0,0.0,0.0,0.0,0.0,0.0,0.0,0.0,1.0,0.0,0.0,5.0,3.0,27.0,3.0,4.0,3.0,3.0,0.0,14.0,2.0,2.0,1.0,194.0
1.0,0.0,0.0,1.0,0.0,1.0,0.0,0.0,0.0,0.0,0.0,1.0,0.0,0.0,0.0,0.0,0.0,0.0,0.0,1.0,0.0,10.0,1.0,14.0,4.0,4.0,2.0,4.0,0.0,19.0,1.0,2.0,2.0,172.0
0.0,1.0,0.0,0.0,0.0,1.0,0.0,1.0,0.0,0.0,0.0,0.0,0.0,0.0,0.0,1.0,0.0,0.0,0.0,0.0,0.0,12.0,1.0,7.0,4.0,4.0,5.0,3.0,0.0,14.0,4.0,6.0,12.0,261.0
0.0,1.0,0.0,0.0,1.0,0.0,0.0,0.0,0.0,0.0,0.0,1.0,0.0,0.0,0.0,0.0,0.0,1.0,0.0,0.0,0.0,6.0,1.0,7.0,4.0,5.0,4.0,8.0,0.0,21.0,2.0,2.0,3.0,148.0
1.0,1.0,0.0,0.0,0.0,0.0,1.0,0.0,0.0,0.0,0.0,1.0,0.0,0.0,0.0,0.0,0.0,0.0,1.0,0.0,1.0,1.0,3.0,26.0,3.0,5.0,4.0,3.0,1.0,19.0,1.0,2.0,1.0,149.0
1.0,0.0,1.0,0.0,0.0,1.0,0.0,1.0,0.0,0.0,0.0,0.0,0.0,0.0,0.0,0.0,0.0,0.0,1.0,0.0,0.0,14.0,3.0,17.0,4.0,5.0,4.0,4.0,0.0,13.0,2.0,2.0,4.543490512868683,222.0
1.0,0.0,0.0,1.0,1.0,0.0,0.0,0.0,0.0,1.0,0.0,0.0,0.0,0.0,0.0,0.0,1.0,0.0,0.0,0.0,0.0,1.0,3.0,7.0,3.0,5.0,5.0,3.0,0.0,13.0,2.0,2.0,8.0,168.0
1.0,0.0,0.0,1.0,0.0,1.0,0.0,0.0,0.0,0.0,0.0,1.0,0.0,0.0,0.0,0.0,1.0,0.0,0.0,0.0,0.0,15.0,1.0,13.0,3.0,4.0,5.0,4.0,1.0,14.0,2.0,3.0,18.0,172.0
1.0,0.0,0.0,1.0,0.0,1.0,0.0,0.0,0.0,0.0,0.0,1.0,0.0,0.0,0.0,0.0,1.0,0.0,0.0,0.0,0.0,10.0,1.0,9.0,4.0,4.0,3.0,6.0,0.0,22.0,3.0,4.0,10.0,150.0
1.0,0.0,0.0,1.0,0.0,0.0,1.0,0.0,0.0,0.0,0.0,1.0,0.0,0.0,0.0,0.0,0.0,0.0,0.0,1.0,1.0,1.0,3.0,28.0,3.0,5.0,4.0,3.0,1.0,14.0,1.0,2.0,1.0,146.0
1.0,0.0,0.0,1.0,0.0,1.0,0.0,0.0,0.0,0.0,0.0,1.0,0.0,0.0,1.0,0.0,0.0,0.0,0.0,0.0,1.0,1.0,1.0,11.0,3.0,4.0,5.0,3.0,0.0,20.0,2.0,2.0,1.0,155.0
0.0,1.0,0.0,0.0,0.0,1.0,0.0,0.0,0.0,1.0,0.0,0.0,0.0,0.0,0.0,0.0,1.0,0.0,0.0,0.0,0.0,5.0,1.0,19.0,3.0,4.0,2.0,2.0,1.0,12.0,1.0,9.0,6.0,184.0
1.0,0.0,1.0,0.0,1.0,0.0,0.0,0.0,0.0,0.0,0.0,1.0,0.0,0.0,0.0,0.0,1.0,0.0,0.0,0.0,0.0,14.0,1.0,16.0,3.0,4.0,4.0,10.0,1.0,15.0,1.0,2.0,1.0,161.0
0.0,1.0,0.0,0.0,0.0,1.0,0.0,0.0,0.0,1.0,0.0,0.0,0.0,0.0,0.0,0.0,1.0,0.0,0.0,0.0,0.0,6.0,1.0,10.0,4.0,4.0,5.0,3.0,0.0,13.0,7.0,7.0,4.0,192.0
1.0,1.0,0.0,0.0,0.0,1.0,0.0,1.0,0.0,0.0,0.0,0.0,0.0,0.0,0.0,0.0,0.0,1.0,0.0,0.0,1.0,1.0,3.0,10.0,3.0,5.0,2.0,3.0,1.0,12.0,4.0,4.0,4.543490512868683,228.0
0.0,0.0,0.0,1.0,0.0,1.0,0.0,0.0,0.0,1.0,0.0,0.0,0.0,0.0,0.0,0.0,0.0,1.0,0.0,0.0,0.0,7.0,1.0,7.0,3.0,5.0,2.0,2.0,0.0,15.0,1.0,2.0,5.0,194.0
1.0,1.0,0.0,0.0,0.0,1.0,0.0,1.0,0.0,0.0,0.0,0.0,0.0,0.0,0.0,0.0,0.0,1.0,0.0,0.0,1.0,1.0,3.0,7.0,3.0,5.0,3.0,7.0,0.0,12.0,2.0,12.0,4.543490512868683,231.0
1.0,1.0,0.0,0.0,1.0,0.0,0.0,0.0,0.0,1.0,0.0,0.0,0.0,0.0,0.0,0.0,0.0,1.0,0.0,0.0,0.0,19.0,1.0,11.0,3.0,4.0,4.0,3.0,0.0,13.0,2.0,2.0,9.0,169.0
0.0,1.0,0.0,0.0,1.0,0.0,0.0,0.0,0.0,0.0,0.0,1.0,0.0,0.0,1.0,0.0,0.0,0.0,0.0,0.0,0.0,3.0,3.0,27.0,3.0,4.0,2.0,3.0,0.0,16.0,1.0,2.0,3.0,147.0
0.0,1.0,0.0,0.0,0.0,1.0,0.0,0.0,0.0,1.0,0.0,0.0,0.0,0.0,0.0,0.0,1.0,0.0,0.0,0.0,0.0,9.0,3.0,25.0,3.0,4.0,3.0,3.0,0.0,17.0,2.0,2.0,1.0,171.0
1.0,1.0,0.0,0.0,0.0,1.0,0.0,0.0,1.0,0.0,0.0,0.0,0.0,0.0,0.0,0.0,0.0,1.0,0.0,0.0,0.0,26.0,1.0,7.0,4.0,4.0,2.0,4.0,0.0,15.0,8.0,8.0,9.0,296.0
1.0,0.0,0.0,1.0,0.0,1.0,0.0,0.0,0.0,0.0,0.0,1.0,0.0,0.0,1.0,0.0,0.0,0.0,0.0,0.0,1.0,21.0,1.0,9.0,3.0,4.0,3.0,6.0,0.0,25.0,2.0,2.0,1.0,150.0
1.0,0.0,1.0,0.0,0.0,1.0,0.0,0.0,1.0,0.0,0.0,0.0,0.0,0.0,0.0,0.0,1.0,0.0,0.0,0.0,0.0,27.0,3.0,9.0,3.0,4.0,3.0,8.0,0.0,14.0,1.0,16.0,3.0,274.0
1.0,0.0,1.0,0.0,0.0,1.0,0.0,1.0,0.0,0.0,0.0,0.0,0.0,0.0,0.0,0.0,0.0,0.0,0.0,1.0,0.0,4.0,3.0,15.0,4.0,4.0,3.0,7.0,0.0,12.0,5.0,8.0,8.0,198.0
0.0,0.0,0.0,1.0,1.0,0.0,0.0,0.0,0.0,1.0,0.0,0.0,0.0,0.0,1.0,0.0,0.0,0.0,0.0,0.0,0.0,12.0,3.0,17.0,3.0,4.0,2.0,3.0,1.0,14.0,1.0,2.0,4.0,182.0
1.0,0.0,1.0,0.0,0.0,1.0,0.0,1.0,0.0,0.0,0.0,0.0,0.0,0.0,0.0,0.0,0.0,1.0,0.0,0.0,0.0,9.0,3.0,10.0,4.0,4.0,2.0,8.0,0.0,14.0,1.0,2.0,9.0,203.0
1.0,0.0,0.0,1.0,0.0,1.0,0.0,1.0,0.0,0.0,0.0,0.0,0.0,0.0,0.0,0.0,0.0,1.0,0.0,0.0,0.0,13.0,3.0,9.0,3.0,2.0,3.0,2.0,0.0,19.0,2.0,2.0,8.0,204.0
0.0,0.0,0.0,1.0,1.0,0.0,0.0,0.0,1.0,0.0,0.0,0.0,0.0,0.0,0.0,0.0,0.0,1.0,0.0,0.0,1.0,4.0,3.0,31.0,4.0,2.0,4.0,6.0,1.0,17.0,2.0,2.0,1.0,257.0
1.0,0.0,1.0,0.0,1.0,0.0,0.0,0.0,0.0,1.0,0.0,0.0,0.0,0.0,0.0,0.0,1.0,0.0,0.0,0.0,0.0,21.0,1.0,23.0,4.0,2.0,3.0,3.0,1.0,20.0,1.0,3.0,8.0,176.0
1.0,0.0,1.0,0.0,1.0,0.0,0.0,0.0,0.0,1.0,0.0,0.0,0.0,0.0,1.0,0.0,0.0,0.0,0.0,0.0,0.0,10.0,3.0,15.0,3.0,4.0,2.0,6.0,0.0,14.0,2.0,2.0,8.0,176.0
1.0,0.0,0.0,1.0,1.0,0.0,0.0,0.0,0.0,0.0,0.0,1.0,0.0,0.0,0.0,0.0,1.0,0.0,0.0,0.0,1.0,1.0,1.0,16.0,3.0,5.0,5.0,2.0,1.0,23.0,2.0,2.0,3.0,148.0
1.0,0.0,0.0,1.0,1.0,0.0,0.0,0.0,1.0,0.0,0.0,0.0,0.0,0.0,0.0,0.0,0.0,1.0,0.0,0.0,0.0,7.0,3.0,24.0,3.0,4.0,3.0,3.0,0.0,15.0,6.0,7.0,1.0,299.0
0.0,0.0,0.0,1.0,0.0,0.0,1.0,0.0,0.0,0.0,0.0,1.0,0.0,0.0,0.0,0.0,0.0,1.0,0.0,0.0,1.0,1.0,1.0,17.0,4.0,5.0,5.0,8.0,1.0,21.0,2.0,2.0,1.0,149.0
0.0,0.0,0.0,1.0,0.0,1.0,0.0,0.0,0.0,0.0,0.0,1.0,0.0,0.0,0.0,0.0,0.0,1.0,0.0,0.0,0.0,7.0,1.0,20.0,3.0,4.0,2.0,5.0,0.0,19.0,2.0,2.0,3.0,160.0
0.0,0.0,1.0,0.0,0.0,0.0,1.0,0.0,0.0,0.0,0.0,1.0,0.0,0.0,0.0,0.0,1.0,0.0,0.0,0.0,0.0,19.0,1.0,7.0,4.0,4.0,2.0,5.0,0.0,15.0,1.0,2.0,3.0,148.0
1.0,0.0,1.0,0.0,0.0,1.0,0.0,0.0,1.0,0.0,0.0,0.0,0.0,0.0,0.0,0.0,1.0,0.0,0.0,0.0,0.0,24.0,1.0,7.0,4.0,4.0,2.0,11.0,0.0,15.0,1.0,2.0,4.0,299.0
0.0,1.0,0.0,0.0,1.0,0.0,0.0,0.0,0.0,1.0,0.0,0.0,0.0,0.0,0.0,0.0,0.0,0.0,0.0,1.0,0.0,7.0,1.0,7.0,3.0,2.0,4.0,3.0,1.0,14.0,1.0,2.0,3.0,180.0
1.0,0.0,1.0,0.0,1.0,0.0,0.0,0.0,0.0,0.0,0.0,0.0,1.0,0.0,0.0,0.0,1.0,0.0,0.0,0.0,0.0,15.0,1.0,16.0,4.0,4.0,3.0,4.0,0.0,15.0,2.0,2.0,12.0,319.0
0.0,1.0,0.0,0.0,0.0,1.0,0.0,0.0,0.0,0.0,0.0,1.0,0.0,0.0,1.0,0.0,0.0,0.0,0.0,0.0,0.0,1.0,1.0,23.0,3.0,4.0,4.0,11.0,0.0,15.0,3.0,3.0,3.0,153.0
1.0,1.0,0.0,0.0,1.0,0.0,0.0,0.0,0.0,1.0,0.0,0.0,0.0,0.0,0.0,0.0,0.0,1.0,0.0,0.0,0.0,19.0,1.0,30.0,3.0,4.0,5.0,3.0,1.0,16.0,2.0,2.0,9.0,161.0
0.0,0.0,0.0,1.0,0.0,1.0,0.0,0.0,0.0,1.0,0.0,0.0,0.0,0.0,0.0,0.0,0.0,1.0,0.0,0.0,0.0,21.0,3.0,11.0,3.0,4.0,2.0,3.0,1.0,18.0,2.0,2.0,8.0,167.0
0.0,1.0,0.0,0.0,0.0,0.0,1.0,0.0,0.0,0.0,0.0,1.0,0.0,0.0,0.0,0.0,0.0,1.0,0.0,0.0,1.0,1.0,1.0,29.0,3.0,4.0,3.0,6.0,1.0,12.0,1.0,2.0,2.0,146.0
1.0,1.0,0.0,0.0,0.0,1.0,0.0,0.0,1.0,0.0,0.0,0.0,0.0,0.0,0.0,0.0,0.0,1.0,0.0,0.0,0.0,24.0,1.0,31.0,4.0,4.0,3.0,5.0,1.0,19.0,1.0,2.0,6.0,265.0
1.0,1.0,0.0,0.0,1.0,0.0,0.0,0.0,0.0,0.0,0.0,1.0,0.0,0.0,0.0,0.0,1.0,0.0,0.0,0.0,0.0,12.0,1.0,17.0,4.0,4.0,3.0,2.0,0.0,18.0,1.0,2.0,3.0,152.0
1.0,0.0,1.0,0.0,0.0,1.0,0.0,1.0,0.0,0.0,0.0,0.0,0.0,0.0,0.0,0.0,1.0,0.0,0.0,0.0,0.0,20.0,1.0,14.0,4.0,4.0,3.0,8.0,0.0,14.0,1.0,2.0,8.0,233.0
0.0,0.0,1.0,0.0,0.0,1.0,0.0,0.0,0.0,1.0,0.0,0.0,0.0,0.0,0.0,0.0,1.0,0.0,0.0,0.0,0.0,1.0,1.0,24.0,3.0,5.0,3.0,3.0,0.0,16.0,3.0,4.0,3.0,169.0
1.0,0.0,1.0,0.0,0.0,1.0,0.0,0.0,0.0,0.0,0.0,1.0,0.0,0.0,0.0,0.0,0.0,0.0,0.0,1.0,1.0,1.0,1.0,21.0,3.0,5.0,4.0,3.0,1.0,25.0,2.0,2.0,3.0,162.0
0.0,1.0,0.0,0.0,1.0,0.0,0.0,0.0,0.0,1.0,0.0,0.0,0.0,0.0,0.0,0.0,0.0,1.0,0.0,0.0,0.0,5.0,1.0,7.0,4.0,4.0,5.0,3.0,0.0,13.0,2.0,2.0,4.0,166.0
1.0,0.0,0.0,1.0,1.0,0.0,0.0,0.0,0.0,0.0,1.0,0.0,0.0,0.0,0.0,0.0,0.0,1.0,0.0,0.0,0.0,1.0,1.0,12.0,4.0,4.0,2.0,3.0,0.0,16.0,2.0,2.0,1.0,136.0
0.0,1.0,0.0,0.0,0.0,1.0,0.0,1.0,0.0,0.0,0.0,0.0,0.0,0.0,0.0,1.0,0.0,0.0,0.0,0.0,0.0,28.0,1.0,24.0,3.0,4.0,3.0,10.0,0.0,12.0,2.0,2.0,9.0,232.0
0.0,0.0,1.0,0.0,0.0,1.0,0.0,1.0,0.0,0.0,0.0,0.0,0.0,0.0,0.0,0.0,1.0,0.0,0.0,0.0,0.0,9.0,1.0,32.0,3.0,4.0,3.0,3.0,1.0,12.0,3.0,11.0,4.543490512868683,229.0
0.0,1.0,0.0,0.0,0.0,1.0,0.0,1.0,0.0,0.0,0.0,0.0,0.0,0.0,0.0,0.0,0.0,1.0,0.0,0.0,0.0,4.0,1.0,15.0,4.0,2.0,5.0,2.0,1.0,13.0,1.0,2.0,8.0,239.0
0.0,0.0,0.0,1.0,0.0,1.0,0.0,0.0,0.0,0.0,0.0,1.0,0.0,0.0,0.0,0.0,1.0,0.0,0.0,0.0,1.0,1.0,1.0,18.0,4.0,5.0,5.0,3.0,1.0,16.0,1.0,2.0,1.0,151.0
0.0,0.0,0.0,1.0,1.0,0.0,0.0,0.0,0.0,0.0,0.0,1.0,0.0,0.0,0.0,0.0,1.0,0.0,0.0,0.0,1.0,1.0,1.0,12.0,3.0,4.0,4.0,2.0,0.0,18.0,1.0,2.0,3.0,149.0
1.0,1.0,0.0,0.0,0.0,1.0,0.0,0.0,0.0,1.0,0.0,0.0,0.0,0.0,0.0,0.0,1.0,0.0,0.0,0.0,0.0,1.0,1.0,9.0,3.0,2.0,2.0,3.0,0.0,13.0,2.0,2.0,4.0,180.0
1.0,1.0,0.0,0.0,0.0,0.0,1.0,0.0,0.0,0.0,0.0,1.0,0.0,0.0,0.0,0.0,0.0,1.0,0.0,0.0,0.0,1.0,1.0,15.0,4.0,6.0,5.0,3.0,0.0,16.0,2.0,2.0,2.0,150.0
1.0,0.0,0.0,1.0,0.0,1.0,0.0,0.0,0.0,1.0,0.0,0.0,0.0,0.0,0.0,0.0,0.0,1.0,0.0,0.0,0.0,22.0,1.0,13.0,4.0,5.0,3.0,4.0,0.0,14.0,1.0,3.0,3.0,167.0
1.0,0.0,0.0,1.0,0.0,1.0,0.0,1.0,0.0,0.0,0.0,0.0,0.0,0.0,0.0,0.0,0.0,1.0,0.0,0.0,0.0,22.0,1.0,11.0,4.0,5.0,3.0,9.0,0.0,15.0,2.0,2.0,9.0,235.0
0.0,0.0,0.0,1.0,0.0,1.0,0.0,0.0,0.0,1.0,0.0,0.0,0.0,0.0,0.0,0.0,1.0,0.0,0.0,0.0,0.0,15.0,1.0,14.0,3.0,4.0,3.0,8.0,0.0,15.0,2.0,3.0,2.0,175.0
0.0,1.0,0.0,0.0,0.0,1.0,0.0,0.0,1.0,0.0,0.0,0.0,0.0,0.0,0.0,0.0,0.0,1.0,0.0,0.0,0.0,13.0,1.0,7.0,4.0,5.0,2.0,3.0,0.0,17.0,1.0,2.0,9.0,252.0
0.0,1.0,0.0,0.0,0.0,1.0,0.0,0.0,0.0,1.0,0.0,0.0,0.0,0.0,0.0,0.0,0.0,1.0,0.0,0.0,0.0,1.0,1.0,9.0,3.0,4.0,2.0,2.0,0.0,19.0,1.0,3.0,3.0,167.0
1.0,0.0,1.0,0.0,0.0,1.0,0.0,0.0,0.0,0.0,0.0,1.0,0.0,0.0,0.0,0.0,0.0,0.0,0.0,1.0,0.0,9.0,1.0,17.0,3.0,4.0,2.0,3.0,0.0,21.0,2.0,2.0,3.0,164.0
1.0,1.0,0.0,0.0,0.0,1.0,0.0,0.0,0.0,0.0,0.0,0.0,1.0,0.0,0.0,0.0,0.0,0.0,1.0,0.0,0.0,16.0,3.0,12.0,3.0,4.0,3.0,8.0,0.0,15.0,1.0,2.0,1.0,308.0
1.0,1.0,0.0,0.0,0.0,0.0,1.0,0.0,0.0,0.0,0.0,1.0,0.0,0.0,0.0,0.0,0.0,1.0,0.0,0.0,0.0,24.0,1.0,16.0,4.0,4.0,2.0,6.0,0.0,19.0,2.0,2.0,1.0,149.0
0.0,0.0,0.0,1.0,0.0,1.0,0.0,0.0,1.0,0.0,0.0,0.0,0.0,0.0,0.0,0.0,0.0,1.0,0.0,0.0,0.0,31.0,1.0,9.0,4.0,5.0,2.0,5.0,1.0,14.0,1.0,5.0,4.0,262.0
0.0,1.0,0.0,0.0,0.0,1.0,0.0,0.0,0.0,1.0,0.0,0.0,0.0,0.0,0.0,0.0,1.0,0.0,0.0,0.0,1.0,1.0,1.0,18.0,4.0,6.0,4.0,7.0,0.0,16.0,2.0,2.0,1.0,173.0
1.0,1.0,0.0,0.0,1.0,0.0,0.0,0.0,0.0,1.0,0.0,0.0,0.0,0.0,0.0,0.0,1.0,0.0,0.0,0.0,0.0,29.0,1.0,25.0,4.0,4.0,4.0,5.0,1.0,15.0,7.0,7.0,8.0,189.0
0.0,0.0,1.0,0.0,1.0,0.0,0.0,0.0,0.0,0.0,0.0,0.0,1.0,0.0,0.0,0.0,0.0,1.0,0.0,0.0,0.0,15.0,1.0,14.0,3.0,6.0,3.0,3.0,0.0,23.0,2.0,6.0,11.0,325.0
1.0,0.0,0.0,1.0,0.0,1.0,0.0,0.0,0.0,1.0,0.0,0.0,0.0,0.0,0.0,0.0,0.0,1.0,0.0,0.0,0.0,12.0,3.0,10.0,3.0,4.0,2.0,10.0,1.0,13.0,2.0,2.0,1.0,194.0
1.0,0.0,0.0,1.0,1.0,0.0,0.0,0.0,0.0,1.0,0.0,0.0,0.0,0.0,0.0,0.0,1.0,0.0,0.0,0.0,1.0,1.0,3.0,36.0,4.0,6.0,5.0,10.0,0.0,19.0,1.0,3.0,3.0,175.0
0.0,1.0,0.0,0.0,0.0,1.0,0.0,0.0,0.0,0.0,0.0,0.0,1.0,0.0,0.0,0.0,0.0,0.0,1.0,0.0,1.0,16.0,3.0,9.0,3.0,6.0,2.0,3.0,0.0,16.0,6.0,7.0,10.0,323.0
0.0,1.0,0.0,0.0,0.0,1.0,0.0,0.0,1.0,0.0,0.0,0.0,0.0,0.0,0.0,0.0,1.0,0.0,0.0,0.0,0.0,18.0,3.0,35.0,3.0,2.0,2.0,5.0,1.0,19.0,2.0,2.0,12.0,258.0
0.0,1.0,0.0,0.0,1.0,0.0,0.0,0.0,0.0,1.0,0.0,0.0,0.0,0.0,0.0,0.0,0.0,1.0,0.0,0.0,0.0,24.0,3.0,7.0,4.0,4.0,3.0,2.0,0.0,13.0,2.0,2.0,14.0,188.0
0.0,0.0,0.0,1.0,0.0,1.0,0.0,0.0,0.0,0.0,0.0,1.0,0.0,0.0,0.0,0.0,0.0,1.0,0.0,0.0,1.0,1.0,1.0,23.0,3.0,2.0,5.0,3.0,0.0,17.0,16.0,16.0,15.0,152.0
0.0,0.0,0.0,1.0,1.0,0.0,0.0,1.0,0.0,0.0,0.0,0.0,0.0,0.0,0.0,0.0,1.0,0.0,0.0,0.0,0.0,13.0,1.0,29.0,3.0,4.0,5.0,3.0,1.0,14.0,2.0,2.0,9.0,234.0
0.0,0.0,0.0,1.0,1.0,0.0,0.0,0.0,0.0,0.0,0.0,1.0,0.0,0.0,0.0,0.0,0.0,1.0,0.0,0.0,0.0,7.0,3.0,15.0,3.0,5.0,2.0,2.0,0.0,20.0,3.0,3.0,3.0,148.0
0.0,1.0,0.0,0.0,0.0,1.0,0.0,0.0,1.0,0.0,0.0,0.0,0.0,0.0,0.0,0.0,0.0,1.0,0.0,0.0,0.0,19.0,3.0,18.0,3.0,4.0,2.0,5.0,0.0,15.0,2.0,2.0,2.0,302.0
0.0,0.0,0.0,1.0,1.0,0.0,0.0,0.0,0.0,0.0,0.0,1.0,0.0,0.0,0.0,0.0,1.0,0.0,0.0,0.0,0.0,6.0,1.0,36.0,4.0,4.0,3.0,11.0,0.0,13.0,6.0,8.0,8.0,165.0
1.0,0.0,1.0,0.0,0.0,1.0,0.0,0.0,0.0,1.0,0.0,0.0,0.0,0.0,0.0,0.0,0.0,0.0,1.0,0.0,0.0,8.0,3.0,7.0,4.0,2.0,2.0,2.0,0.0,12.0,2.0,2.0,4.543490512868683,222.0
1.0,1.0,0.0,0.0,0.0,1.0,0.0,1.0,0.0,0.0,0.0,0.0,0.0,0.0,0.0,1.0,0.0,0.0,0.0,0.0,0.0,31.0,3.0,7.0,4.0,4.0,2.0,5.0,1.0,15.0,1.0,2.0,5.0,244.0
1.0,0.0,0.0,1.0,0.0,0.0,1.0,0.0,0.0,0.0,0.0,1.0,0.0,0.0,0.0,0.0,1.0,0.0,0.0,0.0,0.0,19.0,2.0,31.0,3.0,4.0,4.0,3.0,0.0,17.0,1.0,2.0,5.0,147.0
0.0,1.0,0.0,0.0,1.0,0.0,0.0,1.0,0.0,0.0,0.0,0.0,0.0,0.0,0.0,0.0,0.0,0.0,1.0,0.0,0.0,27.0,3.0,9.0,3.0,5.0,4.0,4.0,0.0,13.0,1.0,7.0,13.0,200.0
1.0,0.0,1.0,0.0,0.0,1.0,0.0,0.0,0.0,1.0,0.0,0.0,0.0,0.0,0.0,0.0,0.0,0.0,0.0,1.0,1.0,1.0,1.0,22.0,3.0,4.0,3.0,9.0,0.0,15.0,1.0,2.0,1.0,173.0
1.0,1.0,0.0,0.0,1.0,0.0,0.0,0.0,0.0,0.0,0.0,1.0,0.0,0.0,0.0,0.0,0.0,1.0,0.0,0.0,1.0,1.0,1.0,9.0,3.0,4.0,5.0,8.0,1.0,15.0,2.0,2.0,3.0,145.0
0.0,1.0,0.0,0.0,0.0,0.0,1.0,0.0,0.0,0.0,0.0,1.0,0.0,0.0,0.0,0.0,0.0,1.0,0.0,0.0,0.0,8.0,3.0,17.0,3.0,4.0,3.0,3.0,1.0,20.0,1.0,2.0,1.0,147.0
1.0,1.0,0.0,0.0,0.0,0.0,1.0,0.0,0.0,0.0,0.0,1.0,0.0,0.0,0.0,0.0,1.0,0.0,0.0,0.0,0.0,2.0,3.0,17.0,4.0,4.0,4.0,3.0,0.0,23.0,2.0,2.0,1.0,136.0
1.0,1.0,0.0,0.0,1.0,0.0,0.0,0.0,0.0,0.0,0.0,1.0,0.0,0.0,0.0,0.0,0.0,0.0,0.0,1.0,0.0,12.0,1.0,10.0,3.0,4.0,3.0,5.0,0.0,17.0,3.0,3.0,3.0,153.0
1.0,1.0,0.0,0.0,0.0,1.0,0.0,0.0,0.0,0.0,0.0,0.0,1.0,0.0,0.0,0.0,1.0,0.0,0.0,0.0,0.0,24.0,1.0,9.0,4.0,4.0,3.0,4.0,1.0,15.0,8.0,8.0,8.0,317.0
0.0,0.0,0.0,1.0,0.0,1.0,0.0,0.0,0.0,1.0,0.0,0.0,0.0,0.0,0.0,0.0,0.0,0.0,0.0,1.0,0.0,11.0,1.0,10.0,3.0,4.0,4.0,5.0,0.0,16.0,2.0,2.0,2.0,166.0
1.0,1.0,0.0,0.0,0.0,1.0,0.0,0.0,0.0,1.0,0.0,0.0,0.0,0.0,0.0,0.0,0.0,0.0,1.0,0.0,0.0,14.0,3.0,33.0,4.0,4.0,5.0,3.0,0.0,15.0,6.0,8.0,6.0,209.0
0.0,0.0,1.0,0.0,1.0,0.0,0.0,0.0,0.0,0.0,0.0,1.0,0.0,0.0,0.0,0.0,1.0,0.0,0.0,0.0,0.0,1.0,1.0,7.0,4.0,5.0,3.0,3.0,0.0,14.0,2.0,2.0,4.0,145.0
1.0,0.0,1.0,0.0,0.0,1.0,0.0,0.0,0.0,0.0,0.0,0.0,1.0,0.0,0.0,0.0,1.0,0.0,0.0,0.0,0.0,20.0,1.0,7.0,3.0,4.0,2.0,11.0,0.0,15.0,2.0,3.0,3.0,321.0
0.0,1.0,0.0,0.0,0.0,1.0,0.0,1.0,0.0,0.0,0.0,0.0,0.0,0.0,0.0,0.0,0.0,1.0,0.0,0.0,0.0,28.0,3.0,9.0,3.0,5.0,3.0,8.0,0.0,12.0,7.0,2.0,1.0,232.0
0.0,1.0,0.0,0.0,1.0,0.0,0.0,0.0,0.0,0.0,0.0,1.0,0.0,0.0,0.0,0.0,1.0,0.0,0.0,0.0,0.0,30.0,1.0,16.0,4.0,4.0,3.0,4.0,0.0,20.0,1.0,2.0,4.0,154.0
0.0,0.0,0.0,1.0,0.0,1.0,0.0,1.0,0.0,0.0,0.0,0.0,0.0,0.0,0.0,0.0,1.0,0.0,0.0,0.0,0.0,10.0,1.0,19.0,3.0,5.0,2.0,2.0,0.0,12.0,6.0,8.0,4.543490512868683,214.0
1.0,0.0,0.0,1.0,1.0,0.0,0.0,0.0,1.0,0.0,0.0,0.0,0.0,0.0,0.0,0.0,1.0,0.0,0.0,0.0,0.0,29.0,1.0,9.0,3.0,5.0,5.0,9.0,0.0,15.0,4.0,7.0,3.0,293.0
1.0,0.0,1.0,0.0,0.0,1.0,0.0,1.0,0.0,0.0,0.0,0.0,0.0,0.0,0.0,0.0,1.0,0.0,0.0,0.0,0.0,17.0,3.0,32.0,4.0,5.0,2.0,7.0,0.0,14.0,2.0,2.0,1.0,259.0
0.0,0.0,0.0,1.0,1.0,0.0,0.0,0.0,0.0,0.0,0.0,1.0,0.0,0.0,0.0,0.0,0.0,0.0,1.0,0.0,1.0,1.0,3.0,16.0,3.0,4.0,2.0,3.0,1.0,15.0,1.0,2.0,3.0,148.0
0.0,0.0,0.0,1.0,0.0,0.0,1.0,0.0,0.0,0.0,0.0,1.0,0.0,0.0,0.0,0.0,0.0,1.0,0.0,0.0,1.0,1.0,1.0,17.0,3.0,5.0,5.0,3.0,0.0,14.0,2.0,2.0,1.0,139.0
0.0,0.0,1.0,0.0,0.0,1.0,0.0,0.0,0.0,1.0,0.0,0.0,0.0,0.0,0.0,0.0,0.0,1.0,0.0,0.0,0.0,20.0,1.0,15.0,4.0,5.0,5.0,10.0,1.0,24.0,2.0,2.0,8.0,171.0
1.0,1.0,0.0,0.0,0.0,1.0,0.0,0.0,0.0,0.0,0.0,1.0,0.0,0.0,0.0,0.0,0.0,1.0,0.0,0.0,1.0,15.0,1.0,11.0,3.0,4.0,3.0,11.0,1.0,13.0,2.0,3.0,8.0,150.0
1.0,0.0,0.0,1.0,1.0,0.0,0.0,1.0,0.0,0.0,0.0,0.0,0.0,0.0,0.0,1.0,0.0,0.0,0.0,0.0,1.0,1.0,1.0,31.0,4.0,5.0,5.0,3.0,0.0,13.0,1.0,2.0,4.543490512868683,212.0
1.0,1.0,0.0,0.0,0.0,1.0,0.0,0.0,0.0,0.0,0.0,1.0,0.0,0.0,0.0,0.0,1.0,0.0,0.0,0.0,0.0,1.0,1.0,7.0,3.0,5.0,5.0,3.0,0.0,17.0,1.0,2.0,4.0,165.0
1.0,1.0,0.0,0.0,0.0,1.0,0.0,0.0,0.0,1.0,0.0,0.0,0.0,0.0,0.0,0.0,0.0,0.0,0.0,1.0,0.0,4.0,1.0,27.0,3.0,4.0,5.0,2.0,0.0,16.0,2.0,2.0,4.543490512868683,225.0
0.0,1.0,0.0,0.0,0.0,1.0,0.0,0.0,0.0,0.0,0.0,1.0,0.0,0.0,1.0,0.0,0.0,0.0,0.0,0.0,0.0,15.0,1.0,14.0,3.0,2.0,3.0,3.0,0.0,14.0,2.0,2.0,9.0,159.0
0.0,1.0,0.0,0.0,0.0,1.0,0.0,1.0,0.0,0.0,0.0,0.0,0.0,0.0,0.0,0.0,0.0,1.0,0.0,0.0,0.0,12.0,1.0,24.0,4.0,5.0,3.0,2.0,0.0,19.0,1.0,2.0,4.543490512868683,213.0
1.0,1.0,0.0,0.0,0.0,1.0,0.0,1.0,0.0,0.0,0.0,0.0,0.0,0.0,0.0,1.0,0.0,0.0,0.0,0.0,0.0,14.0,1.0,27.0,4.0,4.0,2.0,6.0,0.0,21.0,5.0,12.0,4.543490512868683,228.0
1.0,1.0,0.0,0.0,1.0,0.0,0.0,0.0,0.0,0.0,0.0,1.0,0.0,0.0,0.0,0.0,0.0,1.0,0.0,0.0,0.0,1.0,1.0,15.0,3.0,6.0,3.0,3.0,0.0,20.0,2.0,2.0,3.0,171.0
1.0,1.0,0.0,0.0,1.0,0.0,0.0,1.0,0.0,0.0,0.0,0.0,0.0,0.0,0.0,0.0,0.0,1.0,0.0,0.0,0.0,29.0,1.0,9.0,4.0,4.0,4.0,5.0,0.0,19.0,2.0,2.0,3.0,235.0
0.0,0.0,0.0,1.0,0.0,1.0,0.0,0.0,0.0,1.0,0.0,0.0,0.0,0.0,0.0,0.0,0.0,0.0,0.0,1.0,0.0,2.0,1.0,17.0,3.0,4.0,3.0,5.0,0.0,14.0,2.0,2.0,8.0,162.0
1.0,1.0,0.0,0.0,0.0,1.0,0.0,1.0,0.0,0.0,0.0,0.0,0.0,0.0,0.0,0.0,1.0,0.0,0.0,0.0,1.0,8.0,2.0,7.0,4.0,5.0,5.0,11.0,0.0,15.0,3.0,4.0,4.543490512868683,230.0
1.0,0.0,1.0,0.0,0.0,1.0,0.0,1.0,0.0,0.0,0.0,0.0,0.0,0.0,0.0,0.0,0.0,1.0,0.0,0.0,0.0,7.0,1.0,12.0,3.0,5.0,2.0,6.0,0.0,16.0,1.0,2.0,3.0,196.0
1.0,0.0,0.0,1.0,0.0,1.0,0.0,1.0,0.0,0.0,0.0,0.0,0.0,0.0,0.0,1.0,0.0,0.0,0.0,0.0,1.0,1.0,3.0,11.0,3.0,4.0,5.0,2.0,1.0,23.0,4.0,5.0,4.543490512868683,221.0
0.0,0.0,0.0,1.0,1.0,0.0,0.0,0.0,0.0,1.0,0.0,0.0,0.0,0.0,0.0,0.0,1.0,0.0,0.0,0.0,1.0,1.0,1.0,36.0,3.0,5.0,3.0,3.0,0.0,23.0,4.0,4.0,9.0,170.0
1.0,0.0,1.0,0.0,0.0,0.0,1.0,0.0,0.0,0.0,0.0,1.0,0.0,0.0,0.0,0.0,0.0,1.0,0.0,0.0,0.0,2.0,1.0,22.0,3.0,4.0,3.0,3.0,0.0,17.0,3.0,3.0,3.0,147.0
1.0,0.0,0.0,1.0,1.0,0.0,0.0,0.0,0.0,1.0,0.0,0.0,0.0,0.0,0.0,0.0,0.0,1.0,0.0,0.0,0.0,8.0,1.0,10.0,3.0,4.0,2.0,2.0,0.0,18.0,2.0,2.0,5.0,203.0
0.0,0.0,1.0,0.0,0.0,1.0,0.0,0.0,0.0,1.0,0.0,0.0,0.0,0.0,0.0,0.0,0.0,1.0,0.0,0.0,0.0,11.0,3.0,17.0,3.0,5.0,2.0,4.0,1.0,15.0,1.0,2.0,1.0,192.0
1.0,1.0,0.0,0.0,0.0,1.0,0.0,0.0,0.0,0.0,0.0,1.0,0.0,0.0,1.0,0.0,0.0,0.0,0.0,0.0,1.0,1.0,1.0,11.0,3.0,4.0,2.0,3.0,1.0,16.0,6.0,6.0,7.0,162.0
1.0,0.0,1.0,0.0,0.0,0.0,1.0,0.0,0.0,0.0,0.0,1.0,0.0,0.0,0.0,0.0,1.0,0.0,0.0,0.0,1.0,1.0,1.0,28.0,3.0,4.0,3.0,3.0,0.0,21.0,2.0,2.0,1.0,149.0
1.0,0.0,0.0,1.0,0.0,0.0,1.0,0.0,0.0,0.0,0.0,1.0,0.0,0.0,0.0,0.0,1.0,0.0,0.0,0.0,1.0,1.0,1.0,32.0,3.0,5.0,4.0,6.0,1.0,21.0,1.0,3.0,3.0,148.0
1.0,1.0,0.0,0.0,0.0,1.0,0.0,0.0,1.0,0.0,0.0,0.0,0.0,0.0,0.0,0.0,1.0,0.0,0.0,0.0,0.0,16.0,1.0,9.0,3.0,4.0,5.0,2.0,0.0,15.0,6.0,14.0,8.0,302.0
1.0,0.0,1.0,0.0,1.0,0.0,0.0,0.0,0.0,0.0,0.0,1.0,0.0,0.0,0.0,0.0,1.0,0.0,0.0,0.0,1.0,1.0,1.0,5.0,3.0,5.0,4.0,3.0,0.0,16.0,1.0,2.0,1.0,151.0
1.0,0.0,0.0,1.0,1.0,0.0,0.0,0.0,0.0,1.0,0.0,0.0,0.0,0.0,0.0,0.0,0.0,0.0,0.0,1.0,1.0,14.0,3.0,7.0,3.0,4.0,3.0,5.0,1.0,15.0,1.0,2.0,1.0,172.0
0.0,1.0,0.0,0.0,1.0,0.0,0.0,0.0,0.0,1.0,0.0,0.0,0.0,0.0,0.0,0.0,0.0,1.0,0.0,0.0,0.0,7.0,3.0,14.0,2.0,4.0,4.0,2.0,0.0,18.0,2.0,2.0,3.0,168.0
1.0,1.0,0.0,0.0,1.0,0.0,0.0,0.0,0.0,0.0,0.0,1.0,0.0,0.0,0.0,0.0,0.0,1.0,0.0,0.0,0.0,8.0,1.0,10.0,3.0,5.0,2.0,5.0,0.0,18.0,2.0,2.0,1.0,155.0
1.0,0.0,0.0,1.0,1.0,0.0,0.0,0.0,1.0,0.0,0.0,0.0,0.0,0.0,0.0,0.0,1.0,0.0,0.0,0.0,0.0,22.0,1.0,7.0,3.0,2.0,2.0,4.0,0.0,15.0,1.0,3.0,2.0,294.0
0.0,1.0,0.0,0.0,1.0,0.0,0.0,0.0,0.0,1.0,0.0,0.0,0.0,0.0,0.0,0.0,0.0,1.0,0.0,0.0,0.0,19.0,3.0,16.0,4.0,5.0,3.0,3.0,0.0,14.0,1.0,5.0,13.0,181.0
1.0,0.0,0.0,1.0,0.0,1.0,0.0,1.0,0.0,0.0,0.0,0.0,0.0,0.0,0.0,0.0,0.0,1.0,0.0,0.0,0.0,26.0,1.0,14.0,3.0,4.0,4.0,9.0,0.0,20.0,4.0,5.0,4.543490512868683,229.0
1.0,0.0,1.0,0.0,0.0,1.0,0.0,1.0,0.0,0.0,0.0,0.0,0.0,0.0,0.0,0.0,0.0,0.0,1.0,0.0,0.0,12.0,3.0,17.0,4.0,5.0,3.0,2.0,1.0,15.0,3.0,3.0,4.543490512868683,212.0
0.0,0.0,1.0,0.0,0.0,1.0,0.0,0.0,0.0,0.0,0.0,1.0,0.0,0.0,0.0,0.0,0.0,1.0,0.0,0.0,0.0,3.0,1.0,35.0,4.0,4.0,2.0,6.0,0.0,23.0,1.0,2.0,8.0,150.0
0.0,0.0,1.0,0.0,0.0,1.0,0.0,1.0,0.0,0.0,0.0,0.0,0.0,0.0,0.0,0.0,1.0,0.0,0.0,0.0,0.0,2.0,1.0,10.0,4.0,4.0,4.0,2.0,0.0,18.0,1.0,2.0,8.0,202.0
1.0,1.0,0.0,0.0,0.0,1.0,0.0,0.0,1.0,0.0,0.0,0.0,0.0,0.0,0.0,0.0,0.0,0.0,1.0,0.0,0.0,20.0,3.0,10.0,3.0,4.0,3.0,5.0,0.0,15.0,2.0,5.0,10.0,300.0
1.0,0.0,0.0,1.0,0.0,1.0,0.0,1.0,0.0,0.0,0.0,0.0,0.0,0.0,0.0,0.0,0.0,0.0,1.0,0.0,0.0,12.0,3.0,9.0,3.0,4.0,4.0,9.0,0.0,17.0,2.0,2.0,1.0,199.0
0.0,1.0,0.0,0.0,1.0,0.0,0.0,1.0,0.0,0.0,0.0,0.0,0.0,0.0,0.0,0.0,0.0,1.0,0.0,0.0,0.0,17.0,1.0,34.0,3.0,4.0,5.0,10.0,0.0,12.0,1.0,2.0,2.0,233.0
1.0,0.0,1.0,0.0,1.0,0.0,0.0,0.0,1.0,0.0,0.0,0.0,0.0,0.0,0.0,0.0,0.0,1.0,0.0,0.0,1.0,3.0,1.0,9.0,3.0,4.0,2.0,9.0,0.0,12.0,8.0,2.0,6.0,247.0
1.0,0.0,0.0,1.0,0.0,1.0,0.0,0.0,0.0,0.0,0.0,0.0,1.0,0.0,0.0,0.0,1.0,0.0,0.0,0.0,0.0,14.0,1.0,21.0,3.0,5.0,3.0,3.0,0.0,15.0,5.0,5.0,10.0,321.0
0.0,0.0,0.0,1.0,0.0,0.0,1.0,0.0,0.0,0.0,0.0,1.0,0.0,0.0,1.0,0.0,0.0,0.0,0.0,0.0,0.0,1.0,1.0,7.0,4.0,5.0,4.0,3.0,1.0,12.0,1.0,3.0,3.0,146.0
1.0,0.0,0.0,1.0,1.0,0.0,0.0,0.0,0.0,1.0,0.0,0.0,0.0,0.0,0.0,0.0,0.0,1.0,0.0,0.0,0.0,13.0,1.0,16.0,4.0,4.0,4.0,22.0,0.0,16.0,2.0,2.0,4.0,193.0
1.0,0.0,0.0,1.0,1.0,0.0,0.0,0.0,0.0,1.0,0.0,0.0,0.0,0.0,0.0,0.0,0.0,1.0,0.0,0.0,0.0,10.0,1.0,25.0,4.0,4.0,2.0,4.0,0.0,21.0,2.0,2.0,10.0,203.0
1.0,1.0,0.0,0.0,1.0,0.0,0.0,0.0,0.0,0.0,0.0,1.0,0.0,0.0,0.0,0.0,0.0,1.0,0.0,0.0,0.0,5.0,3.0,27.0,4.0,2.0,2.0,2.0,0.0,13.0,2.0,3.0,3.0,153.0
1.0,1.0,0.0,0.0,0.0,1.0,0.0,0.0,0.0,0.0,0.0,1.0,0.0,0.0,0.0,0.0,0.0,1.0,0.0,0.0,0.0,2.0,1.0,9.0,4.0,5.0,4.0,2.0,0.0,18.0,1.0,2.0,5.0,157.0
1.0,0.0,1.0,0.0,1.0,0.0,0.0,0.0,0.0,1.0,0.0,0.0,0.0,0.0,0.0,0.0,0.0,0.0,1.0,0.0,0.0,9.0,3.0,18.0,3.0,4.0,2.0,3.0,0.0,12.0,1.0,2.0,3.0,175.0
1.0,1.0,0.0,0.0,0.0,1.0,0.0,0.0,1.0,0.0,0.0,0.0,0.0,0.0,0.0,1.0,0.0,0.0,0.0,0.0,0.0,23.0,3.0,15.0,3.0,5.0,4.0,8.0,0.0,18.0,2.0,2.0,4.0,256.0
1.0,0.0,0.0,1.0,1.0,0.0,0.0,0.0,0.0,1.0,0.0,0.0,0.0,0.0,0.0,0.0,0.0,1.0,0.0,0.0,0.0,8.0,1.0,9.0,4.0,4.0,3.0,4.0,0.0,12.0,2.0,2.0,3.0,165.0
0.0,0.0,1.0,0.0,1.0,0.0,0.0,0.0,0.0,0.0,0.0,1.0,0.0,0.0,0.0,0.0,0.0,1.0,0.0,0.0,0.0,3.0,1.0,17.0,4.0,4.0,4.0,2.0,0.0,15.0,2.0,2.0,2.0,158.0
1.0,0.0,0.0,1.0,0.0,1.0,0.0,0.0,0.0,1.0,0.0,0.0,0.0,0.0,0.0,0.0,1.0,0.0,0.0,0.0,0.0,16.0,1.0,36.0,3.0,6.0,2.0,6.0,0.0,20.0,2.0,2.0,1.0,168.0
1.0,1.0,0.0,0.0,0.0,1.0,0.0,0.0,0.0,1.0,0.0,0.0,0.0,0.0,0.0,0.0,1.0,0.0,0.0,0.0,0.0,3.0,1.0,15.0,4.0,5.0,2.0,3.0,1.0,14.0,1.0,2.0,3.0,176.0
1.0,1.0,0.0,0.0,0.0,1.0,0.0,0.0,0.0,0.0,0.0,1.0,0.0,0.0,0.0,0.0,0.0,0.0,0.0,1.0,0.0,12.0,2.0,7.0,3.0,2.0,3.0,3.0,0.0,14.0,2.0,6.0,1.0,153.0
1.0,0.0,1.0,0.0,1.0,0.0,0.0,0.0,0.0,0.0,0.0,1.0,0.0,0.0,0.0,0.0,0.0,1.0,0.0,0.0,0.0,5.0,1.0,13.0,3.0,5.0,3.0,3.0,1.0,15.0,2.0,2.0,3.0,152.0
1.0,0.0,0.0,1.0,1.0,0.0,0.0,0.0,0.0,0.0,0.0,1.0,0.0,0.0,0.0,0.0,1.0,0.0,0.0,0.0,1.0,1.0,1.0,15.0,4.0,4.0,3.0,3.0,0.0,13.0,1.0,2.0,1.0,144.0
0.0,0.0,0.0,1.0,0.0,1.0,0.0,0.0,0.0,1.0,0.0,0.0,0.0,0.0,0.0,0.0,0.0,0.0,1.0,0.0,1.0,1.0,3.0,16.0,4.0,4.0,5.0,2.0,1.0,18.0,1.0,2.0,4.0,207.0
1.0,1.0,0.0,0.0,0.0,1.0,0.0,0.0,0.0,0.0,0.0,1.0,0.0,0.0,0.0,0.0,0.0,1.0,0.0,0.0,0.0,15.0,1.0,19.0,3.0,4.0,2.0,5.0,1.0,12.0,2.0,2.0,1.0,173.0
1.0,1.0,0.0,0.0,1.0,0.0,0.0,0.0,0.0,0.0,0.0,1.0,0.0,0.0,0.0,0.0,1.0,0.0,0.0,0.0,1.0,1.0,1.0,22.0,4.0,4.0,3.0,3.0,0.0,13.0,3.0,3.0,3.0,151.0
0.0,0.0,1.0,0.0,0.0,1.0,0.0,0.0,0.0,1.0,0.0,0.0,0.0,0.0,0.0,0.0,1.0,0.0,0.0,0.0,0.0,11.0,1.0,32.0,3.0,5.0,2.0,9.0,0.0,14.0,1.0,2.0,4.0,182.0
1.0,1.0,0.0,0.0,0.0,1.0,0.0,0.0,0.0,0.0,0.0,1.0,0.0,0.0,0.0,0.0,0.0,1.0,0.0,0.0,0.0,1.0,1.0,13.0,3.0,5.0,3.0,3.0,0.0,14.0,3.0,3.0,3.0,150.0
0.0,1.0,0.0,0.0,0.0,1.0,0.0,0.0,0.0,1.0,0.0,0.0,0.0,0.0,0.0,0.0,0.0,1.0,0.0,0.0,0.0,8.0,3.0,16.0,4.0,4.0,3.0,3.0,0.0,21.0,2.0,2.0,4.0,182.0
1.0,0.0,0.0,1.0,0.0,1.0,0.0,0.0,0.0,0.0,0.0,1.0,0.0,0.0,1.0,0.0,0.0,0.0,0.0,0.0,0.0,9.0,2.0,15.0,4.0,4.0,3.0,3.0,0.0,18.0,1.0,2.0,5.0,168.0
0.0,1.0,0.0,0.0,0.0,1.0,0.0,1.0,0.0,0.0,0.0,0.0,0.0,0.0,0.0,0.0,0.0,1.0,0.0,0.0,1.0,1.0,3.0,30.0,3.0,5.0,5.0,3.0,0.0,14.0,1.0,4.0,11.0,198.0
0.0,0.0,0.0,1.0,1.0,0.0,0.0,1.0,0.0,0.0,0.0,0.0,0.0,0.0,0.0,0.0,1.0,0.0,0.0,0.0,0.0,14.0,1.0,16.0,3.0,4.0,3.0,11.0,0.0,18.0,1.0,2.0,14.0,260.0
1.0,0.0,0.0,1.0,1.0,0.0,0.0,0.0,1.0,0.0,0.0,0.0,0.0,0.0,0.0,0.0,0.0,1.0,0.0,0.0,1.0,6.0,3.0,19.0,3.0,4.0,5.0,2.0,1.0,13.0,1.0,14.0,15.0,263.0
1.0,0.0,0.0,1.0,0.0,1.0,0.0,0.0,0.0,1.0,0.0,0.0,0.0,0.0,0.0,0.0,0.0,0.0,1.0,0.0,0.0,16.0,3.0,11.0,3.0,4.0,5.0,9.0,0.0,14.0,2.0,2.0,6.0,177.0
1.0,1.0,0.0,0.0,0.0,0.0,1.0,0.0,0.0,0.0,0.0,1.0,0.0,0.0,0.0,0.0,1.0,0.0,0.0,0.0,0.0,9.0,1.0,7.0,3.0,5.0,3.0,8.0,0.0,13.0,2.0,2.0,8.0,148.0
1.0,0.0,0.0,1.0,0.0,1.0,0.0,0.0,0.0,0.0,0.0,1.0,0.0,0.0,0.0,0.0,1.0,0.0,0.0,0.0,0.0,1.0,1.0,31.0,3.0,4.0,4.0,10.0,0.0,23.0,2.0,2.0,3.0,161.0
0.0,1.0,0.0,0.0,0.0,1.0,0.0,0.0,0.0,0.0,0.0,1.0,0.0,0.0,0.0,0.0,0.0,1.0,0.0,0.0,1.0,1.0,1.0,19.0,4.0,4.0,2.0,3.0,1.0,12.0,2.0,2.0,1.0,150.0
1.0,1.0,0.0,0.0,0.0,1.0,0.0,0.0,0.0,0.0,0.0,1.0,0.0,0.0,0.0,0.0,1.0,0.0,0.0,0.0,0.0,1.0,1.0,10.0,3.0,2.0,2.0,3.0,0.0,23.0,2.0,2.0,8.0,169.0
1.0,1.0,0.0,0.0,0.0,1.0,0.0,0.0,0.0,1.0,0.0,0.0,0.0,0.0,0.0,0.0,0.0,0.0,1.0,0.0,0.0,4.0,3.0,17.0,4.0,5.0,3.0,3.0,0.0,19.0,2.0,2.0,5.0,191.0
0.0,1.0,0.0,0.0,1.0,0.0,0.0,0.0,0.0,1.0,0.0,0.0,0.0,0.0,0.0,0.0,1.0,0.0,0.0,0.0,0.0,14.0,1.0,33.0,4.0,5.0,2.0,5.0,1.0,14.0,2.0,2.0,1.0,169.0
1.0,0.0,1.0,0.0,0.0,1.0,0.0,1.0,0.0,0.0,0.0,0.0,0.0,0.0,0.0,0.0,0.0,1.0,0.0,0.0,0.0,9.0,1.0,9.0,3.0,5.0,4.0,4.0,0.0,19.0,7.0,7.0,4.543490512868683,228.0
1.0,0.0,0.0,1.0,1.0,0.0,0.0,0.0,0.0,1.0,0.0,0.0,0.0,0.0,0.0,0.0,1.0,0.0,0.0,0.0,0.0,8.0,1.0,7.0,4.0,5.0,5.0,2.0,0.0,21.0,2.0,5.0,10.0,178.0
1.0,1.0,0.0,0.0,1.0,0.0,0.0,0.0,0.0,0.0,0.0,1.0,0.0,0.0,0.0,0.0,0.0,0.0,0.0,1.0,0.0,9.0,1.0,11.0,3.0,5.0,2.0,3.0,0.0,14.0,3.0,3.0,3.0,149.0
0.0,0.0,0.0,1.0,0.0,1.0,0.0,0.0,0.0,1.0,0.0,0.0,0.0,0.0,0.0,0.0,0.0,0.0,1.0,0.0,1.0,7.0,3.0,16.0,3.0,6.0,3.0,10.0,0.0,14.0,2.0,2.0,4.0,178.0
0.0,0.0,1.0,0.0,1.0,0.0,0.0,0.0,0.0,0.0,0.0,1.0,0.0,0.0,0.0,0.0,0.0,1.0,0.0,0.0,0.0,6.0,3.0,9.0,4.0,4.0,5.0,3.0,0.0,13.0,1.0,2.0,1.0,153.0
0.0,0.0,1.0,0.0,0.0,1.0,0.0,0.0,0.0,0.0,0.0,0.0,1.0,0.0,0.0,1.0,0.0,0.0,0.0,0.0,0.0,30.0,1.0,11.0,4.0,4.0,5.0,6.0,0.0,14.0,1.0,5.0,3.0,324.0
0.0,1.0,0.0,0.0,0.0,1.0,0.0,0.0,0.0,0.0,0.0,1.0,0.0,0.0,0.0,0.0,1.0,0.0,0.0,0.0,0.0,3.0,1.0,13.0,3.0,4.0,2.0,3.0,0.0,14.0,1.0,2.0,9.0,156.0
1.0,0.0,0.0,1.0,0.0,1.0,0.0,0.0,0.0,0.0,0.0,1.0,0.0,0.0,0.0,0.0,0.0,1.0,0.0,0.0,0.0,1.0,1.0,16.0,3.0,4.0,5.0,3.0,0.0,26.0,1.0,2.0,1.0,151.0
0.0,1.0,0.0,0.0,0.0,1.0,0.0,0.0,0.0,0.0,0.0,1.0,0.0,0.0,0.0,0.0,1.0,0.0,0.0,0.0,0.0,19.0,1.0,14.0,3.0,4.0,3.0,6.0,1.0,20.0,2.0,2.0,3.0,170.0
0.0,1.0,0.0,0.0,0.0,1.0,0.0,0.0,0.0,1.0,0.0,0.0,0.0,0.0,0.0,0.0,0.0,1.0,0.0,0.0,0.0,11.0,1.0,7.0,3.0,5.0,2.0,3.0,0.0,14.0,4.0,4.0,12.0,190.0
1.0,0.0,0.0,1.0,0.0,1.0,0.0,0.0,0.0,0.0,0.0,1.0,0.0,0.0,0.0,0.0,0.0,1.0,0.0,0.0,0.0,1.0,1.0,10.0,3.0,5.0,3.0,3.0,0.0,13.0,1.0,2.0,3.0,155.0
1.0,0.0,0.0,1.0,0.0,1.0,0.0,0.0,0.0,0.0,0.0,1.0,0.0,0.0,0.0,0.0,0.0,1.0,0.0,0.0,1.0,8.0,1.0,17.0,4.0,4.0,3.0,3.0,1.0,12.0,2.0,2.0,3.0,154.0
0.0,0.0,1.0,0.0,0.0,1.0,0.0,0.0,0.0,0.0,0.0,0.0,1.0,0.0,0.0,0.0,1.0,0.0,0.0,0.0,0.0,27.0,1.0,14.0,3.0,4.0,3.0,5.0,0.0,15.0,5.0,5.0,8.0,311.0
0.0,1.0,0.0,0.0,0.0,0.0,1.0,0.0,0.0,0.0,0.0,1.0,0.0,0.0,0.0,0.0,0.0,1.0,0.0,0.0,0.0,3.0,1.0,22.0,4.0,6.0,2.0,2.0,1.0,19.0,2.0,2.0,4.0,147.0
1.0,1.0,0.0,0.0,1.0,0.0,0.0,0.0,0.0,0.0,0.0,1.0,0.0,0.0,0.0,0.0,0.0,1.0,0.0,0.0,1.0,1.0,1.0,10.0,3.0,5.0,2.0,2.0,1.0,12.0,1.0,2.0,1.0,154.0
0.0,1.0,0.0,0.0,0.0,1.0,0.0,0.0,1.0,0.0,0.0,0.0,0.0,0.0,0.0,0.0,0.0,0.0,1.0,0.0,0.0,20.0,3.0,9.0,4.0,4.0,5.0,10.0,0.0,15.0,13.0,16.0,10.0,295.0
1.0,0.0,0.0,1.0,1.0,0.0,0.0,0.0,0.0,0.0,0.0,1.0,0.0,0.0,0.0,0.0,0.0,1.0,0.0,0.0,0.0,18.0,1.0,24.0,4.0,6.0,3.0,4.0,0.0,14.0,2.0,2.0,1.0,148.0
1.0,1.0,0.0,0.0,0.0,1.0,0.0,0.0,0.0,0.0,0.0,1.0,0.0,0.0,0.0,0.0,0.0,0.0,0.0,1.0,0.0,7.0,2.0,9.0,3.0,4.0,3.0,3.0,0.0,14.0,1.0,2.0,5.0,161.0
1.0,0.0,1.0,0.0,1.0,0.0,0.0,0.0,0.0,0.0,0.0,1.0,0.0,0.0,0.0,0.0,0.0,1.0,0.0,0.0,1.0,5.0,1.0,12.0,4.0,5.0,5.0,8.0,0.0,18.0,2.0,2.0,1.0,146.0
1.0,0.0,1.0,0.0,0.0,1.0,0.0,0.0,0.0,1.0,0.0,0.0,0.0,0.0,0.0,0.0,0.0,1.0,0.0,0.0,0.0,4.0,3.0,36.0,4.0,4.0,5.0,10.0,0.0,20.0,2.0,2.0,4.0,166.0
1.0,1.0,0.0,0.0,1.0,0.0,0.0,0.0,0.0,1.0,0.0,0.0,0.0,0.0,0.0,0.0,1.0,0.0,0.0,0.0,0.0,14.0,3.0,9.0,4.0,4.0,4.0,7.0,0.0,13.0,2.0,2.0,1.0,168.0
0.0,1.0,0.0,0.0,1.0,0.0,0.0,0.0,1.0,0.0,0.0,0.0,0.0,0.0,0.0,0.0,1.0,0.0,0.0,0.0,0.0,24.0,1.0,9.0,2.0,4.0,5.0,4.0,0.0,15.0,3.0,3.0,3.0,304.0
1.0,1.0,0.0,0.0,0.0,1.0,0.0,0.0,0.0,0.0,0.0,1.0,0.0,0.0,0.0,0.0,1.0,0.0,0.0,0.0,0.0,2.0,1.0,26.0,4.0,5.0,5.0,3.0,0.0,13.0,2.0,4.0,4.0,157.0
1.0,1.0,0.0,0.0,0.0,1.0,0.0,0.0,0.0,0.0,0.0,0.0,1.0,0.0,0.0,0.0,0.0,1.0,0.0,0.0,0.0,20.0,1.0,22.0,3.0,4.0,4.0,7.0,0.0,15.0,2.0,2.0,4.0,316.0
1.0,1.0,0.0,0.0,0.0,1.0,0.0,0.0,0.0,1.0,0.0,0.0,0.0,0.0,0.0,0.0,0.0,1.0,0.0,0.0,0.0,9.0,3.0,24.0,4.0,4.0,5.0,5.0,1.0,16.0,2.0,2.0,4.543490512868683,215.0
0.0,1.0,0.0,0.0,0.0,0.0,1.0,0.0,0.0,0.0,0.0,1.0,0.0,0.0,0.0,0.0,0.0,1.0,0.0,0.0,1.0,1.0,1.0,24.0,4.0,4.0,4.0,3.0,0.0,14.0,1.0,2.0,1.0,147.0
0.0,1.0,0.0,0.0,1.0,0.0,0.0,0.0,0.0,1.0,0.0,0.0,0.0,0.0,0.0,0.0,1.0,0.0,0.0,0.0,0.0,7.0,3.0,32.0,3.0,4.0,3.0,3.0,0.0,13.0,1.0,2.0,2.0,170.0
1.0,0.0,1.0,0.0,0.0,1.0,0.0,0.0,0.0,0.0,0.0,1.0,0.0,0.0,0.0,0.0,0.0,1.0,0.0,0.0,0.0,10.0,1.0,13.0,3.0,6.0,3.0,3.0,0.0,15.0,1.0,2.0,8.0,152.0
1.0,0.0,1.0,0.0,0.0,1.0,0.0,0.0,0.0,1.0,0.0,0.0,0.0,0.0,0.0,0.0,0.0,1.0,0.0,0.0,0.0,4.0,1.0,14.0,3.0,4.0,3.0,3.0,0.0,14.0,9.0,9.0,10.0,160.0
1.0,0.0,0.0,1.0,0.0,1.0,0.0,0.0,0.0,1.0,0.0,0.0,0.0,0.0,0.0,0.0,0.0,0.0,0.0,1.0,0.0,18.0,1.0,36.0,3.0,4.0,2.0,3.0,0.0,26.0,2.0,2.0,18.0,170.0
1.0,0.0,0.0,1.0,0.0,1.0,0.0,0.0,0.0,0.0,0.0,1.0,0.0,0.0,0.0,0.0,0.0,0.0,1.0,0.0,0.0,1.0,3.0,28.0,3.0,2.0,2.0,3.0,0.0,18.0,1.0,3.0,3.0,152.0
1.0,0.0,1.0,0.0,0.0,1.0,0.0,0.0,0.0,1.0,0.0,0.0,0.0,0.0,0.0,1.0,0.0,0.0,0.0,0.0,0.0,20.0,1.0,9.0,3.0,4.0,2.0,4.0,0.0,12.0,2.0,2.0,5.0,199.0
1.0,1.0,0.0,0.0,1.0,0.0,0.0,0.0,0.0,1.0,0.0,0.0,0.0,0.0,0.0,0.0,1.0,0.0,0.0,0.0,0.0,16.0,2.0,9.0,4.0,2.0,5.0,9.0,0.0,17.0,1.0,2.0,4.0,188.0
1.0,0.0,1.0,0.0,0.0,1.0,0.0,0.0,0.0,1.0,0.0,0.0,0.0,0.0,0.0,0.0,0.0,0.0,1.0,0.0,0.0,31.0,3.0,14.0,3.0,2.0,2.0,2.0,1.0,19.0,1.0,2.0,10.0,177.0
0.0,1.0,0.0,0.0,1.0,0.0,0.0,0.0,0.0,0.0,0.0,1.0,0.0,0.0,0.0,0.0,0.0,0.0,0.0,1.0,0.0,6.0,1.0,20.0,4.0,5.0,4.0,3.0,0.0,21.0,1.0,3.0,3.0,152.0
0.0,0.0,0.0,1.0,1.0,0.0,0.0,0.0,0.0,1.0,0.0,0.0,0.0,0.0,0.0,0.0,0.0,1.0,0.0,0.0,0.0,6.0,1.0,9.0,3.0,4.0,3.0,6.0,1.0,15.0,2.0,2.0,8.0,175.0
0.0,0.0,1.0,0.0,0.0,1.0,0.0,1.0,0.0,0.0,0.0,0.0,0.0,0.0,0.0,1.0,0.0,0.0,0.0,0.0,0.0,10.0,1.0,7.0,4.0,6.0,5.0,4.0,1.0,22.0,6.0,8.0,4.543490512868683,228.0
1.0,1.0,0.0,0.0,0.0,1.0,0.0,0.0,0.0,0.0,0.0,1.0,0.0,0.0,0.0,0.0,1.0,0.0,0.0,0.0,0.0,7.0,1.0,16.0,3.0,4.0,2.0,2.0,0.0,14.0,2.0,5.0,11.0,153.0
0.0,0.0,1.0,0.0,0.0,1.0,0.0,0.0,0.0,1.0,0.0,0.0,0.0,0.0,0.0,1.0,0.0,0.0,0.0,0.0,0.0,14.0,3.0,17.0,3.0,5.0,4.0,9.0,0.0,13.0,2.0,2.0,4.0,194.0
1.0,0.0,0.0,1.0,0.0,1.0,0.0,0.0,0.0,1.0,0.0,0.0,0.0,0.0,0.0,0.0,0.0,1.0,0.0,0.0,0.0,1.0,3.0,17.0,3.0,4.0,2.0,2.0,0.0,15.0,1.0,2.0,2.0,175.0
1.0,1.0,0.0,0.0,0.0,1.0,0.0,0.0,0.0,0.0,0.0,1.0,0.0,0.0,0.0,0.0,1.0,0.0,0.0,0.0,0.0,4.0,1.0,7.0,4.0,4.0,4.0,2.0,1.0,22.0,2.0,6.0,8.0,161.0
0.0,1.0,0.0,0.0,1.0,0.0,0.0,1.0,0.0,0.0,0.0,0.0,0.0,0.0,0.0,0.0,1.0,0.0,0.0,0.0,0.0,16.0,1.0,33.0,3.0,4.0,5.0,5.0,1.0,18.0,1.0,2.0,1.0,257.0
0.0,1.0,0.0,0.0,1.0,0.0,0.0,1.0,0.0,0.0,0.0,0.0,0.0,0.0,0.0,0.0,0.0,0.0,1.0,0.0,0.0,9.0,3.0,15.0,4.0,5.0,2.0,6.0,1.0,12.0,3.0,5.0,4.543490512868683,229.0
1.0,1.0,0.0,0.0,0.0,0.0,1.0,0.0,0.0,0.0,0.0,1.0,0.0,0.0,0.0,0.0,0.0,1.0,0.0,0.0,0.0,1.0,1.0,21.0,3.0,4.0,5.0,3.0,1.0,15.0,3.0,7.0,9.0,147.0
0.0,0.0,1.0,0.0,1.0,0.0,0.0,1.0,0.0,0.0,0.0,0.0,0.0,0.0,0.0,0.0,0.0,1.0,0.0,0.0,0.0,28.0,1.0,7.0,3.0,4.0,3.0,9.0,0.0,18.0,2.0,2.0,4.543490512868683,230.0
0.0,1.0,0.0,0.0,0.0,0.0,1.0,0.0,0.0,0.0,0.0,1.0,0.0,0.0,0.0,0.0,0.0,1.0,0.0,0.0,0.0,18.0,1.0,9.0,4.0,2.0,2.0,3.0,0.0,14.0,7.0,8.0,8.0,145.0
0.0,0.0,0.0,1.0,1.0,0.0,0.0,0.0,0.0,0.0,0.0,1.0,0.0,0.0,0.0,0.0,1.0,0.0,0.0,0.0,1.0,1.0,1.0,17.0,4.0,5.0,4.0,3.0,1.0,26.0,2.0,2.0,1.0,144.0
0.0,0.0,1.0,0.0,0.0,1.0,0.0,0.0,0.0,0.0,0.0,1.0,0.0,0.0,0.0,0.0,0.0,1.0,0.0,0.0,0.0,3.0,1.0,7.0,4.0,4.0,2.0,3.0,0.0,16.0,1.0,2.0,3.0,163.0
1.0,1.0,0.0,0.0,0.0,1.0,0.0,0.0,1.0,0.0,0.0,0.0,0.0,0.0,0.0,0.0,0.0,1.0,0.0,0.0,0.0,28.0,1.0,10.0,3.0,4.0,2.0,5.0,0.0,15.0,2.0,2.0,10.0,303.0
1.0,1.0,0.0,0.0,0.0,1.0,0.0,0.0,0.0,1.0,0.0,0.0,0.0,0.0,0.0,0.0,1.0,0.0,0.0,0.0,0.0,5.0,1.0,18.0,4.0,4.0,5.0,3.0,1.0,13.0,1.0,2.0,2.0,193.0
0.0,0.0,0.0,1.0,0.0,1.0,0.0,0.0,0.0,1.0,0.0,0.0,0.0,0.0,0.0,0.0,1.0,0.0,0.0,0.0,0.0,5.0,1.0,31.0,4.0,5.0,5.0,3.0,0.0,20.0,1.0,2.0,9.0,193.0
0.0,0.0,0.0,1.0,0.0,1.0,0.0,0.0,0.0,1.0,0.0,0.0,0.0,0.0,0.0,0.0,0.0,1.0,0.0,0.0,0.0,31.0,3.0,10.0,3.0,5.0,2.0,7.0,0.0,18.0,1.0,2.0,6.0,177.0
1.0,1.0,0.0,0.0,0.0,1.0,0.0,0.0,0.0,0.0,0.0,0.0,1.0,0.0,0.0,0.0,0.0,1.0,0.0,0.0,0.0,17.0,1.0,10.0,4.0,6.0,2.0,5.0,0.0,15.0,2.0,2.0,8.0,322.0
1.0,1.0,0.0,0.0,0.0,1.0,0.0,0.0,0.0,0.0,0.0,0.0,1.0,0.0,0.0,0.0,1.0,0.0,0.0,0.0,0.0,23.0,1.0,11.0,3.0,5.0,3.0,4.0,0.0,15.0,1.0,2.0,1.0,312.0
1.0,1.0,0.0,0.0,1.0,0.0,0.0,0.0,0.0,0.0,0.0,1.0,0.0,0.0,1.0,0.0,0.0,0.0,0.0,0.0,0.0,10.0,1.0,10.0,3.0,4.0,4.0,3.0,0.0,13.0,2.0,2.0,8.0,162.0
1.0,0.0,0.0,1.0,0.0,1.0,0.0,0.0,0.0,0.0,0.0,1.0,0.0,0.0,1.0,0.0,0.0,0.0,0.0,0.0,0.0,22.0,1.0,9.0,4.0,2.0,4.0,7.0,0.0,12.0,1.0,2.0,1.0,151.0
1.0,0.0,1.0,0.0,0.0,1.0,0.0,0.0,0.0,0.0,0.0,1.0,0.0,0.0,0.0,0.0,0.0,1.0,0.0,0.0,0.0,1.0,1.0,11.0,4.0,4.0,3.0,3.0,0.0,12.0,2.0,2.0,4.0,150.0
1.0,0.0,1.0,0.0,0.0,1.0,0.0,0.0,0.0,1.0,0.0,0.0,0.0,0.0,0.0,0.0,0.0,1.0,0.0,0.0,0.0,3.0,1.0,14.0,3.0,4.0,2.0,3.0,1.0,12.0,1.0,2.0,1.0,191.0
1.0,0.0,0.0,1.0,0.0,1.0,0.0,0.0,0.0,0.0,0.0,0.0,1.0,0.0,0.0,0.0,0.0,1.0,0.0,0.0,0.0,22.0,1.0,7.0,4.0,5.0,2.0,8.0,0.0,15.0,2.0,2.0,1.0,308.0
0.0,0.0,1.0,0.0,0.0,1.0,0.0,0.0,1.0,0.0,0.0,0.0,0.0,0.0,0.0,0.0,0.0,1.0,0.0,0.0,0.0,3.0,1.0,7.0,3.0,5.0,2.0,5.0,0.0,15.0,1.0,2.0,8.0,286.0
0.0,1.0,0.0,0.0,0.0,1.0,0.0,0.0,0.0,0.0,0.0,1.0,0.0,0.0,1.0,0.0,0.0,0.0,0.0,0.0,0.0,8.0,1.0,27.0,3.0,2.0,3.0,2.0,0.0,18.0,2.0,2.0,1.0,151.0
1.0,1.0,0.0,0.0,0.0,1.0,0.0,0.0,0.0,0.0,0.0,0.0,1.0,0.0,0.0,0.0,0.0,0.0,1.0,0.0,0.0,18.0,3.0,12.0,3.0,4.0,4.0,9.0,0.0,15.0,2.0,4.0,11.0,307.0
1.0,0.0,1.0,0.0,0.0,1.0,0.0,1.0,0.0,0.0,0.0,0.0,0.0,0.0,0.0,0.0,0.0,0.0,1.0,0.0,0.0,7.0,3.0,17.0,3.0,2.0,3.0,2.0,1.0,15.0,2.0,2.0,9.0,209.0
0.0,0.0,0.0,1.0,0.0,1.0,0.0,0.0,0.0,0.0,0.0,1.0,0.0,0.0,0.0,0.0,0.0,1.0,0.0,0.0,0.0,1.0,1.0,32.0,3.0,2.0,2.0,3.0,1.0,13.0,2.0,2.0,2.0,155.0
1.0,1.0,0.0,0.0,0.0,0.0,1.0,0.0,0.0,0.0,0.0,1.0,0.0,0.0,0.0,0.0,0.0,1.0,0.0,0.0,0.0,1.0,1.0,7.0,3.0,4.0,3.0,3.0,0.0,23.0,1.0,2.0,2.0,137.0
1.0,0.0,0.0,1.0,1.0,0.0,0.0,0.0,0.0,0.0,0.0,1.0,0.0,0.0,0.0,0.0,0.0,1.0,0.0,0.0,1.0,1.0,3.0,31.0,4.0,6.0,2.0,3.0,1.0,15.0,2.0,2.0,1.0,136.0
1.0,0.0,0.0,1.0,0.0,1.0,0.0,0.0,0.0,0.0,0.0,1.0,0.0,0.0,0.0,0.0,0.0,1.0,0.0,0.0,0.0,1.0,1.0,11.0,3.0,4.0,2.0,3.0,1.0,21.0,1.0,3.0,3.0,154.0
0.0,0.0,0.0,1.0,0.0,1.0,0.0,0.0,0.0,0.0,0.0,0.0,1.0,0.0,0.0,0.0,0.0,0.0,1.0,0.0,1.0,9.0,3.0,9.0,4.0,6.0,4.0,4.0,1.0,15.0,1.0,2.0,12.0,313.0
1.0,0.0,1.0,0.0,1.0,0.0,0.0,0.0,1.0,0.0,0.0,0.0,0.0,0.0,0.0,0.0,1.0,0.0,0.0,0.0,0.0,29.0,1.0,15.0,3.0,5.0,4.0,3.0,1.0,16.0,4.0,16.0,1.0,261.0
0.0,0.0,0.0,1.0,1.0,0.0,0.0,0.0,0.0,0.0,0.0,1.0,0.0,0.0,0.0,0.0,0.0,1.0,0.0,0.0,1.0,1.0,1.0,17.0,3.0,5.0,3.0,3.0,0.0,21.0,3.0,3.0,3.0,151.0
0.0,1.0,0.0,0.0,0.0,1.0,0.0,0.0,0.0,0.0,0.0,0.0,1.0,0.0,0.0,0.0,0.0,0.0,1.0,0.0,0.0,20.0,3.0,11.0,3.0,5.0,4.0,4.0,0.0,15.0,2.0,2.0,9.0,313.0
0.0,0.0,0.0,1.0,0.0,1.0,0.0,0.0,0.0,1.0,0.0,0.0,0.0,0.0,0.0,0.0,0.0,0.0,1.0,0.0,0.0,8.0,3.0,9.0,3.0,4.0,5.0,2.0,1.0,13.0,2.0,2.0,3.0,170.0
1.0,0.0,1.0,0.0,1.0,0.0,0.0,0.0,0.0,0.0,0.0,0.0,1.0,0.0,0.0,0.0,0.0,1.0,0.0,0.0,0.0,25.0,3.0,16.0,3.0,4.0,4.0,6.0,1.0,25.0,3.0,12.0,11.0,323.0
1.0,0.0,0.0,1.0,0.0,1.0,0.0,1.0,0.0,0.0,0.0,0.0,0.0,0.0,0.0,0.0,1.0,0.0,0.0,0.0,0.0,31.0,1.0,25.0,4.0,4.0,2.0,8.0,0.0,13.0,2.0,6.0,4.543490512868683,230.0
0.0,0.0,1.0,0.0,1.0,0.0,0.0,0.0,0.0,1.0,0.0,0.0,0.0,0.0,0.0,0.0,1.0,0.0,0.0,0.0,0.0,8.0,1.0,26.0,3.0,4.0,4.0,6.0,0.0,14.0,4.0,6.0,11.0,169.0
1.0,0.0,0.0,1.0,1.0,0.0,0.0,0.0,0.0,0.0,0.0,1.0,0.0,0.0,0.0,0.0,1.0,0.0,0.0,0.0,0.0,2.0,1.0,7.0,3.0,4.0,3.0,2.0,1.0,12.0,1.0,2.0,3.0,147.0
1.0,0.0,1.0,0.0,0.0,1.0,0.0,0.0,0.0,0.0,0.0,0.0,1.0,0.0,0.0,0.0,0.0,1.0,0.0,0.0,0.0,18.0,1.0,11.0,4.0,2.0,5.0,3.0,0.0,15.0,2.0,15.0,14.0,317.0
1.0,1.0,0.0,0.0,1.0,0.0,0.0,0.0,0.0,1.0,0.0,0.0,0.0,0.0,0.0,0.0,0.0,1.0,0.0,0.0,0.0,8.0,2.0,18.0,3.0,5.0,4.0,6.0,0.0,12.0,1.0,2.0,9.0,170.0
1.0,1.0,0.0,0.0,0.0,1.0,0.0,0.0,0.0,0.0,0.0,1.0,0.0,0.0,0.0,0.0,0.0,1.0,0.0,0.0,0.0,9.0,1.0,13.0,4.0,4.0,3.0,2.0,1.0,15.0,2.0,3.0,3.0,160.0
0.0,1.0,0.0,0.0,0.0,0.0,1.0,0.0,0.0,1.0,0.0,0.0,0.0,0.0,0.0,0.0,1.0,0.0,0.0,0.0,0.0,16.0,1.0,14.0,4.0,2.0,4.0,8.0,1.0,17.0,1.0,2.0,1.0,149.0
0.0,0.0,0.0,1.0,0.0,1.0,0.0,1.0,0.0,0.0,0.0,0.0,0.0,0.0,0.0,0.0,0.0,0.0,1.0,0.0,0.0,17.0,3.0,11.0,3.0,5.0,2.0,5.0,0.0,15.0,11.0,16.0,4.543490512868683,227.0
0.0,0.0,0.0,1.0,0.0,1.0,0.0,0.0,0.0,1.0,0.0,0.0,0.0,0.0,0.0,0.0,0.0,1.0,0.0,0.0,0.0,10.0,1.0,9.0,3.0,4.0,4.0,11.0,1.0,12.0,5.0,6.0,13.0,179.0
0.0,1.0,0.0,0.0,0.0,1.0,0.0,1.0,0.0,0.0,0.0,0.0,0.0,0.0,0.0,0.0,1.0,0.0,0.0,0.0,1.0,8.0,1.0,22.0,4.0,4.0,2.0,3.0,0.0,12.0,1.0,2.0,6.0,205.0
1.0,1.0,0.0,0.0,1.0,0.0,0.0,0.0,0.0,0.0,0.0,1.0,0.0,0.0,0.0,0.0,0.0,1.0,0.0,0.0,0.0,2.0,1.0,9.0,3.0,5.0,2.0,3.0,1.0,13.0,3.0,3.0,3.0,164.0
0.0,0.0,0.0,1.0,1.0,0.0,0.0,0.0,0.0,0.0,0.0,1.0,0.0,0.0,0.0,0.0,1.0,0.0,0.0,0.0,0.0,25.0,1.0,13.0,3.0,5.0,3.0,2.0,0.0,15.0,8.0,8.0,8.0,153.0
0.0,0.0,0.0,1.0,1.0,0.0,0.0,0.0,0.0,1.0,0.0,0.0,0.0,0.0,0.0,0.0,1.0,0.0,0.0,0.0,0.0,4.0,1.0,16.0,4.0,4.0,3.0,9.0,1.0,19.0,2.0,2.0,8.0,172.0
0.0,0.0,1.0,0.0,0.0,1.0,0.0,0.0,0.0,0.0,0.0,1.0,0.0,0.0,1.0,0.0,0.0,0.0,0.0,0.0,1.0,1.0,1.0,14.0,3.0,4.0,3.0,5.0,1.0,14.0,2.0,8.0,8.0,158.0
1.0,0.0,0.0,1.0,0.0,0.0,1.0,0.0,0.0,0.0,0.0,1.0,0.0,0.0,1.0,0.0,0.0,0.0,0.0,0.0,0.0,2.0,1.0,7.0,3.0,4.0,5.0,4.0,0.0,12.0,1.0,2.0,3.0,146.0
0.0,0.0,0.0,1.0,0.0,0.0,1.0,0.0,0.0,0.0,0.0,1.0,0.0,0.0,0.0,0.0,1.0,0.0,0.0,0.0,0.0,1.0,1.0,7.0,3.0,4.0,4.0,3.0,0.0,19.0,2.0,3.0,2.0,146.0
1.0,1.0,0.0,0.0,0.0,1.0,0.0,0.0,0.0,1.0,0.0,0.0,0.0,0.0,0.0,0.0,1.0,0.0,0.0,0.0,0.0,6.0,3.0,15.0,3.0,2.0,2.0,3.0,0.0,16.0,1.0,2.0,9.0,187.0
0.0,0.0,0.0,1.0,1.0,0.0,0.0,0.0,0.0,0.0,0.0,0.0,1.0,0.0,0.0,0.0,1.0,0.0,0.0,0.0,0.0,19.0,1.0,32.0,3.0,4.0,4.0,5.0,0.0,15.0,2.0,2.0,1.0,306.0
0.0,0.0,1.0,0.0,0.0,1.0,0.0,0.0,1.0,0.0,0.0,0.0,0.0,0.0,0.0,0.0,1.0,0.0,0.0,0.0,0.0,13.0,1.0,20.0,4.0,5.0,4.0,8.0,1.0,15.0,14.0,16.0,3.0,296.0
1.0,0.0,1.0,0.0,0.0,0.0,1.0,0.0,0.0,0.0,0.0,1.0,0.0,0.0,0.0,0.0,0.0,1.0,0.0,0.0,0.0,31.0,1.0,30.0,3.0,4.0,3.0,3.0,0.0,13.0,3.0,3.0,3.0,149.0
1.0,1.0,0.0,0.0,0.0,1.0,0.0,0.0,0.0,1.0,0.0,0.0,0.0,0.0,0.0,0.0,0.0,1.0,0.0,0.0,1.0,1.0,1.0,14.0,4.0,4.0,3.0,3.0,0.0,19.0,2.0,2.0,2.0,174.0
1.0,0.0,0.0,1.0,0.0,1.0,0.0,0.0,0.0,0.0,0.0,1.0,0.0,0.0,0.0,0.0,1.0,0.0,0.0,0.0,1.0,3.0,1.0,30.0,4.0,4.0,5.0,2.0,0.0,14.0,1.0,2.0,4.0,164.0
0.0,1.0,0.0,0.0,0.0,1.0,0.0,0.0,0.0,1.0,0.0,0.0,0.0,0.0,1.0,0.0,0.0,0.0,0.0,0.0,0.0,4.0,1.0,13.0,3.0,5.0,2.0,2.0,0.0,13.0,6.0,7.0,8.0,171.0
0.0,1.0,0.0,0.0,0.0,1.0,0.0,1.0,0.0,0.0,0.0,0.0,0.0,0.0,0.0,1.0,0.0,0.0,0.0,0.0,0.0,10.0,1.0,17.0,4.0,4.0,3.0,5.0,0.0,13.0,1.0,2.0,8.0,196.0
0.0,0.0,0.0,1.0,0.0,1.0,0.0,0.0,0.0,0.0,0.0,1.0,0.0,0.0,0.0,0.0,0.0,1.0,0.0,0.0,0.0,20.0,2.0,7.0,3.0,4.0,5.0,8.0,0.0,13.0,4.0,6.0,8.0,159.0
0.0,1.0,0.0,0.0,1.0,0.0,0.0,0.0,0.0,1.0,0.0,0.0,0.0,0.0,0.0,0.0,0.0,1.0,0.0,0.0,0.0,2.0,1.0,7.0,3.0,6.0,2.0,2.0,0.0,12.0,8.0,8.0,6.0,192.0
0.0,1.0,0.0,0.0,0.0,1.0,0.0,0.0,1.0,0.0,0.0,0.0,0.0,0.0,0.0,0.0,0.0,1.0,0.0,0.0,0.0,24.0,1.0,35.0,3.0,4.0,5.0,6.0,1.0,15.0,1.0,2.0,3.0,294.0
1.0,0.0,0.0,1.0,0.0,1.0,0.0,1.0,0.0,0.0,0.0,0.0,0.0,0.0,0.0,0.0,0.0,0.0,1.0,0.0,1.0,4.0,3.0,32.0,3.0,5.0,4.0,4.0,1.0,13.0,1.0,2.0,4.543490512868683,216.0
1.0,0.0,0.0,1.0,0.0,1.0,0.0,1.0,0.0,0.0,0.0,0.0,0.0,0.0,0.0,0.0,0.0,1.0,0.0,0.0,1.0,16.0,3.0,12.0,4.0,4.0,4.0,11.0,1.0,20.0,6.0,8.0,4.543490512868683,209.0
0.0,1.0,0.0,0.0,0.0,1.0,0.0,1.0,0.0,0.0,0.0,0.0,0.0,0.0,0.0,0.0,1.0,0.0,0.0,0.0,0.0,4.0,1.0,24.0,4.0,4.0,5.0,3.0,1.0,24.0,1.0,2.0,9.0,244.0
1.0,0.0,0.0,1.0,0.0,1.0,0.0,0.0,0.0,1.0,0.0,0.0,0.0,0.0,0.0,0.0,0.0,1.0,0.0,0.0,0.0,13.0,1.0,25.0,3.0,4.0,3.0,2.0,0.0,12.0,1.0,2.0,8.0,170.0
0.0,0.0,1.0,0.0,1.0,0.0,0.0,1.0,0.0,0.0,0.0,0.0,0.0,0.0,0.0,0.0,0.0,1.0,0.0,0.0,0.0,5.0,3.0,9.0,3.0,4.0,3.0,3.0,1.0,20.0,4.0,10.0,4.543490512868683,224.0
1.0,0.0,0.0,1.0,1.0,0.0,0.0,0.0,0.0,1.0,0.0,0.0,0.0,0.0,0.0,0.0,1.0,0.0,0.0,0.0,0.0,15.0,3.0,17.0,3.0,6.0,4.0,3.0,0.0,14.0,4.0,12.0,10.0,187.0
0.0,0.0,0.0,1.0,1.0,0.0,0.0,0.0,0.0,0.0,0.0,1.0,0.0,0.0,0.0,0.0,0.0,1.0,0.0,0.0,1.0,1.0,3.0,7.0,3.0,4.0,4.0,3.0,1.0,12.0,2.0,3.0,3.0,148.0
1.0,1.0,0.0,0.0,0.0,0.0,1.0,0.0,0.0,0.0,0.0,1.0,0.0,0.0,0.0,0.0,0.0,1.0,0.0,0.0,1.0,8.0,1.0,10.0,3.0,4.0,5.0,6.0,0.0,13.0,2.0,2.0,3.0,149.0
1.0,1.0,0.0,0.0,1.0,0.0,0.0,0.0,1.0,0.0,0.0,0.0,0.0,0.0,0.0,0.0,0.0,1.0,0.0,0.0,0.0,16.0,1.0,9.0,3.0,4.0,3.0,2.0,1.0,15.0,1.0,3.0,11.0,304.0
0.0,1.0,0.0,0.0,0.0,1.0,0.0,0.0,0.0,0.0,0.0,0.0,1.0,0.0,0.0,0.0,1.0,0.0,0.0,0.0,0.0,29.0,1.0,9.0,3.0,6.0,3.0,6.0,0.0,15.0,6.0,10.0,12.0,317.0
1.0,0.0,0.0,1.0,0.0,1.0,0.0,0.0,0.0,0.0,0.0,0.0,1.0,0.0,0.0,0.0,0.0,1.0,0.0,0.0,0.0,30.0,2.0,15.0,3.0,4.0,4.0,8.0,0.0,15.0,2.0,8.0,8.0,322.0
1.0,0.0,1.0,0.0,1.0,0.0,0.0,0.0,0.0,0.0,0.0,1.0,0.0,0.0,0.0,0.0,0.0,1.0,0.0,0.0,0.0,14.0,1.0,23.0,4.0,4.0,3.0,11.0,0.0,17.0,2.0,2.0,1.0,160.0
1.0,0.0,1.0,0.0,0.0,1.0,0.0,1.0,0.0,0.0,0.0,0.0,0.0,0.0,0.0,0.0,0.0,1.0,0.0,0.0,0.0,8.0,1.0,16.0,3.0,4.0,2.0,2.0,0.0,12.0,2.0,2.0,4.543490512868683,210.0
1.0,0.0,0.0,1.0,0.0,1.0,0.0,0.0,0.0,1.0,0.0,0.0,0.0,0.0,0.0,0.0,0.0,1.0,0.0,0.0,0.0,14.0,1.0,9.0,4.0,4.0,2.0,3.0,0.0,14.0,4.0,9.0,9.0,172.0
0.0,0.0,1.0,0.0,1.0,0.0,0.0,0.0,0.0,1.0,0.0,0.0,0.0,0.0,0.0,0.0,0.0,0.0,1.0,0.0,0.0,15.0,3.0,7.0,4.0,4.0,5.0,2.0,0.0,18.0,1.0,2.0,8.0,166.0
1.0,0.0,0.0,1.0,1.0,0.0,0.0,0.0,0.0,1.0,0.0,0.0,0.0,0.0,0.0,0.0,0.0,1.0,0.0,0.0,0.0,9.0,1.0,11.0,3.0,4.0,3.0,3.0,1.0,12.0,2.0,2.0,2.0,167.0
1.0,0.0,1.0,0.0,0.0,1.0,0.0,0.0,1.0,0.0,0.0,0.0,0.0,0.0,0.0,0.0,0.0,1.0,0.0,0.0,0.0,25.0,2.0,12.0,3.0,4.0,4.0,3.0,1.0,12.0,1.0,2.0,11.0,265.0
0.0,0.0,1.0,0.0,0.0,1.0,0.0,0.0,0.0,1.0,0.0,0.0,0.0,0.0,0.0,0.0,0.0,1.0,0.0,0.0,0.0,12.0,3.0,9.0,3.0,4.0,5.0,5.0,0.0,16.0,1.0,2.0,8.0,194.0
0.0,0.0,0.0,1.0,0.0,1.0,0.0,0.0,0.0,1.0,0.0,0.0,0.0,0.0,0.0,0.0,1.0,0.0,0.0,0.0,0.0,8.0,3.0,22.0,4.0,4.0,5.0,3.0,0.0,13.0,2.0,10.0,7.0,186.0
1.0,1.0,0.0,0.0,0.0,1.0,0.0,0.0,0.0,0.0,0.0,1.0,0.0,0.0,0.0,0.0,1.0,0.0,0.0,0.0,0.0,1.0,1.0,26.0,4.0,4.0,2.0,5.0,0.0,12.0,2.0,2.0,3.0,162.0
0.0,1.0,0.0,0.0,0.0,1.0,0.0,1.0,0.0,0.0,0.0,0.0,0.0,0.0,0.0,0.0,1.0,0.0,0.0,0.0,1.0,21.0,1.0,14.0,3.0,5.0,5.0,9.0,1.0,15.0,5.0,6.0,4.543490512868683,225.0
1.0,1.0,0.0,0.0,0.0,0.0,1.0,0.0,0.0,0.0,0.0,1.0,0.0,0.0,0.0,0.0,0.0,1.0,0.0,0.0,0.0,14.0,1.0,7.0,3.0,4.0,4.0,5.0,0.0,23.0,2.0,2.0,4.0,149.0
0.0,1.0,0.0,0.0,1.0,0.0,0.0,0.0,0.0,1.0,0.0,0.0,0.0,0.0,0.0,0.0,0.0,0.0,1.0,0.0,0.0,10.0,3.0,14.0,3.0,2.0,5.0,4.0,0.0,17.0,6.0,7.0,14.0,171.0
1.0,0.0,0.0,1.0,0.0,1.0,0.0,1.0,0.0,0.0,0.0,0.0,0.0,0.0,0.0,0.0,0.0,1.0,0.0,0.0,0.0,22.0,1.0,11.0,3.0,4.0,2.0,3.0,0.0,12.0,2.0,2.0,9.0,204.0
0.0,1.0,0.0,0.0,0.0,1.0,0.0,0.0,0.0,0.0,0.0,1.0,0.0,0.0,0.0,0.0,1.0,0.0,0.0,0.0,0.0,1.0,3.0,18.0,4.0,2.0,2.0,10.0,0.0,15.0,2.0,2.0,1.0,150.0
0.0,0.0,0.0,1.0,0.0,1.0,0.0,0.0,1.0,0.0,0.0,0.0,0.0,0.0,0.0,1.0,0.0,0.0,0.0,0.0,0.0,25.0,1.0,18.0,3.0,5.0,4.0,5.0,0.0,17.0,1.0,2.0,4.0,256.0
0.0,0.0,0.0,1.0,1.0,0.0,0.0,0.0,0.0,0.0,0.0,1.0,0.0,0.0,0.0,0.0,0.0,1.0,0.0,0.0,0.0,1.0,1.0,7.0,4.0,4.0,2.0,3.0,0.0,16.0,2.0,2.0,1.0,141.0
0.0,1.0,0.0,0.0,0.0,1.0,0.0,0.0,0.0,1.0,0.0,0.0,0.0,0.0,0.0,0.0,1.0,0.0,0.0,0.0,0.0,9.0,1.0,7.0,3.0,5.0,2.0,2.0,0.0,13.0,2.0,2.0,1.0,179.0
1.0,0.0,0.0,1.0,1.0,0.0,0.0,0.0,0.0,1.0,0.0,0.0,0.0,0.0,0.0,0.0,0.0,1.0,0.0,0.0,0.0,1.0,3.0,9.0,3.0,6.0,2.0,5.0,0.0,21.0,2.0,2.0,1.0,176.0
1.0,0.0,0.0,1.0,0.0,1.0,0.0,0.0,1.0,0.0,0.0,0.0,0.0,0.0,0.0,0.0,0.0,0.0,1.0,0.0,1.0,19.0,3.0,20.0,3.0,2.0,3.0,8.0,1.0,18.0,1.0,4.0,9.0,262.0
1.0,1.0,0.0,0.0,0.0,1.0,0.0,0.0,1.0,0.0,0.0,0.0,0.0,0.0,0.0,0.0,0.0,1.0,0.0,0.0,0.0,30.0,1.0,30.0,4.0,4.0,4.0,6.0,1.0,13.0,12.0,2.0,10.0,259.0
0.0,0.0,1.0,0.0,1.0,0.0,0.0,0.0,0.0,0.0,0.0,1.0,0.0,0.0,1.0,0.0,0.0,0.0,0.0,0.0,0.0,8.0,1.0,33.0,4.0,5.0,3.0,3.0,0.0,21.0,2.0,2.0,1.0,145.0
0.0,0.0,1.0,0.0,0.0,1.0,0.0,0.0,0.0,1.0,0.0,0.0,0.0,0.0,0.0,0.0,1.0,0.0,0.0,0.0,0.0,14.0,1.0,9.0,3.0,2.0,3.0,7.0,0.0,21.0,6.0,12.0,9.0,189.0
1.0,1.0,0.0,0.0,0.0,1.0,0.0,0.0,0.0,1.0,0.0,0.0,0.0,0.0,0.0,0.0,1.0,0.0,0.0,0.0,0.0,8.0,1.0,36.0,3.0,4.0,3.0,6.0,0.0,14.0,1.0,8.0,8.0,179.0
0.0,0.0,0.0,1.0,1.0,0.0,0.0,0.0,0.0,0.0,0.0,1.0,0.0,0.0,0.0,0.0,0.0,1.0,0.0,0.0,1.0,1.0,3.0,9.0,3.0,5.0,2.0,9.0,0.0,15.0,1.0,2.0,1.0,153.0
0.0,1.0,0.0,0.0,1.0,0.0,0.0,0.0,0.0,1.0,0.0,0.0,0.0,0.0,0.0,0.0,0.0,0.0,1.0,0.0,1.0,1.0,3.0,25.0,4.0,4.0,3.0,2.0,1.0,19.0,4.0,4.0,3.0,171.0
1.0,0.0,1.0,0.0,1.0,0.0,0.0,0.0,0.0,0.0,0.0,1.0,0.0,0.0,0.0,0.0,0.0,1.0,0.0,0.0,0.0,12.0,1.0,14.0,3.0,2.0,3.0,3.0,0.0,12.0,1.0,2.0,4.0,151.0
0.0,0.0,0.0,1.0,0.0,1.0,0.0,0.0,0.0,1.0,0.0,0.0,0.0,0.0,1.0,0.0,0.0,0.0,0.0,0.0,0.0,8.0,1.0,9.0,4.0,4.0,2.0,3.0,0.0,12.0,2.0,5.0,12.0,192.0
1.0,1.0,0.0,0.0,0.0,1.0,0.0,0.0,0.0,1.0,0.0,0.0,0.0,0.0,0.0,0.0,0.0,1.0,0.0,0.0,0.0,2.0,3.0,33.0,3.0,5.0,5.0,3.0,0.0,12.0,2.0,2.0,5.0,172.0
1.0,1.0,0.0,0.0,0.0,1.0,0.0,0.0,0.0,1.0,0.0,0.0,0.0,0.0,0.0,0.0,1.0,0.0,0.0,0.0,1.0,1.0,1.0,29.0,4.0,4.0,3.0,3.0,1.0,16.0,4.0,7.0,8.0,187.0
1.0,1.0,0.0,0.0,0.0,1.0,0.0,0.0,0.0,1.0,0.0,0.0,0.0,0.0,0.0,0.0,0.0,1.0,0.0,0.0,0.0,13.0,3.0,28.0,3.0,5.0,2.0,5.0,1.0,13.0,1.0,2.0,5.0,186.0
1.0,1.0,0.0,0.0,1.0,0.0,0.0,1.0,0.0,0.0,0.0,0.0,0.0,0.0,0.0,0.0,0.0,0.0,1.0,0.0,0.0,25.0,3.0,9.0,3.0,4.0,4.0,4.0,0.0,12.0,1.0,4.0,4.543490512868683,231.0
0.0,0.0,1.0,0.0,1.0,0.0,0.0,0.0,0.0,1.0,0.0,0.0,0.0,0.0,0.0,0.0,0.0,1.0,0.0,0.0,0.0,15.0,1.0,29.0,4.0,4.0,2.0,5.0,1.0,15.0,1.0,4.0,4.0,180.0
1.0,1.0,0.0,0.0,0.0,1.0,0.0,0.0,0.0,0.0,0.0,1.0,0.0,0.0,0.0,0.0,0.0,1.0,0.0,0.0,0.0,11.0,1.0,11.0,3.0,4.0,3.0,9.0,1.0,16.0,2.0,2.0,4.0,155.0
1.0,1.0,0.0,0.0,1.0,0.0,0.0,0.0,0.0,1.0,0.0,0.0,0.0,0.0,0.0,0.0,0.0,1.0,0.0,0.0,0.0,7.0,3.0,12.0,4.0,4.0,2.0,8.0,0.0,14.0,2.0,2.0,4.543490512868683,225.0
1.0,1.0,0.0,0.0,0.0,1.0,0.0,0.0,0.0,1.0,0.0,0.0,0.0,0.0,0.0,0.0,0.0,0.0,1.0,0.0,0.0,6.0,3.0,9.0,3.0,4.0,4.0,2.0,1.0,14.0,1.0,2.0,3.0,166.0
1.0,1.0,0.0,0.0,1.0,0.0,0.0,1.0,0.0,0.0,0.0,0.0,0.0,0.0,0.0,0.0,0.0,1.0,0.0,0.0,0.0,13.0,1.0,32.0,4.0,4.0,3.0,5.0,0.0,22.0,1.0,2.0,6.0,234.0
1.0,1.0,0.0,0.0,0.0,1.0,0.0,0.0,0.0,1.0,0.0,0.0,0.0,0.0,0.0,0.0,0.0,1.0,0.0,0.0,0.0,1.0,3.0,25.0,4.0,2.0,3.0,4.0,0.0,12.0,1.0,2.0,3.0,187.0
0.0,1.0,0.0,0.0,1.0,0.0,0.0,0.0,1.0,0.0,0.0,0.0,0.0,0.0,0.0,0.0,1.0,0.0,0.0,0.0,0.0,26.0,1.0,35.0,3.0,2.0,3.0,4.0,1.0,12.0,1.0,2.0,3.0,257.0
0.0,0.0,0.0,1.0,0.0,1.0,0.0,0.0,0.0,1.0,0.0,0.0,0.0,0.0,0.0,0.0,1.0,0.0,0.0,0.0,0.0,17.0,1.0,13.0,4.0,5.0,3.0,3.0,1.0,15.0,2.0,2.0,9.0,166.0
0.0,1.0,0.0,0.0,0.0,1.0,0.0,0.0,0.0,1.0,0.0,0.0,0.0,0.0,0.0,0.0,0.0,0.0,1.0,0.0,0.0,1.0,3.0,17.0,4.0,5.0,2.0,3.0,1.0,12.0,3.0,5.0,5.0,183.0
0.0,0.0,0.0,1.0,0.0,0.0,1.0,0.0,0.0,0.0,0.0,1.0,0.0,0.0,0.0,0.0,0.0,1.0,0.0,0.0,1.0,1.0,1.0,24.0,3.0,4.0,3.0,3.0,1.0,14.0,4.0,8.0,8.0,149.0
1.0,0.0,0.0,1.0,0.0,1.0,0.0,0.0,0.0,0.0,0.0,1.0,0.0,0.0,0.0,0.0,1.0,0.0,0.0,0.0,0.0,1.0,1.0,9.0,3.0,5.0,2.0,2.0,0.0,13.0,1.0,2.0,2.0,164.0
0.0,1.0,0.0,0.0,0.0,1.0,0.0,0.0,1.0,0.0,0.0,0.0,0.0,0.0,0.0,0.0,0.0,0.0,0.0,1.0,0.0,16.0,2.0,17.0,3.0,4.0,5.0,2.0,0.0,15.0,1.0,2.0,10.0,293.0
0.0,1.0,0.0,0.0,0.0,1.0,0.0,0.0,0.0,0.0,0.0,1.0,0.0,0.0,0.0,0.0,0.0,0.0,0.0,1.0,0.0,26.0,1.0,15.0,3.0,4.0,5.0,11.0,0.0,14.0,2.0,2.0,5.0,155.0
0.0,0.0,0.0,1.0,0.0,1.0,0.0,0.0,0.0,0.0,0.0,1.0,0.0,0.0,0.0,0.0,1.0,0.0,0.0,0.0,0.0,11.0,1.0,18.0,4.0,4.0,3.0,6.0,0.0,19.0,1.0,2.0,3.0,161.0
1.0,0.0,0.0,1.0,1.0,0.0,0.0,1.0,0.0,0.0,0.0,0.0,0.0,0.0,0.0,0.0,0.0,1.0,0.0,0.0,0.0,9.0,1.0,25.0,3.0,4.0,2.0,4.0,0.0,12.0,1.0,3.0,4.543490512868683,219.0
1.0,1.0,0.0,0.0,0.0,1.0,0.0,0.0,0.0,0.0,0.0,1.0,0.0,0.0,1.0,0.0,0.0,0.0,0.0,0.0,0.0,1.0,1.0,7.0,3.0,4.0,2.0,6.0,0.0,12.0,2.0,2.0,3.0,157.0
1.0,0.0,0.0,1.0,0.0,1.0,0.0,0.0,0.0,0.0,0.0,1.0,0.0,0.0,0.0,0.0,0.0,0.0,0.0,1.0,0.0,1.0,1.0,14.0,4.0,2.0,5.0,2.0,0.0,13.0,2.0,2.0,8.0,161.0
1.0,0.0,0.0,1.0,0.0,1.0,0.0,1.0,0.0,0.0,0.0,0.0,0.0,0.0,0.0,0.0,0.0,0.0,0.0,1.0,0.0,3.0,2.0,24.0,3.0,5.0,5.0,3.0,0.0,14.0,1.0,2.0,10.0,205.0
1.0,0.0,0.0,1.0,1.0,0.0,0.0,0.0,0.0,1.0,0.0,0.0,0.0,0.0,0.0,0.0,0.0,1.0,0.0,0.0,1.0,1.0,1.0,35.0,4.0,5.0,5.0,5.0,0.0,21.0,1.0,2.0,4.0,168.0
0.0,0.0,0.0,1.0,1.0,0.0,0.0,1.0,0.0,0.0,0.0,0.0,0.0,0.0,0.0,0.0,0.0,0.0,0.0,1.0,1.0,1.0,1.0,21.0,3.0,4.0,2.0,2.0,1.0,13.0,3.0,8.0,8.0,201.0
0.0,0.0,0.0,1.0,0.0,1.0,0.0,0.0,1.0,0.0,0.0,0.0,0.0,0.0,0.0,0.0,1.0,0.0,0.0,0.0,0.0,28.0,1.0,7.0,3.0,4.0,2.0,8.0,0.0,15.0,6.0,13.0,8.0,298.0
0.0,1.0,0.0,0.0,0.0,1.0,0.0,0.0,0.0,0.0,0.0,0.0,1.0,0.0,0.0,0.0,1.0,0.0,0.0,0.0,0.0,31.0,1.0,7.0,4.0,4.0,5.0,5.0,1.0,15.0,2.0,2.0,6.0,322.0
1.0,0.0,1.0,0.0,0.0,1.0,0.0,0.0,1.0,0.0,0.0,0.0,0.0,0.0,0.0,0.0,1.0,0.0,0.0,0.0,0.0,29.0,1.0,7.0,3.0,2.0,2.0,4.0,0.0,14.0,1.0,2.0,1.0,272.0
0.0,0.0,0.0,1.0,0.0,1.0,0.0,0.0,0.0,1.0,0.0,0.0,0.0,0.0,0.0,0.0,0.0,0.0,1.0,0.0,0.0,10.0,3.0,10.0,3.0,4.0,4.0,5.0,1.0,17.0,1.0,2.0,4.543490512868683,218.0
0.0,0.0,0.0,1.0,1.0,0.0,0.0,0.0,0.0,0.0,0.0,1.0,0.0,0.0,0.0,0.0,0.0,1.0,0.0,0.0,1.0,1.0,3.0,7.0,3.0,6.0,3.0,3.0,0.0,13.0,2.0,2.0,1.0,139.0
0.0,0.0,1.0,0.0,0.0,1.0,0.0,0.0,0.0,1.0,0.0,0.0,0.0,0.0,0.0,0.0,0.0,0.0,1.0,0.0,0.0,4.0,3.0,14.0,4.0,4.0,5.0,9.0,0.0,15.0,2.0,2.0,3.0,173.0
0.0,0.0,0.0,1.0,0.0,1.0,0.0,0.0,1.0,0.0,0.0,0.0,0.0,0.0,0.0,0.0,0.0,1.0,0.0,0.0,0.0,5.0,1.0,15.0,4.0,4.0,4.0,5.0,0.0,12.0,1.0,2.0,1.0,289.0
1.0,0.0,1.0,0.0,1.0,0.0,0.0,0.0,0.0,0.0,0.0,1.0,0.0,0.0,0.0,0.0,0.0,0.0,0.0,1.0,0.0,8.0,1.0,7.0,4.0,4.0,5.0,7.0,0.0,15.0,2.0,2.0,4.0,155.0
0.0,0.0,0.0,1.0,0.0,0.0,1.0,0.0,0.0,0.0,0.0,1.0,0.0,0.0,0.0,0.0,0.0,1.0,0.0,0.0,1.0,1.0,1.0,15.0,3.0,5.0,4.0,3.0,0.0,13.0,1.0,2.0,1.0,138.0
1.0,1.0,0.0,0.0,0.0,0.0,1.0,0.0,0.0,0.0,0.0,1.0,0.0,0.0,0.0,0.0,0.0,1.0,0.0,0.0,0.0,1.0,1.0,18.0,4.0,4.0,5.0,2.0,0.0,15.0,2.0,2.0,5.0,146.0
1.0,0.0,0.0,1.0,0.0,1.0,0.0,0.0,0.0,1.0,0.0,0.0,0.0,0.0,0.0,0.0,0.0,1.0,0.0,0.0,0.0,10.0,1.0,11.0,3.0,5.0,2.0,3.0,0.0,17.0,2.0,2.0,9.0,183.0
0.0,1.0,0.0,0.0,0.0,1.0,0.0,0.0,0.0,1.0,0.0,0.0,0.0,0.0,0.0,0.0,0.0,0.0,1.0,0.0,0.0,10.0,3.0,23.0,4.0,5.0,5.0,6.0,0.0,14.0,2.0,2.0,3.0,181.0
1.0,1.0,0.0,0.0,0.0,1.0,0.0,0.0,0.0,0.0,0.0,1.0,0.0,0.0,1.0,0.0,0.0,0.0,0.0,0.0,0.0,21.0,1.0,7.0,4.0,4.0,2.0,9.0,0.0,13.0,2.0,2.0,3.0,159.0
1.0,1.0,0.0,0.0,0.0,1.0,0.0,0.0,0.0,0.0,0.0,1.0,0.0,0.0,0.0,0.0,0.0,1.0,0.0,0.0,1.0,1.0,3.0,16.0,4.0,5.0,5.0,5.0,0.0,13.0,2.0,3.0,3.0,169.0
1.0,0.0,0.0,1.0,1.0,0.0,0.0,0.0,0.0,0.0,0.0,1.0,0.0,0.0,1.0,0.0,0.0,0.0,0.0,0.0,0.0,11.0,1.0,12.0,3.0,2.0,3.0,2.0,0.0,15.0,2.0,2.0,4.0,160.0
0.0,1.0,0.0,0.0,0.0,0.0,1.0,0.0,0.0,0.0,0.0,1.0,0.0,0.0,0.0,0.0,0.0,1.0,0.0,0.0,0.0,30.0,1.0,7.0,3.0,4.0,5.0,4.0,0.0,23.0,2.0,2.0,1.0,146.0
0.0,1.0,0.0,0.0,0.0,1.0,0.0,0.0,1.0,0.0,0.0,0.0,0.0,0.0,0.0,0.0,1.0,0.0,0.0,0.0,0.0,21.0,1.0,9.0,3.0,4.0,3.0,5.0,0.0,15.0,4.0,6.0,7.0,297.0
0.0,1.0,0.0,0.0,0.0,1.0,0.0,0.0,0.0,1.0,0.0,0.0,0.0,0.0,0.0,0.0,1.0,0.0,0.0,0.0,0.0,1.0,3.0,11.0,3.0,4.0,3.0,3.0,1.0,13.0,2.0,2.0,4.0,167.0
1.0,1.0,0.0,0.0,0.0,1.0,0.0,0.0,0.0,1.0,0.0,0.0,0.0,0.0,0.0,0.0,0.0,0.0,1.0,0.0,0.0,6.0,3.0,14.0,4.0,4.0,2.0,6.0,0.0,13.0,2.0,2.0,4.543490512868683,217.0
0.0,1.0,0.0,0.0,0.0,1.0,0.0,0.0,0.0,0.0,0.0,1.0,0.0,0.0,0.0,0.0,0.0,1.0,0.0,0.0,0.0,8.0,1.0,7.0,3.0,5.0,4.0,7.0,0.0,18.0,2.0,2.0,3.0,158.0
1.0,1.0,0.0,0.0,0.0,0.0,1.0,0.0,0.0,0.0,0.0,1.0,0.0,0.0,0.0,0.0,1.0,0.0,0.0,0.0,0.0,15.0,1.0,12.0,3.0,2.0,3.0,4.0,1.0,13.0,2.0,2.0,4.0,146.0
1.0,0.0,1.0,0.0,1.0,0.0,0.0,0.0,0.0,1.0,0.0,0.0,0.0,0.0,0.0,0.0,0.0,0.0,0.0,1.0,0.0,14.0,1.0,16.0,3.0,4.0,3.0,5.0,0.0,12.0,2.0,2.0,8.0,165.0
1.0,0.0,1.0,0.0,0.0,1.0,0.0,1.0,0.0,0.0,0.0,0.0,0.0,0.0,0.0,0.0,0.0,1.0,0.0,0.0,0.0,5.0,3.0,15.0,3.0,4.0,2.0,3.0,0.0,19.0,3.0,2.0,10.0,233.0
1.0,0.0,1.0,0.0,0.0,1.0,0.0,1.0,0.0,0.0,0.0,0.0,0.0,0.0,0.0,0.0,0.0,0.0,1.0,0.0,1.0,10.0,3.0,16.0,3.0,4.0,1.0,6.0,0.0,12.0,1.0,5.0,4.543490512868683,226.0
0.0,0.0,0.0,1.0,1.0,0.0,0.0,0.0,0.0,0.0,0.0,1.0,0.0,0.0,0.0,0.0,0.0,1.0,0.0,0.0,1.0,3.0,1.0,9.0,3.0,5.0,5.0,4.0,1.0,24.0,1.0,2.0,1.0,161.0
0.0,0.0,0.0,1.0,1.0,0.0,0.0,1.0,0.0,0.0,0.0,0.0,0.0,0.0,0.0,0.0,0.0,1.0,0.0,0.0,1.0,1.0,1.0,7.0,4.0,2.0,4.0,3.0,0.0,12.0,4.0,5.0,8.0,199.0
1.0,0.0,1.0,0.0,0.0,1.0,0.0,1.0,0.0,0.0,0.0,0.0,0.0,0.0,0.0,0.0,1.0,0.0,0.0,0.0,0.0,19.0,1.0,27.0,4.0,6.0,5.0,4.0,1.0,19.0,1.0,2.0,8.0,234.0
0.0,0.0,0.0,1.0,0.0,0.0,1.0,0.0,0.0,0.0,0.0,1.0,0.0,0.0,0.0,0.0,1.0,0.0,0.0,0.0,0.0,5.0,2.0,15.0,4.0,2.0,4.0,11.0,0.0,19.0,1.0,2.0,3.0,146.0
1.0,1.0,0.0,0.0,1.0,0.0,0.0,0.0,0.0,0.0,0.0,1.0,0.0,0.0,0.0,0.0,0.0,1.0,0.0,0.0,1.0,1.0,1.0,9.0,4.0,4.0,1.0,8.0,1.0,14.0,3.0,3.0,3.0,162.0
1.0,1.0,0.0,0.0,0.0,1.0,0.0,1.0,0.0,0.0,0.0,0.0,0.0,0.0,0.0,1.0,0.0,0.0,0.0,0.0,0.0,19.0,1.0,36.0,3.0,4.0,1.0,6.0,1.0,19.0,2.0,2.0,4.543490512868683,219.0
1.0,0.0,1.0,0.0,0.0,1.0,0.0,0.0,0.0,1.0,0.0,0.0,0.0,0.0,0.0,0.0,0.0,0.0,1.0,0.0,0.0,22.0,3.0,14.0,4.0,4.0,5.0,6.0,0.0,12.0,2.0,3.0,3.0,180.0
0.0,1.0,0.0,0.0,0.0,1.0,0.0,0.0,0.0,0.0,0.0,1.0,0.0,0.0,1.0,0.0,0.0,0.0,0.0,0.0,1.0,1.0,2.0,16.0,3.0,4.0,3.0,3.0,0.0,16.0,2.0,3.0,3.0,152.0
1.0,0.0,1.0,0.0,1.0,0.0,0.0,1.0,0.0,0.0,0.0,0.0,0.0,0.0,0.0,0.0,1.0,0.0,0.0,0.0,0.0,14.0,1.0,15.0,3.0,5.0,4.0,4.0,0.0,12.0,1.0,5.0,9.0,263.0
1.0,0.0,0.0,1.0,0.0,1.0,0.0,0.0,0.0,1.0,0.0,0.0,0.0,0.0,0.0,0.0,1.0,0.0,0.0,0.0,0.0,2.0,3.0,12.0,3.0,4.0,5.0,2.0,0.0,19.0,2.0,2.0,4.543490512868683,210.0
1.0,0.0,0.0,1.0,1.0,0.0,0.0,0.0,0.0,0.0,0.0,1.0,0.0,0.0,0.0,0.0,0.0,1.0,0.0,0.0,0.0,18.0,1.0,12.0,3.0,5.0,3.0,5.0,0.0,15.0,1.0,2.0,4.0,157.0
1.0,0.0,0.0,1.0,0.0,1.0,0.0,0.0,1.0,0.0,0.0,0.0,0.0,0.0,0.0,0.0,1.0,0.0,0.0,0.0,0.0,27.0,1.0,9.0,3.0,2.0,4.0,6.0,0.0,13.0,1.0,9.0,9.0,291.0
1.0,1.0,0.0,0.0,0.0,1.0,0.0,0.0,0.0,1.0,0.0,0.0,0.0,0.0,1.0,0.0,0.0,0.0,0.0,0.0,0.0,23.0,1.0,12.0,4.0,4.0,3.0,4.0,0.0,15.0,1.0,2.0,3.0,192.0
1.0,0.0,1.0,0.0,0.0,0.0,1.0,0.0,0.0,0.0,0.0,1.0,0.0,0.0,0.0,0.0,1.0,0.0,0.0,0.0,0.0,14.0,1.0,9.0,4.0,4.0,3.0,4.0,0.0,15.0,1.0,2.0,3.0,148.0
1.0,0.0,0.0,1.0,0.0,1.0,0.0,0.0,0.0,0.0,0.0,1.0,0.0,0.0,0.0,0.0,0.0,1.0,0.0,0.0,0.0,18.0,1.0,27.0,3.0,4.0,4.0,3.0,0.0,14.0,2.0,2.0,4.0,159.0
1.0,1.0,0.0,0.0,1.0,0.0,0.0,0.0,0.0,1.0,0.0,0.0,0.0,0.0,0.0,0.0,1.0,0.0,0.0,0.0,0.0,7.0,3.0,14.0,3.0,4.0,5.0,2.0,0.0,15.0,1.0,2.0,4.0,169.0
1.0,0.0,0.0,1.0,0.0,1.0,0.0,0.0,0.0,1.0,0.0,0.0,0.0,0.0,0.0,0.0,0.0,0.0,0.0,1.0,0.0,8.0,3.0,10.0,3.0,6.0,5.0,5.0,0.0,19.0,3.0,4.0,13.0,173.0
1.0,1.0,0.0,0.0,0.0,1.0,0.0,0.0,0.0,1.0,0.0,0.0,0.0,0.0,0.0,0.0,0.0,1.0,0.0,0.0,0.0,4.0,3.0,23.0,4.0,4.0,3.0,10.0,0.0,16.0,1.0,3.0,3.0,178.0
0.0,0.0,0.0,1.0,1.0,0.0,0.0,0.0,0.0,0.0,0.0,1.0,0.0,0.0,0.0,0.0,1.0,0.0,0.0,0.0,0.0,16.0,1.0,16.0,4.0,4.0,1.0,3.0,0.0,14.0,5.0,6.0,9.0,162.0
0.0,1.0,0.0,0.0,1.0,0.0,0.0,0.0,0.0,1.0,0.0,0.0,0.0,0.0,0.0,0.0,0.0,0.0,1.0,0.0,0.0,18.0,3.0,7.0,4.0,4.0,3.0,9.0,0.0,13.0,2.0,2.0,1.0,173.0
1.0,0.0,1.0,0.0,1.0,0.0,0.0,0.0,0.0,0.0,0.0,1.0,0.0,0.0,1.0,0.0,0.0,0.0,0.0,0.0,0.0,4.0,1.0,14.0,4.0,4.0,3.0,3.0,0.0,14.0,1.0,2.0,1.0,138.0
1.0,1.0,0.0,0.0,0.0,1.0,0.0,0.0,0.0,1.0,0.0,0.0,0.0,0.0,0.0,0.0,0.0,1.0,0.0,0.0,0.0,51.0,1.0,7.0,4.0,2.0,3.0,2.0,0.0,25.0,2.0,3.0,9.0,174.0
1.0,0.0,1.0,0.0,0.0,1.0,0.0,1.0,0.0,0.0,0.0,0.0,0.0,0.0,0.0,0.0,0.0,1.0,0.0,0.0,0.0,23.0,1.0,14.0,3.0,4.0,4.0,5.0,0.0,15.0,1.0,2.0,4.543490512868683,230.0
1.0,0.0,1.0,0.0,1.0,0.0,0.0,0.0,1.0,0.0,0.0,0.0,0.0,0.0,0.0,0.0,1.0,0.0,0.0,0.0,0.0,8.0,1.0,22.0,4.0,4.0,5.0,9.0,0.0,15.0,3.0,7.0,10.0,295.0
1.0,1.0,0.0,0.0,1.0,0.0,0.0,0.0,0.0,0.0,0.0,1.0,0.0,0.0,1.0,0.0,0.0,0.0,0.0,0.0,1.0,1.0,3.0,7.0,4.0,4.0,3.0,5.0,0.0,16.0,2.0,2.0,3.0,154.0
0.0,0.0,0.0,1.0,1.0,0.0,0.0,0.0,0.0,1.0,0.0,0.0,0.0,0.0,1.0,0.0,0.0,0.0,0.0,0.0,1.0,1.0,3.0,20.0,3.0,4.0,4.0,7.0,0.0,12.0,1.0,2.0,1.0,183.0
0.0,0.0,0.0,1.0,0.0,1.0,0.0,0.0,0.0,1.0,0.0,0.0,0.0,0.0,0.0,0.0,1.0,0.0,0.0,0.0,1.0,1.0,3.0,31.0,3.0,5.0,4.0,2.0,1.0,24.0,3.0,11.0,11.0,171.0
1.0,1.0,0.0,0.0,0.0,0.0,1.0,0.0,0.0,0.0,0.0,1.0,0.0,0.0,0.0,0.0,0.0,1.0,0.0,0.0,0.0,9.0,3.0,14.0,4.0,4.0,3.0,3.0,0.0,14.0,2.0,2.0,1.0,149.0
1.0,0.0,0.0,1.0,1.0,0.0,0.0,0.0,0.0,0.0,0.0,1.0,0.0,0.0,0.0,0.0,1.0,0.0,0.0,0.0,1.0,1.0,1.0,16.0,3.0,4.0,5.0,4.0,1.0,12.0,1.0,2.0,1.0,157.0
0.0,1.0,0.0,0.0,1.0,0.0,0.0,0.0,0.0,0.0,0.0,1.0,0.0,0.0,0.0,0.0,0.0,1.0,0.0,0.0,0.0,1.0,3.0,20.0,4.0,4.0,4.0,3.0,0.0,14.0,1.0,2.0,1.0,145.0
1.0,0.0,0.0,1.0,1.0,0.0,0.0,1.0,0.0,0.0,0.0,0.0,0.0,0.0,0.0,0.0,1.0,0.0,0.0,0.0,0.0,18.0,1.0,9.0,3.0,4.0,3.0,7.0,1.0,19.0,1.0,3.0,4.543490512868683,227.0
1.0,0.0,1.0,0.0,0.0,1.0,0.0,0.0,0.0,1.0,0.0,0.0,0.0,0.0,0.0,0.0,0.0,1.0,0.0,0.0,0.0,3.0,3.0,26.0,4.0,5.0,3.0,3.0,0.0,15.0,2.0,2.0,4.543490512868683,211.0
1.0,0.0,1.0,0.0,0.0,0.0,1.0,0.0,0.0,0.0,0.0,1.0,0.0,0.0,0.0,0.0,0.0,1.0,0.0,0.0,0.0,4.0,2.0,7.0,3.0,4.0,3.0,2.0,0.0,22.0,1.0,2.0,4.0,146.0
1.0,1.0,0.0,0.0,0.0,1.0,0.0,0.0,0.0,1.0,0.0,0.0,0.0,0.0,0.0,0.0,0.0,1.0,0.0,0.0,0.0,29.0,1.0,11.0,2.0,4.0,3.0,2.0,1.0,17.0,1.0,2.0,3.0,165.0
0.0,1.0,0.0,0.0,0.0,1.0,0.0,0.0,0.0,0.0,0.0,1.0,0.0,0.0,0.0,0.0,1.0,0.0,0.0,0.0,0.0,7.0,1.0,11.0,3.0,5.0,4.0,10.0,0.0,12.0,1.0,2.0,3.0,163.0
0.0,1.0,0.0,0.0,0.0,1.0,0.0,0.0,0.0,1.0,0.0,0.0,0.0,0.0,0.0,0.0,1.0,0.0,0.0,0.0,0.0,21.0,3.0,21.0,4.0,4.0,3.0,5.0,1.0,18.0,2.0,2.0,3.0,171.0
1.0,0.0,0.0,1.0,1.0,0.0,0.0,0.0,0.0,0.0,0.0,1.0,0.0,0.0,0.0,0.0,1.0,0.0,0.0,0.0,1.0,1.0,1.0,9.0,3.0,5.0,5.0,9.0,0.0,12.0,1.0,2.0,1.0,151.0
1.0,0.0,1.0,0.0,0.0,0.0,1.0,0.0,0.0,0.0,0.0,1.0,0.0,0.0,0.0,0.0,0.0,1.0,0.0,0.0,0.0,2.0,1.0,7.0,4.0,5.0,3.0,3.0,0.0,15.0,1.0,2.0,1.0,141.0
1.0,0.0,0.0,1.0,1.0,0.0,0.0,0.0,0.0,1.0,0.0,0.0,0.0,0.0,0.0,0.0,0.0,1.0,0.0,0.0,0.0,2.0,3.0,14.0,3.0,4.0,5.0,2.0,0.0,15.0,2.0,2.0,4.0,174.0
0.0,1.0,0.0,0.0,0.0,1.0,0.0,0.0,0.0,1.0,0.0,0.0,0.0,0.0,0.0,0.0,1.0,0.0,0.0,0.0,0.0,23.0,1.0,10.0,3.0,5.0,5.0,6.0,0.0,26.0,2.0,2.0,3.0,173.0
0.0,1.0,0.0,0.0,1.0,0.0,0.0,0.0,0.0,0.0,0.0,1.0,0.0,0.0,0.0,0.0,0.0,1.0,0.0,0.0,0.0,3.0,1.0,9.0,4.0,4.0,4.0,2.0,0.0,14.0,1.0,2.0,3.0,157.0
1.0,1.0,0.0,0.0,0.0,1.0,0.0,0.0,0.0,1.0,0.0,0.0,0.0,0.0,0.0,0.0,0.0,1.0,0.0,0.0,0.0,2.0,1.0,36.0,4.0,6.0,4.0,3.0,0.0,15.0,2.0,2.0,8.0,190.0
1.0,0.0,0.0,1.0,0.0,1.0,0.0,0.0,0.0,1.0,0.0,0.0,0.0,0.0,0.0,0.0,0.0,1.0,0.0,0.0,0.0,7.0,1.0,15.0,4.0,4.0,3.0,4.0,1.0,18.0,1.0,2.0,1.0,189.0
1.0,0.0,0.0,1.0,0.0,1.0,0.0,1.0,0.0,0.0,0.0,0.0,0.0,0.0,0.0,0.0,1.0,0.0,0.0,0.0,0.0,6.0,1.0,17.0,1.0,4.0,1.0,4.0,0.0,26.0,1.0,2.0,1.0,237.0
0.0,0.0,1.0,0.0,1.0,0.0,0.0,0.0,1.0,0.0,0.0,0.0,0.0,0.0,0.0,0.0,1.0,0.0,0.0,0.0,0.0,28.0,1.0,18.0,3.0,4.0,1.0,5.0,0.0,21.0,1.0,2.0,13.0,285.0
1.0,0.0,0.0,1.0,0.0,0.0,1.0,0.0,0.0,0.0,0.0,1.0,0.0,0.0,1.0,0.0,0.0,0.0,0.0,0.0,1.0,1.0,1.0,7.0,4.0,5.0,5.0,8.0,0.0,14.0,1.0,2.0,8.0,149.0
1.0,1.0,0.0,0.0,0.0,1.0,0.0,0.0,1.0,0.0,0.0,0.0,0.0,0.0,0.0,0.0,0.0,1.0,0.0,0.0,0.0,18.0,1.0,35.0,3.0,4.0,5.0,5.0,0.0,14.0,1.0,15.0,18.0,288.0
0.0,0.0,0.0,1.0,0.0,1.0,0.0,1.0,0.0,0.0,0.0,0.0,0.0,0.0,0.0,0.0,0.0,1.0,0.0,0.0,0.0,13.0,1.0,13.0,3.0,4.0,4.0,6.0,0.0,19.0,1.0,3.0,3.0,209.0
0.0,1.0,0.0,0.0,0.0,1.0,0.0,0.0,1.0,0.0,0.0,0.0,0.0,0.0,0.0,0.0,0.0,1.0,0.0,0.0,0.0,20.0,3.0,10.0,3.0,4.0,4.0,10.0,0.0,13.0,1.0,6.0,2.0,291.0
0.0,0.0,0.0,1.0,0.0,1.0,0.0,1.0,0.0,0.0,0.0,0.0,0.0,0.0,0.0,0.0,0.0,1.0,0.0,0.0,0.0,9.0,1.0,23.0,4.0,5.0,4.0,3.0,0.0,20.0,2.0,4.0,4.543490512868683,211.0
1.0,0.0,0.0,1.0,0.0,0.0,1.0,0.0,0.0,1.0,0.0,0.0,0.0,0.0,0.0,0.0,0.0,1.0,0.0,0.0,0.0,1.0,1.0,27.0,4.0,4.0,3.0,2.0,0.0,15.0,2.0,2.0,3.0,148.0
1.0,0.0,0.0,1.0,0.0,0.0,1.0,0.0,0.0,0.0,0.0,1.0,0.0,0.0,0.0,0.0,0.0,1.0,0.0,0.0,1.0,4.0,1.0,16.0,3.0,4.0,5.0,5.0,0.0,15.0,2.0,2.0,1.0,145.0
1.0,1.0,0.0,0.0,0.0,1.0,0.0,1.0,0.0,0.0,0.0,0.0,0.0,0.0,0.0,1.0,0.0,0.0,0.0,0.0,0.0,8.0,3.0,7.0,4.0,5.0,3.0,3.0,1.0,15.0,8.0,9.0,7.0,196.0
0.0,0.0,0.0,1.0,1.0,0.0,0.0,0.0,0.0,0.0,0.0,1.0,0.0,0.0,0.0,0.0,0.0,1.0,0.0,0.0,1.0,1.0,1.0,10.0,3.0,4.0,3.0,3.0,0.0,13.0,7.0,8.0,8.0,166.0
1.0,0.0,0.0,1.0,1.0,0.0,0.0,0.0,1.0,0.0,0.0,0.0,0.0,0.0,0.0,0.0,1.0,0.0,0.0,0.0,0.0,24.0,1.0,29.0,3.0,6.0,1.0,3.0,1.0,14.0,1.0,14.0,10.0,269.0
1.0,0.0,1.0,0.0,0.0,0.0,1.0,0.0,0.0,0.0,0.0,1.0,0.0,0.0,1.0,0.0,0.0,0.0,0.0,0.0,0.0,8.0,3.0,14.0,3.0,4.0,3.0,2.0,1.0,26.0,1.0,6.0,8.0,148.0
1.0,0.0,1.0,0.0,0.0,1.0,0.0,0.0,0.0,0.0,0.0,1.0,0.0,0.0,0.0,0.0,1.0,0.0,0.0,0.0,0.0,16.0,1.0,9.0,4.0,5.0,4.0,6.0,0.0,15.0,2.0,2.0,1.0,173.0
1.0,0.0,1.0,0.0,0.0,1.0,0.0,0.0,0.0,1.0,0.0,0.0,0.0,0.0,0.0,0.0,1.0,0.0,0.0,0.0,0.0,11.0,1.0,20.0,3.0,4.0,1.0,3.0,0.0,18.0,1.0,4.0,8.0,168.0
0.0,0.0,1.0,0.0,0.0,1.0,0.0,0.0,0.0,1.0,0.0,0.0,0.0,0.0,0.0,0.0,0.0,0.0,0.0,1.0,0.0,3.0,1.0,15.0,3.0,6.0,5.0,5.0,0.0,14.0,1.0,2.0,4.543490512868683,222.0
1.0,0.0,0.0,1.0,0.0,1.0,0.0,0.0,0.0,1.0,0.0,0.0,0.0,0.0,0.0,0.0,0.0,1.0,0.0,0.0,0.0,7.0,1.0,32.0,3.0,5.0,4.0,3.0,0.0,14.0,1.0,2.0,3.0,168.0
1.0,0.0,1.0,0.0,0.0,0.0,1.0,0.0,0.0,0.0,0.0,1.0,0.0,0.0,1.0,0.0,0.0,0.0,0.0,0.0,0.0,19.0,1.0,35.0,4.0,4.0,1.0,6.0,0.0,21.0,2.0,2.0,4.0,146.0
1.0,0.0,1.0,0.0,1.0,0.0,0.0,1.0,0.0,0.0,0.0,0.0,0.0,0.0,0.0,0.0,0.0,1.0,0.0,0.0,0.0,16.0,1.0,9.0,3.0,4.0,1.0,4.0,1.0,15.0,13.0,14.0,4.543490512868683,226.0
1.0,0.0,1.0,0.0,0.0,1.0,0.0,0.0,0.0,1.0,0.0,0.0,0.0,0.0,0.0,0.0,1.0,0.0,0.0,0.0,0.0,14.0,3.0,16.0,3.0,4.0,5.0,2.0,0.0,13.0,3.0,8.0,2.0,180.0
1.0,0.0,1.0,0.0,0.0,1.0,0.0,0.0,0.0,1.0,0.0,0.0,0.0,0.0,0.0,0.0,0.0,1.0,0.0,0.0,0.0,7.0,1.0,35.0,4.0,4.0,3.0,3.0,1.0,13.0,2.0,6.0,8.0,177.0
1.0,0.0,0.0,1.0,0.0,1.0,0.0,0.0,1.0,0.0,0.0,0.0,0.0,0.0,0.0,0.0,1.0,0.0,0.0,0.0,0.0,14.0,2.0,13.0,3.0,4.0,1.0,3.0,1.0,22.0,1.0,8.0,8.0,289.0
1.0,0.0,1.0,0.0,0.0,0.0,1.0,0.0,0.0,0.0,0.0,1.0,0.0,0.0,1.0,0.0,0.0,0.0,0.0,0.0,0.0,1.0,1.0,28.0,3.0,5.0,5.0,2.0,0.0,15.0,1.0,2.0,1.0,148.0
1.0,0.0,1.0,0.0,1.0,0.0,0.0,0.0,0.0,1.0,0.0,0.0,0.0,0.0,0.0,0.0,0.0,1.0,0.0,0.0,0.0,14.0,1.0,15.0,4.0,4.0,1.0,5.0,1.0,19.0,3.0,3.0,3.0,166.0
1.0,0.0,1.0,0.0,0.0,1.0,0.0,1.0,0.0,0.0,0.0,0.0,0.0,0.0,0.0,1.0,0.0,0.0,0.0,0.0,0.0,19.0,1.0,7.0,4.0,4.0,4.0,3.0,0.0,13.0,7.0,8.0,8.0,199.0
0.0,0.0,1.0,0.0,0.0,0.0,1.0,0.0,0.0,0.0,0.0,1.0,0.0,0.0,0.0,0.0,0.0,1.0,0.0,0.0,0.0,9.0,3.0,7.0,4.0,5.0,3.0,2.0,0.0,24.0,3.0,5.0,3.0,149.0
0.0,0.0,1.0,0.0,0.0,1.0,0.0,0.0,0.0,1.0,0.0,0.0,0.0,0.0,0.0,0.0,0.0,1.0,0.0,0.0,0.0,6.0,1.0,12.0,4.0,5.0,4.0,5.0,0.0,13.0,2.0,3.0,6.0,184.0
1.0,0.0,0.0,1.0,0.0,1.0,0.0,0.0,0.0,0.0,0.0,1.0,0.0,0.0,0.0,0.0,0.0,1.0,0.0,0.0,0.0,10.0,3.0,9.0,4.0,4.0,1.0,5.0,1.0,22.0,1.0,2.0,3.0,151.0
0.0,0.0,1.0,0.0,0.0,1.0,0.0,0.0,0.0,1.0,0.0,0.0,0.0,0.0,0.0,0.0,0.0,1.0,0.0,0.0,0.0,22.0,3.0,23.0,4.0,4.0,3.0,10.0,0.0,15.0,2.0,8.0,8.0,189.0
1.0,0.0,1.0,0.0,0.0,1.0,0.0,0.0,0.0,0.0,0.0,1.0,0.0,0.0,0.0,0.0,0.0,1.0,0.0,0.0,0.0,3.0,1.0,16.0,4.0,2.0,3.0,8.0,0.0,19.0,2.0,2.0,1.0,150.0
1.0,0.0,1.0,0.0,0.0,1.0,0.0,0.0,0.0,1.0,0.0,0.0,0.0,0.0,0.0,0.0,0.0,1.0,0.0,0.0,0.0,7.0,3.0,15.0,3.0,4.0,5.0,4.0,0.0,14.0,3.0,3.0,3.0,189.0
1.0,0.0,1.0,0.0,0.0,1.0,0.0,0.0,0.0,1.0,0.0,0.0,0.0,0.0,0.0,0.0,0.0,1.0,0.0,0.0,1.0,1.0,3.0,7.0,4.0,5.0,5.0,3.0,0.0,12.0,4.0,7.0,4.543490512868683,222.0
1.0,0.0,1.0,0.0,1.0,0.0,0.0,0.0,0.0,1.0,0.0,0.0,0.0,0.0,0.0,0.0,0.0,0.0,0.0,1.0,0.0,12.0,2.0,17.0,4.0,4.0,3.0,5.0,0.0,12.0,1.0,2.0,3.0,186.0
1.0,0.0,0.0,1.0,0.0,0.0,1.0,0.0,0.0,0.0,0.0,1.0,0.0,0.0,0.0,0.0,1.0,0.0,0.0,0.0,0.0,9.0,1.0,7.0,4.0,5.0,5.0,3.0,0.0,20.0,1.0,2.0,3.0,150.0
1.0,0.0,1.0,0.0,0.0,1.0,0.0,1.0,0.0,0.0,0.0,0.0,0.0,0.0,0.0,1.0,0.0,0.0,0.0,0.0,0.0,4.0,3.0,36.0,3.0,4.0,4.0,5.0,0.0,13.0,1.0,2.0,4.543490512868683,218.0
0.0,0.0,1.0,0.0,0.0,0.0,1.0,0.0,0.0,0.0,0.0,1.0,0.0,0.0,0.0,0.0,0.0,1.0,0.0,0.0,1.0,1.0,1.0,9.0,4.0,4.0,5.0,3.0,1.0,13.0,2.0,2.0,1.0,146.0
0.0,0.0,1.0,0.0,0.0,1.0,0.0,1.0,0.0,0.0,0.0,0.0,0.0,0.0,0.0,1.0,0.0,0.0,0.0,0.0,1.0,17.0,1.0,9.0,4.0,5.0,1.0,2.0,0.0,17.0,2.0,2.0,4.543490512868683,227.0
1.0,0.0,1.0,0.0,0.0,1.0,0.0,0.0,0.0,1.0,0.0,0.0,0.0,0.0,0.0,0.0,1.0,0.0,0.0,0.0,1.0,2.0,1.0,9.0,3.0,4.0,4.0,6.0,0.0,12.0,1.0,2.0,5.0,174.0
1.0,0.0,1.0,0.0,1.0,0.0,0.0,0.0,0.0,1.0,0.0,0.0,0.0,0.0,1.0,0.0,0.0,0.0,0.0,0.0,0.0,6.0,1.0,7.0,4.0,4.0,5.0,6.0,0.0,15.0,2.0,2.0,3.0,166.0
0.0,0.0,1.0,0.0,0.0,0.0,1.0,0.0,0.0,0.0,0.0,1.0,0.0,0.0,0.0,0.0,0.0,0.0,0.0,1.0,0.0,22.0,1.0,22.0,4.0,4.0,5.0,10.0,0.0,13.0,8.0,8.0,7.0,149.0
1.0,0.0,0.0,1.0,0.0,1.0,0.0,0.0,0.0,0.0,0.0,1.0,0.0,0.0,0.0,0.0,1.0,0.0,0.0,0.0,0.0,8.0,1.0,14.0,3.0,4.0,1.0,3.0,0.0,14.0,1.0,2.0,1.0,155.0
1.0,0.0,1.0,0.0,0.0,1.0,0.0,0.0,0.0,0.0,0.0,0.0,1.0,0.0,0.0,0.0,0.0,0.0,1.0,0.0,0.0,29.0,3.0,33.0,3.0,5.0,1.0,3.0,0.0,15.0,3.0,3.0,14.0,321.0
1.0,0.0,1.0,0.0,0.0,1.0,0.0,0.0,0.0,1.0,0.0,0.0,0.0,0.0,0.0,0.0,0.0,1.0,0.0,0.0,0.0,8.0,1.0,7.0,3.0,4.0,1.0,11.0,0.0,18.0,2.0,3.0,2.0,180.0
0.0,0.0,1.0,0.0,0.0,0.0,1.0,0.0,0.0,0.0,0.0,1.0,0.0,0.0,0.0,0.0,0.0,1.0,0.0,0.0,0.0,1.0,1.0,10.0,3.0,4.0,1.0,3.0,0.0,22.0,2.0,2.0,1.0,146.0
1.0,0.0,1.0,0.0,0.0,1.0,0.0,0.0,0.0,1.0,0.0,0.0,0.0,0.0,0.0,0.0,0.0,1.0,0.0,0.0,0.0,12.0,3.0,21.0,4.0,4.0,4.0,2.0,0.0,12.0,6.0,8.0,4.543490512868683,224.0
0.0,0.0,0.0,1.0,0.0,1.0,0.0,0.0,0.0,1.0,0.0,0.0,0.0,0.0,0.0,0.0,0.0,1.0,0.0,0.0,0.0,12.0,3.0,23.0,3.0,4.0,4.0,4.0,0.0,13.0,1.0,2.0,3.0,167.0
0.0,0.0,0.0,1.0,0.0,1.0,0.0,0.0,0.0,1.0,0.0,0.0,0.0,0.0,0.0,0.0,0.0,1.0,0.0,0.0,0.0,10.0,3.0,7.0,4.0,4.0,3.0,8.0,0.0,14.0,2.0,2.0,1.0,193.0
1.0,0.0,0.0,1.0,0.0,1.0,0.0,0.0,0.0,0.0,0.0,1.0,0.0,0.0,0.0,0.0,1.0,0.0,0.0,0.0,0.0,3.0,1.0,10.0,3.0,4.0,5.0,3.0,1.0,19.0,1.0,2.0,6.0,172.0
0.0,0.0,0.0,1.0,0.0,1.0,0.0,0.0,0.0,1.0,0.0,0.0,0.0,0.0,0.0,0.0,1.0,0.0,0.0,0.0,0.0,9.0,1.0,17.0,3.0,4.0,3.0,5.0,1.0,17.0,2.0,2.0,5.0,186.0
1.0,0.0,1.0,0.0,0.0,1.0,0.0,1.0,0.0,0.0,0.0,0.0,0.0,0.0,0.0,0.0,1.0,0.0,0.0,0.0,0.0,13.0,3.0,13.0,3.0,2.0,3.0,4.0,0.0,12.0,5.0,8.0,7.0,207.0
1.0,0.0,1.0,0.0,1.0,0.0,0.0,0.0,0.0,1.0,0.0,0.0,0.0,0.0,0.0,0.0,0.0,1.0,0.0,0.0,0.0,3.0,1.0,9.0,3.0,4.0,1.0,3.0,0.0,20.0,1.0,2.0,4.543490512868683,214.0
1.0,0.0,1.0,0.0,0.0,1.0,0.0,0.0,0.0,0.0,0.0,0.0,1.0,0.0,0.0,0.0,0.0,0.0,1.0,0.0,0.0,24.0,3.0,6.0,3.0,4.0,3.0,6.0,1.0,15.0,1.0,2.0,1.0,318.0
1.0,0.0,1.0,0.0,0.0,0.0,1.0,0.0,0.0,0.0,0.0,1.0,0.0,0.0,1.0,0.0,0.0,0.0,0.0,0.0,0.0,1.0,1.0,17.0,3.0,2.0,3.0,4.0,0.0,17.0,3.0,3.0,3.0,146.0
1.0,0.0,1.0,0.0,1.0,0.0,0.0,0.0,0.0,1.0,0.0,0.0,0.0,0.0,0.0,0.0,0.0,1.0,0.0,0.0,0.0,10.0,1.0,13.0,4.0,2.0,5.0,5.0,1.0,14.0,2.0,2.0,3.0,181.0
1.0,0.0,0.0,1.0,0.0,1.0,0.0,0.0,0.0,0.0,0.0,0.0,1.0,0.0,0.0,0.0,0.0,0.0,0.0,1.0,0.0,16.0,1.0,16.0,4.0,5.0,1.0,10.0,0.0,15.0,2.0,2.0,2.0,321.0
1.0,0.0,1.0,0.0,0.0,1.0,0.0,0.0,0.0,1.0,0.0,0.0,0.0,0.0,0.0,0.0,0.0,1.0,0.0,0.0,0.0,9.0,1.0,35.0,3.0,2.0,3.0,3.0,0.0,18.0,6.0,7.0,9.0,159.0
1.0,0.0,1.0,0.0,1.0,0.0,0.0,0.0,0.0,1.0,0.0,0.0,0.0,0.0,1.0,0.0,0.0,0.0,0.0,0.0,0.0,8.0,1.0,17.0,4.0,5.0,3.0,3.0,0.0,15.0,3.0,8.0,8.0,176.0
0.0,0.0,1.0,0.0,0.0,1.0,0.0,0.0,0.0,1.0,0.0,0.0,0.0,0.0,0.0,0.0,0.0,1.0,0.0,0.0,0.0,14.0,3.0,21.0,3.0,4.0,5.0,3.0,0.0,16.0,1.0,2.0,3.0,171.0
1.0,0.0,1.0,0.0,0.0,1.0,0.0,0.0,0.0,0.0,0.0,1.0,0.0,0.0,1.0,0.0,0.0,0.0,0.0,0.0,0.0,17.0,1.0,34.0,3.0,2.0,4.0,7.0,0.0,13.0,2.0,2.0,3.0,174.0
1.0,0.0,1.0,0.0,0.0,1.0,0.0,0.0,0.0,0.0,0.0,1.0,0.0,0.0,0.0,0.0,0.0,1.0,0.0,0.0,0.0,9.0,1.0,14.0,4.0,5.0,1.0,3.0,0.0,19.0,2.0,2.0,2.0,152.0
1.0,0.0,0.0,1.0,0.0,1.0,0.0,0.0,1.0,0.0,0.0,0.0,0.0,0.0,0.0,0.0,0.0,1.0,0.0,0.0,0.0,20.0,3.0,7.0,3.0,2.0,5.0,3.0,0.0,15.0,2.0,2.0,13.0,301.0
1.0,0.0,1.0,0.0,0.0,0.0,1.0,0.0,0.0,0.0,0.0,1.0,0.0,0.0,0.0,0.0,1.0,0.0,0.0,0.0,1.0,1.0,1.0,31.0,3.0,4.0,4.0,3.0,1.0,18.0,1.0,2.0,1.0,149.0
0.0,0.0,1.0,0.0,1.0,0.0,0.0,0.0,0.0,0.0,0.0,1.0,0.0,0.0,0.0,0.0,0.0,0.0,0.0,1.0,0.0,1.0,1.0,33.0,3.0,5.0,3.0,3.0,1.0,15.0,1.0,2.0,4.0,153.0
1.0,0.0,1.0,0.0,1.0,0.0,0.0,0.0,1.0,0.0,0.0,0.0,0.0,0.0,0.0,0.0,1.0,0.0,0.0,0.0,0.0,24.0,1.0,27.0,3.0,4.0,3.0,4.0,1.0,16.0,4.0,2.0,14.0,237.0
0.0,0.0,1.0,0.0,0.0,1.0,0.0,0.0,0.0,0.0,0.0,1.0,0.0,0.0,0.0,0.0,0.0,0.0,0.0,1.0,0.0,6.0,1.0,12.0,3.0,2.0,1.0,5.0,0.0,18.0,2.0,2.0,3.0,158.0
0.0,0.0,1.0,0.0,0.0,1.0,0.0,0.0,0.0,0.0,0.0,0.0,1.0,0.0,0.0,0.0,1.0,0.0,0.0,0.0,0.0,18.0,1.0,14.0,3.0,4.0,1.0,2.0,1.0,15.0,2.0,2.0,11.0,315.0
1.0,0.0,1.0,0.0,0.0,0.0,1.0,0.0,0.0,0.0,0.0,1.0,0.0,0.0,0.0,0.0,1.0,0.0,0.0,0.0,0.0,4.0,1.0,14.0,3.0,5.0,4.0,3.0,0.0,13.0,1.0,2.0,2.0,146.0
0.0,0.0,0.0,1.0,0.0,1.0,0.0,0.0,0.0,1.0,0.0,0.0,0.0,0.0,0.0,0.0,1.0,0.0,0.0,0.0,0.0,19.0,1.0,12.0,3.0,6.0,5.0,3.0,1.0,15.0,2.0,2.0,5.0,183.0
1.0,0.0,1.0,0.0,1.0,0.0,0.0,0.0,0.0,1.0,0.0,0.0,0.0,0.0,0.0,0.0,0.0,0.0,1.0,0.0,0.0,19.0,3.0,33.0,3.0,5.0,5.0,3.0,0.0,16.0,1.0,5.0,6.0,169.0
1.0,0.0,0.0,1.0,1.0,0.0,0.0,0.0,0.0,1.0,0.0,0.0,0.0,0.0,0.0,0.0,0.0,0.0,0.0,1.0,0.0,5.0,3.0,9.0,3.0,4.0,5.0,9.0,0.0,14.0,1.0,2.0,4.0,178.0
0.0,0.0,1.0,0.0,0.0,1.0,0.0,0.0,0.0,1.0,0.0,0.0,0.0,0.0,0.0,0.0,0.0,1.0,0.0,0.0,0.0,10.0,1.0,19.0,4.0,4.0,3.0,11.0,1.0,13.0,1.0,2.0,2.0,172.0
1.0,0.0,1.0,0.0,1.0,0.0,0.0,0.0,0.0,1.0,0.0,0.0,0.0,0.0,0.0,0.0,0.0,1.0,0.0,0.0,0.0,8.0,1.0,17.0,3.0,2.0,1.0,3.0,0.0,14.0,6.0,8.0,3.0,172.0
0.0,0.0,1.0,0.0,0.0,1.0,0.0,0.0,0.0,0.0,0.0,1.0,0.0,0.0,0.0,0.0,0.0,1.0,0.0,0.0,0.0,23.0,1.0,32.0,3.0,4.0,5.0,3.0,0.0,15.0,1.0,2.0,5.0,157.0
1.0,0.0,1.0,0.0,0.0,1.0,0.0,0.0,0.0,1.0,0.0,0.0,0.0,0.0,0.0,0.0,1.0,0.0,0.0,0.0,0.0,13.0,1.0,17.0,4.0,4.0,5.0,4.0,0.0,14.0,5.0,8.0,8.0,179.0
1.0,0.0,1.0,0.0,0.0,1.0,0.0,0.0,0.0,0.0,0.0,1.0,0.0,0.0,0.0,0.0,0.0,0.0,0.0,1.0,0.0,1.0,1.0,26.0,4.0,5.0,5.0,3.0,0.0,12.0,1.0,2.0,8.0,166.0
1.0,0.0,1.0,0.0,0.0,1.0,0.0,0.0,0.0,1.0,0.0,0.0,0.0,0.0,0.0,0.0,0.0,1.0,0.0,0.0,0.0,9.0,1.0,25.0,3.0,2.0,5.0,3.0,0.0,12.0,1.0,2.0,11.0,177.0
0.0,0.0,1.0,0.0,0.0,1.0,0.0,0.0,0.0,1.0,0.0,0.0,0.0,0.0,0.0,0.0,1.0,0.0,0.0,0.0,0.0,2.0,1.0,34.0,3.0,6.0,5.0,2.0,0.0,22.0,2.0,2.0,1.0,25.0
1.0,0.0,0.0,1.0,0.0,1.0,0.0,0.0,0.0,0.0,0.0,1.0,0.0,0.0,0.0,0.0,1.0,0.0,0.0,0.0,0.0,1.0,1.0,12.0,4.0,4.0,1.0,3.0,0.0,19.0,2.0,3.0,3.0,156.0
0.0,0.0,0.0,1.0,1.0,0.0,0.0,0.0,0.0,0.0,0.0,1.0,0.0,0.0,0.0,0.0,1.0,0.0,0.0,0.0,1.0,1.0,3.0,10.0,4.0,4.0,1.0,3.0,1.0,13.0,1.0,2.0,1.0,141.0
0.0,0.0,1.0,0.0,0.0,1.0,0.0,0.0,0.0,0.0,0.0,0.0,1.0,0.0,0.0,0.0,0.0,1.0,0.0,0.0,0.0,21.0,2.0,33.0,4.0,4.0,3.0,5.0,0.0,15.0,2.0,2.0,1.0,322.0
1.0,0.0,1.0,0.0,0.0,1.0,0.0,0.0,0.0,1.0,0.0,0.0,0.0,0.0,0.0,0.0,1.0,0.0,0.0,0.0,0.0,13.0,1.0,10.0,4.0,5.0,3.0,2.0,0.0,16.0,1.0,2.0,8.0,156.0
0.0,0.0,1.0,0.0,0.0,1.0,0.0,1.0,0.0,0.0,0.0,0.0,0.0,0.0,0.0,0.0,0.0,1.0,0.0,0.0,0.0,14.0,1.0,22.0,4.0,5.0,3.0,3.0,0.0,14.0,2.0,15.0,4.543490512868683,229.0
0.0,0.0,1.0,0.0,1.0,0.0,0.0,0.0,0.0,1.0,0.0,0.0,0.0,0.0,0.0,0.0,0.0,1.0,0.0,0.0,0.0,9.0,1.0,15.0,3.0,4.0,3.0,3.0,0.0,13.0,3.0,3.0,10.0,166.0
1.0,0.0,1.0,0.0,0.0,1.0,0.0,0.0,0.0,1.0,0.0,0.0,0.0,0.0,0.0,0.0,0.0,1.0,0.0,0.0,0.0,11.0,1.0,26.0,3.0,4.0,3.0,5.0,0.0,18.0,1.0,2.0,3.0,183.0
0.0,0.0,0.0,1.0,1.0,0.0,0.0,0.0,0.0,1.0,0.0,0.0,0.0,0.0,0.0,0.0,1.0,0.0,0.0,0.0,0.0,13.0,1.0,11.0,3.0,4.0,3.0,2.0,0.0,14.0,4.0,4.0,9.0,175.0
0.0,0.0,1.0,0.0,0.0,1.0,0.0,0.0,0.0,1.0,0.0,0.0,0.0,0.0,0.0,0.0,0.0,0.0,0.0,1.0,0.0,19.0,1.0,9.0,3.0,5.0,1.0,3.0,0.0,20.0,3.0,4.0,10.0,183.0
0.0,0.0,1.0,0.0,0.0,1.0,0.0,1.0,0.0,0.0,0.0,0.0,0.0,0.0,0.0,0.0,1.0,0.0,0.0,0.0,0.0,12.0,1.0,9.0,3.0,5.0,3.0,5.0,1.0,20.0,2.0,2.0,3.0,203.0
1.0,0.0,1.0,0.0,0.0,1.0,0.0,1.0,0.0,0.0,0.0,0.0,0.0,0.0,0.0,0.0,1.0,0.0,0.0,0.0,1.0,1.0,3.0,17.0,3.0,5.0,5.0,11.0,0.0,18.0,5.0,7.0,4.543490512868683,228.0
0.0,0.0,1.0,0.0,0.0,1.0,0.0,0.0,0.0,0.0,0.0,1.0,0.0,0.0,0.0,0.0,1.0,0.0,0.0,0.0,0.0,11.0,1.0,17.0,4.0,4.0,4.0,3.0,0.0,12.0,2.0,8.0,8.0,164.0
0.0,0.0,0.0,1.0,0.0,1.0,0.0,1.0,0.0,0.0,0.0,0.0,0.0,0.0,0.0,0.0,0.0,1.0,0.0,0.0,0.0,14.0,1.0,23.0,3.0,4.0,1.0,8.0,1.0,16.0,2.0,4.0,4.0,204.0
1.0,0.0,1.0,0.0,1.0,0.0,0.0,0.0,0.0,1.0,0.0,0.0,0.0,0.0,0.0,0.0,0.0,0.0,0.0,1.0,0.0,18.0,2.0,7.0,3.0,4.0,1.0,6.0,1.0,12.0,2.0,2.0,3.0,182.0
1.0,0.0,1.0,0.0,1.0,0.0,0.0,0.0,1.0,0.0,0.0,0.0,0.0,0.0,0.0,0.0,1.0,0.0,0.0,0.0,0.0,22.0,1.0,11.0,3.0,5.0,1.0,4.0,0.0,26.0,1.0,3.0,3.0,277.0
1.0,0.0,1.0,0.0,0.0,1.0,0.0,0.0,0.0,1.0,0.0,0.0,0.0,0.0,0.0,0.0,1.0,0.0,0.0,0.0,1.0,1.0,3.0,22.0,3.0,6.0,1.0,8.0,1.0,15.0,2.0,3.0,3.0,179.0
0.0,0.0,0.0,1.0,1.0,0.0,0.0,0.0,0.0,0.0,0.0,1.0,0.0,0.0,1.0,0.0,0.0,0.0,0.0,0.0,0.0,1.0,1.0,9.0,3.0,4.0,1.0,3.0,1.0,14.0,2.0,2.0,4.0,163.0
0.0,0.0,1.0,0.0,0.0,1.0,0.0,0.0,0.0,0.0,0.0,1.0,0.0,0.0,0.0,0.0,1.0,0.0,0.0,0.0,0.0,1.0,1.0,15.0,3.0,2.0,3.0,9.0,0.0,18.0,1.0,2.0,3.0,160.0
1.0,0.0,0.0,1.0,1.0,0.0,0.0,0.0,0.0,0.0,0.0,1.0,0.0,0.0,0.0,0.0,1.0,0.0,0.0,0.0,0.0,1.0,1.0,9.0,3.0,4.0,1.0,4.0,0.0,14.0,1.0,2.0,3.0,151.0
1.0,0.0,0.0,1.0,0.0,0.0,1.0,0.0,0.0,0.0,0.0,1.0,0.0,0.0,0.0,0.0,0.0,1.0,0.0,0.0,1.0,4.0,1.0,14.0,4.0,4.0,5.0,5.0,1.0,15.0,1.0,2.0,4.0,147.0
1.0,0.0,0.0,1.0,0.0,1.0,0.0,0.0,0.0,1.0,0.0,0.0,0.0,0.0,0.0,0.0,1.0,0.0,0.0,0.0,0.0,3.0,3.0,17.0,3.0,5.0,3.0,11.0,0.0,12.0,2.0,2.0,5.0,184.0
0.0,0.0,1.0,0.0,0.0,1.0,0.0,1.0,0.0,0.0,0.0,0.0,0.0,0.0,0.0,0.0,0.0,1.0,0.0,0.0,0.0,10.0,1.0,12.0,3.0,4.0,5.0,6.0,0.0,13.0,2.0,2.0,3.0,205.0
1.0,0.0,1.0,0.0,1.0,0.0,0.0,0.0,0.0,1.0,0.0,0.0,0.0,0.0,0.0,0.0,0.0,1.0,0.0,0.0,0.0,1.0,1.0,9.0,4.0,2.0,3.0,3.0,0.0,18.0,1.0,2.0,8.0,177.0
1.0,0.0,1.0,0.0,0.0,1.0,0.0,0.0,0.0,1.0,0.0,0.0,0.0,0.0,0.0,0.0,1.0,0.0,0.0,0.0,0.0,13.0,1.0,19.0,4.0,4.0,4.0,6.0,0.0,22.0,2.0,2.0,1.0,178.0
0.0,0.0,1.0,0.0,0.0,1.0,0.0,0.0,1.0,0.0,0.0,0.0,0.0,0.0,0.0,0.0,0.0,0.0,0.0,1.0,0.0,23.0,1.0,29.0,4.0,4.0,4.0,5.0,0.0,17.0,1.0,2.0,3.0,289.0
0.0,0.0,1.0,0.0,0.0,1.0,0.0,1.0,0.0,0.0,0.0,0.0,0.0,0.0,0.0,0.0,0.0,1.0,0.0,0.0,0.0,24.0,1.0,24.0,3.0,5.0,5.0,7.0,0.0,16.0,2.0,2.0,12.0,258.0
0.0,0.0,0.0,1.0,0.0,1.0,0.0,0.0,0.0,0.0,0.0,1.0,0.0,0.0,0.0,0.0,1.0,0.0,0.0,0.0,0.0,1.0,3.0,9.0,3.0,4.0,3.0,3.0,0.0,20.0,1.0,3.0,3.0,153.0
0.0,0.0,1.0,0.0,0.0,1.0,0.0,0.0,0.0,1.0,0.0,0.0,0.0,0.0,0.0,0.0,0.0,1.0,0.0,0.0,0.0,8.0,1.0,10.0,4.0,4.0,4.0,3.0,0.0,13.0,8.0,8.0,10.0,179.0
1.0,0.0,0.0,1.0,0.0,0.0,1.0,0.0,0.0,0.0,0.0,1.0,0.0,0.0,0.0,0.0,0.0,1.0,0.0,0.0,0.0,10.0,1.0,14.0,4.0,4.0,4.0,4.0,0.0,12.0,1.0,2.0,4.0,145.0
0.0,0.0,1.0,0.0,0.0,1.0,0.0,0.0,1.0,0.0,0.0,0.0,0.0,0.0,0.0,0.0,0.0,1.0,0.0,0.0,0.0,23.0,1.0,13.0,3.0,5.0,3.0,4.0,1.0,20.0,1.0,3.0,13.0,265.0
0.0,0.0,1.0,0.0,1.0,0.0,0.0,0.0,0.0,1.0,0.0,0.0,0.0,0.0,0.0,0.0,1.0,0.0,0.0,0.0,0.0,10.0,1.0,7.0,3.0,5.0,3.0,2.0,0.0,16.0,2.0,2.0,3.0,169.0
1.0,0.0,1.0,0.0,0.0,1.0,0.0,0.0,0.0,1.0,0.0,0.0,0.0,0.0,0.0,0.0,0.0,1.0,0.0,0.0,0.0,10.0,1.0,10.0,4.0,2.0,5.0,8.0,0.0,21.0,2.0,2.0,5.0,193.0
0.0,0.0,1.0,0.0,0.0,1.0,0.0,0.0,1.0,0.0,0.0,0.0,0.0,0.0,0.0,0.0,1.0,0.0,0.0,0.0,0.0,28.0,1.0,29.0,4.0,4.0,3.0,5.0,0.0,15.0,3.0,5.0,8.0,299.0
1.0,0.0,1.0,0.0,0.0,1.0,0.0,0.0,1.0,0.0,0.0,0.0,0.0,0.0,0.0,0.0,0.0,1.0,0.0,0.0,0.0,17.0,1.0,22.0,4.0,5.0,3.0,3.0,0.0,15.0,5.0,7.0,12.0,301.0
1.0,0.0,0.0,1.0,1.0,0.0,0.0,0.0,0.0,1.0,0.0,0.0,0.0,0.0,0.0,0.0,0.0,0.0,0.0,1.0,1.0,1.0,3.0,19.0,3.0,4.0,1.0,5.0,1.0,25.0,4.0,7.0,8.0,171.0
1.0,0.0,1.0,0.0,1.0,0.0,0.0,0.0,0.0,1.0,0.0,0.0,0.0,0.0,0.0,0.0,0.0,1.0,0.0,0.0,0.0,12.0,1.0,7.0,3.0,4.0,1.0,9.0,0.0,16.0,3.0,3.0,10.0,172.0
1.0,0.0,1.0,0.0,0.0,1.0,0.0,0.0,0.0,1.0,0.0,0.0,0.0,0.0,0.0,0.0,1.0,0.0,0.0,0.0,0.0,3.0,3.0,12.0,3.0,5.0,4.0,3.0,1.0,14.0,1.0,2.0,10.0,167.0
1.0,0.0,1.0,0.0,0.0,1.0,0.0,0.0,0.0,1.0,0.0,0.0,0.0,0.0,0.0,0.0,1.0,0.0,0.0,0.0,0.0,7.0,3.0,9.0,4.0,4.0,1.0,3.0,0.0,15.0,2.0,2.0,5.0,180.0
1.0,0.0,1.0,0.0,0.0,1.0,0.0,0.0,0.0,1.0,0.0,0.0,0.0,0.0,0.0,0.0,1.0,0.0,0.0,0.0,0.0,6.0,1.0,9.0,3.0,4.0,4.0,2.0,0.0,14.0,1.0,2.0,7.0,180.0
0.0,0.0,1.0,0.0,0.0,1.0,0.0,0.0,0.0,1.0,0.0,0.0,0.0,0.0,0.0,0.0,0.0,1.0,0.0,0.0,0.0,5.0,3.0,12.0,4.0,4.0,1.0,3.0,0.0,12.0,1.0,2.0,3.0,180.0
0.0,0.0,1.0,0.0,0.0,1.0,0.0,0.0,0.0,0.0,0.0,1.0,0.0,0.0,0.0,0.0,1.0,0.0,0.0,0.0,0.0,23.0,1.0,23.0,4.0,4.0,5.0,6.0,1.0,17.0,2.0,3.0,3.0,151.0
0.0,0.0,0.0,1.0,1.0,0.0,0.0,0.0,0.0,0.0,0.0,1.0,0.0,0.0,0.0,0.0,1.0,0.0,0.0,0.0,0.0,12.0,1.0,9.0,3.0,5.0,4.0,3.0,0.0,23.0,2.0,4.0,4.0,149.0
0.0,0.0,1.0,0.0,0.0,1.0,0.0,0.0,1.0,0.0,0.0,0.0,0.0,0.0,0.0,0.0,0.0,1.0,0.0,0.0,0.0,21.0,3.0,9.0,3.0,2.0,4.0,8.0,0.0,15.0,1.0,2.0,3.0,285.0
1.0,0.0,0.0,1.0,0.0,1.0,0.0,0.0,1.0,0.0,0.0,0.0,0.0,0.0,0.0,0.0,0.0,1.0,0.0,0.0,0.0,23.0,1.0,7.0,3.0,4.0,3.0,6.0,0.0,15.0,1.0,2.0,1.0,279.0
1.0,0.0,0.0,1.0,0.0,1.0,0.0,1.0,0.0,0.0,0.0,0.0,0.0,0.0,0.0,0.0,0.0,1.0,0.0,0.0,0.0,15.0,3.0,30.0,4.0,4.0,3.0,5.0,1.0,17.0,1.0,2.0,3.0,196.0
1.0,0.0,0.0,1.0,0.0,1.0,0.0,0.0,0.0,0.0,0.0,1.0,0.0,0.0,0.0,0.0,0.0,1.0,0.0,0.0,0.0,1.0,3.0,16.0,3.0,4.0,5.0,3.0,0.0,12.0,1.0,2.0,3.0,152.0
0.0,0.0,1.0,0.0,1.0,0.0,0.0,0.0,0.0,1.0,0.0,0.0,0.0,0.0,0.0,0.0,0.0,1.0,0.0,0.0,0.0,7.0,3.0,23.0,3.0,4.0,1.0,3.0,1.0,26.0,1.0,2.0,3.0,179.0
1.0,0.0,1.0,0.0,0.0,1.0,0.0,0.0,0.0,1.0,0.0,0.0,0.0,0.0,0.0,0.0,0.0,1.0,0.0,0.0,0.0,10.0,1.0,33.0,4.0,4.0,3.0,8.0,0.0,15.0,2.0,2.0,3.0,178.0
0.0,0.0,1.0,0.0,0.0,1.0,0.0,0.0,0.0,0.0,0.0,1.0,0.0,0.0,0.0,0.0,0.0,1.0,0.0,0.0,0.0,18.0,2.0,7.0,3.0,4.0,1.0,6.0,1.0,19.0,3.0,3.0,3.0,157.0
1.0,0.0,0.0,1.0,0.0,1.0,0.0,0.0,0.0,0.0,0.0,1.0,0.0,0.0,0.0,0.0,1.0,0.0,0.0,0.0,1.0,1.0,1.0,15.0,4.0,5.0,3.0,3.0,1.0,12.0,2.0,2.0,3.0,165.0
0.0,0.0,1.0,0.0,0.0,1.0,0.0,0.0,0.0,0.0,0.0,1.0,0.0,0.0,0.0,0.0,1.0,0.0,0.0,0.0,0.0,12.0,1.0,11.0,3.0,4.0,3.0,9.0,0.0,20.0,1.0,2.0,1.0,158.0
1.0,0.0,1.0,0.0,0.0,1.0,0.0,1.0,0.0,0.0,0.0,0.0,0.0,0.0,0.0,0.0,1.0,0.0,0.0,0.0,0.0,27.0,1.0,31.0,3.0,2.0,1.0,5.0,0.0,16.0,1.0,2.0,3.0,195.0
0.0,0.0,1.0,0.0,1.0,0.0,0.0,0.0,0.0,0.0,0.0,1.0,0.0,0.0,0.0,0.0,1.0,0.0,0.0,0.0,1.0,12.0,3.0,14.0,4.0,4.0,3.0,4.0,1.0,12.0,5.0,8.0,8.0,152.0
1.0,0.0,0.0,1.0,0.0,0.0,1.0,0.0,0.0,0.0,0.0,1.0,0.0,0.0,0.0,0.0,0.0,1.0,0.0,0.0,1.0,1.0,1.0,9.0,4.0,4.0,4.0,3.0,0.0,13.0,2.0,2.0,1.0,139.0
1.0,0.0,0.0,1.0,1.0,0.0,0.0,0.0,0.0,0.0,0.0,1.0,0.0,0.0,0.0,0.0,1.0,0.0,0.0,0.0,0.0,1.0,1.0,14.0,4.0,4.0,1.0,3.0,0.0,21.0,6.0,6.0,8.0,151.0
1.0,0.0,1.0,0.0,0.0,1.0,0.0,0.0,0.0,0.0,0.0,1.0,0.0,0.0,1.0,0.0,0.0,0.0,0.0,0.0,0.0,29.0,1.0,29.0,4.0,5.0,4.0,7.0,0.0,13.0,2.0,2.0,3.0,160.0
1.0,0.0,1.0,0.0,0.0,1.0,0.0,0.0,0.0,1.0,0.0,0.0,0.0,0.0,0.0,0.0,1.0,0.0,0.0,0.0,0.0,8.0,1.0,12.0,3.0,5.0,1.0,3.0,0.0,15.0,5.0,5.0,14.0,165.0
1.0,0.0,1.0,0.0,0.0,1.0,0.0,1.0,0.0,0.0,0.0,0.0,0.0,0.0,0.0,0.0,1.0,0.0,0.0,0.0,0.0,31.0,1.0,7.0,4.0,6.0,1.0,5.0,0.0,21.0,1.0,2.0,1.0,234.0
1.0,0.0,1.0,0.0,0.0,0.0,1.0,0.0,0.0,0.0,0.0,1.0,0.0,0.0,0.0,0.0,1.0,0.0,0.0,0.0,0.0,7.0,1.0,28.0,4.0,2.0,4.0,3.0,0.0,19.0,3.0,3.0,14.0,145.0
1.0,0.0,1.0,0.0,1.0,0.0,0.0,0.0,0.0,1.0,0.0,0.0,0.0,0.0,0.0,0.0,1.0,0.0,0.0,0.0,0.0,11.0,3.0,7.0,3.0,6.0,1.0,3.0,0.0,15.0,1.0,2.0,4.543490512868683,220.0
0.0,0.0,1.0,0.0,0.0,1.0,0.0,0.0,0.0,0.0,0.0,1.0,0.0,0.0,0.0,0.0,0.0,1.0,0.0,0.0,0.0,8.0,1.0,26.0,3.0,5.0,1.0,3.0,0.0,13.0,4.0,9.0,8.0,154.0
1.0,0.0,1.0,0.0,0.0,0.0,1.0,0.0,0.0,0.0,0.0,1.0,0.0,0.0,0.0,0.0,0.0,1.0,0.0,0.0,1.0,1.0,3.0,14.0,3.0,4.0,1.0,3.0,1.0,22.0,2.0,2.0,3.0,148.0
0.0,0.0,1.0,0.0,0.0,1.0,0.0,1.0,0.0,0.0,0.0,0.0,0.0,0.0,0.0,0.0,0.0,1.0,0.0,0.0,0.0,18.0,1.0,9.0,4.0,2.0,1.0,3.0,1.0,20.0,7.0,7.0,8.0,204.0
1.0,0.0,0.0,1.0,1.0,0.0,0.0,0.0,0.0,0.0,0.0,1.0,0.0,0.0,0.0,0.0,1.0,0.0,0.0,0.0,0.0,9.0,1.0,9.0,4.0,5.0,1.0,2.0,1.0,15.0,2.0,2.0,5.0,174.0
1.0,0.0,1.0,0.0,0.0,1.0,0.0,0.0,0.0,1.0,0.0,0.0,0.0,0.0,0.0,0.0,1.0,0.0,0.0,0.0,0.0,17.0,3.0,9.0,4.0,4.0,1.0,3.0,1.0,18.0,1.0,9.0,9.0,203.0
1.0,0.0,1.0,0.0,0.0,1.0,0.0,0.0,0.0,0.0,0.0,1.0,0.0,0.0,0.0,0.0,1.0,0.0,0.0,0.0,0.0,1.0,1.0,16.0,4.0,2.0,3.0,3.0,0.0,17.0,1.0,2.0,5.0,169.0
1.0,0.0,0.0,1.0,0.0,1.0,0.0,1.0,0.0,0.0,0.0,0.0,0.0,0.0,0.0,0.0,0.0,0.0,1.0,0.0,0.0,15.0,3.0,13.0,3.0,4.0,3.0,3.0,0.0,13.0,7.0,9.0,4.543490512868683,217.0
0.0,0.0,1.0,0.0,0.0,1.0,0.0,0.0,0.0,0.0,0.0,1.0,0.0,0.0,0.0,0.0,1.0,0.0,0.0,0.0,0.0,3.0,1.0,16.0,3.0,4.0,3.0,11.0,0.0,18.0,2.0,2.0,3.0,155.0
0.0,0.0,0.0,1.0,0.0,1.0,0.0,0.0,0.0,1.0,0.0,0.0,0.0,0.0,0.0,0.0,0.0,1.0,0.0,0.0,0.0,10.0,3.0,9.0,3.0,4.0,1.0,5.0,0.0,16.0,4.0,7.0,8.0,170.0
1.0,0.0,1.0,0.0,1.0,0.0,0.0,1.0,0.0,0.0,0.0,0.0,0.0,0.0,0.0,0.0,0.0,1.0,0.0,0.0,0.0,19.0,1.0,7.0,4.0,5.0,3.0,5.0,0.0,24.0,4.0,2.0,5.0,232.0
1.0,0.0,1.0,0.0,0.0,0.0,1.0,0.0,0.0,0.0,0.0,1.0,0.0,0.0,0.0,0.0,0.0,0.0,0.0,1.0,1.0,1.0,2.0,29.0,3.0,6.0,3.0,3.0,0.0,12.0,1.0,2.0,1.0,141.0
1.0,0.0,1.0,0.0,1.0,0.0,0.0,0.0,1.0,0.0,0.0,0.0,0.0,0.0,0.0,0.0,0.0,1.0,0.0,0.0,1.0,11.0,3.0,16.0,3.0,6.0,3.0,9.0,0.0,12.0,2.0,2.0,11.0,254.0
1.0,0.0,1.0,0.0,0.0,0.0,1.0,0.0,0.0,0.0,0.0,1.0,0.0,0.0,0.0,0.0,1.0,0.0,0.0,0.0,0.0,1.0,1.0,24.0,4.0,6.0,3.0,3.0,0.0,16.0,1.0,2.0,3.0,148.0
0.0,0.0,0.0,1.0,0.0,1.0,0.0,0.0,1.0,0.0,0.0,0.0,0.0,0.0,0.0,1.0,0.0,0.0,0.0,0.0,0.0,19.0,1.0,35.0,3.0,5.0,4.0,3.0,0.0,15.0,4.0,9.0,7.0,292.0
1.0,0.0,1.0,0.0,1.0,0.0,0.0,0.0,0.0,0.0,0.0,1.0,0.0,0.0,0.0,0.0,0.0,1.0,0.0,0.0,0.0,6.0,1.0,17.0,3.0,4.0,3.0,8.0,0.0,14.0,1.0,2.0,4.0,159.0
1.0,0.0,1.0,0.0,0.0,1.0,0.0,0.0,0.0,0.0,0.0,1.0,0.0,0.0,0.0,0.0,0.0,1.0,0.0,0.0,0.0,5.0,1.0,9.0,4.0,4.0,3.0,3.0,0.0,15.0,1.0,2.0,4.0,160.0
1.0,0.0,1.0,0.0,1.0,0.0,0.0,0.0,0.0,1.0,0.0,0.0,0.0,0.0,0.0,0.0,0.0,0.0,0.0,1.0,0.0,15.0,2.0,11.0,3.0,6.0,4.0,8.0,0.0,20.0,1.0,2.0,3.0,189.0
0.0,0.0,1.0,0.0,0.0,1.0,0.0,0.0,0.0,1.0,0.0,0.0,0.0,0.0,0.0,0.0,0.0,1.0,0.0,0.0,0.0,14.0,1.0,15.0,4.0,4.0,5.0,4.0,1.0,17.0,1.0,2.0,1.0,190.0
1.0,0.0,1.0,0.0,0.0,1.0,0.0,0.0,0.0,0.0,0.0,1.0,0.0,0.0,0.0,0.0,1.0,0.0,0.0,0.0,0.0,1.0,1.0,36.0,4.0,4.0,5.0,3.0,0.0,14.0,2.0,2.0,3.0,164.0
1.0,0.0,0.0,1.0,0.0,1.0,0.0,0.0,0.0,1.0,0.0,0.0,0.0,0.0,0.0,0.0,0.0,1.0,0.0,0.0,0.0,20.0,1.0,20.0,3.0,4.0,4.0,8.0,0.0,15.0,2.0,2.0,10.0,181.0
1.0,0.0,1.0,0.0,0.0,1.0,0.0,0.0,0.0,1.0,0.0,0.0,0.0,0.0,0.0,0.0,0.0,1.0,0.0,0.0,0.0,9.0,1.0,34.0,3.0,4.0,3.0,4.0,0.0,17.0,1.0,2.0,8.0,194.0
1.0,0.0,1.0,0.0,0.0,1.0,0.0,0.0,0.0,0.0,0.0,1.0,0.0,0.0,0.0,0.0,0.0,1.0,0.0,0.0,0.0,4.0,1.0,23.0,3.0,4.0,1.0,3.0,0.0,13.0,1.0,2.0,9.0,154.0
1.0,0.0,1.0,0.0,1.0,0.0,0.0,0.0,0.0,1.0,0.0,0.0,0.0,0.0,0.0,0.0,0.0,0.0,1.0,0.0,0.0,21.0,3.0,9.0,3.0,4.0,4.0,9.0,0.0,12.0,1.0,2.0,1.0,175.0
1.0,0.0,1.0,0.0,0.0,1.0,0.0,1.0,0.0,0.0,0.0,0.0,0.0,0.0,0.0,0.0,0.0,1.0,0.0,0.0,0.0,20.0,3.0,9.0,4.0,4.0,1.0,6.0,1.0,13.0,1.0,2.0,4.543490512868683,229.0
1.0,0.0,1.0,0.0,0.0,1.0,0.0,0.0,0.0,1.0,0.0,0.0,0.0,0.0,0.0,0.0,0.0,0.0,1.0,0.0,1.0,1.0,3.0,20.0,4.0,5.0,5.0,7.0,1.0,14.0,3.0,3.0,3.0,186.0
1.0,0.0,0.0,1.0,0.0,1.0,0.0,0.0,0.0,1.0,0.0,0.0,0.0,0.0,0.0,0.0,0.0,1.0,0.0,0.0,1.0,1.0,3.0,7.0,3.0,6.0,4.0,8.0,0.0,16.0,1.0,2.0,1.0,192.0
0.0,0.0,0.0,1.0,0.0,1.0,0.0,0.0,0.0,0.0,0.0,1.0,0.0,0.0,0.0,0.0,1.0,0.0,0.0,0.0,0.0,1.0,1.0,11.0,3.0,4.0,4.0,3.0,0.0,14.0,2.0,2.0,3.0,158.0
0.0,0.0,0.0,1.0,1.0,0.0,0.0,0.0,0.0,1.0,0.0,0.0,0.0,0.0,1.0,0.0,0.0,0.0,0.0,0.0,0.0,5.0,1.0,31.0,2.0,4.0,1.0,4.0,0.0,21.0,2.0,2.0,5.0,177.0
1.0,0.0,1.0,0.0,1.0,0.0,0.0,0.0,0.0,1.0,0.0,0.0,0.0,0.0,0.0,0.0,0.0,1.0,0.0,0.0,0.0,13.0,1.0,7.0,4.0,4.0,1.0,3.0,1.0,16.0,4.0,6.0,9.0,190.0
1.0,0.0,1.0,0.0,0.0,1.0,0.0,1.0,0.0,0.0,0.0,0.0,0.0,0.0,0.0,0.0,0.0,1.0,0.0,0.0,0.0,6.0,3.0,26.0,4.0,6.0,3.0,5.0,0.0,14.0,2.0,2.0,4.543490512868683,221.0
1.0,0.0,0.0,1.0,0.0,1.0,0.0,0.0,0.0,0.0,0.0,0.0,1.0,0.0,0.0,0.0,1.0,0.0,0.0,0.0,0.0,14.0,3.0,14.0,3.0,4.0,4.0,3.0,0.0,15.0,2.0,13.0,9.0,323.0
0.0,0.0,1.0,0.0,0.0,1.0,0.0,1.0,0.0,0.0,0.0,0.0,0.0,0.0,0.0,0.0,0.0,1.0,0.0,0.0,0.0,19.0,2.0,11.0,3.0,6.0,3.0,6.0,0.0,22.0,2.0,2.0,4.543490512868683,223.0
0.0,0.0,0.0,1.0,1.0,0.0,0.0,0.0,0.0,0.0,0.0,1.0,0.0,0.0,1.0,0.0,0.0,0.0,0.0,0.0,0.0,4.0,1.0,9.0,4.0,5.0,5.0,2.0,0.0,17.0,1.0,2.0,8.0,175.0
1.0,0.0,1.0,0.0,1.0,0.0,0.0,0.0,0.0,0.0,0.0,1.0,0.0,0.0,0.0,0.0,1.0,0.0,0.0,0.0,0.0,1.0,2.0,17.0,3.0,4.0,1.0,2.0,0.0,15.0,2.0,3.0,2.0,146.0
0.0,0.0,1.0,0.0,1.0,0.0,0.0,0.0,0.0,0.0,0.0,1.0,0.0,0.0,0.0,0.0,0.0,0.0,0.0,1.0,1.0,1.0,2.0,15.0,4.0,5.0,1.0,8.0,0.0,12.0,2.0,2.0,3.0,147.0
1.0,0.0,1.0,0.0,0.0,1.0,0.0,0.0,0.0,1.0,0.0,0.0,0.0,0.0,0.0,1.0,0.0,0.0,0.0,0.0,0.0,5.0,3.0,12.0,3.0,4.0,3.0,3.0,0.0,20.0,1.0,2.0,3.0,208.0
0.0,0.0,0.0,1.0,0.0,1.0,0.0,0.0,0.0,0.0,0.0,1.0,0.0,0.0,0.0,0.0,1.0,0.0,0.0,0.0,0.0,1.0,1.0,15.0,4.0,4.0,1.0,3.0,0.0,12.0,2.0,2.0,5.0,159.0
0.0,0.0,0.0,1.0,0.0,1.0,0.0,0.0,0.0,0.0,0.0,1.0,0.0,0.0,0.0,0.0,0.0,0.0,1.0,0.0,1.0,1.0,3.0,16.0,3.0,6.0,4.0,3.0,0.0,14.0,2.0,3.0,3.0,153.0
1.0,0.0,0.0,1.0,1.0,0.0,0.0,0.0,0.0,1.0,0.0,0.0,0.0,0.0,0.0,0.0,0.0,1.0,0.0,0.0,0.0,3.0,1.0,7.0,4.0,2.0,3.0,10.0,1.0,13.0,1.0,2.0,3.0,188.0
1.0,0.0,1.0,0.0,0.0,1.0,0.0,1.0,0.0,0.0,0.0,0.0,0.0,0.0,0.0,0.0,0.0,0.0,1.0,0.0,0.0,4.0,3.0,22.0,4.0,5.0,5.0,4.0,0.0,12.0,1.0,2.0,8.0,196.0
1.0,0.0,1.0,0.0,0.0,1.0,0.0,0.0,0.0,0.0,0.0,1.0,0.0,0.0,0.0,0.0,1.0,0.0,0.0,0.0,0.0,8.0,1.0,9.0,4.0,2.0,1.0,2.0,1.0,15.0,1.0,2.0,3.0,154.0
0.0,0.0,0.0,1.0,1.0,0.0,0.0,0.0,0.0,1.0,0.0,0.0,0.0,0.0,0.0,0.0,0.0,0.0,1.0,0.0,0.0,7.0,3.0,9.0,4.0,4.0,4.0,10.0,0.0,16.0,1.0,2.0,8.0,176.0
0.0,0.0,0.0,1.0,0.0,1.0,0.0,0.0,0.0,1.0,0.0,0.0,0.0,0.0,0.0,0.0,0.0,0.0,1.0,0.0,0.0,23.0,3.0,18.0,4.0,4.0,1.0,5.0,0.0,13.0,1.0,2.0,5.0,170.0
0.0,0.0,0.0,1.0,0.0,1.0,0.0,1.0,0.0,0.0,0.0,0.0,0.0,0.0,0.0,0.0,0.0,1.0,0.0,0.0,1.0,1.0,3.0,23.0,4.0,4.0,5.0,4.0,1.0,21.0,1.0,2.0,4.543490512868683,211.0
0.0,0.0,1.0,0.0,1.0,0.0,0.0,0.0,0.0,0.0,0.0,1.0,0.0,0.0,0.0,0.0,1.0,0.0,0.0,0.0,0.0,12.0,1.0,9.0,4.0,5.0,4.0,6.0,0.0,15.0,1.0,2.0,6.0,150.0
1.0,0.0,1.0,0.0,0.0,1.0,0.0,1.0,0.0,0.0,0.0,0.0,0.0,0.0,0.0,0.0,0.0,0.0,1.0,0.0,1.0,1.0,3.0,23.0,4.0,4.0,3.0,4.0,0.0,14.0,2.0,2.0,1.0,207.0
0.0,0.0,1.0,0.0,0.0,0.0,1.0,0.0,0.0,0.0,0.0,1.0,0.0,0.0,1.0,0.0,0.0,0.0,0.0,0.0,0.0,3.0,1.0,11.0,4.0,5.0,5.0,3.0,0.0,14.0,1.0,2.0,1.0,146.0
1.0,0.0,1.0,0.0,0.0,1.0,0.0,0.0,0.0,1.0,0.0,0.0,0.0,0.0,0.0,0.0,0.0,1.0,0.0,0.0,0.0,1.0,1.0,23.0,3.0,2.0,3.0,5.0,0.0,17.0,2.0,2.0,8.0,178.0
1.0,0.0,0.0,1.0,1.0,0.0,0.0,0.0,0.0,0.0,0.0,1.0,0.0,0.0,1.0,0.0,0.0,0.0,0.0,0.0,0.0,6.0,1.0,12.0,4.0,4.0,4.0,4.0,0.0,15.0,2.0,2.0,8.0,152.0
1.0,0.0,1.0,0.0,0.0,1.0,0.0,0.0,0.0,1.0,0.0,0.0,0.0,0.0,0.0,0.0,1.0,0.0,0.0,0.0,0.0,12.0,1.0,25.0,3.0,6.0,1.0,5.0,1.0,17.0,1.0,2.0,1.0,183.0
1.0,0.0,1.0,0.0,1.0,0.0,0.0,0.0,0.0,0.0,0.0,1.0,0.0,0.0,1.0,0.0,0.0,0.0,0.0,0.0,1.0,7.0,1.0,24.0,3.0,5.0,3.0,11.0,1.0,17.0,2.0,2.0,1.0,149.0
1.0,0.0,1.0,0.0,0.0,1.0,0.0,0.0,0.0,0.0,0.0,1.0,0.0,0.0,0.0,0.0,1.0,0.0,0.0,0.0,0.0,16.0,1.0,19.0,3.0,4.0,4.0,10.0,0.0,23.0,2.0,2.0,5.0,153.0
1.0,0.0,1.0,0.0,0.0,1.0,0.0,0.0,0.0,0.0,0.0,0.0,1.0,0.0,0.0,0.0,1.0,0.0,0.0,0.0,0.0,29.0,1.0,9.0,3.0,5.0,5.0,10.0,0.0,15.0,1.0,2.0,1.0,315.0
1.0,0.0,1.0,0.0,1.0,0.0,0.0,0.0,0.0,1.0,0.0,0.0,0.0,0.0,1.0,0.0,0.0,0.0,0.0,0.0,0.0,7.0,1.0,11.0,3.0,4.0,4.0,7.0,0.0,16.0,1.0,2.0,8.0,156.0
1.0,0.0,1.0,0.0,0.0,0.0,1.0,0.0,0.0,0.0,0.0,1.0,0.0,0.0,0.0,0.0,0.0,1.0,0.0,0.0,0.0,15.0,1.0,16.0,4.0,4.0,5.0,3.0,0.0,21.0,2.0,2.0,5.0,148.0
1.0,0.0,1.0,0.0,1.0,0.0,0.0,0.0,0.0,1.0,0.0,0.0,0.0,0.0,0.0,0.0,0.0,1.0,0.0,0.0,0.0,8.0,3.0,17.0,3.0,4.0,3.0,3.0,1.0,15.0,2.0,2.0,8.0,165.0
0.0,0.0,1.0,0.0,1.0,0.0,0.0,0.0,1.0,0.0,0.0,0.0,0.0,0.0,0.0,0.0,1.0,0.0,0.0,0.0,0.0,27.0,1.0,7.0,3.0,5.0,3.0,6.0,1.0,21.0,1.0,2.0,3.0,255.0
1.0,0.0,0.0,1.0,0.0,1.0,0.0,0.0,0.0,0.0,0.0,1.0,0.0,0.0,0.0,0.0,0.0,1.0,0.0,0.0,0.0,17.0,2.0,9.0,4.0,4.0,1.0,2.0,0.0,14.0,1.0,2.0,9.0,160.0
0.0,0.0,0.0,1.0,0.0,1.0,0.0,0.0,0.0,1.0,0.0,0.0,0.0,0.0,0.0,0.0,0.0,1.0,0.0,0.0,0.0,8.0,3.0,10.0,3.0,6.0,1.0,7.0,0.0,13.0,2.0,3.0,3.0,185.0
1.0,0.0,0.0,1.0,0.0,1.0,0.0,0.0,0.0,0.0,0.0,1.0,0.0,0.0,0.0,0.0,0.0,0.0,1.0,0.0,1.0,1.0,3.0,14.0,3.0,4.0,4.0,3.0,0.0,14.0,2.0,2.0,1.0,152.0
0.0,0.0,1.0,0.0,0.0,1.0,0.0,0.0,0.0,0.0,0.0,1.0,0.0,0.0,0.0,0.0,0.0,0.0,0.0,1.0,0.0,12.0,1.0,13.0,3.0,5.0,3.0,3.0,0.0,12.0,1.0,2.0,5.0,162.0
0.0,0.0,1.0,0.0,0.0,0.0,1.0,0.0,0.0,0.0,0.0,1.0,0.0,0.0,0.0,0.0,1.0,0.0,0.0,0.0,1.0,1.0,1.0,15.0,4.0,4.0,5.0,3.0,1.0,18.0,1.0,2.0,1.0,149.0
0.0,0.0,1.0,0.0,0.0,1.0,0.0,0.0,0.0,1.0,0.0,0.0,0.0,0.0,0.0,0.0,0.0,0.0,1.0,0.0,0.0,5.0,3.0,36.0,4.0,5.0,1.0,3.0,0.0,15.0,3.0,6.0,8.0,180.0
0.0,0.0,1.0,0.0,0.0,1.0,0.0,1.0,0.0,0.0,0.0,0.0,0.0,0.0,0.0,1.0,0.0,0.0,0.0,0.0,0.0,25.0,1.0,10.0,3.0,4.0,3.0,4.0,0.0,12.0,3.0,2.0,3.0,256.0
1.0,0.0,1.0,0.0,0.0,1.0,0.0,0.0,0.0,1.0,0.0,0.0,0.0,0.0,0.0,0.0,0.0,0.0,1.0,0.0,0.0,11.0,3.0,16.0,3.0,5.0,4.0,3.0,0.0,15.0,1.0,2.0,4.0,167.0
1.0,0.0,1.0,0.0,0.0,1.0,0.0,0.0,0.0,0.0,0.0,0.0,1.0,0.0,0.0,0.0,1.0,0.0,0.0,0.0,0.0,20.0,1.0,9.0,3.0,4.0,1.0,9.0,1.0,15.0,2.0,3.0,3.0,318.0
1.0,0.0,1.0,0.0,0.0,1.0,0.0,1.0,0.0,0.0,0.0,0.0,0.0,0.0,0.0,0.0,0.0,1.0,0.0,0.0,0.0,10.0,1.0,17.0,3.0,4.0,5.0,9.0,1.0,14.0,2.0,6.0,8.0,208.0
1.0,0.0,1.0,0.0,1.0,0.0,0.0,0.0,0.0,0.0,0.0,1.0,0.0,0.0,0.0,0.0,1.0,0.0,0.0,0.0,1.0,8.0,1.0,7.0,3.0,4.0,4.0,3.0,1.0,13.0,2.0,3.0,4.0,148.0
1.0,0.0,1.0,0.0,0.0,1.0,0.0,0.0,0.0,1.0,0.0,0.0,0.0,0.0,0.0,0.0,0.0,0.0,0.0,1.0,0.0,11.0,2.0,15.0,3.0,4.0,4.0,4.0,0.0,14.0,5.0,5.0,8.0,166.0
1.0,0.0,0.0,1.0,0.0,1.0,0.0,0.0,0.0,1.0,0.0,0.0,0.0,0.0,0.0,0.0,0.0,1.0,0.0,0.0,1.0,1.0,3.0,34.0,3.0,4.0,1.0,3.0,1.0,19.0,1.0,8.0,8.0,183.0
1.0,0.0,1.0,0.0,0.0,1.0,0.0,0.0,0.0,0.0,0.0,1.0,0.0,0.0,0.0,0.0,0.0,1.0,0.0,0.0,0.0,7.0,1.0,15.0,3.0,2.0,5.0,8.0,0.0,20.0,7.0,8.0,7.0,156.0
1.0,0.0,1.0,0.0,0.0,0.0,1.0,0.0,0.0,0.0,0.0,1.0,0.0,0.0,0.0,0.0,0.0,1.0,0.0,0.0,0.0,2.0,1.0,7.0,3.0,4.0,1.0,3.0,0.0,12.0,1.0,2.0,4.0,145.0
1.0,0.0,0.0,1.0,0.0,1.0,0.0,1.0,0.0,0.0,0.0,0.0,0.0,0.0,0.0,0.0,1.0,0.0,0.0,0.0,0.0,13.0,1.0,17.0,4.0,4.0,3.0,9.0,0.0,22.0,3.0,2.0,3.0,260.0
1.0,0.0,0.0,1.0,1.0,0.0,0.0,0.0,0.0,1.0,0.0,0.0,0.0,0.0,0.0,0.0,0.0,1.0,0.0,0.0,0.0,20.0,3.0,33.0,4.0,5.0,4.0,10.0,0.0,16.0,3.0,3.0,3.0,205.0
0.0,0.0,1.0,0.0,0.0,1.0,0.0,0.0,0.0,0.0,0.0,1.0,0.0,0.0,0.0,0.0,0.0,1.0,0.0,0.0,0.0,14.0,1.0,9.0,3.0,4.0,5.0,6.0,0.0,18.0,2.0,2.0,3.0,159.0
1.0,0.0,1.0,0.0,0.0,1.0,0.0,0.0,0.0,1.0,0.0,0.0,0.0,0.0,0.0,0.0,1.0,0.0,0.0,0.0,0.0,16.0,1.0,20.0,4.0,2.0,5.0,7.0,0.0,19.0,2.0,2.0,1.0,180.0
1.0,0.0,1.0,0.0,1.0,0.0,0.0,0.0,0.0,1.0,0.0,0.0,0.0,0.0,0.0,0.0,1.0,0.0,0.0,0.0,0.0,9.0,1.0,9.0,3.0,4.0,1.0,4.0,0.0,15.0,1.0,2.0,8.0,183.0
1.0,0.0,1.0,0.0,1.0,0.0,0.0,0.0,0.0,0.0,0.0,1.0,0.0,0.0,0.0,0.0,0.0,0.0,0.0,1.0,0.0,12.0,2.0,9.0,4.0,4.0,4.0,7.0,0.0,14.0,4.0,4.0,9.0,151.0
1.0,0.0,1.0,0.0,1.0,0.0,0.0,0.0,0.0,1.0,0.0,0.0,0.0,0.0,0.0,0.0,0.0,1.0,0.0,0.0,1.0,1.0,1.0,16.0,4.0,4.0,5.0,6.0,0.0,18.0,1.0,2.0,8.0,178.0
1.0,0.0,0.0,1.0,0.0,1.0,0.0,0.0,0.0,1.0,0.0,0.0,0.0,0.0,0.0,0.0,1.0,0.0,0.0,0.0,1.0,1.0,1.0,17.0,3.0,4.0,5.0,3.0,0.0,16.0,1.0,2.0,9.0,167.0
1.0,0.0,1.0,0.0,1.0,0.0,0.0,0.0,0.0,1.0,0.0,0.0,0.0,0.0,0.0,0.0,0.0,1.0,0.0,0.0,0.0,13.0,3.0,27.0,3.0,4.0,1.0,4.0,0.0,19.0,2.0,3.0,3.0,166.0
1.0,0.0,0.0,1.0,1.0,0.0,0.0,0.0,0.0,0.0,0.0,1.0,0.0,0.0,0.0,0.0,0.0,1.0,0.0,0.0,0.0,17.0,1.0,16.0,3.0,4.0,3.0,6.0,0.0,14.0,1.0,2.0,3.0,149.0
1.0,0.0,0.0,1.0,0.0,1.0,0.0,0.0,0.0,1.0,0.0,0.0,0.0,0.0,0.0,0.0,0.0,1.0,0.0,0.0,0.0,15.0,1.0,12.0,3.0,2.0,4.0,5.0,0.0,13.0,2.0,2.0,3.0,194.0
0.0,0.0,1.0,0.0,0.0,1.0,0.0,1.0,0.0,0.0,0.0,0.0,0.0,0.0,0.0,0.0,0.0,0.0,1.0,0.0,0.0,15.0,3.0,11.0,3.0,4.0,3.0,2.0,1.0,14.0,1.0,14.0,4.543490512868683,229.0
0.0,0.0,0.0,1.0,0.0,1.0,0.0,1.0,0.0,0.0,0.0,0.0,0.0,0.0,0.0,0.0,1.0,0.0,0.0,0.0,0.0,4.0,1.0,17.0,4.0,4.0,3.0,11.0,0.0,15.0,1.0,2.0,4.543490512868683,222.0
0.0,0.0,1.0,0.0,0.0,0.0,1.0,0.0,0.0,0.0,0.0,1.0,0.0,0.0,0.0,0.0,1.0,0.0,0.0,0.0,1.0,1.0,2.0,27.0,4.0,4.0,4.0,2.0,1.0,12.0,1.0,2.0,5.0,146.0
0.0,0.0,1.0,0.0,0.0,1.0,0.0,0.0,0.0,1.0,0.0,0.0,0.0,0.0,0.0,0.0,1.0,0.0,0.0,0.0,1.0,10.0,1.0,28.0,4.0,4.0,4.0,6.0,0.0,23.0,2.0,4.0,4.543490512868683,214.0
0.0,0.0,1.0,0.0,0.0,1.0,0.0,0.0,0.0,1.0,0.0,0.0,0.0,0.0,0.0,0.0,0.0,1.0,0.0,0.0,0.0,14.0,1.0,7.0,3.0,4.0,1.0,6.0,0.0,18.0,1.0,2.0,4.0,190.0
1.0,0.0,1.0,0.0,0.0,1.0,0.0,0.0,0.0,1.0,0.0,0.0,0.0,0.0,0.0,1.0,0.0,0.0,0.0,0.0,0.0,8.0,3.0,15.0,4.0,2.0,3.0,3.0,0.0,22.0,1.0,5.0,9.0,193.0
1.0,0.0,1.0,0.0,1.0,0.0,0.0,0.0,1.0,0.0,0.0,0.0,0.0,0.0,0.0,0.0,1.0,0.0,0.0,0.0,0.0,31.0,3.0,9.0,3.0,4.0,4.0,6.0,0.0,23.0,11.0,15.0,15.0,25.0
1.0,0.0,1.0,0.0,0.0,1.0,0.0,0.0,0.0,0.0,0.0,1.0,0.0,0.0,0.0,0.0,1.0,0.0,0.0,0.0,0.0,9.0,1.0,30.0,4.0,6.0,3.0,2.0,0.0,17.0,2.0,2.0,4.0,152.0
0.0,0.0,1.0,0.0,0.0,1.0,0.0,1.0,0.0,0.0,0.0,0.0,0.0,0.0,0.0,0.0,0.0,1.0,0.0,0.0,0.0,21.0,1.0,11.0,4.0,5.0,4.0,10.0,1.0,13.0,3.0,15.0,4.543490512868683,228.0
0.0,0.0,1.0,0.0,0.0,1.0,0.0,0.0,0.0,1.0,0.0,0.0,0.0,0.0,0.0,0.0,0.0,1.0,0.0,0.0,0.0,14.0,1.0,19.0,3.0,4.0,5.0,4.0,0.0,13.0,8.0,8.0,8.0,169.0
0.0,0.0,1.0,0.0,0.0,1.0,0.0,0.0,0.0,1.0,0.0,0.0,0.0,0.0,0.0,0.0,1.0,0.0,0.0,0.0,0.0,28.0,1.0,14.0,4.0,4.0,1.0,6.0,0.0,16.0,2.0,2.0,8.0,194.0
0.0,0.0,1.0,0.0,1.0,0.0,0.0,1.0,0.0,0.0,0.0,0.0,0.0,0.0,0.0,0.0,0.0,0.0,1.0,0.0,0.0,5.0,3.0,14.0,4.0,4.0,5.0,4.0,0.0,15.0,3.0,3.0,4.543490512868683,221.0
0.0,0.0,1.0,0.0,0.0,1.0,0.0,0.0,0.0,0.0,0.0,1.0,0.0,0.0,0.0,0.0,1.0,0.0,0.0,0.0,0.0,2.0,1.0,7.0,4.0,4.0,5.0,3.0,0.0,26.0,2.0,2.0,3.0,161.0
0.0,0.0,1.0,0.0,0.0,1.0,0.0,0.0,0.0,1.0,0.0,0.0,0.0,0.0,0.0,0.0,0.0,0.0,1.0,0.0,0.0,12.0,3.0,9.0,4.0,6.0,1.0,4.0,1.0,21.0,1.0,2.0,4.0,179.0
1.0,0.0,0.0,1.0,0.0,1.0,0.0,0.0,0.0,1.0,0.0,0.0,0.0,0.0,0.0,0.0,1.0,0.0,0.0,0.0,0.0,1.0,3.0,17.0,3.0,4.0,1.0,3.0,0.0,14.0,1.0,2.0,3.0,172.0
1.0,0.0,1.0,0.0,1.0,0.0,0.0,0.0,1.0,0.0,0.0,0.0,0.0,0.0,0.0,0.0,0.0,1.0,0.0,0.0,0.0,31.0,1.0,22.0,3.0,4.0,3.0,4.0,1.0,15.0,1.0,3.0,3.0,283.0
0.0,0.0,0.0,1.0,1.0,0.0,0.0,0.0,0.0,0.0,0.0,1.0,0.0,0.0,0.0,0.0,1.0,0.0,0.0,0.0,0.0,1.0,1.0,21.0,3.0,4.0,3.0,3.0,0.0,17.0,2.0,2.0,1.0,140.0
1.0,0.0,1.0,0.0,0.0,1.0,0.0,0.0,0.0,0.0,0.0,1.0,0.0,0.0,0.0,0.0,0.0,0.0,0.0,1.0,1.0,1.0,2.0,25.0,3.0,2.0,5.0,2.0,0.0,18.0,2.0,2.0,1.0,155.0
1.0,0.0,1.0,0.0,0.0,0.0,1.0,0.0,0.0,0.0,0.0,1.0,0.0,0.0,0.0,0.0,0.0,0.0,0.0,1.0,1.0,1.0,2.0,20.0,3.0,5.0,5.0,6.0,1.0,16.0,2.0,3.0,1.0,148.0
0.0,0.0,1.0,0.0,1.0,0.0,0.0,0.0,0.0,1.0,0.0,0.0,0.0,0.0,0.0,0.0,0.0,1.0,0.0,0.0,0.0,19.0,3.0,9.0,4.0,4.0,3.0,6.0,0.0,23.0,4.0,6.0,8.0,177.0
0.0,0.0,1.0,0.0,0.0,1.0,0.0,0.0,0.0,1.0,0.0,0.0,0.0,0.0,0.0,0.0,0.0,0.0,0.0,1.0,0.0,10.0,1.0,9.0,4.0,4.0,4.0,6.0,1.0,23.0,1.0,2.0,1.0,195.0
1.0,0.0,1.0,0.0,1.0,0.0,0.0,0.0,0.0,1.0,0.0,0.0,0.0,0.0,0.0,0.0,0.0,1.0,0.0,0.0,0.0,17.0,3.0,9.0,4.0,4.0,1.0,3.0,0.0,21.0,6.0,8.0,8.0,182.0
0.0,0.0,0.0,1.0,1.0,0.0,0.0,0.0,0.0,0.0,0.0,1.0,0.0,0.0,0.0,0.0,0.0,1.0,0.0,0.0,0.0,1.0,1.0,12.0,3.0,4.0,1.0,2.0,1.0,15.0,2.0,2.0,3.0,149.0
1.0,0.0,1.0,0.0,1.0,0.0,0.0,0.0,0.0,0.0,0.0,1.0,0.0,0.0,0.0,0.0,1.0,0.0,0.0,0.0,0.0,3.0,1.0,27.0,3.0,4.0,1.0,3.0,0.0,14.0,2.0,4.0,11.0,163.0
1.0,0.0,0.0,1.0,1.0,0.0,0.0,0.0,0.0,1.0,0.0,0.0,0.0,0.0,0.0,0.0,0.0,0.0,1.0,0.0,0.0,6.0,3.0,17.0,4.0,4.0,1.0,10.0,0.0,14.0,2.0,2.0,1.0,171.0
1.0,0.0,1.0,0.0,1.0,0.0,0.0,0.0,0.0,0.0,0.0,1.0,0.0,0.0,1.0,0.0,0.0,0.0,0.0,0.0,0.0,16.0,1.0,17.0,3.0,4.0,3.0,5.0,0.0,23.0,2.0,4.0,4.0,154.0
0.0,0.0,0.0,1.0,0.0,0.0,1.0,0.0,0.0,0.0,0.0,1.0,0.0,0.0,0.0,0.0,0.0,1.0,0.0,0.0,0.0,21.0,1.0,16.0,4.0,4.0,3.0,6.0,0.0,13.0,2.0,3.0,1.0,146.0
1.0,0.0,1.0,0.0,0.0,1.0,0.0,1.0,0.0,0.0,0.0,0.0,0.0,0.0,0.0,0.0,0.0,1.0,0.0,0.0,0.0,20.0,1.0,9.0,3.0,4.0,1.0,5.0,0.0,15.0,2.0,5.0,4.543490512868683,211.0
1.0,0.0,1.0,0.0,1.0,0.0,0.0,0.0,0.0,0.0,0.0,1.0,0.0,0.0,0.0,0.0,0.0,1.0,0.0,0.0,0.0,2.0,2.0,7.0,3.0,4.0,1.0,3.0,0.0,16.0,1.0,3.0,3.0,152.0
1.0,0.0,1.0,0.0,0.0,1.0,0.0,0.0,0.0,1.0,0.0,0.0,0.0,0.0,0.0,0.0,0.0,1.0,0.0,0.0,0.0,3.0,1.0,36.0,4.0,6.0,3.0,10.0,0.0,18.0,2.0,2.0,7.0,189.0
1.0,0.0,0.0,1.0,0.0,1.0,0.0,0.0,0.0,0.0,0.0,1.0,0.0,0.0,0.0,0.0,0.0,1.0,0.0,0.0,0.0,16.0,1.0,15.0,3.0,4.0,3.0,6.0,0.0,14.0,2.0,2.0,1.0,165.0
1.0,0.0,0.0,1.0,0.0,1.0,0.0,0.0,0.0,1.0,0.0,0.0,0.0,0.0,0.0,0.0,0.0,0.0,1.0,0.0,1.0,1.0,3.0,9.0,3.0,5.0,4.0,9.0,1.0,13.0,3.0,3.0,4.543490512868683,224.0
0.0,0.0,1.0,0.0,0.0,1.0,0.0,0.0,1.0,0.0,0.0,0.0,0.0,0.0,0.0,1.0,0.0,0.0,0.0,0.0,0.0,20.0,3.0,10.0,3.0,2.0,5.0,4.0,0.0,13.0,2.0,2.0,9.0,257.0
0.0,0.0,1.0,0.0,0.0,1.0,0.0,0.0,0.0,1.0,0.0,0.0,0.0,0.0,0.0,0.0,1.0,0.0,0.0,0.0,0.0,1.0,3.0,30.0,3.0,5.0,3.0,3.0,0.0,22.0,5.0,6.0,9.0,160.0
1.0,0.0,1.0,0.0,0.0,1.0,0.0,0.0,0.0,0.0,0.0,1.0,0.0,0.0,0.0,0.0,1.0,0.0,0.0,0.0,0.0,3.0,2.0,13.0,3.0,5.0,4.0,3.0,0.0,12.0,2.0,2.0,1.0,153.0
0.0,0.0,1.0,0.0,0.0,1.0,0.0,0.0,0.0,0.0,0.0,0.0,1.0,0.0,0.0,0.0,1.0,0.0,0.0,0.0,0.0,17.0,1.0,13.0,3.0,5.0,3.0,9.0,0.0,15.0,4.0,7.0,15.0,319.0
1.0,0.0,1.0,0.0,0.0,1.0,0.0,0.0,0.0,0.0,0.0,0.0,1.0,0.0,0.0,0.0,0.0,1.0,0.0,0.0,0.0,22.0,1.0,17.0,4.0,5.0,4.0,6.0,0.0,15.0,4.0,13.0,10.0,322.0
1.0,0.0,0.0,1.0,1.0,0.0,0.0,0.0,0.0,0.0,0.0,1.0,0.0,0.0,0.0,0.0,0.0,1.0,0.0,0.0,1.0,1.0,1.0,31.0,4.0,5.0,1.0,3.0,1.0,25.0,2.0,2.0,1.0,149.0
0.0,0.0,1.0,0.0,0.0,1.0,0.0,1.0,0.0,0.0,0.0,0.0,0.0,0.0,0.0,0.0,0.0,1.0,0.0,0.0,1.0,10.0,3.0,17.0,4.0,4.0,4.0,7.0,0.0,22.0,1.0,2.0,8.0,198.0
0.0,0.0,1.0,0.0,1.0,0.0,0.0,0.0,0.0,0.0,0.0,1.0,0.0,0.0,0.0,0.0,0.0,1.0,0.0,0.0,0.0,1.0,1.0,22.0,4.0,5.0,5.0,2.0,0.0,20.0,8.0,8.0,4.0,173.0
1.0,0.0,1.0,0.0,0.0,1.0,0.0,0.0,0.0,1.0,0.0,0.0,0.0,0.0,0.0,0.0,0.0,0.0,0.0,1.0,0.0,13.0,1.0,26.0,3.0,4.0,1.0,10.0,0.0,15.0,2.0,3.0,3.0,164.0
1.0,0.0,1.0,0.0,0.0,1.0,0.0,0.0,0.0,0.0,0.0,1.0,0.0,0.0,1.0,0.0,0.0,0.0,0.0,0.0,0.0,29.0,1.0,9.0,4.0,5.0,1.0,10.0,0.0,21.0,1.0,2.0,5.0,152.0
0.0,0.0,1.0,0.0,0.0,1.0,0.0,0.0,0.0,0.0,0.0,1.0,0.0,0.0,0.0,0.0,1.0,0.0,0.0,0.0,0.0,2.0,3.0,10.0,4.0,4.0,4.0,3.0,0.0,20.0,2.0,2.0,1.0,154.0
1.0,0.0,0.0,1.0,0.0,0.0,1.0,0.0,0.0,0.0,0.0,1.0,0.0,0.0,0.0,0.0,1.0,0.0,0.0,0.0,1.0,1.0,3.0,16.0,3.0,4.0,1.0,3.0,0.0,14.0,1.0,2.0,1.0,136.0
1.0,0.0,0.0,1.0,0.0,1.0,0.0,0.0,0.0,0.0,0.0,1.0,0.0,0.0,0.0,0.0,0.0,1.0,0.0,0.0,1.0,1.0,1.0,14.0,4.0,4.0,4.0,3.0,1.0,24.0,2.0,2.0,1.0,150.0
0.0,0.0,1.0,0.0,0.0,1.0,0.0,0.0,0.0,1.0,0.0,0.0,0.0,0.0,1.0,0.0,0.0,0.0,0.0,0.0,0.0,10.0,3.0,17.0,4.0,5.0,3.0,3.0,1.0,14.0,2.0,2.0,8.0,182.0
1.0,0.0,1.0,0.0,0.0,1.0,0.0,0.0,0.0,1.0,0.0,0.0,0.0,0.0,0.0,0.0,0.0,1.0,0.0,0.0,0.0,5.0,1.0,27.0,3.0,4.0,3.0,3.0,0.0,12.0,1.0,2.0,3.0,167.0
1.0,0.0,1.0,0.0,0.0,1.0,0.0,1.0,0.0,0.0,0.0,0.0,0.0,0.0,0.0,0.0,0.0,1.0,0.0,0.0,0.0,8.0,3.0,11.0,4.0,4.0,1.0,4.0,1.0,14.0,1.0,2.0,4.543490512868683,222.0
1.0,0.0,0.0,1.0,0.0,0.0,1.0,0.0,0.0,0.0,0.0,1.0,0.0,0.0,0.0,0.0,0.0,1.0,0.0,0.0,0.0,3.0,1.0,14.0,3.0,4.0,5.0,5.0,0.0,15.0,1.0,2.0,3.0,146.0
1.0,0.0,1.0,0.0,0.0,1.0,0.0,0.0,0.0,1.0,0.0,0.0,0.0,0.0,0.0,0.0,1.0,0.0,0.0,0.0,0.0,11.0,1.0,14.0,4.0,4.0,5.0,7.0,1.0,23.0,1.0,2.0,5.0,168.0
0.0,0.0,1.0,0.0,0.0,1.0,0.0,0.0,0.0,1.0,0.0,0.0,0.0,0.0,0.0,0.0,0.0,0.0,0.0,1.0,0.0,9.0,1.0,23.0,3.0,5.0,4.0,2.0,1.0,12.0,2.0,2.0,3.0,173.0
0.0,0.0,1.0,0.0,0.0,1.0,0.0,0.0,0.0,1.0,0.0,0.0,0.0,0.0,0.0,0.0,0.0,1.0,0.0,0.0,0.0,19.0,1.0,32.0,4.0,5.0,1.0,2.0,0.0,14.0,1.0,4.0,9.0,184.0
1.0,0.0,0.0,1.0,1.0,0.0,0.0,0.0,0.0,1.0,0.0,0.0,0.0,0.0,0.0,0.0,0.0,0.0,0.0,1.0,0.0,10.0,2.0,9.0,4.0,5.0,1.0,3.0,0.0,22.0,2.0,2.0,9.0,164.0
1.0,0.0,1.0,0.0,0.0,1.0,0.0,0.0,1.0,0.0,0.0,0.0,0.0,0.0,0.0,0.0,0.0,1.0,0.0,0.0,0.0,14.0,1.0,7.0,4.0,4.0,5.0,4.0,0.0,15.0,10.0,12.0,17.0,293.0
0.0,0.0,1.0,0.0,0.0,1.0,0.0,0.0,0.0,0.0,0.0,1.0,0.0,0.0,0.0,0.0,0.0,1.0,0.0,0.0,0.0,1.0,1.0,7.0,3.0,5.0,3.0,3.0,1.0,14.0,1.0,2.0,1.0,154.0
0.0,0.0,0.0,1.0,0.0,1.0,0.0,0.0,0.0,1.0,0.0,0.0,0.0,0.0,0.0,0.0,1.0,0.0,0.0,0.0,0.0,1.0,3.0,9.0,3.0,2.0,3.0,2.0,0.0,15.0,1.0,2.0,8.0,190.0
0.0,0.0,1.0,0.0,1.0,0.0,0.0,0.0,1.0,0.0,0.0,0.0,0.0,0.0,0.0,0.0,1.0,0.0,0.0,0.0,0.0,22.0,1.0,29.0,3.0,4.0,1.0,5.0,0.0,15.0,1.0,5.0,8.0,297.0
1.0,0.0,1.0,0.0,0.0,1.0,0.0,0.0,0.0,1.0,0.0,0.0,0.0,0.0,0.0,0.0,0.0,1.0,0.0,0.0,0.0,18.0,1.0,7.0,4.0,2.0,5.0,4.0,0.0,16.0,3.0,3.0,3.0,175.0
1.0,0.0,1.0,0.0,1.0,0.0,0.0,0.0,0.0,0.0,0.0,1.0,0.0,0.0,1.0,0.0,0.0,0.0,0.0,0.0,1.0,1.0,1.0,23.0,3.0,6.0,5.0,3.0,1.0,24.0,4.0,4.0,1.0,148.0
1.0,0.0,0.0,1.0,0.0,1.0,0.0,0.0,0.0,0.0,0.0,1.0,0.0,0.0,0.0,0.0,0.0,1.0,0.0,0.0,1.0,20.0,1.0,31.0,4.0,4.0,1.0,3.0,0.0,17.0,1.0,2.0,1.0,151.0
1.0,0.0,1.0,0.0,0.0,1.0,0.0,0.0,0.0,1.0,0.0,0.0,0.0,0.0,0.0,0.0,0.0,0.0,1.0,0.0,0.0,10.0,3.0,24.0,3.0,5.0,4.0,4.0,0.0,17.0,2.0,2.0,4.0,180.0
0.0,0.0,1.0,0.0,0.0,1.0,0.0,0.0,0.0,1.0,0.0,0.0,0.0,0.0,0.0,0.0,0.0,0.0,1.0,0.0,0.0,15.0,3.0,15.0,3.0,4.0,4.0,7.0,0.0,22.0,2.0,2.0,5.0,169.0
1.0,0.0,1.0,0.0,0.0,1.0,0.0,1.0,0.0,0.0,0.0,0.0,0.0,0.0,0.0,0.0,1.0,0.0,0.0,0.0,0.0,16.0,1.0,13.0,3.0,4.0,5.0,11.0,0.0,14.0,4.0,2.0,8.0,258.0
0.0,0.0,1.0,0.0,0.0,1.0,0.0,0.0,0.0,1.0,0.0,0.0,0.0,0.0,0.0,0.0,1.0,0.0,0.0,0.0,0.0,5.0,3.0,17.0,3.0,4.0,1.0,4.0,1.0,12.0,1.0,2.0,5.0,191.0
0.0,0.0,1.0,0.0,0.0,1.0,0.0,0.0,0.0,1.0,0.0,0.0,0.0,0.0,0.0,0.0,1.0,0.0,0.0,0.0,0.0,8.0,3.0,10.0,4.0,5.0,1.0,5.0,1.0,13.0,1.0,2.0,2.0,206.0
0.0,0.0,1.0,0.0,0.0,1.0,0.0,0.0,0.0,0.0,0.0,1.0,0.0,0.0,0.0,0.0,1.0,0.0,0.0,0.0,0.0,5.0,1.0,11.0,4.0,2.0,3.0,10.0,0.0,13.0,3.0,3.0,3.0,165.0
1.0,0.0,1.0,0.0,1.0,0.0,0.0,0.0,0.0,0.0,0.0,1.0,0.0,0.0,0.0,0.0,0.0,0.0,0.0,1.0,0.0,1.0,1.0,13.0,4.0,2.0,1.0,2.0,0.0,19.0,3.0,8.0,8.0,150.0
1.0,0.0,0.0,1.0,1.0,0.0,0.0,0.0,0.0,1.0,0.0,0.0,0.0,0.0,0.0,0.0,1.0,0.0,0.0,0.0,0.0,19.0,1.0,7.0,3.0,4.0,3.0,6.0,0.0,13.0,2.0,2.0,4.0,179.0
1.0,0.0,0.0,1.0,0.0,1.0,0.0,0.0,0.0,1.0,0.0,0.0,0.0,0.0,0.0,0.0,0.0,0.0,1.0,0.0,0.0,7.0,3.0,17.0,3.0,4.0,3.0,3.0,0.0,15.0,1.0,2.0,10.0,180.0
1.0,0.0,1.0,0.0,1.0,0.0,0.0,0.0,0.0,1.0,0.0,0.0,0.0,0.0,0.0,0.0,0.0,1.0,0.0,0.0,0.0,2.0,3.0,7.0,3.0,5.0,1.0,3.0,1.0,13.0,1.0,2.0,8.0,193.0
1.0,0.0,0.0,1.0,1.0,0.0,0.0,0.0,0.0,0.0,0.0,1.0,0.0,0.0,1.0,0.0,0.0,0.0,0.0,0.0,1.0,1.0,3.0,31.0,3.0,2.0,5.0,3.0,0.0,18.0,2.0,2.0,1.0,136.0
0.0,0.0,1.0,0.0,1.0,0.0,0.0,0.0,0.0,1.0,0.0,0.0,0.0,0.0,0.0,0.0,0.0,1.0,0.0,0.0,0.0,13.0,3.0,28.0,3.0,6.0,3.0,8.0,0.0,20.0,1.0,2.0,3.0,182.0
1.0,0.0,1.0,0.0,0.0,0.0,1.0,0.0,0.0,0.0,0.0,1.0,0.0,0.0,1.0,0.0,0.0,0.0,0.0,0.0,0.0,1.0,1.0,9.0,3.0,4.0,4.0,3.0,0.0,12.0,2.0,2.0,3.0,147.0
1.0,0.0,1.0,0.0,1.0,0.0,0.0,0.0,0.0,1.0,0.0,0.0,0.0,0.0,0.0,0.0,0.0,0.0,0.0,1.0,0.0,8.0,1.0,29.0,3.0,5.0,1.0,3.0,1.0,16.0,4.0,7.0,12.0,182.0
0.0,0.0,0.0,1.0,0.0,1.0,0.0,0.0,0.0,1.0,0.0,0.0,0.0,0.0,0.0,0.0,0.0,0.0,1.0,0.0,1.0,1.0,3.0,20.0,3.0,4.0,3.0,5.0,1.0,12.0,3.0,3.0,4.543490512868683,224.0
1.0,0.0,1.0,0.0,1.0,0.0,0.0,0.0,0.0,1.0,0.0,0.0,0.0,0.0,1.0,0.0,0.0,0.0,0.0,0.0,0.0,21.0,1.0,21.0,4.0,4.0,4.0,10.0,0.0,19.0,1.0,2.0,8.0,180.0
0.0,0.0,1.0,0.0,0.0,1.0,0.0,0.0,0.0,1.0,0.0,0.0,0.0,0.0,0.0,0.0,0.0,0.0,1.0,0.0,0.0,30.0,3.0,18.0,3.0,5.0,5.0,6.0,0.0,17.0,1.0,2.0,1.0,179.0
1.0,0.0,1.0,0.0,0.0,1.0,0.0,0.0,0.0,1.0,0.0,0.0,0.0,0.0,0.0,0.0,1.0,0.0,0.0,0.0,0.0,13.0,1.0,16.0,3.0,4.0,5.0,3.0,0.0,26.0,5.0,8.0,10.0,177.0
0.0,0.0,1.0,0.0,1.0,0.0,0.0,0.0,0.0,1.0,0.0,0.0,0.0,0.0,0.0,0.0,1.0,0.0,0.0,0.0,0.0,12.0,1.0,15.0,3.0,5.0,4.0,3.0,1.0,17.0,2.0,2.0,8.0,146.0
0.0,0.0,1.0,0.0,0.0,1.0,0.0,0.0,1.0,0.0,0.0,0.0,0.0,0.0,0.0,0.0,0.0,1.0,0.0,0.0,0.0,31.0,3.0,28.0,4.0,4.0,1.0,6.0,1.0,15.0,2.0,2.0,1.0,304.0
0.0,0.0,0.0,1.0,1.0,0.0,0.0,0.0,0.0,0.0,0.0,1.0,0.0,0.0,0.0,0.0,0.0,1.0,0.0,0.0,1.0,1.0,1.0,12.0,3.0,2.0,3.0,5.0,1.0,15.0,1.0,2.0,4.0,149.0
1.0,0.0,1.0,0.0,0.0,1.0,0.0,0.0,0.0,0.0,0.0,1.0,0.0,0.0,0.0,0.0,0.0,1.0,0.0,0.0,0.0,12.0,1.0,16.0,4.0,4.0,1.0,4.0,0.0,20.0,2.0,2.0,4.0,173.0
1.0,0.0,1.0,0.0,1.0,0.0,0.0,0.0,0.0,0.0,0.0,0.0,1.0,0.0,0.0,0.0,0.0,1.0,0.0,0.0,0.0,23.0,1.0,9.0,3.0,4.0,1.0,5.0,0.0,15.0,3.0,5.0,4.0,317.0
1.0,0.0,1.0,0.0,0.0,1.0,0.0,0.0,0.0,1.0,0.0,0.0,0.0,0.0,0.0,0.0,0.0,0.0,1.0,0.0,0.0,16.0,3.0,19.0,4.0,4.0,1.0,5.0,1.0,13.0,1.0,2.0,1.0,176.0
0.0,0.0,1.0,0.0,1.0,0.0,0.0,0.0,0.0,0.0,0.0,1.0,0.0,0.0,0.0,0.0,0.0,0.0,0.0,1.0,1.0,1.0,2.0,29.0,3.0,5.0,4.0,3.0,0.0,13.0,2.0,2.0,1.0,154.0
1.0,0.0,1.0,0.0,0.0,1.0,0.0,0.0,0.0,1.0,0.0,0.0,0.0,0.0,0.0,0.0,1.0,0.0,0.0,0.0,0.0,9.0,3.0,25.0,4.0,4.0,5.0,2.0,0.0,17.0,1.0,2.0,5.0,25.0
1.0,0.0,0.0,1.0,1.0,0.0,0.0,0.0,0.0,0.0,0.0,1.0,0.0,0.0,0.0,0.0,1.0,0.0,0.0,0.0,0.0,2.0,1.0,23.0,3.0,4.0,3.0,3.0,0.0,15.0,1.0,2.0,5.0,146.0
1.0,0.0,1.0,0.0,1.0,0.0,0.0,0.0,0.0,0.0,0.0,1.0,0.0,0.0,0.0,0.0,1.0,0.0,0.0,0.0,0.0,5.0,1.0,10.0,3.0,4.0,5.0,3.0,1.0,14.0,1.0,3.0,4.0,156.0
1.0,0.0,1.0,0.0,1.0,0.0,0.0,0.0,0.0,0.0,0.0,1.0,0.0,0.0,0.0,0.0,0.0,1.0,0.0,0.0,0.0,10.0,1.0,16.0,4.0,2.0,4.0,3.0,0.0,23.0,2.0,2.0,3.0,153.0
1.0,0.0,0.0,1.0,0.0,1.0,0.0,1.0,0.0,0.0,0.0,0.0,0.0,0.0,0.0,0.0,0.0,0.0,1.0,0.0,0.0,8.0,3.0,7.0,3.0,4.0,1.0,3.0,0.0,22.0,2.0,3.0,4.543490512868683,224.0
1.0,0.0,1.0,0.0,0.0,1.0,0.0,1.0,0.0,0.0,0.0,0.0,0.0,0.0,0.0,0.0,1.0,0.0,0.0,0.0,0.0,8.0,3.0,20.0,3.0,4.0,3.0,3.0,0.0,19.0,2.0,2.0,4.543490512868683,211.0
1.0,0.0,0.0,1.0,0.0,1.0,0.0,0.0,0.0,0.0,0.0,1.0,0.0,0.0,0.0,0.0,1.0,0.0,0.0,0.0,0.0,1.0,1.0,7.0,4.0,4.0,5.0,2.0,0.0,14.0,4.0,8.0,7.0,154.0
1.0,0.0,1.0,0.0,0.0,1.0,0.0,0.0,0.0,1.0,0.0,0.0,0.0,0.0,0.0,0.0,0.0,1.0,0.0,0.0,0.0,3.0,1.0,7.0,3.0,4.0,5.0,2.0,0.0,13.0,2.0,2.0,3.0,179.0
0.0,0.0,1.0,0.0,1.0,0.0,0.0,0.0,0.0,1.0,0.0,0.0,0.0,0.0,0.0,0.0,1.0,0.0,0.0,0.0,0.0,6.0,1.0,22.0,3.0,4.0,1.0,7.0,0.0,19.0,1.0,2.0,3.0,192.0
1.0,0.0,1.0,0.0,1.0,0.0,0.0,0.0,0.0,1.0,0.0,0.0,0.0,0.0,0.0,0.0,0.0,1.0,0.0,0.0,0.0,5.0,1.0,7.0,3.0,6.0,5.0,3.0,0.0,22.0,2.0,9.0,8.0,175.0
1.0,0.0,1.0,0.0,0.0,0.0,1.0,0.0,0.0,0.0,0.0,1.0,0.0,0.0,1.0,0.0,0.0,0.0,0.0,0.0,1.0,1.0,1.0,24.0,3.0,5.0,1.0,7.0,0.0,13.0,1.0,2.0,4.0,149.0
1.0,0.0,0.0,1.0,0.0,1.0,0.0,0.0,0.0,0.0,0.0,1.0,0.0,0.0,0.0,0.0,0.0,1.0,0.0,0.0,0.0,12.0,3.0,7.0,3.0,5.0,5.0,6.0,0.0,15.0,1.0,2.0,1.0,154.0
0.0,0.0,1.0,0.0,0.0,1.0,0.0,0.0,0.0,1.0,0.0,0.0,0.0,0.0,0.0,0.0,0.0,1.0,0.0,0.0,0.0,9.0,3.0,14.0,3.0,4.0,1.0,3.0,1.0,12.0,2.0,2.0,10.0,177.0
1.0,0.0,0.0,1.0,0.0,1.0,0.0,0.0,0.0,1.0,0.0,0.0,0.0,0.0,0.0,0.0,0.0,0.0,1.0,0.0,0.0,1.0,3.0,16.0,3.0,4.0,1.0,3.0,0.0,15.0,1.0,2.0,8.0,166.0
1.0,0.0,0.0,1.0,0.0,1.0,0.0,0.0,0.0,1.0,0.0,0.0,0.0,0.0,0.0,0.0,0.0,1.0,0.0,0.0,0.0,6.0,1.0,12.0,3.0,5.0,1.0,10.0,0.0,25.0,1.0,2.0,4.543490512868683,222.0
1.0,0.0,1.0,0.0,1.0,0.0,0.0,0.0,0.0,1.0,0.0,0.0,0.0,0.0,0.0,0.0,0.0,0.0,1.0,0.0,1.0,1.0,3.0,33.0,4.0,4.0,1.0,3.0,1.0,12.0,1.0,2.0,9.0,181.0
1.0,0.0,0.0,1.0,0.0,1.0,0.0,1.0,0.0,0.0,0.0,0.0,0.0,0.0,0.0,0.0,0.0,1.0,0.0,0.0,1.0,17.0,3.0,31.0,4.0,4.0,5.0,8.0,1.0,14.0,3.0,3.0,4.543490512868683,229.0
0.0,0.0,1.0,0.0,0.0,1.0,0.0,0.0,0.0,1.0,0.0,0.0,0.0,0.0,0.0,0.0,0.0,1.0,0.0,0.0,0.0,28.0,1.0,16.0,4.0,4.0,3.0,5.0,0.0,12.0,1.0,3.0,4.0,154.0
1.0,0.0,1.0,0.0,1.0,0.0,0.0,0.0,0.0,1.0,0.0,0.0,0.0,0.0,0.0,0.0,0.0,1.0,0.0,0.0,0.0,7.0,1.0,14.0,3.0,4.0,3.0,3.0,0.0,21.0,3.0,3.0,9.0,185.0
1.0,0.0,1.0,0.0,0.0,1.0,0.0,1.0,0.0,0.0,0.0,0.0,0.0,0.0,0.0,0.0,0.0,1.0,0.0,0.0,0.0,17.0,1.0,18.0,2.0,4.0,3.0,3.0,0.0,18.0,2.0,2.0,10.0,200.0
1.0,0.0,1.0,0.0,1.0,0.0,0.0,0.0,0.0,0.0,0.0,1.0,0.0,0.0,0.0,0.0,0.0,0.0,0.0,1.0,0.0,12.0,2.0,7.0,3.0,4.0,4.0,2.0,1.0,12.0,2.0,2.0,3.0,155.0
1.0,0.0,1.0,0.0,0.0,1.0,0.0,0.0,0.0,0.0,0.0,0.0,1.0,0.0,0.0,0.0,0.0,0.0,0.0,1.0,0.0,29.0,2.0,33.0,4.0,2.0,4.0,6.0,1.0,15.0,2.0,2.0,5.0,321.0
0.0,0.0,1.0,0.0,0.0,0.0,1.0,0.0,0.0,0.0,0.0,1.0,0.0,0.0,0.0,0.0,1.0,0.0,0.0,0.0,0.0,5.0,1.0,9.0,3.0,6.0,1.0,3.0,1.0,12.0,2.0,2.0,1.0,136.0
1.0,0.0,0.0,1.0,0.0,1.0,0.0,0.0,1.0,0.0,0.0,0.0,0.0,0.0,0.0,0.0,0.0,0.0,1.0,0.0,0.0,13.0,3.0,22.0,4.0,4.0,5.0,2.0,0.0,13.0,5.0,2.0,11.0,258.0
1.0,0.0,0.0,1.0,1.0,0.0,0.0,0.0,0.0,1.0,0.0,0.0,0.0,0.0,0.0,0.0,0.0,1.0,0.0,0.0,0.0,16.0,1.0,30.0,3.0,5.0,3.0,3.0,0.0,13.0,3.0,4.0,8.0,168.0
0.0,0.0,1.0,0.0,1.0,0.0,0.0,1.0,0.0,0.0,0.0,0.0,0.0,0.0,0.0,0.0,1.0,0.0,0.0,0.0,0.0,5.0,1.0,17.0,3.0,4.0,3.0,6.0,0.0,21.0,4.0,2.0,9.0,235.0
0.0,0.0,0.0,1.0,0.0,1.0,0.0,0.0,0.0,1.0,0.0,0.0,0.0,0.0,0.0,0.0,1.0,0.0,0.0,0.0,0.0,28.0,1.0,17.0,4.0,4.0,5.0,8.0,1.0,20.0,1.0,2.0,5.0,169.0
1.0,0.0,0.0,1.0,0.0,1.0,0.0,0.0,0.0,1.0,0.0,0.0,0.0,0.0,0.0,0.0,0.0,1.0,0.0,0.0,0.0,1.0,1.0,7.0,3.0,5.0,3.0,3.0,0.0,13.0,2.0,2.0,3.0,171.0
1.0,0.0,0.0,1.0,0.0,1.0,0.0,0.0,0.0,0.0,0.0,1.0,0.0,0.0,0.0,0.0,0.0,0.0,0.0,1.0,0.0,1.0,1.0,19.0,4.0,4.0,1.0,3.0,0.0,14.0,2.0,2.0,5.0,151.0
0.0,0.0,1.0,0.0,1.0,0.0,0.0,0.0,0.0,1.0,0.0,0.0,0.0,0.0,1.0,0.0,0.0,0.0,0.0,0.0,0.0,14.0,1.0,18.0,4.0,4.0,3.0,3.0,0.0,12.0,3.0,10.0,5.0,188.0
0.0,0.0,1.0,0.0,0.0,1.0,0.0,0.0,0.0,1.0,0.0,0.0,0.0,0.0,0.0,0.0,0.0,0.0,1.0,0.0,0.0,14.0,3.0,9.0,4.0,4.0,4.0,5.0,0.0,15.0,2.0,6.0,11.0,182.0
0.0,0.0,1.0,0.0,0.0,0.0,1.0,0.0,0.0,0.0,0.0,1.0,0.0,0.0,0.0,0.0,0.0,0.0,0.0,1.0,0.0,1.0,2.0,9.0,3.0,4.0,4.0,6.0,0.0,15.0,1.0,2.0,3.0,147.0
1.0,0.0,1.0,0.0,0.0,1.0,0.0,0.0,0.0,0.0,0.0,1.0,0.0,0.0,0.0,0.0,1.0,0.0,0.0,0.0,0.0,4.0,1.0,7.0,4.0,4.0,4.0,3.0,0.0,14.0,1.0,2.0,8.0,162.0
1.0,0.0,1.0,0.0,0.0,1.0,0.0,0.0,0.0,0.0,0.0,1.0,0.0,0.0,0.0,0.0,0.0,0.0,0.0,1.0,0.0,1.0,1.0,9.0,3.0,4.0,3.0,8.0,1.0,20.0,1.0,2.0,3.0,165.0
1.0,0.0,0.0,1.0,0.0,1.0,0.0,1.0,0.0,0.0,0.0,0.0,0.0,0.0,0.0,0.0,1.0,0.0,0.0,0.0,0.0,21.0,1.0,32.0,3.0,4.0,3.0,4.0,0.0,24.0,2.0,13.0,4.543490512868683,211.0
1.0,0.0,1.0,0.0,1.0,0.0,0.0,0.0,0.0,0.0,0.0,1.0,0.0,0.0,0.0,0.0,1.0,0.0,0.0,0.0,0.0,7.0,1.0,7.0,3.0,5.0,3.0,3.0,0.0,13.0,1.0,2.0,1.0,145.0
1.0,0.0,1.0,0.0,0.0,1.0,0.0,0.0,0.0,1.0,0.0,0.0,0.0,0.0,0.0,0.0,0.0,1.0,0.0,0.0,0.0,12.0,3.0,7.0,3.0,4.0,4.0,2.0,0.0,16.0,5.0,6.0,9.0,169.0
1.0,0.0,1.0,0.0,0.0,1.0,0.0,0.0,0.0,0.0,0.0,1.0,0.0,0.0,0.0,0.0,0.0,1.0,0.0,0.0,0.0,5.0,3.0,9.0,3.0,4.0,3.0,2.0,0.0,20.0,2.0,2.0,3.0,156.0
1.0,0.0,1.0,0.0,1.0,0.0,0.0,0.0,0.0,1.0,0.0,0.0,0.0,0.0,0.0,0.0,0.0,1.0,0.0,0.0,0.0,12.0,1.0,13.0,4.0,5.0,3.0,4.0,0.0,12.0,3.0,8.0,8.0,178.0
1.0,0.0,1.0,0.0,0.0,1.0,0.0,0.0,0.0,1.0,0.0,0.0,0.0,0.0,0.0,0.0,0.0,1.0,0.0,0.0,0.0,16.0,1.0,25.0,3.0,4.0,5.0,8.0,1.0,18.0,1.0,2.0,3.0,179.0
1.0,0.0,1.0,0.0,0.0,1.0,0.0,0.0,0.0,0.0,0.0,1.0,0.0,0.0,0.0,0.0,0.0,1.0,0.0,0.0,0.0,15.0,1.0,7.0,4.0,4.0,1.0,5.0,0.0,23.0,1.0,2.0,1.0,153.0
0.0,0.0,1.0,0.0,1.0,0.0,0.0,1.0,0.0,0.0,0.0,0.0,0.0,0.0,0.0,0.0,1.0,0.0,0.0,0.0,0.0,21.0,1.0,7.0,4.0,4.0,4.0,2.0,0.0,19.0,1.0,2.0,13.0,245.0
1.0,0.0,1.0,0.0,0.0,1.0,0.0,0.0,0.0,0.0,0.0,1.0,0.0,0.0,0.0,0.0,1.0,0.0,0.0,0.0,0.0,9.0,1.0,18.0,3.0,4.0,3.0,9.0,1.0,12.0,1.0,3.0,3.0,152.0
1.0,0.0,0.0,1.0,0.0,1.0,0.0,0.0,0.0,0.0,0.0,1.0,0.0,0.0,0.0,0.0,0.0,1.0,0.0,0.0,0.0,1.0,1.0,7.0,4.0,4.0,3.0,2.0,0.0,13.0,1.0,2.0,3.0,159.0
1.0,0.0,0.0,1.0,0.0,1.0,0.0,0.0,0.0,1.0,0.0,0.0,0.0,0.0,0.0,0.0,1.0,0.0,0.0,0.0,0.0,9.0,1.0,16.0,3.0,4.0,3.0,3.0,0.0,20.0,1.0,2.0,9.0,176.0
0.0,0.0,1.0,0.0,0.0,1.0,0.0,0.0,0.0,1.0,0.0,0.0,0.0,0.0,0.0,0.0,1.0,0.0,0.0,0.0,0.0,7.0,1.0,22.0,4.0,4.0,1.0,2.0,1.0,14.0,6.0,9.0,2.0,37.0
0.0,0.0,0.0,1.0,0.0,1.0,0.0,0.0,0.0,0.0,0.0,1.0,0.0,0.0,0.0,0.0,0.0,1.0,0.0,0.0,0.0,6.0,1.0,36.0,3.0,5.0,4.0,3.0,0.0,14.0,4.0,5.0,2.0,153.0
1.0,0.0,1.0,0.0,0.0,0.0,1.0,0.0,0.0,0.0,0.0,1.0,0.0,0.0,0.0,0.0,0.0,1.0,0.0,0.0,0.0,14.0,1.0,7.0,3.0,4.0,1.0,10.0,0.0,20.0,1.0,2.0,1.0,149.0
1.0,0.0,1.0,0.0,0.0,0.0,1.0,0.0,0.0,0.0,0.0,1.0,0.0,0.0,0.0,0.0,1.0,0.0,0.0,0.0,0.0,6.0,3.0,7.0,4.0,5.0,4.0,2.0,0.0,15.0,1.0,3.0,3.0,148.0
1.0,0.0,0.0,1.0,0.0,1.0,0.0,0.0,0.0,1.0,0.0,0.0,0.0,0.0,0.0,0.0,0.0,1.0,0.0,0.0,0.0,13.0,1.0,31.0,3.0,4.0,1.0,9.0,0.0,14.0,2.0,2.0,8.0,166.0
0.0,0.0,1.0,0.0,0.0,1.0,0.0,1.0,0.0,0.0,0.0,0.0,0.0,0.0,0.0,0.0,1.0,0.0,0.0,0.0,0.0,12.0,1.0,17.0,3.0,6.0,3.0,5.0,0.0,13.0,2.0,2.0,12.0,257.0
0.0,0.0,1.0,0.0,0.0,1.0,0.0,1.0,0.0,0.0,0.0,0.0,0.0,0.0,0.0,0.0,0.0,0.0,1.0,0.0,0.0,6.0,3.0,7.0,3.0,4.0,1.0,3.0,0.0,20.0,4.0,6.0,4.543490512868683,229.0
0.0,0.0,1.0,0.0,0.0,1.0,0.0,1.0,0.0,0.0,0.0,0.0,0.0,0.0,0.0,0.0,0.0,1.0,0.0,0.0,0.0,11.0,1.0,17.0,3.0,2.0,1.0,3.0,1.0,26.0,1.0,7.0,9.0,262.0
0.0,0.0,1.0,0.0,0.0,1.0,0.0,0.0,0.0,1.0,0.0,0.0,0.0,0.0,0.0,0.0,0.0,0.0,0.0,1.0,0.0,1.0,3.0,15.0,3.0,4.0,3.0,2.0,1.0,23.0,2.0,2.0,5.0,174.0
1.0,0.0,1.0,0.0,1.0,0.0,0.0,0.0,0.0,0.0,0.0,1.0,0.0,0.0,0.0,0.0,0.0,1.0,0.0,0.0,0.0,26.0,3.0,127.0,3.0,4.0,1.0,4.0,0.0,16.0,2.0,2.0,1.0,160.0
1.0,0.0,0.0,1.0,0.0,0.0,1.0,0.0,0.0,0.0,0.0,1.0,0.0,0.0,0.0,0.0,1.0,0.0,0.0,0.0,0.0,18.0,1.0,7.0,3.0,4.0,1.0,8.0,1.0,13.0,1.0,2.0,3.0,149.0
1.0,0.0,0.0,1.0,0.0,0.0,1.0,0.0,0.0,0.0,0.0,1.0,0.0,0.0,0.0,0.0,1.0,0.0,0.0,0.0,0.0,1.0,3.0,12.0,3.0,4.0,5.0,3.0,1.0,12.0,2.0,2.0,3.0,149.0
1.0,0.0,0.0,1.0,1.0,0.0,0.0,0.0,0.0,0.0,0.0,0.0,1.0,0.0,0.0,0.0,0.0,1.0,0.0,0.0,0.0,13.0,1.0,16.0,3.0,4.0,1.0,4.0,0.0,15.0,1.0,2.0,4.0,319.0
1.0,0.0,1.0,0.0,1.0,0.0,0.0,0.0,0.0,0.0,0.0,1.0,0.0,0.0,0.0,0.0,0.0,0.0,1.0,0.0,1.0,1.0,3.0,16.0,3.0,4.0,5.0,3.0,0.0,20.0,2.0,2.0,1.0,143.0
0.0,0.0,1.0,0.0,0.0,1.0,0.0,1.0,0.0,0.0,0.0,0.0,0.0,0.0,0.0,0.0,1.0,0.0,0.0,0.0,0.0,10.0,3.0,10.0,4.0,5.0,1.0,2.0,0.0,20.0,4.0,4.0,5.0,201.0
0.0,0.0,1.0,0.0,1.0,0.0,0.0,0.0,0.0,1.0,0.0,0.0,0.0,0.0,0.0,0.0,0.0,1.0,0.0,0.0,0.0,10.0,1.0,11.0,4.0,4.0,4.0,9.0,0.0,14.0,2.0,2.0,3.0,176.0
1.0,0.0,1.0,0.0,1.0,0.0,0.0,0.0,0.0,1.0,0.0,0.0,0.0,0.0,0.0,0.0,0.0,1.0,0.0,0.0,0.0,30.0,1.0,7.0,3.0,4.0,3.0,3.0,0.0,22.0,1.0,2.0,10.0,188.0
1.0,0.0,1.0,0.0,0.0,1.0,0.0,0.0,0.0,0.0,0.0,1.0,0.0,0.0,0.0,0.0,1.0,0.0,0.0,0.0,1.0,1.0,1.0,7.0,3.0,4.0,1.0,11.0,1.0,15.0,3.0,3.0,3.0,173.0
1.0,0.0,1.0,0.0,0.0,1.0,0.0,0.0,0.0,0.0,0.0,0.0,1.0,0.0,0.0,0.0,0.0,1.0,0.0,0.0,0.0,16.0,1.0,9.0,3.0,4.0,3.0,7.0,0.0,15.0,2.0,5.0,15.0,314.0
1.0,0.0,1.0,0.0,0.0,0.0,1.0,0.0,0.0,0.0,0.0,1.0,0.0,0.0,1.0,0.0,0.0,0.0,0.0,0.0,1.0,20.0,1.0,14.0,4.0,4.0,3.0,10.0,0.0,12.0,7.0,10.0,9.0,148.0
0.0,0.0,1.0,0.0,0.0,1.0,0.0,0.0,1.0,0.0,0.0,0.0,0.0,0.0,0.0,0.0,0.0,1.0,0.0,0.0,0.0,15.0,1.0,35.0,3.0,5.0,4.0,2.0,0.0,24.0,2.0,2.0,11.0,261.0
0.0,0.0,1.0,0.0,0.0,1.0,0.0,0.0,0.0,1.0,0.0,0.0,0.0,0.0,0.0,0.0,0.0,0.0,1.0,0.0,0.0,8.0,3.0,35.0,4.0,5.0,3.0,3.0,0.0,22.0,2.0,2.0,8.0,192.0
1.0,0.0,1.0,0.0,1.0,0.0,0.0,0.0,0.0,1.0,0.0,0.0,0.0,0.0,0.0,0.0,0.0,0.0,1.0,0.0,0.0,10.0,3.0,22.0,3.0,6.0,1.0,3.0,0.0,25.0,5.0,12.0,12.0,179.0
1.0,0.0,1.0,0.0,0.0,1.0,0.0,0.0,0.0,1.0,0.0,0.0,0.0,0.0,0.0,0.0,0.0,1.0,0.0,0.0,0.0,15.0,3.0,10.0,3.0,5.0,4.0,4.0,0.0,12.0,1.0,2.0,4.543490512868683,214.0
1.0,0.0,0.0,1.0,0.0,0.0,1.0,0.0,0.0,0.0,0.0,1.0,0.0,0.0,1.0,0.0,0.0,0.0,0.0,0.0,0.0,6.0,1.0,9.0,4.0,4.0,5.0,3.0,0.0,15.0,2.0,2.0,3.0,149.0
0.0,0.0,0.0,1.0,0.0,1.0,0.0,1.0,0.0,0.0,0.0,0.0,0.0,0.0,0.0,0.0,0.0,1.0,0.0,0.0,0.0,9.0,2.0,33.0,3.0,4.0,1.0,3.0,1.0,17.0,2.0,2.0,4.543490512868683,213.0
0.0,0.0,1.0,0.0,0.0,1.0,0.0,0.0,0.0,1.0,0.0,0.0,0.0,0.0,0.0,0.0,0.0,1.0,0.0,0.0,0.0,12.0,3.0,17.0,4.0,4.0,1.0,3.0,0.0,12.0,1.0,2.0,10.0,178.0
1.0,0.0,1.0,0.0,1.0,0.0,0.0,0.0,0.0,1.0,0.0,0.0,0.0,0.0,0.0,0.0,0.0,1.0,0.0,0.0,1.0,14.0,3.0,7.0,4.0,4.0,3.0,9.0,0.0,13.0,2.0,2.0,2.0,192.0
0.0,0.0,1.0,0.0,0.0,1.0,0.0,0.0,0.0,1.0,0.0,0.0,0.0,0.0,0.0,0.0,0.0,0.0,1.0,0.0,0.0,10.0,3.0,18.0,4.0,5.0,1.0,6.0,0.0,14.0,2.0,2.0,1.0,192.0
0.0,0.0,0.0,1.0,0.0,1.0,0.0,0.0,0.0,1.0,0.0,0.0,0.0,0.0,0.0,0.0,0.0,1.0,0.0,0.0,0.0,19.0,3.0,27.0,3.0,4.0,3.0,10.0,0.0,16.0,2.0,2.0,2.0,174.0
1.0,0.0,0.0,1.0,0.0,1.0,0.0,0.0,0.0,0.0,0.0,1.0,0.0,0.0,0.0,0.0,0.0,1.0,0.0,0.0,0.0,14.0,1.0,9.0,3.0,5.0,3.0,4.0,0.0,15.0,1.0,3.0,3.0,153.0
1.0,0.0,1.0,0.0,1.0,0.0,0.0,0.0,0.0,1.0,0.0,0.0,0.0,0.0,0.0,0.0,0.0,1.0,0.0,0.0,0.0,9.0,1.0,25.0,4.0,4.0,3.0,3.0,1.0,15.0,2.0,2.0,3.0,182.0
0.0,0.0,1.0,0.0,0.0,0.0,1.0,0.0,0.0,0.0,0.0,1.0,0.0,0.0,0.0,0.0,1.0,0.0,0.0,0.0,0.0,14.0,1.0,9.0,4.0,4.0,3.0,4.0,0.0,15.0,2.0,2.0,3.0,145.0
0.0,0.0,1.0,0.0,0.0,1.0,0.0,0.0,0.0,0.0,0.0,1.0,0.0,0.0,0.0,0.0,0.0,1.0,0.0,0.0,0.0,9.0,1.0,7.0,4.0,6.0,1.0,3.0,0.0,13.0,1.0,2.0,2.0,155.0
1.0,0.0,1.0,0.0,0.0,1.0,0.0,0.0,0.0,1.0,0.0,0.0,0.0,0.0,0.0,0.0,0.0,0.0,0.0,1.0,0.0,3.0,1.0,20.0,3.0,5.0,4.0,6.0,1.0,14.0,2.0,2.0,4.0,165.0
0.0,0.0,0.0,1.0,0.0,1.0,0.0,0.0,0.0,0.0,0.0,1.0,0.0,0.0,0.0,0.0,1.0,0.0,0.0,0.0,0.0,3.0,1.0,35.0,4.0,5.0,5.0,3.0,0.0,15.0,1.0,2.0,5.0,163.0
1.0,0.0,1.0,0.0,0.0,1.0,0.0,1.0,0.0,0.0,0.0,0.0,0.0,0.0,0.0,0.0,0.0,0.0,1.0,0.0,1.0,14.0,3.0,35.0,3.0,5.0,5.0,6.0,1.0,14.0,1.0,2.0,1.0,234.0
0.0,0.0,1.0,0.0,0.0,1.0,0.0,0.0,1.0,0.0,0.0,0.0,0.0,0.0,0.0,0.0,0.0,0.0,1.0,0.0,0.0,13.0,3.0,31.0,3.0,5.0,1.0,2.0,0.0,12.0,2.0,2.0,7.0,245.0
1.0,0.0,0.0,1.0,1.0,0.0,0.0,0.0,0.0,1.0,0.0,0.0,0.0,0.0,0.0,0.0,1.0,0.0,0.0,0.0,0.0,5.0,1.0,12.0,4.0,4.0,5.0,2.0,0.0,20.0,1.0,2.0,4.543490512868683,224.0
0.0,0.0,0.0,1.0,0.0,1.0,0.0,0.0,0.0,0.0,0.0,1.0,0.0,0.0,0.0,0.0,0.0,0.0,0.0,1.0,0.0,1.0,3.0,12.0,2.0,5.0,3.0,2.0,0.0,19.0,1.0,2.0,1.0,155.0
1.0,0.0,1.0,0.0,1.0,0.0,0.0,0.0,0.0,1.0,0.0,0.0,0.0,0.0,0.0,0.0,1.0,0.0,0.0,0.0,0.0,10.0,1.0,30.0,3.0,2.0,1.0,6.0,0.0,18.0,1.0,2.0,4.0,151.0
1.0,0.0,1.0,0.0,0.0,1.0,0.0,1.0,0.0,0.0,0.0,0.0,0.0,0.0,0.0,0.0,1.0,0.0,0.0,0.0,0.0,13.0,1.0,13.0,3.0,5.0,5.0,6.0,0.0,16.0,2.0,2.0,4.543490512868683,225.0
1.0,0.0,1.0,0.0,0.0,1.0,0.0,0.0,0.0,1.0,0.0,0.0,0.0,0.0,0.0,0.0,0.0,1.0,0.0,0.0,0.0,1.0,1.0,11.0,3.0,2.0,4.0,3.0,1.0,21.0,2.0,2.0,4.0,186.0
1.0,0.0,1.0,0.0,1.0,0.0,0.0,0.0,0.0,1.0,0.0,0.0,0.0,0.0,0.0,0.0,1.0,0.0,0.0,0.0,0.0,23.0,3.0,9.0,4.0,5.0,4.0,4.0,0.0,15.0,2.0,2.0,9.0,179.0
1.0,0.0,1.0,0.0,0.0,1.0,0.0,0.0,0.0,1.0,0.0,0.0,0.0,0.0,0.0,0.0,1.0,0.0,0.0,0.0,0.0,8.0,1.0,15.0,3.0,2.0,3.0,4.0,0.0,13.0,1.0,2.0,3.0,169.0
0.0,0.0,0.0,1.0,0.0,1.0,0.0,0.0,0.0,1.0,0.0,0.0,0.0,0.0,0.0,0.0,0.0,1.0,0.0,0.0,1.0,5.0,3.0,7.0,4.0,4.0,1.0,10.0,1.0,12.0,1.0,2.0,6.0,185.0
1.0,0.0,1.0,0.0,1.0,0.0,0.0,0.0,0.0,1.0,0.0,0.0,0.0,0.0,0.0,0.0,0.0,1.0,0.0,0.0,0.0,23.0,1.0,15.0,4.0,5.0,4.0,3.0,0.0,24.0,1.0,2.0,8.0,176.0
1.0,0.0,0.0,1.0,0.0,0.0,1.0,0.0,0.0,0.0,0.0,1.0,0.0,0.0,0.0,0.0,0.0,0.0,0.0,1.0,1.0,1.0,1.0,9.0,4.0,5.0,3.0,8.0,1.0,16.0,1.0,2.0,1.0,146.0
0.0,0.0,1.0,0.0,1.0,0.0,0.0,0.0,0.0,0.0,0.0,1.0,0.0,0.0,0.0,0.0,0.0,1.0,0.0,0.0,0.0,7.0,1.0,10.0,3.0,4.0,3.0,3.0,1.0,12.0,3.0,4.0,1.0,154.0
1.0,0.0,1.0,0.0,0.0,1.0,0.0,0.0,0.0,0.0,0.0,1.0,0.0,0.0,0.0,0.0,1.0,0.0,0.0,0.0,0.0,1.0,1.0,9.0,3.0,4.0,4.0,11.0,0.0,13.0,2.0,3.0,3.0,160.0
1.0,0.0,0.0,1.0,1.0,0.0,0.0,0.0,0.0,0.0,0.0,1.0,0.0,0.0,0.0,0.0,0.0,1.0,0.0,0.0,0.0,6.0,1.0,9.0,4.0,4.0,1.0,2.0,0.0,14.0,2.0,4.0,7.0,156.0
0.0,0.0,1.0,0.0,0.0,1.0,0.0,0.0,0.0,0.0,0.0,1.0,0.0,0.0,0.0,0.0,1.0,0.0,0.0,0.0,0.0,31.0,1.0,10.0,3.0,2.0,5.0,6.0,1.0,21.0,1.0,2.0,1.0,152.0
1.0,0.0,1.0,0.0,0.0,1.0,0.0,0.0,0.0,0.0,0.0,1.0,0.0,0.0,0.0,0.0,0.0,1.0,0.0,0.0,0.0,4.0,1.0,31.0,4.0,4.0,3.0,3.0,0.0,23.0,2.0,2.0,1.0,152.0
1.0,0.0,0.0,1.0,1.0,0.0,0.0,1.0,0.0,0.0,0.0,0.0,0.0,0.0,0.0,0.0,0.0,1.0,0.0,0.0,0.0,12.0,1.0,30.0,3.0,5.0,3.0,2.0,0.0,22.0,2.0,2.0,4.543490512868683,220.0
1.0,0.0,1.0,0.0,0.0,1.0,0.0,0.0,0.0,1.0,0.0,0.0,0.0,0.0,0.0,0.0,1.0,0.0,0.0,0.0,0.0,10.0,1.0,34.0,4.0,4.0,3.0,8.0,0.0,14.0,1.0,8.0,8.0,177.0
1.0,0.0,1.0,0.0,0.0,0.0,1.0,0.0,0.0,0.0,0.0,1.0,0.0,0.0,0.0,0.0,1.0,0.0,0.0,0.0,0.0,9.0,1.0,23.0,3.0,2.0,4.0,2.0,0.0,14.0,2.0,2.0,4.0,149.0
0.0,0.0,0.0,1.0,0.0,1.0,0.0,0.0,0.0,1.0,0.0,0.0,0.0,0.0,0.0,0.0,0.0,1.0,0.0,0.0,0.0,3.0,1.0,22.0,3.0,5.0,3.0,2.0,1.0,13.0,2.0,2.0,9.0,167.0
1.0,0.0,1.0,0.0,0.0,1.0,0.0,0.0,0.0,0.0,0.0,1.0,0.0,0.0,0.0,0.0,0.0,1.0,0.0,0.0,0.0,5.0,1.0,33.0,3.0,4.0,3.0,3.0,0.0,18.0,4.0,5.0,4.0,154.0
1.0,0.0,1.0,0.0,0.0,1.0,0.0,0.0,0.0,0.0,0.0,1.0,0.0,0.0,0.0,0.0,1.0,0.0,0.0,0.0,0.0,8.0,1.0,26.0,4.0,4.0,1.0,2.0,0.0,12.0,1.0,2.0,3.0,152.0
1.0,0.0,0.0,1.0,0.0,0.0,1.0,0.0,0.0,0.0,0.0,1.0,0.0,0.0,0.0,0.0,0.0,1.0,0.0,0.0,1.0,1.0,1.0,31.0,3.0,5.0,3.0,7.0,1.0,15.0,1.0,2.0,4.0,145.0
0.0,0.0,1.0,0.0,0.0,1.0,0.0,1.0,0.0,0.0,0.0,0.0,0.0,0.0,0.0,0.0,0.0,1.0,0.0,0.0,0.0,3.0,1.0,28.0,3.0,2.0,5.0,3.0,0.0,12.0,7.0,9.0,4.543490512868683,225.0
1.0,0.0,1.0,0.0,0.0,1.0,0.0,0.0,0.0,0.0,0.0,1.0,0.0,0.0,0.0,0.0,0.0,1.0,0.0,0.0,0.0,6.0,1.0,12.0,4.0,2.0,4.0,2.0,1.0,13.0,2.0,2.0,6.0,158.0
1.0,0.0,1.0,0.0,1.0,0.0,0.0,0.0,0.0,0.0,0.0,1.0,0.0,0.0,0.0,0.0,1.0,0.0,0.0,0.0,0.0,1.0,1.0,23.0,4.0,2.0,1.0,3.0,1.0,14.0,1.0,2.0,1.0,154.0
0.0,0.0,1.0,0.0,0.0,1.0,0.0,0.0,1.0,0.0,0.0,0.0,0.0,0.0,0.0,0.0,0.0,1.0,0.0,0.0,0.0,27.0,3.0,9.0,4.0,5.0,1.0,4.0,0.0,17.0,1.0,4.0,8.0,279.0
1.0,0.0,0.0,1.0,0.0,1.0,0.0,0.0,0.0,0.0,0.0,1.0,0.0,0.0,0.0,0.0,0.0,1.0,0.0,0.0,0.0,12.0,1.0,9.0,3.0,4.0,1.0,7.0,1.0,12.0,1.0,2.0,3.0,164.0
0.0,0.0,1.0,0.0,1.0,0.0,0.0,0.0,0.0,1.0,0.0,0.0,0.0,0.0,0.0,0.0,0.0,0.0,0.0,1.0,0.0,1.0,1.0,18.0,4.0,2.0,3.0,2.0,0.0,19.0,1.0,2.0,4.0,165.0
1.0,0.0,0.0,1.0,0.0,1.0,0.0,0.0,0.0,0.0,0.0,1.0,0.0,0.0,0.0,0.0,0.0,1.0,0.0,0.0,1.0,1.0,3.0,16.0,3.0,5.0,5.0,9.0,0.0,24.0,1.0,2.0,4.0,159.0
0.0,0.0,0.0,1.0,0.0,1.0,0.0,1.0,0.0,0.0,0.0,0.0,0.0,0.0,0.0,0.0,0.0,1.0,0.0,0.0,0.0,8.0,1.0,14.0,3.0,4.0,4.0,2.0,0.0,12.0,1.0,2.0,12.0,245.0
1.0,0.0,0.0,1.0,0.0,0.0,1.0,0.0,0.0,0.0,0.0,1.0,0.0,0.0,0.0,0.0,0.0,1.0,0.0,0.0,0.0,1.0,1.0,22.0,4.0,4.0,1.0,3.0,0.0,15.0,2.0,2.0,1.0,137.0
1.0,0.0,0.0,1.0,0.0,1.0,0.0,0.0,0.0,0.0,0.0,1.0,0.0,0.0,0.0,0.0,1.0,0.0,0.0,0.0,1.0,1.0,1.0,13.0,3.0,4.0,5.0,4.0,0.0,12.0,1.0,2.0,4.0,155.0
0.0,0.0,1.0,0.0,0.0,1.0,0.0,0.0,0.0,0.0,0.0,0.0,1.0,0.0,0.0,0.0,0.0,0.0,0.0,1.0,0.0,27.0,1.0,12.0,3.0,4.0,3.0,6.0,0.0,15.0,2.0,5.0,9.0,316.0
0.0,0.0,0.0,1.0,1.0,0.0,0.0,0.0,0.0,0.0,0.0,1.0,0.0,0.0,0.0,0.0,0.0,1.0,0.0,0.0,1.0,1.0,1.0,23.0,4.0,6.0,5.0,3.0,1.0,23.0,1.0,7.0,8.0,164.0
1.0,0.0,1.0,0.0,0.0,1.0,0.0,0.0,0.0,1.0,0.0,0.0,0.0,0.0,0.0,0.0,0.0,0.0,1.0,0.0,0.0,16.0,3.0,15.0,3.0,4.0,4.0,2.0,0.0,12.0,3.0,5.0,3.0,193.0
0.0,0.0,1.0,0.0,0.0,1.0,0.0,1.0,0.0,0.0,0.0,0.0,0.0,0.0,0.0,0.0,1.0,0.0,0.0,0.0,0.0,18.0,1.0,14.0,3.0,5.0,1.0,5.0,0.0,15.0,1.0,6.0,4.543490512868683,227.0
0.0,0.0,0.0,1.0,0.0,1.0,0.0,0.0,0.0,0.0,0.0,0.0,1.0,0.0,0.0,0.0,0.0,0.0,1.0,0.0,0.0,20.0,3.0,9.0,3.0,4.0,5.0,5.0,0.0,15.0,3.0,3.0,2.0,314.0
1.0,0.0,0.0,1.0,0.0,1.0,0.0,0.0,0.0,0.0,0.0,1.0,0.0,0.0,0.0,0.0,1.0,0.0,0.0,0.0,0.0,7.0,1.0,9.0,4.0,4.0,1.0,6.0,0.0,12.0,1.0,2.0,1.0,150.0
1.0,0.0,1.0,0.0,0.0,1.0,0.0,0.0,0.0,1.0,0.0,0.0,0.0,0.0,0.0,0.0,0.0,0.0,0.0,1.0,0.0,18.0,1.0,17.0,3.0,4.0,1.0,4.0,1.0,14.0,1.0,2.0,4.0,190.0
1.0,0.0,0.0,1.0,0.0,0.0,1.0,0.0,0.0,0.0,0.0,1.0,0.0,0.0,0.0,0.0,1.0,0.0,0.0,0.0,0.0,4.0,1.0,16.0,3.0,5.0,3.0,3.0,0.0,14.0,1.0,2.0,9.0,147.0
1.0,0.0,1.0,0.0,0.0,0.0,1.0,0.0,0.0,1.0,0.0,0.0,0.0,0.0,1.0,0.0,0.0,0.0,0.0,0.0,1.0,3.0,3.0,12.0,3.0,4.0,1.0,5.0,0.0,15.0,1.0,2.0,1.0,146.0
1.0,0.0,1.0,0.0,0.0,0.0,1.0,0.0,0.0,0.0,0.0,1.0,0.0,0.0,0.0,0.0,1.0,0.0,0.0,0.0,1.0,1.0,1.0,7.0,4.0,4.0,1.0,4.0,1.0,17.0,1.0,3.0,1.0,148.0
0.0,0.0,1.0,0.0,0.0,1.0,0.0,0.0,0.0,0.0,0.0,1.0,0.0,0.0,0.0,0.0,1.0,0.0,0.0,0.0,0.0,17.0,1.0,9.0,4.0,2.0,3.0,3.0,0.0,13.0,2.0,2.0,5.0,151.0
1.0,0.0,1.0,0.0,0.0,1.0,0.0,0.0,0.0,0.0,0.0,1.0,0.0,0.0,0.0,0.0,0.0,0.0,1.0,0.0,1.0,14.0,3.0,10.0,3.0,5.0,3.0,3.0,1.0,15.0,2.0,2.0,3.0,152.0
0.0,0.0,1.0,0.0,0.0,0.0,1.0,0.0,0.0,0.0,0.0,1.0,0.0,0.0,0.0,0.0,0.0,0.0,1.0,0.0,0.0,9.0,3.0,9.0,4.0,4.0,1.0,3.0,0.0,14.0,3.0,3.0,3.0,145.0
0.0,0.0,1.0,0.0,0.0,1.0,0.0,0.0,0.0,0.0,0.0,1.0,0.0,0.0,0.0,0.0,0.0,1.0,0.0,0.0,0.0,10.0,1.0,12.0,3.0,5.0,5.0,11.0,1.0,15.0,2.0,2.0,1.0,159.0
0.0,0.0,1.0,0.0,1.0,0.0,0.0,0.0,0.0,1.0,0.0,0.0,0.0,0.0,0.0,0.0,0.0,1.0,0.0,0.0,0.0,7.0,3.0,7.0,3.0,2.0,5.0,4.0,0.0,20.0,1.0,2.0,4.0,179.0
1.0,0.0,1.0,0.0,0.0,0.0,1.0,0.0,0.0,0.0,0.0,1.0,0.0,0.0,0.0,0.0,0.0,0.0,0.0,1.0,0.0,9.0,1.0,11.0,4.0,4.0,1.0,3.0,0.0,13.0,2.0,2.0,1.0,145.0
0.0,0.0,1.0,0.0,0.0,0.0,1.0,0.0,0.0,0.0,0.0,1.0,0.0,0.0,0.0,0.0,0.0,1.0,0.0,0.0,0.0,1.0,1.0,9.0,3.0,4.0,5.0,3.0,0.0,14.0,2.0,2.0,1.0,148.0
1.0,0.0,0.0,1.0,0.0,0.0,1.0,0.0,0.0,0.0,0.0,1.0,0.0,0.0,0.0,0.0,0.0,1.0,0.0,0.0,1.0,1.0,1.0,32.0,3.0,6.0,3.0,3.0,0.0,13.0,1.0,2.0,2.0,148.0
1.0,0.0,0.0,1.0,1.0,0.0,0.0,1.0,0.0,0.0,0.0,0.0,0.0,0.0,0.0,0.0,0.0,1.0,0.0,0.0,0.0,1.0,3.0,15.0,3.0,4.0,3.0,3.0,0.0,16.0,2.0,2.0,4.543490512868683,212.0
0.0,0.0,0.0,1.0,1.0,0.0,0.0,0.0,0.0,1.0,0.0,0.0,0.0,0.0,0.0,0.0,1.0,0.0,0.0,0.0,0.0,4.0,1.0,7.0,3.0,4.0,1.0,3.0,0.0,24.0,2.0,4.0,8.0,165.0
0.0,0.0,1.0,0.0,0.0,1.0,0.0,0.0,0.0,0.0,0.0,0.0,1.0,0.0,0.0,1.0,0.0,0.0,0.0,0.0,1.0,5.0,1.0,19.0,3.0,4.0,3.0,3.0,0.0,15.0,2.0,16.0,9.0,320.0
1.0,0.0,0.0,1.0,1.0,0.0,0.0,0.0,0.0,1.0,0.0,0.0,0.0,0.0,0.0,0.0,0.0,0.0,1.0,0.0,0.0,8.0,3.0,30.0,4.0,4.0,3.0,2.0,0.0,21.0,1.0,9.0,8.0,171.0
1.0,0.0,1.0,0.0,0.0,1.0,0.0,0.0,0.0,0.0,0.0,1.0,0.0,0.0,0.0,0.0,0.0,1.0,0.0,0.0,0.0,11.0,1.0,26.0,4.0,4.0,4.0,6.0,0.0,22.0,1.0,2.0,1.0,155.0
1.0,0.0,0.0,1.0,1.0,0.0,0.0,0.0,0.0,1.0,0.0,0.0,0.0,0.0,0.0,0.0,0.0,0.0,1.0,0.0,0.0,20.0,3.0,12.0,4.0,4.0,1.0,6.0,1.0,22.0,2.0,2.0,9.0,183.0
1.0,0.0,1.0,0.0,0.0,0.0,1.0,0.0,0.0,0.0,0.0,1.0,0.0,0.0,0.0,0.0,0.0,1.0,0.0,0.0,0.0,9.0,1.0,15.0,3.0,2.0,1.0,3.0,0.0,20.0,2.0,2.0,2.0,148.0
1.0,0.0,0.0,1.0,0.0,1.0,0.0,1.0,0.0,0.0,0.0,0.0,0.0,0.0,0.0,0.0,0.0,1.0,0.0,0.0,1.0,12.0,1.0,7.0,4.0,5.0,3.0,11.0,1.0,14.0,1.0,2.0,1.0,179.0
1.0,0.0,0.0,1.0,0.0,1.0,0.0,0.0,0.0,0.0,0.0,1.0,0.0,0.0,1.0,0.0,0.0,0.0,0.0,0.0,1.0,1.0,1.0,12.0,3.0,4.0,3.0,3.0,1.0,14.0,1.0,3.0,3.0,159.0
0.0,0.0,1.0,0.0,0.0,1.0,0.0,0.0,0.0,1.0,0.0,0.0,0.0,0.0,0.0,0.0,0.0,0.0,1.0,0.0,0.0,18.0,3.0,7.0,4.0,4.0,5.0,7.0,1.0,22.0,2.0,2.0,4.0,180.0
1.0,0.0,1.0,0.0,1.0,0.0,0.0,1.0,0.0,0.0,0.0,0.0,0.0,0.0,0.0,0.0,1.0,0.0,0.0,0.0,0.0,9.0,1.0,18.0,4.0,5.0,5.0,4.0,1.0,14.0,2.0,3.0,4.543490512868683,224.0
0.0,0.0,1.0,0.0,0.0,1.0,0.0,0.0,0.0,1.0,0.0,0.0,0.0,0.0,0.0,0.0,0.0,0.0,1.0,0.0,0.0,1.0,3.0,30.0,3.0,5.0,1.0,9.0,1.0,20.0,1.0,2.0,1.0,167.0
0.0,0.0,0.0,1.0,1.0,0.0,0.0,1.0,0.0,0.0,0.0,0.0,0.0,0.0,0.0,0.0,0.0,1.0,0.0,0.0,0.0,7.0,1.0,30.0,4.0,4.0,1.0,3.0,1.0,13.0,4.0,2.0,13.0,260.0
1.0,0.0,1.0,0.0,1.0,0.0,0.0,1.0,0.0,0.0,0.0,0.0,0.0,0.0,0.0,0.0,0.0,1.0,0.0,0.0,0.0,9.0,3.0,6.0,4.0,4.0,5.0,3.0,0.0,23.0,1.0,2.0,4.543490512868683,216.0
0.0,0.0,1.0,0.0,0.0,1.0,0.0,0.0,0.0,0.0,0.0,1.0,0.0,0.0,0.0,0.0,1.0,0.0,0.0,0.0,0.0,9.0,1.0,30.0,2.0,4.0,5.0,5.0,1.0,16.0,1.0,3.0,3.0,165.0
1.0,0.0,1.0,0.0,0.0,1.0,0.0,0.0,0.0,1.0,0.0,0.0,0.0,0.0,0.0,0.0,0.0,1.0,0.0,0.0,0.0,5.0,1.0,14.0,3.0,4.0,1.0,5.0,0.0,23.0,1.0,2.0,8.0,184.0
1.0,0.0,1.0,0.0,0.0,1.0,0.0,0.0,0.0,1.0,0.0,0.0,0.0,0.0,0.0,0.0,0.0,1.0,0.0,0.0,0.0,11.0,1.0,7.0,3.0,5.0,3.0,3.0,0.0,19.0,1.0,2.0,8.0,185.0
1.0,0.0,1.0,0.0,0.0,1.0,0.0,0.0,0.0,1.0,0.0,0.0,0.0,0.0,0.0,0.0,1.0,0.0,0.0,0.0,0.0,6.0,1.0,7.0,3.0,4.0,1.0,3.0,1.0,23.0,6.0,8.0,9.0,187.0
0.0,0.0,0.0,1.0,1.0,0.0,0.0,0.0,0.0,1.0,0.0,0.0,0.0,0.0,0.0,0.0,0.0,1.0,0.0,0.0,0.0,12.0,1.0,36.0,3.0,4.0,1.0,3.0,0.0,12.0,7.0,10.0,10.0,149.0
0.0,0.0,1.0,0.0,0.0,1.0,0.0,0.0,0.0,0.0,0.0,0.0,1.0,0.0,0.0,0.0,1.0,0.0,0.0,0.0,0.0,24.0,1.0,14.0,3.0,5.0,3.0,7.0,1.0,15.0,5.0,14.0,9.0,312.0
0.0,0.0,0.0,1.0,0.0,1.0,0.0,1.0,0.0,0.0,0.0,0.0,0.0,0.0,0.0,0.0,0.0,1.0,0.0,0.0,0.0,31.0,3.0,32.0,5.0,4.0,5.0,9.0,0.0,12.0,7.0,8.0,10.0,201.0
0.0,0.0,1.0,0.0,0.0,1.0,0.0,1.0,0.0,0.0,0.0,0.0,0.0,0.0,0.0,1.0,0.0,0.0,0.0,0.0,0.0,10.0,1.0,15.0,3.0,4.0,3.0,3.0,0.0,14.0,8.0,13.0,4.543490512868683,226.0
0.0,0.0,1.0,0.0,0.0,1.0,0.0,0.0,1.0,0.0,0.0,0.0,0.0,0.0,0.0,0.0,1.0,0.0,0.0,0.0,0.0,29.0,1.0,15.0,3.0,4.0,3.0,4.0,1.0,15.0,1.0,2.0,3.0,273.0
1.0,0.0,0.0,1.0,1.0,0.0,0.0,0.0,0.0,1.0,0.0,0.0,0.0,0.0,0.0,0.0,0.0,1.0,0.0,0.0,0.0,10.0,1.0,18.0,4.0,5.0,4.0,3.0,0.0,14.0,2.0,2.0,4.0,190.0
1.0,0.0,1.0,0.0,0.0,1.0,0.0,1.0,0.0,0.0,0.0,0.0,0.0,0.0,0.0,0.0,0.0,1.0,0.0,0.0,0.0,19.0,1.0,14.0,3.0,4.0,5.0,4.0,0.0,18.0,1.0,2.0,4.543490512868683,222.0
1.0,0.0,1.0,0.0,1.0,0.0,0.0,0.0,0.0,0.0,0.0,1.0,0.0,0.0,0.0,0.0,1.0,0.0,0.0,0.0,0.0,9.0,1.0,7.0,4.0,4.0,5.0,6.0,0.0,14.0,1.0,2.0,3.0,147.0
1.0,0.0,1.0,0.0,0.0,1.0,0.0,0.0,0.0,0.0,0.0,1.0,0.0,0.0,0.0,0.0,1.0,0.0,0.0,0.0,1.0,1.0,1.0,16.0,4.0,5.0,3.0,2.0,1.0,18.0,2.0,2.0,1.0,159.0
0.0,0.0,0.0,1.0,1.0,0.0,0.0,0.0,0.0,1.0,0.0,0.0,0.0,0.0,0.0,0.0,0.0,1.0,0.0,0.0,0.0,31.0,3.0,7.0,3.0,5.0,3.0,9.0,0.0,12.0,2.0,2.0,4.0,180.0
1.0,0.0,1.0,0.0,0.0,1.0,0.0,0.0,0.0,0.0,0.0,1.0,0.0,0.0,0.0,0.0,0.0,1.0,0.0,0.0,0.0,3.0,1.0,9.0,4.0,4.0,4.0,2.0,0.0,24.0,2.0,2.0,5.0,152.0
1.0,0.0,0.0,1.0,0.0,1.0,0.0,0.0,0.0,0.0,0.0,1.0,0.0,0.0,0.0,0.0,1.0,0.0,0.0,0.0,0.0,5.0,1.0,7.0,3.0,4.0,4.0,3.0,0.0,18.0,2.0,2.0,1.0,150.0
1.0,0.0,1.0,0.0,0.0,1.0,0.0,0.0,0.0,1.0,0.0,0.0,0.0,0.0,0.0,0.0,0.0,1.0,0.0,0.0,0.0,6.0,1.0,7.0,4.0,4.0,4.0,3.0,0.0,18.0,2.0,2.0,10.0,187.0
0.0,0.0,1.0,0.0,0.0,1.0,0.0,0.0,0.0,0.0,0.0,1.0,0.0,0.0,0.0,0.0,0.0,1.0,0.0,0.0,0.0,10.0,1.0,13.0,3.0,2.0,1.0,5.0,0.0,13.0,1.0,2.0,1.0,155.0
0.0,0.0,0.0,1.0,0.0,1.0,0.0,0.0,0.0,1.0,0.0,0.0,0.0,0.0,0.0,0.0,0.0,1.0,0.0,0.0,0.0,5.0,1.0,15.0,4.0,4.0,1.0,3.0,0.0,24.0,2.0,2.0,9.0,169.0
1.0,0.0,0.0,1.0,0.0,1.0,0.0,0.0,0.0,1.0,0.0,0.0,0.0,0.0,0.0,0.0,0.0,0.0,1.0,0.0,0.0,9.0,3.0,7.0,3.0,5.0,5.0,2.0,0.0,15.0,2.0,3.0,9.0,168.0
1.0,0.0,1.0,0.0,0.0,1.0,0.0,1.0,0.0,0.0,0.0,0.0,0.0,0.0,0.0,0.0,0.0,0.0,0.0,1.0,0.0,19.0,1.0,13.0,3.0,4.0,5.0,6.0,1.0,15.0,2.0,2.0,1.0,257.0
1.0,0.0,0.0,1.0,0.0,1.0,0.0,1.0,0.0,0.0,0.0,0.0,0.0,0.0,0.0,0.0,1.0,0.0,0.0,0.0,0.0,11.0,1.0,14.0,2.0,4.0,3.0,6.0,0.0,14.0,1.0,2.0,3.0,262.0
1.0,0.0,1.0,0.0,0.0,1.0,0.0,0.0,0.0,1.0,0.0,0.0,0.0,0.0,0.0,0.0,1.0,0.0,0.0,0.0,0.0,20.0,2.0,12.0,4.0,4.0,4.0,3.0,1.0,23.0,2.0,2.0,3.0,175.0
1.0,0.0,1.0,0.0,0.0,1.0,0.0,0.0,0.0,1.0,0.0,0.0,0.0,0.0,0.0,0.0,0.0,1.0,0.0,0.0,0.0,4.0,1.0,7.0,3.0,5.0,1.0,3.0,1.0,13.0,2.0,4.0,1.0,176.0
1.0,0.0,0.0,1.0,0.0,1.0,0.0,0.0,0.0,0.0,0.0,1.0,0.0,0.0,0.0,0.0,1.0,0.0,0.0,0.0,0.0,9.0,1.0,7.0,2.0,5.0,3.0,3.0,0.0,19.0,2.0,2.0,5.0,154.0
1.0,0.0,1.0,0.0,0.0,1.0,0.0,1.0,0.0,0.0,0.0,0.0,0.0,0.0,0.0,0.0,0.0,1.0,0.0,0.0,0.0,29.0,3.0,7.0,4.0,4.0,1.0,5.0,0.0,15.0,1.0,2.0,4.543490512868683,227.0
0.0,0.0,1.0,0.0,1.0,0.0,0.0,0.0,0.0,1.0,0.0,0.0,0.0,0.0,0.0,0.0,1.0,0.0,0.0,0.0,0.0,12.0,1.0,13.0,4.0,6.0,1.0,9.0,1.0,13.0,1.0,2.0,10.0,178.0
1.0,0.0,1.0,0.0,0.0,1.0,0.0,0.0,0.0,1.0,0.0,0.0,0.0,0.0,0.0,0.0,1.0,0.0,0.0,0.0,0.0,8.0,1.0,7.0,4.0,4.0,4.0,3.0,0.0,16.0,2.0,2.0,4.0,168.0
1.0,0.0,0.0,1.0,0.0,1.0,0.0,1.0,0.0,0.0,0.0,0.0,0.0,0.0,0.0,0.0,0.0,1.0,0.0,0.0,0.0,30.0,1.0,14.0,3.0,6.0,1.0,6.0,0.0,12.0,1.0,2.0,3.0,198.0
1.0,0.0,1.0,0.0,0.0,0.0,1.0,0.0,0.0,0.0,0.0,1.0,0.0,0.0,1.0,0.0,0.0,0.0,0.0,0.0,0.0,1.0,3.0,9.0,4.0,4.0,5.0,5.0,0.0,14.0,2.0,2.0,1.0,148.0
1.0,0.0,1.0,0.0,0.0,0.0,1.0,0.0,0.0,0.0,0.0,1.0,0.0,0.0,0.0,0.0,0.0,1.0,0.0,0.0,0.0,25.0,1.0,16.0,4.0,4.0,1.0,5.0,0.0,24.0,2.0,2.0,4.0,146.0
1.0,0.0,1.0,0.0,0.0,1.0,0.0,0.0,0.0,1.0,0.0,0.0,0.0,0.0,0.0,0.0,0.0,1.0,0.0,0.0,0.0,4.0,1.0,9.0,5.0,5.0,1.0,3.0,0.0,20.0,4.0,11.0,9.0,167.0
1.0,0.0,0.0,1.0,0.0,1.0,0.0,1.0,0.0,0.0,0.0,0.0,0.0,0.0,0.0,0.0,1.0,0.0,0.0,0.0,1.0,10.0,3.0,16.0,4.0,5.0,1.0,3.0,0.0,17.0,4.0,5.0,4.543490512868683,221.0
1.0,0.0,1.0,0.0,1.0,0.0,0.0,0.0,1.0,0.0,0.0,0.0,0.0,0.0,0.0,0.0,0.0,1.0,0.0,0.0,0.0,14.0,1.0,7.0,4.0,5.0,4.0,3.0,0.0,23.0,6.0,2.0,12.0,260.0
1.0,0.0,0.0,1.0,0.0,1.0,0.0,0.0,0.0,1.0,0.0,0.0,0.0,0.0,0.0,0.0,0.0,0.0,1.0,0.0,0.0,25.0,3.0,28.0,4.0,4.0,1.0,2.0,1.0,23.0,1.0,2.0,1.0,179.0
0.0,0.0,1.0,0.0,0.0,1.0,0.0,0.0,0.0,1.0,0.0,0.0,0.0,0.0,0.0,0.0,1.0,0.0,0.0,0.0,0.0,4.0,3.0,11.0,4.0,5.0,4.0,3.0,1.0,13.0,3.0,3.0,8.0,177.0
1.0,0.0,1.0,0.0,1.0,0.0,0.0,1.0,0.0,0.0,0.0,0.0,0.0,0.0,0.0,0.0,1.0,0.0,0.0,0.0,0.0,20.0,1.0,7.0,3.0,5.0,5.0,4.0,1.0,14.0,5.0,2.0,6.0,232.0
1.0,0.0,0.0,1.0,0.0,1.0,0.0,0.0,0.0,1.0,0.0,0.0,0.0,0.0,0.0,0.0,1.0,0.0,0.0,0.0,0.0,6.0,3.0,13.0,3.0,4.0,3.0,3.0,0.0,17.0,6.0,6.0,8.0,175.0
0.0,0.0,1.0,0.0,0.0,1.0,0.0,1.0,0.0,0.0,0.0,0.0,0.0,0.0,0.0,1.0,0.0,0.0,0.0,0.0,0.0,28.0,1.0,9.0,3.0,4.0,3.0,11.0,0.0,13.0,1.0,2.0,4.0,260.0
0.0,0.0,1.0,0.0,0.0,1.0,0.0,0.0,0.0,1.0,0.0,0.0,0.0,0.0,0.0,0.0,0.0,0.0,0.0,1.0,0.0,1.0,3.0,10.0,3.0,4.0,3.0,2.0,0.0,22.0,1.0,2.0,3.0,175.0
1.0,0.0,1.0,0.0,1.0,0.0,0.0,0.0,0.0,1.0,0.0,0.0,0.0,0.0,0.0,0.0,1.0,0.0,0.0,0.0,0.0,2.0,3.0,11.0,3.0,4.0,3.0,3.0,0.0,16.0,1.0,2.0,5.0,167.0
1.0,0.0,0.0,1.0,0.0,1.0,0.0,0.0,1.0,0.0,0.0,0.0,0.0,0.0,0.0,0.0,1.0,0.0,0.0,0.0,0.0,31.0,3.0,17.0,3.0,4.0,3.0,2.0,0.0,14.0,1.0,2.0,9.0,264.0
1.0,0.0,1.0,0.0,1.0,0.0,0.0,0.0,0.0,1.0,0.0,0.0,0.0,0.0,0.0,0.0,1.0,0.0,0.0,0.0,0.0,18.0,1.0,30.0,4.0,4.0,4.0,6.0,0.0,13.0,1.0,2.0,3.0,145.0
1.0,0.0,1.0,0.0,0.0,0.0,1.0,0.0,0.0,0.0,0.0,1.0,0.0,0.0,0.0,0.0,0.0,0.0,0.0,1.0,1.0,1.0,2.0,13.0,4.0,4.0,5.0,6.0,1.0,23.0,1.0,2.0,3.0,146.0
1.0,0.0,0.0,1.0,0.0,1.0,0.0,0.0,0.0,0.0,0.0,1.0,0.0,0.0,0.0,0.0,0.0,1.0,0.0,0.0,0.0,6.0,1.0,7.0,4.0,4.0,5.0,3.0,0.0,14.0,1.0,2.0,1.0,155.0
0.0,0.0,0.0,1.0,1.0,0.0,0.0,0.0,0.0,0.0,0.0,1.0,0.0,0.0,0.0,0.0,0.0,1.0,0.0,0.0,1.0,1.0,1.0,13.0,4.0,5.0,1.0,3.0,1.0,19.0,1.0,2.0,1.0,154.0
0.0,0.0,0.0,1.0,0.0,1.0,0.0,0.0,0.0,1.0,0.0,0.0,0.0,0.0,0.0,0.0,0.0,0.0,0.0,1.0,0.0,8.0,1.0,13.0,3.0,4.0,3.0,3.0,0.0,15.0,1.0,3.0,11.0,173.0
1.0,0.0,1.0,0.0,1.0,0.0,0.0,0.0,0.0,1.0,0.0,0.0,0.0,0.0,0.0,0.0,0.0,1.0,0.0,0.0,0.0,11.0,1.0,9.0,4.0,5.0,1.0,7.0,0.0,15.0,2.0,2.0,1.0,177.0
0.0,0.0,1.0,0.0,1.0,0.0,0.0,0.0,0.0,0.0,0.0,0.0,1.0,0.0,0.0,0.0,0.0,0.0,0.0,1.0,0.0,31.0,2.0,9.0,3.0,5.0,1.0,11.0,0.0,15.0,1.0,3.0,3.0,313.0
0.0,0.0,1.0,0.0,1.0,0.0,0.0,0.0,0.0,0.0,0.0,0.0,1.0,0.0,0.0,0.0,0.0,1.0,0.0,0.0,0.0,24.0,1.0,7.0,4.0,4.0,4.0,5.0,1.0,15.0,1.0,2.0,8.0,307.0
1.0,0.0,0.0,1.0,0.0,1.0,0.0,0.0,0.0,1.0,0.0,0.0,0.0,0.0,0.0,0.0,0.0,0.0,1.0,0.0,1.0,1.0,3.0,12.0,3.0,5.0,3.0,3.0,1.0,12.0,1.0,2.0,4.0,182.0
1.0,0.0,1.0,0.0,0.0,1.0,0.0,0.0,0.0,0.0,0.0,1.0,0.0,0.0,0.0,0.0,1.0,0.0,0.0,0.0,0.0,1.0,1.0,14.0,4.0,5.0,1.0,3.0,0.0,12.0,1.0,3.0,2.0,154.0
0.0,0.0,0.0,1.0,0.0,1.0,0.0,0.0,0.0,0.0,0.0,1.0,0.0,0.0,0.0,0.0,1.0,0.0,0.0,0.0,0.0,1.0,1.0,22.0,3.0,4.0,1.0,3.0,0.0,16.0,2.0,2.0,1.0,154.0
0.0,0.0,0.0,1.0,1.0,0.0,0.0,1.0,0.0,0.0,0.0,0.0,0.0,0.0,0.0,0.0,1.0,0.0,0.0,0.0,0.0,25.0,1.0,7.0,2.0,5.0,5.0,5.0,0.0,21.0,5.0,13.0,9.0,200.0
1.0,0.0,0.0,1.0,1.0,0.0,0.0,0.0,0.0,1.0,0.0,0.0,0.0,0.0,0.0,0.0,0.0,1.0,0.0,0.0,1.0,1.0,1.0,14.0,4.0,6.0,3.0,3.0,1.0,25.0,2.0,2.0,7.0,186.0
0.0,0.0,0.0,1.0,1.0,0.0,0.0,0.0,1.0,0.0,0.0,0.0,0.0,0.0,0.0,0.0,0.0,0.0,0.0,1.0,0.0,28.0,2.0,33.0,2.0,2.0,1.0,4.0,1.0,15.0,3.0,5.0,5.0,298.0
1.0,0.0,1.0,0.0,0.0,1.0,0.0,0.0,0.0,0.0,0.0,1.0,0.0,0.0,0.0,0.0,0.0,1.0,0.0,0.0,0.0,1.0,1.0,25.0,3.0,4.0,3.0,2.0,0.0,13.0,1.0,2.0,3.0,153.0
0.0,0.0,1.0,0.0,0.0,1.0,0.0,0.0,0.0,1.0,0.0,0.0,0.0,0.0,0.0,0.0,0.0,1.0,0.0,0.0,0.0,8.0,1.0,13.0,3.0,5.0,4.0,8.0,0.0,16.0,2.0,2.0,1.0,170.0
1.0,0.0,0.0,1.0,0.0,1.0,0.0,1.0,0.0,0.0,0.0,0.0,0.0,0.0,0.0,0.0,0.0,1.0,0.0,0.0,0.0,11.0,3.0,10.0,3.0,4.0,1.0,4.0,0.0,13.0,1.0,2.0,4.0,199.0
0.0,0.0,0.0,1.0,0.0,1.0,0.0,1.0,0.0,0.0,0.0,0.0,0.0,0.0,0.0,0.0,1.0,0.0,0.0,0.0,0.0,8.0,1.0,12.0,3.0,5.0,5.0,4.0,0.0,13.0,3.0,2.0,9.0,241.0
0.0,0.0,1.0,0.0,1.0,0.0,0.0,1.0,0.0,0.0,0.0,0.0,0.0,0.0,0.0,1.0,0.0,0.0,0.0,0.0,0.0,10.0,3.0,18.0,4.0,4.0,1.0,2.0,0.0,15.0,1.0,3.0,4.543490512868683,222.0
0.0,0.0,1.0,0.0,0.0,1.0,0.0,0.0,0.0,0.0,0.0,1.0,0.0,0.0,0.0,0.0,0.0,1.0,0.0,0.0,0.0,10.0,1.0,10.0,3.0,4.0,1.0,7.0,0.0,23.0,1.0,2.0,1.0,153.0
1.0,0.0,1.0,0.0,1.0,0.0,0.0,0.0,1.0,0.0,0.0,0.0,0.0,0.0,0.0,0.0,0.0,1.0,0.0,0.0,0.0,17.0,3.0,33.0,4.0,4.0,1.0,3.0,1.0,15.0,2.0,5.0,13.0,295.0
1.0,0.0,1.0,0.0,1.0,0.0,0.0,0.0,0.0,0.0,0.0,1.0,0.0,0.0,0.0,0.0,0.0,1.0,0.0,0.0,0.0,4.0,1.0,30.0,4.0,6.0,3.0,3.0,0.0,26.0,1.0,2.0,10.0,151.0
1.0,0.0,1.0,0.0,1.0,0.0,0.0,0.0,0.0,1.0,0.0,0.0,0.0,0.0,0.0,0.0,0.0,0.0,1.0,0.0,0.0,7.0,3.0,29.0,4.0,4.0,4.0,2.0,0.0,14.0,1.0,2.0,8.0,186.0
0.0,0.0,1.0,0.0,0.0,1.0,0.0,0.0,0.0,0.0,0.0,1.0,0.0,0.0,0.0,0.0,0.0,1.0,0.0,0.0,1.0,20.0,1.0,21.0,4.0,4.0,4.0,11.0,1.0,19.0,4.0,5.0,4.0,175.0
1.0,0.0,0.0,1.0,0.0,1.0,0.0,0.0,0.0,0.0,0.0,0.0,1.0,0.0,0.0,0.0,0.0,1.0,0.0,0.0,0.0,25.0,1.0,13.0,3.0,4.0,3.0,9.0,0.0,15.0,9.0,16.0,16.0,320.0
1.0,0.0,1.0,0.0,0.0,1.0,0.0,0.0,0.0,1.0,0.0,0.0,0.0,0.0,0.0,0.0,0.0,1.0,0.0,0.0,1.0,1.0,3.0,13.0,4.0,6.0,3.0,6.0,1.0,19.0,1.0,8.0,8.0,187.0
0.0,0.0,1.0,0.0,0.0,0.0,1.0,0.0,0.0,0.0,0.0,1.0,0.0,0.0,0.0,0.0,0.0,0.0,0.0,1.0,0.0,1.0,1.0,13.0,3.0,5.0,4.0,3.0,0.0,20.0,3.0,5.0,4.0,149.0
0.0,0.0,1.0,0.0,0.0,1.0,0.0,1.0,0.0,0.0,0.0,0.0,0.0,0.0,0.0,0.0,1.0,0.0,0.0,0.0,1.0,21.0,1.0,30.0,4.0,4.0,1.0,3.0,0.0,13.0,8.0,16.0,4.543490512868683,228.0
1.0,0.0,0.0,1.0,0.0,0.0,1.0,0.0,0.0,0.0,0.0,1.0,0.0,0.0,0.0,0.0,0.0,0.0,1.0,0.0,1.0,1.0,3.0,29.0,3.0,4.0,3.0,3.0,1.0,20.0,2.0,2.0,1.0,142.0
1.0,0.0,1.0,0.0,0.0,1.0,0.0,0.0,0.0,0.0,0.0,1.0,0.0,0.0,1.0,0.0,0.0,0.0,0.0,0.0,0.0,1.0,1.0,9.0,4.0,4.0,1.0,2.0,0.0,15.0,3.0,3.0,2.0,150.0
0.0,0.0,1.0,0.0,0.0,1.0,0.0,0.0,0.0,1.0,0.0,0.0,0.0,0.0,0.0,0.0,1.0,0.0,0.0,0.0,0.0,23.0,1.0,27.0,4.0,4.0,5.0,3.0,0.0,15.0,6.0,6.0,12.0,191.0
0.0,0.0,0.0,1.0,1.0,0.0,0.0,0.0,0.0,0.0,0.0,1.0,0.0,0.0,0.0,0.0,1.0,0.0,0.0,0.0,0.0,17.0,1.0,35.0,4.0,2.0,3.0,6.0,0.0,13.0,1.0,2.0,3.0,172.0
0.0,0.0,0.0,1.0,1.0,0.0,0.0,1.0,0.0,0.0,0.0,0.0,0.0,0.0,0.0,0.0,0.0,0.0,1.0,0.0,0.0,24.0,3.0,19.0,4.0,4.0,1.0,6.0,0.0,12.0,2.0,3.0,4.543490512868683,217.0
0.0,0.0,1.0,0.0,0.0,1.0,0.0,0.0,0.0,1.0,0.0,0.0,0.0,0.0,0.0,0.0,0.0,1.0,0.0,0.0,1.0,1.0,3.0,27.0,4.0,6.0,3.0,5.0,1.0,12.0,1.0,3.0,3.0,171.0
1.0,0.0,1.0,0.0,0.0,1.0,0.0,1.0,0.0,0.0,0.0,0.0,0.0,0.0,0.0,0.0,0.0,1.0,0.0,0.0,0.0,15.0,3.0,16.0,4.0,4.0,3.0,5.0,1.0,14.0,1.0,2.0,8.0,207.0
0.0,0.0,1.0,0.0,0.0,1.0,0.0,0.0,0.0,0.0,0.0,1.0,0.0,0.0,0.0,0.0,0.0,1.0,0.0,0.0,0.0,1.0,2.0,32.0,4.0,4.0,3.0,3.0,0.0,24.0,3.0,6.0,8.0,154.0
1.0,0.0,1.0,0.0,0.0,1.0,0.0,0.0,0.0,1.0,0.0,0.0,0.0,0.0,0.0,0.0,1.0,0.0,0.0,0.0,0.0,10.0,1.0,13.0,3.0,4.0,4.0,8.0,0.0,21.0,1.0,2.0,2.0,174.0
1.0,0.0,0.0,1.0,1.0,0.0,0.0,1.0,0.0,0.0,0.0,0.0,0.0,0.0,0.0,0.0,0.0,1.0,0.0,0.0,1.0,15.0,1.0,15.0,3.0,6.0,1.0,4.0,0.0,16.0,2.0,2.0,4.0,232.0
0.0,0.0,1.0,0.0,0.0,1.0,0.0,0.0,0.0,1.0,0.0,0.0,0.0,0.0,0.0,0.0,0.0,1.0,0.0,0.0,0.0,13.0,3.0,11.0,3.0,5.0,3.0,6.0,0.0,15.0,6.0,6.0,10.0,184.0
1.0,0.0,1.0,0.0,0.0,1.0,0.0,0.0,0.0,1.0,0.0,0.0,0.0,0.0,0.0,0.0,0.0,1.0,0.0,0.0,0.0,1.0,3.0,35.0,3.0,5.0,3.0,4.0,0.0,19.0,2.0,3.0,4.543490512868683,211.0
1.0,0.0,1.0,0.0,0.0,1.0,0.0,0.0,0.0,1.0,0.0,0.0,0.0,0.0,0.0,0.0,0.0,0.0,0.0,1.0,0.0,4.0,2.0,16.0,3.0,4.0,1.0,2.0,1.0,20.0,5.0,5.0,8.0,188.0
0.0,0.0,0.0,1.0,0.0,1.0,0.0,0.0,0.0,0.0,0.0,1.0,0.0,0.0,0.0,0.0,1.0,0.0,0.0,0.0,1.0,1.0,1.0,16.0,3.0,4.0,5.0,9.0,0.0,23.0,2.0,2.0,5.0,167.0
1.0,0.0,0.0,1.0,0.0,1.0,0.0,0.0,0.0,0.0,0.0,1.0,0.0,0.0,0.0,0.0,1.0,0.0,0.0,0.0,0.0,19.0,1.0,36.0,3.0,4.0,1.0,7.0,0.0,14.0,2.0,2.0,4.0,160.0
0.0,0.0,0.0,1.0,0.0,1.0,0.0,0.0,0.0,1.0,0.0,0.0,0.0,0.0,1.0,0.0,0.0,0.0,0.0,0.0,0.0,12.0,1.0,10.0,3.0,4.0,3.0,5.0,1.0,21.0,3.0,3.0,3.0,168.0
0.0,0.0,0.0,1.0,0.0,1.0,0.0,0.0,0.0,0.0,0.0,1.0,0.0,0.0,0.0,0.0,0.0,1.0,0.0,0.0,0.0,4.0,1.0,25.0,4.0,4.0,3.0,3.0,0.0,15.0,2.0,2.0,5.0,151.0
1.0,0.0,1.0,0.0,1.0,0.0,0.0,0.0,0.0,1.0,0.0,0.0,0.0,0.0,0.0,0.0,1.0,0.0,0.0,0.0,0.0,6.0,3.0,16.0,3.0,6.0,1.0,2.0,0.0,18.0,1.0,2.0,8.0,172.0
0.0,0.0,1.0,0.0,0.0,1.0,0.0,0.0,0.0,0.0,0.0,1.0,0.0,0.0,1.0,0.0,0.0,0.0,0.0,0.0,0.0,4.0,1.0,12.0,3.0,4.0,5.0,7.0,0.0,15.0,1.0,3.0,31.0,157.0
1.0,0.0,0.0,1.0,0.0,1.0,0.0,0.0,0.0,0.0,0.0,1.0,0.0,0.0,0.0,0.0,1.0,0.0,0.0,0.0,0.0,4.0,1.0,9.0,3.0,5.0,1.0,2.0,0.0,14.0,1.0,2.0,3.0,152.0
1.0,0.0,1.0,0.0,1.0,0.0,0.0,0.0,1.0,0.0,0.0,0.0,0.0,0.0,0.0,0.0,0.0,1.0,0.0,0.0,0.0,15.0,1.0,17.0,4.0,5.0,5.0,6.0,0.0,15.0,3.0,8.0,8.0,297.0
1.0,0.0,1.0,0.0,0.0,0.0,1.0,0.0,0.0,0.0,0.0,1.0,0.0,0.0,0.0,0.0,0.0,1.0,0.0,0.0,0.0,15.0,1.0,16.0,4.0,4.0,5.0,4.0,0.0,22.0,1.0,2.0,5.0,147.0
0.0,0.0,0.0,1.0,0.0,0.0,1.0,0.0,0.0,0.0,0.0,1.0,0.0,0.0,0.0,0.0,1.0,0.0,0.0,0.0,0.0,1.0,1.0,10.0,4.0,4.0,4.0,3.0,0.0,15.0,2.0,2.0,1.0,140.0
0.0,0.0,1.0,0.0,1.0,0.0,0.0,0.0,0.0,1.0,0.0,0.0,0.0,0.0,0.0,0.0,1.0,0.0,0.0,0.0,0.0,14.0,1.0,33.0,3.0,4.0,4.0,3.0,0.0,12.0,1.0,3.0,14.0,181.0
1.0,0.0,1.0,0.0,0.0,1.0,0.0,1.0,0.0,0.0,0.0,0.0,0.0,0.0,0.0,0.0,0.0,0.0,1.0,0.0,0.0,9.0,3.0,7.0,4.0,4.0,4.0,3.0,0.0,14.0,1.0,2.0,7.0,198.0
1.0,0.0,1.0,0.0,0.0,0.0,1.0,0.0,0.0,1.0,0.0,0.0,0.0,0.0,0.0,0.0,0.0,0.0,1.0,0.0,0.0,27.0,3.0,13.0,3.0,4.0,3.0,4.0,1.0,21.0,1.0,5.0,6.0,148.0
1.0,0.0,1.0,0.0,0.0,0.0,1.0,0.0,0.0,1.0,0.0,0.0,0.0,0.0,0.0,0.0,0.0,1.0,0.0,0.0,0.0,19.0,1.0,16.0,3.0,4.0,4.0,10.0,0.0,19.0,2.0,2.0,16.0,148.0
0.0,0.0,0.0,1.0,1.0,0.0,0.0,1.0,0.0,0.0,0.0,0.0,0.0,0.0,0.0,0.0,0.0,0.0,1.0,0.0,0.0,6.0,3.0,15.0,3.0,4.0,1.0,3.0,0.0,15.0,3.0,4.0,4.543490512868683,215.0
1.0,0.0,1.0,0.0,1.0,0.0,0.0,0.0,0.0,1.0,0.0,0.0,0.0,0.0,1.0,0.0,0.0,0.0,0.0,0.0,0.0,3.0,1.0,7.0,3.0,4.0,3.0,3.0,0.0,14.0,1.0,2.0,10.0,168.0
1.0,0.0,1.0,0.0,0.0,1.0,0.0,0.0,0.0,1.0,0.0,0.0,0.0,0.0,0.0,0.0,1.0,0.0,0.0,0.0,0.0,25.0,1.0,14.0,3.0,5.0,3.0,4.0,0.0,18.0,2.0,2.0,1.0,186.0
0.0,0.0,1.0,0.0,0.0,1.0,0.0,0.0,0.0,0.0,0.0,1.0,0.0,0.0,0.0,0.0,1.0,0.0,0.0,0.0,0.0,31.0,1.0,16.0,4.0,5.0,4.0,6.0,1.0,21.0,2.0,2.0,1.0,158.0
1.0,0.0,1.0,0.0,0.0,1.0,0.0,1.0,0.0,0.0,0.0,0.0,0.0,0.0,0.0,0.0,0.0,0.0,1.0,0.0,0.0,14.0,3.0,11.0,4.0,5.0,1.0,9.0,0.0,12.0,2.0,2.0,12.0,234.0
0.0,0.0,1.0,0.0,1.0,0.0,0.0,0.0,0.0,0.0,0.0,1.0,0.0,0.0,0.0,0.0,0.0,0.0,1.0,0.0,0.0,8.0,3.0,9.0,4.0,4.0,3.0,8.0,0.0,19.0,1.0,2.0,3.0,147.0
1.0,0.0,1.0,0.0,0.0,0.0,1.0,0.0,0.0,0.0,0.0,1.0,0.0,0.0,0.0,0.0,1.0,0.0,0.0,0.0,0.0,1.0,1.0,26.0,4.0,4.0,1.0,3.0,0.0,25.0,3.0,3.0,3.0,148.0
1.0,0.0,1.0,0.0,1.0,0.0,0.0,0.0,0.0,0.0,0.0,1.0,0.0,0.0,0.0,0.0,1.0,0.0,0.0,0.0,0.0,1.0,1.0,16.0,3.0,4.0,4.0,8.0,0.0,19.0,3.0,3.0,3.0,145.0
1.0,0.0,1.0,0.0,0.0,1.0,0.0,0.0,0.0,0.0,0.0,1.0,0.0,0.0,0.0,0.0,1.0,0.0,0.0,0.0,0.0,2.0,1.0,28.0,3.0,4.0,1.0,3.0,0.0,12.0,1.0,2.0,3.0,152.0
1.0,0.0,1.0,0.0,0.0,1.0,0.0,1.0,0.0,0.0,0.0,0.0,0.0,0.0,0.0,0.0,0.0,1.0,0.0,0.0,0.0,31.0,1.0,31.0,3.0,2.0,1.0,5.0,1.0,17.0,2.0,2.0,4.543490512868683,219.0
1.0,0.0,1.0,0.0,1.0,0.0,0.0,0.0,0.0,0.0,0.0,1.0,0.0,0.0,0.0,0.0,1.0,0.0,0.0,0.0,0.0,1.0,1.0,10.0,4.0,5.0,3.0,3.0,1.0,16.0,1.0,2.0,2.0,151.0
0.0,0.0,0.0,1.0,0.0,1.0,0.0,0.0,0.0,0.0,0.0,0.0,1.0,0.0,0.0,0.0,0.0,1.0,0.0,0.0,0.0,24.0,1.0,18.0,3.0,4.0,4.0,5.0,0.0,16.0,1.0,5.0,5.0,324.0
1.0,0.0,1.0,0.0,0.0,1.0,0.0,0.0,0.0,0.0,0.0,1.0,0.0,0.0,0.0,0.0,0.0,1.0,0.0,0.0,0.0,15.0,1.0,21.0,3.0,4.0,3.0,6.0,0.0,13.0,2.0,2.0,9.0,150.0
0.0,0.0,1.0,0.0,0.0,1.0,0.0,1.0,0.0,0.0,0.0,0.0,0.0,0.0,0.0,0.0,0.0,1.0,0.0,0.0,0.0,4.0,3.0,12.0,3.0,4.0,1.0,4.0,0.0,13.0,2.0,8.0,4.543490512868683,219.0
0.0,0.0,0.0,1.0,0.0,1.0,0.0,0.0,0.0,1.0,0.0,0.0,0.0,0.0,0.0,0.0,0.0,1.0,0.0,0.0,0.0,12.0,3.0,7.0,3.0,5.0,1.0,6.0,0.0,23.0,1.0,2.0,4.543490512868683,212.0
1.0,0.0,0.0,1.0,0.0,1.0,0.0,0.0,0.0,0.0,0.0,1.0,0.0,0.0,0.0,0.0,0.0,1.0,0.0,0.0,0.0,6.0,1.0,13.0,3.0,4.0,3.0,5.0,0.0,21.0,1.0,2.0,5.0,155.0
1.0,0.0,1.0,0.0,0.0,1.0,0.0,0.0,0.0,0.0,0.0,1.0,0.0,0.0,1.0,0.0,0.0,0.0,0.0,0.0,0.0,1.0,1.0,24.0,3.0,4.0,4.0,2.0,1.0,17.0,1.0,2.0,2.0,156.0
0.0,0.0,0.0,1.0,1.0,0.0,0.0,0.0,0.0,0.0,0.0,1.0,0.0,0.0,1.0,0.0,0.0,0.0,0.0,0.0,1.0,1.0,3.0,7.0,4.0,6.0,5.0,2.0,0.0,22.0,2.0,2.0,1.0,148.0
1.0,0.0,0.0,1.0,1.0,0.0,0.0,0.0,0.0,0.0,0.0,1.0,0.0,0.0,0.0,0.0,1.0,0.0,0.0,0.0,0.0,10.0,1.0,10.0,2.0,4.0,4.0,6.0,0.0,13.0,3.0,8.0,3.0,146.0
1.0,0.0,1.0,0.0,1.0,0.0,0.0,0.0,0.0,1.0,0.0,0.0,0.0,0.0,0.0,0.0,1.0,0.0,0.0,0.0,0.0,4.0,1.0,16.0,4.0,4.0,5.0,3.0,0.0,12.0,6.0,7.0,11.0,156.0
0.0,0.0,1.0,0.0,0.0,1.0,0.0,0.0,0.0,1.0,0.0,0.0,0.0,0.0,0.0,0.0,0.0,1.0,0.0,0.0,0.0,19.0,3.0,11.0,2.0,4.0,5.0,6.0,1.0,12.0,1.0,2.0,4.0,175.0
0.0,0.0,1.0,0.0,0.0,1.0,0.0,0.0,0.0,0.0,0.0,1.0,0.0,0.0,0.0,0.0,0.0,1.0,0.0,0.0,0.0,30.0,1.0,15.0,4.0,4.0,5.0,6.0,1.0,19.0,3.0,3.0,3.0,168.0
1.0,0.0,0.0,1.0,0.0,1.0,0.0,0.0,0.0,0.0,0.0,1.0,0.0,0.0,0.0,0.0,0.0,1.0,0.0,0.0,0.0,7.0,1.0,9.0,3.0,4.0,1.0,2.0,0.0,15.0,2.0,2.0,3.0,150.0
1.0,0.0,0.0,1.0,0.0,0.0,1.0,0.0,0.0,0.0,0.0,1.0,0.0,0.0,0.0,0.0,0.0,1.0,0.0,0.0,1.0,1.0,1.0,9.0,3.0,5.0,1.0,3.0,0.0,23.0,2.0,2.0,1.0,136.0
0.0,0.0,1.0,0.0,0.0,1.0,0.0,1.0,0.0,0.0,0.0,0.0,0.0,0.0,0.0,0.0,0.0,0.0,1.0,0.0,0.0,20.0,3.0,7.0,4.0,4.0,5.0,3.0,0.0,26.0,9.0,16.0,4.543490512868683,230.0
0.0,0.0,0.0,1.0,0.0,0.0,1.0,0.0,0.0,0.0,0.0,1.0,0.0,0.0,0.0,0.0,0.0,1.0,0.0,0.0,0.0,12.0,1.0,16.0,4.0,4.0,1.0,3.0,0.0,13.0,2.0,3.0,2.0,148.0
0.0,0.0,1.0,0.0,0.0,1.0,0.0,0.0,0.0,0.0,0.0,1.0,0.0,0.0,0.0,0.0,1.0,0.0,0.0,0.0,0.0,5.0,1.0,19.0,4.0,4.0,1.0,10.0,1.0,24.0,2.0,2.0,3.0,164.0
0.0,0.0,0.0,1.0,0.0,0.0,1.0,0.0,0.0,0.0,0.0,1.0,0.0,0.0,0.0,0.0,1.0,0.0,0.0,0.0,0.0,8.0,1.0,34.0,4.0,4.0,4.0,4.0,0.0,16.0,1.0,2.0,3.0,148.0
0.0,0.0,0.0,1.0,0.0,1.0,0.0,0.0,0.0,0.0,0.0,1.0,0.0,0.0,0.0,0.0,0.0,0.0,1.0,0.0,1.0,5.0,3.0,27.0,4.0,4.0,4.0,3.0,1.0,23.0,1.0,2.0,3.0,156.0
1.0,0.0,1.0,0.0,0.0,1.0,0.0,0.0,0.0,0.0,0.0,1.0,0.0,0.0,0.0,0.0,1.0,0.0,0.0,0.0,0.0,24.0,1.0,7.0,3.0,5.0,3.0,4.0,0.0,16.0,2.0,2.0,3.0,162.0
0.0,0.0,1.0,0.0,0.0,1.0,0.0,0.0,0.0,1.0,0.0,0.0,0.0,0.0,0.0,0.0,1.0,0.0,0.0,0.0,0.0,27.0,1.0,20.0,3.0,2.0,5.0,3.0,0.0,12.0,2.0,2.0,4.0,170.0
0.0,0.0,1.0,0.0,0.0,1.0,0.0,0.0,0.0,0.0,0.0,1.0,0.0,0.0,0.0,0.0,1.0,0.0,0.0,0.0,0.0,7.0,1.0,21.0,4.0,4.0,4.0,3.0,0.0,14.0,2.0,2.0,7.0,153.0
0.0,0.0,1.0,0.0,0.0,1.0,0.0,0.0,0.0,0.0,0.0,0.0,1.0,0.0,0.0,0.0,1.0,0.0,0.0,0.0,0.0,14.0,1.0,11.0,3.0,4.0,3.0,3.0,0.0,15.0,2.0,10.0,10.0,315.0
1.0,0.0,0.0,1.0,0.0,1.0,0.0,0.0,0.0,0.0,0.0,0.0,1.0,0.0,0.0,0.0,1.0,0.0,0.0,0.0,0.0,29.0,1.0,21.0,4.0,2.0,4.0,10.0,0.0,15.0,3.0,3.0,16.0,312.0
1.0,0.0,1.0,0.0,1.0,0.0,0.0,0.0,0.0,1.0,0.0,0.0,0.0,0.0,0.0,0.0,0.0,1.0,0.0,0.0,0.0,8.0,1.0,9.0,3.0,5.0,3.0,3.0,0.0,18.0,1.0,2.0,4.543490512868683,220.0
0.0,0.0,0.0,1.0,0.0,1.0,0.0,0.0,1.0,0.0,0.0,0.0,0.0,0.0,0.0,0.0,1.0,0.0,0.0,0.0,0.0,25.0,1.0,10.0,4.0,4.0,4.0,5.0,0.0,19.0,1.0,2.0,1.0,262.0
1.0,0.0,1.0,0.0,0.0,1.0,0.0,0.0,0.0,0.0,0.0,0.0,1.0,0.0,0.0,0.0,0.0,1.0,0.0,0.0,0.0,26.0,1.0,7.0,4.0,5.0,3.0,2.0,0.0,15.0,8.0,12.0,10.0,325.0
0.0,0.0,0.0,1.0,0.0,0.0,1.0,0.0,0.0,0.0,0.0,1.0,0.0,0.0,0.0,0.0,1.0,0.0,0.0,0.0,0.0,1.0,1.0,16.0,5.0,4.0,4.0,3.0,0.0,17.0,1.0,2.0,4.0,148.0
1.0,0.0,1.0,0.0,0.0,1.0,0.0,0.0,0.0,1.0,0.0,0.0,0.0,0.0,0.0,0.0,0.0,1.0,0.0,0.0,1.0,1.0,1.0,30.0,3.0,5.0,3.0,5.0,1.0,14.0,2.0,2.0,2.0,184.0
1.0,0.0,1.0,0.0,1.0,0.0,0.0,0.0,0.0,0.0,0.0,1.0,0.0,0.0,0.0,0.0,1.0,0.0,0.0,0.0,0.0,17.0,1.0,14.0,3.0,2.0,1.0,6.0,0.0,15.0,2.0,3.0,3.0,146.0
1.0,0.0,1.0,0.0,1.0,0.0,0.0,0.0,1.0,0.0,0.0,0.0,0.0,0.0,0.0,0.0,1.0,0.0,0.0,0.0,0.0,19.0,1.0,9.0,4.0,5.0,1.0,11.0,0.0,15.0,2.0,12.0,9.0,293.0
1.0,0.0,1.0,0.0,0.0,1.0,0.0,0.0,0.0,0.0,0.0,1.0,0.0,0.0,0.0,0.0,0.0,1.0,0.0,0.0,0.0,11.0,1.0,28.0,4.0,2.0,5.0,3.0,1.0,13.0,2.0,2.0,8.0,161.0
0.0,0.0,0.0,1.0,1.0,0.0,0.0,0.0,0.0,1.0,0.0,0.0,0.0,0.0,0.0,0.0,1.0,0.0,0.0,0.0,0.0,9.0,1.0,9.0,3.0,4.0,4.0,7.0,0.0,12.0,1.0,2.0,3.0,169.0
0.0,0.0,1.0,0.0,1.0,0.0,0.0,0.0,0.0,1.0,0.0,0.0,0.0,0.0,0.0,0.0,1.0,0.0,0.0,0.0,0.0,16.0,1.0,28.0,3.0,4.0,3.0,4.0,0.0,17.0,1.0,2.0,3.0,178.0
1.0,0.0,1.0,0.0,0.0,1.0,0.0,0.0,0.0,1.0,0.0,0.0,0.0,0.0,0.0,0.0,0.0,1.0,0.0,0.0,0.0,12.0,1.0,9.0,3.0,4.0,3.0,11.0,0.0,15.0,2.0,2.0,1.0,191.0
1.0,0.0,1.0,0.0,0.0,1.0,0.0,0.0,0.0,1.0,0.0,0.0,0.0,0.0,1.0,0.0,0.0,0.0,0.0,0.0,0.0,12.0,1.0,36.0,3.0,4.0,1.0,5.0,0.0,19.0,1.0,2.0,8.0,188.0
1.0,0.0,1.0,0.0,1.0,0.0,0.0,0.0,0.0,1.0,0.0,0.0,0.0,0.0,1.0,0.0,0.0,0.0,0.0,0.0,0.0,1.0,1.0,7.0,3.0,5.0,5.0,7.0,0.0,20.0,3.0,3.0,1.0,168.0
1.0,0.0,1.0,0.0,1.0,0.0,0.0,0.0,0.0,1.0,0.0,0.0,0.0,0.0,0.0,0.0,0.0,1.0,0.0,0.0,0.0,23.0,1.0,25.0,4.0,4.0,1.0,3.0,1.0,16.0,1.0,2.0,8.0,193.0
1.0,0.0,1.0,0.0,1.0,0.0,0.0,0.0,0.0,0.0,0.0,1.0,0.0,0.0,0.0,0.0,1.0,0.0,0.0,0.0,0.0,8.0,1.0,17.0,3.0,4.0,3.0,3.0,1.0,18.0,3.0,3.0,1.0,163.0
1.0,0.0,1.0,0.0,0.0,1.0,0.0,0.0,0.0,1.0,0.0,0.0,0.0,0.0,0.0,0.0,1.0,0.0,0.0,0.0,0.0,14.0,1.0,26.0,2.0,4.0,1.0,10.0,1.0,16.0,4.0,4.0,8.0,152.0
1.0,0.0,1.0,0.0,0.0,1.0,0.0,0.0,0.0,1.0,0.0,0.0,0.0,0.0,0.0,0.0,1.0,0.0,0.0,0.0,1.0,2.0,1.0,36.0,4.0,4.0,5.0,9.0,1.0,20.0,2.0,2.0,1.0,192.0
0.0,0.0,1.0,0.0,0.0,1.0,0.0,1.0,0.0,0.0,0.0,0.0,0.0,0.0,0.0,0.0,0.0,0.0,1.0,0.0,1.0,1.0,3.0,34.0,3.0,4.0,1.0,3.0,0.0,23.0,1.0,2.0,10.0,201.0
1.0,0.0,1.0,0.0,0.0,0.0,1.0,0.0,0.0,0.0,0.0,1.0,0.0,0.0,0.0,0.0,0.0,1.0,0.0,0.0,0.0,1.0,1.0,12.0,3.0,2.0,4.0,3.0,1.0,17.0,3.0,3.0,3.0,148.0
0.0,0.0,0.0,1.0,1.0,0.0,0.0,0.0,0.0,0.0,0.0,1.0,0.0,0.0,0.0,0.0,1.0,0.0,0.0,0.0,0.0,10.0,1.0,25.0,4.0,4.0,1.0,3.0,0.0,14.0,1.0,2.0,8.0,147.0
1.0,0.0,1.0,0.0,1.0,0.0,0.0,0.0,0.0,1.0,0.0,0.0,0.0,0.0,0.0,0.0,0.0,1.0,0.0,0.0,0.0,14.0,1.0,16.0,4.0,5.0,1.0,11.0,0.0,15.0,1.0,2.0,3.0,174.0
1.0,0.0,1.0,0.0,0.0,1.0,0.0,1.0,0.0,0.0,0.0,0.0,0.0,0.0,0.0,0.0,1.0,0.0,0.0,0.0,0.0,20.0,1.0,7.0,4.0,4.0,5.0,9.0,0.0,17.0,1.0,2.0,4.543490512868683,219.0
1.0,0.0,1.0,0.0,0.0,1.0,0.0,1.0,0.0,0.0,0.0,0.0,0.0,0.0,0.0,0.0,1.0,0.0,0.0,0.0,1.0,1.0,3.0,11.0,3.0,6.0,1.0,3.0,0.0,12.0,7.0,10.0,4.543490512868683,229.0
1.0,0.0,0.0,1.0,1.0,0.0,0.0,1.0,0.0,0.0,0.0,0.0,0.0,0.0,0.0,0.0,0.0,1.0,0.0,0.0,0.0,4.0,1.0,7.0,3.0,5.0,3.0,3.0,0.0,23.0,5.0,6.0,4.543490512868683,210.0
0.0,0.0,0.0,1.0,1.0,0.0,0.0,0.0,0.0,1.0,0.0,0.0,0.0,0.0,0.0,0.0,0.0,1.0,0.0,0.0,0.0,1.0,3.0,27.0,3.0,4.0,3.0,3.0,0.0,15.0,2.0,2.0,4.543490512868683,225.0
1.0,0.0,1.0,0.0,0.0,1.0,0.0,1.0,0.0,0.0,0.0,0.0,0.0,0.0,0.0,0.0,0.0,1.0,0.0,0.0,0.0,25.0,1.0,15.0,3.0,5.0,4.0,7.0,0.0,17.0,3.0,2.0,8.0,250.0
0.0,0.0,0.0,1.0,0.0,1.0,0.0,0.0,0.0,0.0,0.0,1.0,0.0,0.0,1.0,0.0,0.0,0.0,0.0,0.0,1.0,1.0,1.0,10.0,3.0,4.0,5.0,7.0,1.0,12.0,1.0,2.0,5.0,152.0
0.0,0.0,0.0,1.0,0.0,1.0,0.0,1.0,0.0,0.0,0.0,0.0,0.0,0.0,0.0,0.0,0.0,1.0,0.0,0.0,0.0,15.0,3.0,13.0,4.0,4.0,1.0,5.0,1.0,19.0,1.0,2.0,1.0,261.0
0.0,0.0,0.0,1.0,1.0,0.0,0.0,0.0,0.0,1.0,0.0,0.0,0.0,0.0,0.0,0.0,0.0,0.0,1.0,0.0,1.0,1.0,3.0,33.0,3.0,5.0,5.0,7.0,0.0,16.0,2.0,2.0,2.0,192.0
1.0,0.0,0.0,1.0,0.0,0.0,1.0,0.0,0.0,0.0,0.0,1.0,0.0,0.0,1.0,0.0,0.0,0.0,0.0,0.0,1.0,1.0,1.0,7.0,3.0,4.0,3.0,2.0,0.0,15.0,1.0,2.0,6.0,146.0
0.0,0.0,0.0,1.0,1.0,0.0,0.0,1.0,0.0,0.0,0.0,0.0,0.0,0.0,0.0,0.0,1.0,0.0,0.0,0.0,0.0,19.0,3.0,13.0,3.0,5.0,1.0,8.0,0.0,13.0,6.0,13.0,4.543490512868683,214.0
0.0,0.0,1.0,0.0,0.0,1.0,0.0,0.0,0.0,1.0,0.0,0.0,0.0,0.0,0.0,0.0,0.0,0.0,1.0,0.0,0.0,28.0,3.0,10.0,3.0,4.0,5.0,4.0,0.0,15.0,2.0,2.0,6.0,184.0
1.0,0.0,0.0,1.0,0.0,1.0,0.0,0.0,0.0,1.0,0.0,0.0,0.0,0.0,0.0,0.0,0.0,1.0,0.0,0.0,0.0,10.0,1.0,12.0,4.0,4.0,4.0,10.0,0.0,17.0,3.0,4.0,8.0,184.0
0.0,0.0,1.0,0.0,0.0,1.0,0.0,0.0,0.0,0.0,0.0,1.0,0.0,0.0,0.0,0.0,1.0,0.0,0.0,0.0,0.0,7.0,1.0,11.0,3.0,5.0,4.0,8.0,0.0,22.0,1.0,2.0,2.0,151.0
1.0,0.0,1.0,0.0,1.0,0.0,0.0,1.0,0.0,0.0,0.0,0.0,0.0,0.0,0.0,0.0,0.0,0.0,0.0,1.0,0.0,11.0,1.0,18.0,3.0,4.0,1.0,3.0,1.0,15.0,2.0,2.0,8.0,247.0
1.0,0.0,1.0,0.0,0.0,1.0,0.0,1.0,0.0,0.0,0.0,0.0,0.0,0.0,0.0,0.0,0.0,1.0,0.0,0.0,0.0,12.0,3.0,10.0,4.0,4.0,3.0,2.0,0.0,13.0,2.0,6.0,4.543490512868683,231.0
1.0,0.0,1.0,0.0,1.0,0.0,0.0,0.0,0.0,1.0,0.0,0.0,0.0,0.0,0.0,0.0,1.0,0.0,0.0,0.0,0.0,5.0,1.0,7.0,3.0,6.0,3.0,2.0,0.0,13.0,1.0,2.0,5.0,168.0
1.0,0.0,1.0,0.0,0.0,0.0,1.0,0.0,0.0,0.0,0.0,1.0,0.0,0.0,0.0,0.0,0.0,1.0,0.0,0.0,0.0,31.0,1.0,10.0,4.0,5.0,1.0,5.0,0.0,18.0,1.0,2.0,1.0,147.0
1.0,0.0,1.0,0.0,1.0,0.0,0.0,0.0,0.0,0.0,0.0,1.0,0.0,0.0,0.0,0.0,0.0,0.0,1.0,0.0,0.0,11.0,3.0,11.0,3.0,4.0,1.0,6.0,0.0,18.0,4.0,6.0,9.0,153.0
0.0,0.0,1.0,0.0,1.0,0.0,0.0,1.0,0.0,0.0,0.0,0.0,0.0,0.0,0.0,0.0,1.0,0.0,0.0,0.0,0.0,3.0,3.0,7.0,3.0,4.0,1.0,3.0,0.0,15.0,5.0,5.0,2.0,204.0
0.0,0.0,0.0,1.0,1.0,0.0,0.0,1.0,0.0,0.0,0.0,0.0,0.0,0.0,0.0,0.0,0.0,0.0,1.0,0.0,0.0,9.0,3.0,7.0,4.0,4.0,3.0,3.0,0.0,15.0,2.0,2.0,4.543490512868683,213.0
1.0,0.0,0.0,1.0,0.0,0.0,1.0,0.0,0.0,0.0,0.0,1.0,0.0,0.0,0.0,0.0,1.0,0.0,0.0,0.0,1.0,1.0,1.0,25.0,3.0,5.0,1.0,3.0,1.0,14.0,1.0,2.0,2.0,149.0
0.0,0.0,0.0,1.0,0.0,1.0,0.0,0.0,0.0,0.0,0.0,1.0,0.0,0.0,0.0,0.0,0.0,1.0,0.0,0.0,0.0,26.0,1.0,9.0,3.0,5.0,1.0,9.0,0.0,16.0,3.0,3.0,3.0,157.0
1.0,0.0,1.0,0.0,0.0,1.0,0.0,0.0,0.0,0.0,0.0,0.0,1.0,0.0,0.0,1.0,0.0,0.0,0.0,0.0,0.0,16.0,1.0,11.0,3.0,4.0,1.0,3.0,0.0,15.0,1.0,12.0,16.0,317.0
1.0,0.0,1.0,0.0,0.0,0.0,1.0,0.0,0.0,0.0,0.0,1.0,0.0,0.0,0.0,0.0,1.0,0.0,0.0,0.0,0.0,31.0,2.0,13.0,3.0,4.0,3.0,10.0,0.0,18.0,1.0,3.0,3.0,148.0
0.0,0.0,1.0,0.0,0.0,1.0,0.0,0.0,0.0,0.0,0.0,0.0,1.0,0.0,0.0,0.0,1.0,0.0,0.0,0.0,0.0,24.0,3.0,7.0,4.0,4.0,1.0,5.0,0.0,15.0,2.0,2.0,7.0,320.0
1.0,0.0,1.0,0.0,0.0,0.0,1.0,0.0,0.0,0.0,0.0,1.0,0.0,0.0,0.0,0.0,1.0,0.0,0.0,0.0,1.0,1.0,1.0,21.0,3.0,4.0,1.0,7.0,1.0,14.0,2.0,2.0,5.0,149.0
0.0,0.0,1.0,0.0,0.0,1.0,0.0,0.0,1.0,0.0,0.0,0.0,0.0,0.0,0.0,0.0,0.0,0.0,1.0,0.0,0.0,17.0,3.0,23.0,4.0,4.0,1.0,7.0,1.0,23.0,1.0,2.0,10.0,286.0
0.0,0.0,1.0,0.0,0.0,1.0,0.0,0.0,0.0,0.0,0.0,1.0,0.0,0.0,0.0,0.0,0.0,1.0,0.0,0.0,1.0,1.0,1.0,9.0,3.0,4.0,5.0,9.0,0.0,21.0,2.0,2.0,8.0,152.0
1.0,0.0,0.0,1.0,1.0,0.0,0.0,0.0,0.0,0.0,0.0,0.0,1.0,0.0,0.0,0.0,0.0,1.0,0.0,0.0,0.0,26.0,3.0,9.0,4.0,5.0,3.0,3.0,1.0,15.0,2.0,16.0,13.0,316.0
0.0,0.0,1.0,0.0,0.0,1.0,0.0,0.0,0.0,0.0,0.0,1.0,0.0,0.0,0.0,0.0,0.0,1.0,0.0,0.0,0.0,6.0,3.0,11.0,3.0,4.0,4.0,4.0,0.0,12.0,2.0,2.0,3.0,164.0
1.0,0.0,0.0,1.0,0.0,1.0,0.0,0.0,0.0,0.0,0.0,1.0,0.0,0.0,0.0,0.0,0.0,1.0,0.0,0.0,1.0,1.0,1.0,7.0,4.0,5.0,3.0,2.0,1.0,15.0,1.0,2.0,3.0,162.0
0.0,0.0,1.0,0.0,0.0,0.0,1.0,0.0,0.0,0.0,0.0,1.0,0.0,0.0,0.0,0.0,1.0,0.0,0.0,0.0,0.0,13.0,1.0,7.0,4.0,4.0,3.0,9.0,0.0,15.0,2.0,2.0,3.0,147.0
1.0,0.0,1.0,0.0,1.0,0.0,0.0,0.0,0.0,1.0,0.0,0.0,0.0,0.0,0.0,0.0,0.0,0.0,1.0,0.0,0.0,6.0,3.0,33.0,4.0,4.0,1.0,2.0,0.0,19.0,3.0,3.0,3.0,170.0
1.0,0.0,1.0,0.0,0.0,1.0,0.0,0.0,0.0,1.0,0.0,0.0,0.0,0.0,0.0,0.0,0.0,1.0,0.0,0.0,0.0,15.0,1.0,26.0,3.0,4.0,5.0,4.0,0.0,17.0,1.0,2.0,1.0,156.0
1.0,0.0,1.0,0.0,0.0,1.0,0.0,0.0,0.0,1.0,0.0,0.0,0.0,0.0,1.0,0.0,0.0,0.0,0.0,0.0,0.0,14.0,1.0,31.0,4.0,4.0,1.0,3.0,0.0,18.0,3.0,5.0,8.0,158.0
1.0,0.0,1.0,0.0,0.0,1.0,0.0,0.0,0.0,0.0,0.0,0.0,1.0,0.0,0.0,0.0,0.0,0.0,0.0,1.0,0.0,19.0,1.0,7.0,4.0,2.0,1.0,2.0,0.0,15.0,2.0,2.0,8.0,317.0
1.0,0.0,1.0,0.0,1.0,0.0,0.0,1.0,0.0,0.0,0.0,0.0,0.0,0.0,0.0,0.0,1.0,0.0,0.0,0.0,0.0,5.0,1.0,10.0,4.0,4.0,3.0,11.0,0.0,13.0,1.0,3.0,3.0,262.0
0.0,0.0,1.0,0.0,0.0,1.0,0.0,0.0,0.0,0.0,0.0,1.0,0.0,0.0,0.0,0.0,0.0,1.0,0.0,0.0,0.0,7.0,1.0,12.0,4.0,5.0,1.0,3.0,0.0,14.0,1.0,2.0,3.0,154.0
1.0,0.0,1.0,0.0,0.0,1.0,0.0,0.0,0.0,1.0,0.0,0.0,0.0,0.0,0.0,0.0,0.0,1.0,0.0,0.0,0.0,8.0,1.0,9.0,3.0,5.0,5.0,8.0,0.0,14.0,1.0,6.0,10.0,185.0
0.0,0.0,1.0,0.0,0.0,1.0,0.0,0.0,0.0,0.0,0.0,1.0,0.0,0.0,0.0,0.0,1.0,0.0,0.0,0.0,0.0,11.0,1.0,7.0,3.0,5.0,5.0,4.0,0.0,15.0,1.0,2.0,3.0,164.0
1.0,0.0,1.0,0.0,1.0,0.0,0.0,0.0,0.0,1.0,0.0,0.0,0.0,0.0,0.0,0.0,0.0,1.0,0.0,0.0,0.0,19.0,1.0,14.0,4.0,2.0,3.0,6.0,0.0,18.0,2.0,2.0,3.0,189.0
1.0,0.0,1.0,0.0,1.0,0.0,0.0,1.0,0.0,0.0,0.0,0.0,0.0,0.0,0.0,0.0,1.0,0.0,0.0,0.0,1.0,1.0,1.0,17.0,4.0,4.0,3.0,8.0,0.0,12.0,1.0,2.0,4.543490512868683,225.0
0.0,0.0,0.0,1.0,1.0,0.0,0.0,1.0,0.0,0.0,0.0,0.0,0.0,0.0,0.0,1.0,0.0,0.0,0.0,0.0,0.0,13.0,1.0,9.0,4.0,4.0,3.0,2.0,0.0,26.0,7.0,2.0,9.0,234.0
1.0,0.0,0.0,1.0,0.0,0.0,1.0,0.0,0.0,0.0,0.0,1.0,0.0,0.0,0.0,0.0,0.0,1.0,0.0,0.0,0.0,3.0,1.0,22.0,3.0,4.0,1.0,3.0,0.0,20.0,2.0,2.0,6.0,148.0
0.0,0.0,0.0,1.0,0.0,1.0,0.0,0.0,0.0,1.0,0.0,0.0,0.0,0.0,0.0,0.0,0.0,1.0,0.0,0.0,0.0,16.0,1.0,24.0,3.0,2.0,5.0,5.0,1.0,14.0,2.0,2.0,3.0,190.0
1.0,0.0,1.0,0.0,0.0,1.0,0.0,0.0,0.0,1.0,0.0,0.0,0.0,0.0,0.0,0.0,0.0,0.0,1.0,0.0,0.0,3.0,3.0,27.0,3.0,4.0,1.0,4.0,0.0,15.0,2.0,2.0,3.0,194.0
0.0,0.0,1.0,0.0,0.0,1.0,0.0,0.0,0.0,1.0,0.0,0.0,0.0,0.0,0.0,0.0,0.0,1.0,0.0,0.0,0.0,1.0,1.0,7.0,4.0,4.0,3.0,2.0,0.0,13.0,2.0,2.0,3.0,174.0
0.0,0.0,1.0,0.0,0.0,1.0,0.0,0.0,0.0,0.0,0.0,1.0,0.0,0.0,0.0,0.0,1.0,0.0,0.0,0.0,0.0,16.0,1.0,9.0,3.0,5.0,5.0,2.0,1.0,12.0,8.0,8.0,9.0,151.0
1.0,0.0,1.0,0.0,0.0,1.0,0.0,0.0,0.0,0.0,0.0,0.0,1.0,0.0,0.0,0.0,1.0,0.0,0.0,0.0,0.0,14.0,1.0,9.0,3.0,4.0,3.0,2.0,0.0,15.0,4.0,4.0,10.0,319.0
1.0,0.0,1.0,0.0,0.0,1.0,0.0,0.0,0.0,0.0,0.0,1.0,0.0,0.0,0.0,0.0,0.0,1.0,0.0,0.0,0.0,25.0,1.0,7.0,4.0,4.0,1.0,3.0,0.0,12.0,2.0,2.0,1.0,152.0
1.0,0.0,0.0,1.0,1.0,0.0,0.0,0.0,0.0,0.0,0.0,1.0,0.0,0.0,0.0,0.0,1.0,0.0,0.0,0.0,1.0,1.0,1.0,36.0,4.0,5.0,4.0,2.0,0.0,12.0,1.0,2.0,5.0,160.0
1.0,0.0,1.0,0.0,1.0,0.0,0.0,0.0,0.0,0.0,0.0,1.0,0.0,0.0,0.0,0.0,0.0,1.0,0.0,0.0,0.0,6.0,1.0,14.0,4.0,2.0,4.0,3.0,0.0,21.0,1.0,2.0,4.0,153.0
1.0,0.0,1.0,0.0,1.0,0.0,0.0,0.0,0.0,1.0,0.0,0.0,0.0,0.0,0.0,0.0,0.0,1.0,0.0,0.0,0.0,12.0,3.0,9.0,3.0,5.0,1.0,5.0,0.0,19.0,2.0,8.0,6.0,177.0
1.0,0.0,0.0,1.0,0.0,0.0,1.0,0.0,0.0,1.0,0.0,0.0,0.0,0.0,1.0,0.0,0.0,0.0,0.0,0.0,0.0,6.0,1.0,9.0,3.0,5.0,5.0,6.0,0.0,14.0,1.0,2.0,5.0,147.0
0.0,0.0,1.0,0.0,0.0,1.0,0.0,0.0,1.0,0.0,0.0,0.0,0.0,0.0,0.0,1.0,0.0,0.0,0.0,0.0,0.0,20.0,3.0,9.0,4.0,6.0,4.0,5.0,1.0,15.0,7.0,8.0,8.0,294.0
1.0,0.0,0.0,1.0,0.0,1.0,0.0,0.0,0.0,0.0,0.0,1.0,0.0,0.0,0.0,0.0,0.0,1.0,0.0,0.0,1.0,1.0,1.0,9.0,4.0,4.0,3.0,4.0,0.0,12.0,1.0,2.0,1.0,160.0
1.0,0.0,1.0,0.0,0.0,1.0,0.0,0.0,0.0,1.0,0.0,0.0,0.0,0.0,0.0,0.0,1.0,0.0,0.0,0.0,0.0,3.0,3.0,9.0,4.0,5.0,4.0,4.0,0.0,20.0,2.0,2.0,1.0,191.0
1.0,0.0,1.0,0.0,0.0,1.0,0.0,0.0,0.0,1.0,0.0,0.0,0.0,0.0,0.0,0.0,1.0,0.0,0.0,0.0,0.0,5.0,1.0,30.0,4.0,5.0,1.0,2.0,0.0,22.0,1.0,8.0,9.0,181.0
1.0,0.0,1.0,0.0,1.0,0.0,0.0,0.0,0.0,1.0,0.0,0.0,0.0,0.0,0.0,0.0,0.0,1.0,0.0,0.0,0.0,1.0,1.0,12.0,3.0,2.0,5.0,3.0,0.0,13.0,2.0,2.0,6.0,165.0
1.0,0.0,1.0,0.0,0.0,1.0,0.0,0.0,1.0,0.0,0.0,0.0,0.0,0.0,0.0,0.0,1.0,0.0,0.0,0.0,0.0,19.0,1.0,27.0,4.0,4.0,1.0,2.0,1.0,15.0,3.0,2.0,11.0,260.0
1.0,0.0,1.0,0.0,0.0,1.0,0.0,0.0,0.0,0.0,0.0,1.0,0.0,0.0,0.0,0.0,0.0,1.0,0.0,0.0,0.0,10.0,1.0,13.0,3.0,4.0,1.0,2.0,0.0,12.0,2.0,11.0,12.0,157.0
1.0,0.0,0.0,1.0,0.0,1.0,0.0,0.0,0.0,0.0,0.0,0.0,1.0,0.0,0.0,0.0,1.0,0.0,0.0,0.0,0.0,29.0,1.0,7.0,3.0,4.0,5.0,2.0,1.0,15.0,4.0,5.0,14.0,315.0
1.0,0.0,1.0,0.0,1.0,0.0,0.0,1.0,0.0,0.0,0.0,0.0,0.0,0.0,0.0,0.0,0.0,1.0,0.0,0.0,1.0,11.0,1.0,36.0,3.0,4.0,4.0,3.0,1.0,13.0,5.0,2.0,10.0,243.0
1.0,0.0,1.0,0.0,0.0,0.0,1.0,0.0,0.0,0.0,0.0,1.0,0.0,0.0,0.0,0.0,1.0,0.0,0.0,0.0,0.0,2.0,1.0,16.0,4.0,4.0,1.0,3.0,0.0,24.0,2.0,2.0,5.0,146.0
1.0,0.0,1.0,0.0,0.0,1.0,0.0,0.0,0.0,1.0,0.0,0.0,0.0,0.0,0.0,0.0,1.0,0.0,0.0,0.0,0.0,11.0,3.0,13.0,4.0,4.0,1.0,6.0,0.0,15.0,2.0,2.0,2.0,190.0
1.0,0.0,0.0,1.0,0.0,1.0,0.0,0.0,0.0,0.0,0.0,1.0,0.0,0.0,0.0,0.0,1.0,0.0,0.0,0.0,0.0,1.0,1.0,10.0,4.0,5.0,3.0,3.0,0.0,18.0,2.0,2.0,1.0,157.0
0.0,0.0,1.0,0.0,1.0,0.0,0.0,1.0,0.0,0.0,0.0,0.0,0.0,0.0,0.0,0.0,1.0,0.0,0.0,0.0,0.0,11.0,1.0,7.0,4.0,4.0,1.0,4.0,1.0,19.0,1.0,2.0,3.0,261.0
0.0,0.0,1.0,0.0,0.0,1.0,0.0,1.0,0.0,0.0,0.0,0.0,0.0,0.0,0.0,0.0,0.0,1.0,0.0,0.0,0.0,9.0,1.0,29.0,4.0,2.0,4.0,9.0,0.0,19.0,6.0,2.0,3.0,245.0
0.0,0.0,1.0,0.0,0.0,1.0,0.0,0.0,0.0,1.0,0.0,0.0,0.0,0.0,0.0,0.0,1.0,0.0,0.0,0.0,0.0,12.0,3.0,14.0,3.0,2.0,5.0,3.0,1.0,25.0,5.0,8.0,8.0,181.0
0.0,0.0,1.0,0.0,1.0,0.0,0.0,0.0,0.0,1.0,0.0,0.0,0.0,0.0,0.0,0.0,0.0,1.0,0.0,0.0,0.0,1.0,1.0,7.0,3.0,4.0,4.0,3.0,0.0,21.0,2.0,2.0,5.0,189.0
1.0,0.0,1.0,0.0,0.0,1.0,0.0,0.0,0.0,0.0,0.0,0.0,1.0,0.0,0.0,0.0,0.0,1.0,0.0,0.0,0.0,24.0,1.0,11.0,4.0,4.0,4.0,5.0,0.0,15.0,1.0,2.0,7.0,316.0
1.0,0.0,1.0,0.0,0.0,1.0,0.0,0.0,1.0,0.0,0.0,0.0,0.0,0.0,0.0,0.0,1.0,0.0,0.0,0.0,0.0,27.0,1.0,10.0,3.0,4.0,3.0,5.0,1.0,15.0,2.0,2.0,4.0,301.0
1.0,0.0,1.0,0.0,0.0,1.0,0.0,0.0,0.0,1.0,0.0,0.0,0.0,0.0,0.0,0.0,0.0,1.0,0.0,0.0,0.0,16.0,3.0,7.0,2.0,4.0,3.0,3.0,0.0,26.0,7.0,12.0,7.0,174.0
1.0,0.0,0.0,1.0,1.0,0.0,0.0,0.0,0.0,1.0,0.0,0.0,0.0,0.0,0.0,0.0,0.0,1.0,0.0,0.0,0.0,3.0,3.0,9.0,3.0,4.0,1.0,3.0,0.0,19.0,1.0,2.0,10.0,171.0
1.0,0.0,1.0,0.0,0.0,1.0,0.0,0.0,0.0,1.0,0.0,0.0,0.0,0.0,1.0,0.0,0.0,0.0,0.0,0.0,0.0,29.0,1.0,27.0,3.0,4.0,1.0,5.0,1.0,20.0,1.0,2.0,9.0,179.0
1.0,0.0,1.0,0.0,1.0,0.0,0.0,0.0,0.0,1.0,0.0,0.0,0.0,0.0,0.0,0.0,1.0,0.0,0.0,0.0,0.0,1.0,1.0,18.0,3.0,4.0,5.0,3.0,1.0,14.0,2.0,4.0,4.0,172.0
0.0,0.0,0.0,1.0,0.0,0.0,1.0,0.0,0.0,0.0,0.0,1.0,0.0,0.0,0.0,0.0,0.0,1.0,0.0,0.0,0.0,11.0,1.0,7.0,3.0,4.0,1.0,3.0,0.0,13.0,2.0,6.0,8.0,146.0
1.0,0.0,1.0,0.0,1.0,0.0,0.0,0.0,0.0,0.0,0.0,1.0,0.0,0.0,0.0,0.0,0.0,1.0,0.0,0.0,1.0,8.0,1.0,31.0,3.0,4.0,3.0,5.0,1.0,23.0,1.0,2.0,1.0,157.0
1.0,0.0,1.0,0.0,0.0,1.0,0.0,0.0,0.0,1.0,0.0,0.0,0.0,0.0,0.0,0.0,0.0,1.0,0.0,0.0,0.0,12.0,1.0,30.0,3.0,4.0,1.0,11.0,0.0,15.0,1.0,2.0,3.0,182.0
1.0,0.0,1.0,0.0,0.0,0.0,1.0,0.0,0.0,0.0,0.0,1.0,0.0,0.0,0.0,0.0,1.0,0.0,0.0,0.0,1.0,1.0,1.0,23.0,3.0,4.0,4.0,4.0,1.0,14.0,2.0,2.0,3.0,149.0
0.0,0.0,0.0,1.0,0.0,1.0,0.0,0.0,0.0,0.0,0.0,1.0,0.0,0.0,0.0,0.0,0.0,1.0,0.0,0.0,0.0,2.0,1.0,15.0,4.0,4.0,1.0,3.0,0.0,22.0,2.0,2.0,3.0,158.0
0.0,0.0,0.0,1.0,1.0,0.0,0.0,0.0,0.0,0.0,0.0,0.0,1.0,0.0,0.0,0.0,0.0,1.0,0.0,0.0,0.0,23.0,1.0,17.0,3.0,4.0,5.0,11.0,1.0,15.0,1.0,2.0,3.0,312.0
1.0,0.0,0.0,1.0,0.0,1.0,0.0,0.0,0.0,1.0,0.0,0.0,0.0,0.0,1.0,0.0,0.0,0.0,0.0,0.0,0.0,10.0,1.0,10.0,2.0,4.0,4.0,6.0,0.0,13.0,3.0,8.0,8.0,170.0
0.0,0.0,1.0,0.0,1.0,0.0,0.0,0.0,0.0,0.0,0.0,1.0,0.0,0.0,0.0,0.0,0.0,0.0,1.0,0.0,0.0,5.0,3.0,12.0,3.0,4.0,4.0,3.0,0.0,12.0,1.0,3.0,3.0,153.0
1.0,0.0,0.0,1.0,0.0,1.0,0.0,0.0,0.0,1.0,0.0,0.0,0.0,0.0,0.0,0.0,0.0,0.0,1.0,0.0,1.0,1.0,3.0,11.0,3.0,5.0,1.0,3.0,1.0,13.0,5.0,8.0,5.0,183.0
1.0,0.0,1.0,0.0,1.0,0.0,0.0,0.0,0.0,0.0,0.0,1.0,0.0,0.0,0.0,0.0,1.0,0.0,0.0,0.0,0.0,11.0,1.0,16.0,3.0,4.0,1.0,3.0,1.0,13.0,1.0,2.0,3.0,148.0
0.0,0.0,1.0,0.0,1.0,0.0,0.0,0.0,1.0,0.0,0.0,0.0,0.0,0.0,0.0,0.0,0.0,0.0,1.0,0.0,0.0,16.0,3.0,33.0,4.0,4.0,4.0,7.0,0.0,15.0,4.0,2.0,9.0,260.0
1.0,0.0,0.0,1.0,0.0,0.0,1.0,0.0,0.0,0.0,0.0,1.0,0.0,0.0,0.0,0.0,0.0,1.0,0.0,0.0,1.0,1.0,1.0,10.0,3.0,4.0,3.0,3.0,0.0,14.0,2.0,2.0,1.0,139.0
1.0,0.0,1.0,0.0,0.0,1.0,0.0,1.0,0.0,0.0,0.0,0.0,0.0,0.0,0.0,0.0,0.0,0.0,1.0,0.0,0.0,9.0,3.0,23.0,4.0,4.0,4.0,2.0,0.0,16.0,4.0,7.0,10.0,205.0
1.0,0.0,1.0,0.0,1.0,0.0,0.0,0.0,0.0,0.0,0.0,1.0,0.0,0.0,0.0,0.0,0.0,1.0,0.0,0.0,0.0,10.0,1.0,25.0,3.0,2.0,1.0,6.0,0.0,19.0,2.0,2.0,1.0,162.0
1.0,0.0,1.0,0.0,0.0,1.0,0.0,0.0,0.0,1.0,0.0,0.0,0.0,0.0,0.0,0.0,1.0,0.0,0.0,0.0,0.0,25.0,1.0,9.0,3.0,6.0,4.0,7.0,0.0,19.0,1.0,2.0,3.0,180.0
1.0,0.0,0.0,1.0,0.0,1.0,0.0,0.0,1.0,0.0,0.0,0.0,0.0,0.0,0.0,0.0,0.0,1.0,0.0,0.0,0.0,15.0,3.0,9.0,3.0,4.0,4.0,3.0,0.0,20.0,1.0,2.0,5.0,285.0
0.0,0.0,0.0,1.0,0.0,0.0,1.0,0.0,0.0,0.0,0.0,1.0,0.0,0.0,0.0,0.0,1.0,0.0,0.0,0.0,0.0,1.0,3.0,17.0,4.0,5.0,3.0,3.0,0.0,13.0,1.0,2.0,1.0,137.0
1.0,0.0,0.0,1.0,0.0,1.0,0.0,0.0,0.0,1.0,0.0,0.0,0.0,0.0,0.0,0.0,1.0,0.0,0.0,0.0,0.0,2.0,1.0,23.0,4.0,2.0,5.0,2.0,0.0,20.0,1.0,2.0,8.0,182.0
1.0,0.0,1.0,0.0,0.0,1.0,0.0,0.0,0.0,1.0,0.0,0.0,0.0,0.0,0.0,1.0,0.0,0.0,0.0,0.0,0.0,5.0,3.0,14.0,4.0,2.0,1.0,6.0,0.0,12.0,4.0,8.0,8.0,194.0
1.0,0.0,1.0,0.0,0.0,1.0,0.0,1.0,0.0,0.0,0.0,0.0,0.0,0.0,0.0,0.0,1.0,0.0,0.0,0.0,0.0,13.0,1.0,7.0,3.0,2.0,1.0,2.0,0.0,18.0,2.0,4.0,4.543490512868683,221.0
0.0,0.0,1.0,0.0,1.0,0.0,0.0,0.0,0.0,1.0,0.0,0.0,0.0,0.0,0.0,0.0,0.0,1.0,0.0,0.0,0.0,10.0,1.0,31.0,3.0,4.0,4.0,9.0,0.0,16.0,2.0,2.0,9.0,182.0
1.0,0.0,1.0,0.0,0.0,1.0,0.0,0.0,0.0,1.0,0.0,0.0,0.0,0.0,0.0,0.0,0.0,1.0,0.0,0.0,0.0,6.0,3.0,14.0,4.0,5.0,3.0,3.0,0.0,15.0,4.0,5.0,9.0,180.0
0.0,0.0,1.0,0.0,0.0,1.0,0.0,1.0,0.0,0.0,0.0,0.0,0.0,0.0,0.0,0.0,0.0,1.0,0.0,0.0,0.0,12.0,1.0,32.0,3.0,5.0,4.0,5.0,0.0,18.0,1.0,2.0,2.0,246.0
1.0,0.0,1.0,0.0,1.0,0.0,0.0,0.0,0.0,1.0,0.0,0.0,0.0,0.0,0.0,0.0,0.0,1.0,0.0,0.0,0.0,31.0,1.0,7.0,3.0,6.0,3.0,4.0,1.0,14.0,2.0,2.0,3.0,182.0
1.0,0.0,1.0,0.0,0.0,1.0,0.0,0.0,0.0,0.0,0.0,1.0,0.0,0.0,1.0,0.0,0.0,0.0,0.0,0.0,0.0,5.0,1.0,12.0,3.0,4.0,1.0,2.0,1.0,13.0,2.0,2.0,4.0,173.0
1.0,0.0,1.0,0.0,0.0,1.0,0.0,0.0,0.0,1.0,0.0,0.0,0.0,0.0,0.0,0.0,0.0,0.0,0.0,1.0,0.0,5.0,2.0,9.0,4.0,5.0,5.0,5.0,0.0,13.0,1.0,2.0,1.0,189.0
1.0,0.0,1.0,0.0,1.0,0.0,0.0,1.0,0.0,0.0,0.0,0.0,0.0,0.0,0.0,0.0,0.0,1.0,0.0,0.0,0.0,19.0,1.0,14.0,4.0,4.0,5.0,3.0,0.0,19.0,3.0,10.0,12.0,177.0
1.0,0.0,1.0,0.0,0.0,1.0,0.0,0.0,0.0,0.0,0.0,1.0,0.0,0.0,0.0,0.0,0.0,1.0,0.0,0.0,0.0,5.0,1.0,9.0,3.0,4.0,1.0,2.0,1.0,19.0,3.0,3.0,3.0,152.0
0.0,0.0,1.0,0.0,1.0,0.0,0.0,1.0,0.0,0.0,0.0,0.0,0.0,0.0,0.0,0.0,0.0,1.0,0.0,0.0,0.0,7.0,1.0,12.0,4.0,4.0,4.0,8.0,0.0,12.0,8.0,2.0,9.0,244.0
1.0,0.0,1.0,0.0,0.0,1.0,0.0,0.0,1.0,0.0,0.0,0.0,0.0,0.0,0.0,0.0,1.0,0.0,0.0,0.0,0.0,1.0,1.0,17.0,4.0,4.0,5.0,3.0,1.0,15.0,2.0,12.0,11.0,296.0
0.0,0.0,0.0,1.0,1.0,0.0,0.0,0.0,0.0,0.0,0.0,1.0,0.0,0.0,0.0,0.0,0.0,1.0,0.0,0.0,0.0,17.0,1.0,17.0,3.0,4.0,1.0,2.0,0.0,20.0,1.0,2.0,8.0,150.0
0.0,0.0,0.0,1.0,0.0,1.0,0.0,0.0,1.0,0.0,0.0,0.0,0.0,0.0,0.0,1.0,0.0,0.0,0.0,0.0,0.0,23.0,1.0,7.0,3.0,5.0,3.0,9.0,1.0,13.0,1.0,2.0,8.0,265.0
1.0,0.0,1.0,0.0,0.0,1.0,0.0,0.0,0.0,1.0,0.0,0.0,0.0,0.0,0.0,0.0,1.0,0.0,0.0,0.0,1.0,16.0,1.0,15.0,3.0,5.0,4.0,4.0,0.0,16.0,8.0,8.0,8.0,174.0
0.0,0.0,0.0,1.0,0.0,1.0,0.0,0.0,0.0,0.0,0.0,1.0,0.0,0.0,0.0,0.0,0.0,1.0,0.0,0.0,0.0,1.0,1.0,12.0,3.0,4.0,4.0,3.0,1.0,13.0,1.0,2.0,3.0,150.0
0.0,0.0,1.0,0.0,0.0,1.0,0.0,0.0,0.0,1.0,0.0,0.0,0.0,0.0,1.0,0.0,0.0,0.0,0.0,0.0,0.0,6.0,3.0,15.0,4.0,5.0,4.0,3.0,1.0,12.0,12.0,12.0,10.0,177.0
1.0,0.0,0.0,1.0,0.0,1.0,0.0,0.0,0.0,1.0,0.0,0.0,0.0,0.0,0.0,0.0,0.0,1.0,0.0,0.0,0.0,1.0,3.0,9.0,4.0,4.0,3.0,3.0,1.0,12.0,1.0,2.0,5.0,170.0
1.0,0.0,1.0,0.0,0.0,1.0,0.0,0.0,0.0,1.0,0.0,0.0,0.0,0.0,0.0,0.0,0.0,0.0,1.0,0.0,0.0,5.0,3.0,14.0,4.0,4.0,1.0,6.0,0.0,13.0,1.0,2.0,8.0,200.0
0.0,0.0,0.0,1.0,0.0,1.0,0.0,0.0,0.0,1.0,0.0,0.0,0.0,0.0,0.0,0.0,1.0,0.0,0.0,0.0,0.0,6.0,1.0,9.0,4.0,2.0,1.0,9.0,0.0,17.0,1.0,2.0,8.0,176.0
1.0,0.0,1.0,0.0,0.0,1.0,0.0,0.0,0.0,0.0,0.0,1.0,0.0,0.0,0.0,0.0,1.0,0.0,0.0,0.0,1.0,1.0,1.0,9.0,3.0,6.0,1.0,7.0,1.0,14.0,2.0,3.0,3.0,160.0
0.0,0.0,1.0,0.0,0.0,1.0,0.0,0.0,0.0,1.0,0.0,0.0,0.0,0.0,0.0,0.0,1.0,0.0,0.0,0.0,0.0,4.0,1.0,35.0,4.0,4.0,1.0,3.0,0.0,14.0,2.0,2.0,10.0,183.0
0.0,0.0,1.0,0.0,1.0,0.0,0.0,1.0,0.0,0.0,0.0,0.0,0.0,0.0,0.0,0.0,0.0,1.0,0.0,0.0,0.0,5.0,1.0,14.0,3.0,5.0,3.0,3.0,0.0,25.0,8.0,9.0,4.543490512868683,214.0
1.0,0.0,1.0,0.0,1.0,0.0,0.0,0.0,0.0,0.0,0.0,0.0,1.0,0.0,0.0,0.0,1.0,0.0,0.0,0.0,0.0,13.0,1.0,14.0,3.0,5.0,1.0,3.0,0.0,15.0,7.0,14.0,4.0,318.0
0.0,0.0,1.0,0.0,0.0,1.0,0.0,0.0,0.0,1.0,0.0,0.0,0.0,0.0,0.0,0.0,1.0,0.0,0.0,0.0,1.0,3.0,3.0,10.0,3.0,4.0,3.0,6.0,1.0,19.0,2.0,2.0,1.0,177.0
1.0,0.0,0.0,1.0,1.0,0.0,0.0,0.0,0.0,1.0,0.0,0.0,0.0,0.0,0.0,0.0,0.0,0.0,1.0,0.0,0.0,7.0,3.0,17.0,3.0,5.0,1.0,5.0,0.0,15.0,2.0,2.0,2.0,172.0
1.0,0.0,1.0,0.0,0.0,1.0,0.0,0.0,0.0,0.0,0.0,0.0,1.0,0.0,0.0,0.0,0.0,1.0,0.0,0.0,0.0,21.0,1.0,12.0,3.0,4.0,3.0,6.0,0.0,15.0,2.0,2.0,2.0,308.0
0.0,0.0,1.0,0.0,1.0,0.0,0.0,0.0,0.0,1.0,0.0,0.0,0.0,0.0,0.0,0.0,0.0,1.0,0.0,0.0,0.0,17.0,1.0,17.0,3.0,5.0,3.0,3.0,0.0,12.0,2.0,2.0,1.0,178.0
1.0,0.0,1.0,0.0,1.0,0.0,0.0,0.0,0.0,1.0,0.0,0.0,0.0,0.0,0.0,0.0,0.0,0.0,1.0,0.0,0.0,1.0,3.0,7.0,4.0,4.0,4.0,2.0,1.0,14.0,1.0,2.0,5.0,188.0
0.0,0.0,0.0,1.0,1.0,0.0,0.0,0.0,0.0,1.0,0.0,0.0,0.0,0.0,0.0,0.0,0.0,1.0,0.0,0.0,0.0,28.0,1.0,27.0,3.0,4.0,3.0,5.0,0.0,13.0,1.0,2.0,4.0,174.0
0.0,0.0,1.0,0.0,0.0,1.0,0.0,1.0,0.0,0.0,0.0,0.0,0.0,0.0,0.0,0.0,0.0,1.0,0.0,0.0,0.0,17.0,1.0,14.0,3.0,4.0,5.0,10.0,0.0,17.0,2.0,2.0,4.543490512868683,225.0
1.0,0.0,1.0,0.0,0.0,1.0,0.0,0.0,0.0,1.0,0.0,0.0,0.0,0.0,0.0,0.0,0.0,0.0,0.0,1.0,0.0,19.0,1.0,15.0,4.0,4.0,1.0,11.0,0.0,15.0,9.0,10.0,9.0,162.0
1.0,0.0,1.0,0.0,0.0,1.0,0.0,0.0,0.0,1.0,0.0,0.0,0.0,0.0,0.0,0.0,1.0,0.0,0.0,0.0,0.0,14.0,3.0,7.0,3.0,6.0,1.0,4.0,1.0,23.0,2.0,2.0,3.0,200.0
1.0,0.0,1.0,0.0,0.0,0.0,1.0,0.0,0.0,0.0,0.0,1.0,0.0,0.0,0.0,0.0,0.0,0.0,0.0,1.0,1.0,1.0,1.0,15.0,4.0,6.0,5.0,3.0,1.0,12.0,1.0,2.0,8.0,146.0
1.0,0.0,0.0,1.0,0.0,1.0,0.0,0.0,0.0,0.0,0.0,1.0,0.0,0.0,0.0,0.0,0.0,0.0,0.0,1.0,0.0,3.0,1.0,16.0,2.0,5.0,1.0,2.0,0.0,18.0,2.0,3.0,3.0,165.0
0.0,0.0,1.0,0.0,0.0,1.0,0.0,0.0,0.0,1.0,0.0,0.0,0.0,0.0,0.0,0.0,0.0,0.0,1.0,0.0,0.0,4.0,3.0,12.0,2.0,5.0,3.0,3.0,0.0,14.0,2.0,2.0,3.0,186.0
0.0,0.0,1.0,0.0,0.0,1.0,0.0,0.0,0.0,1.0,0.0,0.0,0.0,0.0,0.0,0.0,0.0,0.0,1.0,0.0,0.0,1.0,3.0,15.0,3.0,4.0,4.0,3.0,0.0,19.0,1.0,2.0,8.0,187.0
1.0,0.0,1.0,0.0,0.0,1.0,0.0,0.0,0.0,1.0,0.0,0.0,0.0,0.0,0.0,0.0,1.0,0.0,0.0,0.0,0.0,11.0,1.0,12.0,4.0,4.0,1.0,9.0,0.0,17.0,2.0,2.0,5.0,188.0
1.0,0.0,1.0,0.0,0.0,1.0,0.0,1.0,0.0,0.0,0.0,0.0,0.0,0.0,0.0,0.0,0.0,1.0,0.0,0.0,0.0,12.0,1.0,22.0,4.0,5.0,1.0,2.0,1.0,15.0,3.0,2.0,10.0,240.0
0.0,0.0,0.0,1.0,0.0,1.0,0.0,1.0,0.0,0.0,0.0,0.0,0.0,0.0,0.0,0.0,1.0,0.0,0.0,0.0,0.0,5.0,1.0,14.0,3.0,4.0,1.0,3.0,1.0,15.0,5.0,5.0,11.0,196.0
0.0,0.0,1.0,0.0,0.0,1.0,0.0,0.0,0.0,1.0,0.0,0.0,0.0,0.0,0.0,0.0,0.0,0.0,1.0,0.0,0.0,3.0,3.0,17.0,3.0,5.0,4.0,3.0,1.0,15.0,2.0,2.0,8.0,208.0
1.0,0.0,0.0,1.0,0.0,1.0,0.0,1.0,0.0,0.0,0.0,0.0,0.0,0.0,0.0,1.0,0.0,0.0,0.0,0.0,0.0,9.0,1.0,12.0,4.0,4.0,4.0,2.0,0.0,14.0,2.0,2.0,14.0,206.0
1.0,0.0,1.0,0.0,0.0,1.0,0.0,0.0,0.0,0.0,0.0,1.0,0.0,0.0,0.0,0.0,0.0,1.0,0.0,0.0,0.0,1.0,1.0,33.0,3.0,4.0,1.0,3.0,0.0,13.0,1.0,2.0,3.0,154.0
1.0,0.0,0.0,1.0,0.0,1.0,0.0,0.0,0.0,1.0,0.0,0.0,0.0,0.0,0.0,0.0,1.0,0.0,0.0,0.0,0.0,15.0,1.0,13.0,4.0,5.0,4.0,8.0,1.0,16.0,2.0,2.0,3.0,185.0
1.0,0.0,0.0,1.0,1.0,0.0,0.0,0.0,0.0,1.0,0.0,0.0,0.0,0.0,0.0,0.0,1.0,0.0,0.0,0.0,0.0,21.0,3.0,11.0,4.0,4.0,3.0,5.0,0.0,20.0,1.0,2.0,1.0,155.0
0.0,0.0,0.0,1.0,0.0,1.0,0.0,0.0,1.0,0.0,0.0,0.0,0.0,0.0,0.0,0.0,0.0,1.0,0.0,0.0,0.0,16.0,1.0,30.0,3.0,4.0,1.0,4.0,0.0,15.0,1.0,2.0,1.0,285.0
1.0,0.0,1.0,0.0,1.0,0.0,0.0,0.0,0.0,1.0,0.0,0.0,0.0,0.0,0.0,0.0,0.0,1.0,0.0,0.0,0.0,3.0,3.0,9.0,4.0,4.0,3.0,3.0,0.0,15.0,2.0,2.0,3.0,171.0
1.0,0.0,1.0,0.0,0.0,1.0,0.0,0.0,0.0,0.0,0.0,1.0,0.0,0.0,1.0,0.0,0.0,0.0,0.0,0.0,0.0,16.0,2.0,9.0,3.0,4.0,3.0,2.0,1.0,12.0,2.0,2.0,1.0,152.0
0.0,0.0,1.0,0.0,0.0,0.0,1.0,0.0,0.0,0.0,0.0,1.0,0.0,0.0,0.0,0.0,1.0,0.0,0.0,0.0,0.0,6.0,1.0,9.0,4.0,4.0,4.0,3.0,0.0,14.0,1.0,2.0,8.0,149.0
0.0,0.0,1.0,0.0,0.0,1.0,0.0,1.0,0.0,0.0,0.0,0.0,0.0,0.0,0.0,0.0,1.0,0.0,0.0,0.0,0.0,22.0,3.0,36.0,4.0,4.0,3.0,5.0,0.0,22.0,1.0,2.0,1.0,250.0
1.0,0.0,1.0,0.0,0.0,1.0,0.0,0.0,0.0,1.0,0.0,0.0,0.0,0.0,0.0,0.0,1.0,0.0,0.0,0.0,0.0,11.0,1.0,13.0,3.0,2.0,5.0,6.0,1.0,14.0,7.0,7.0,8.0,185.0
0.0,0.0,1.0,0.0,1.0,0.0,0.0,0.0,0.0,1.0,0.0,0.0,0.0,0.0,1.0,0.0,0.0,0.0,0.0,0.0,0.0,4.0,3.0,32.0,3.0,4.0,3.0,9.0,1.0,13.0,3.0,3.0,3.0,172.0
1.0,0.0,1.0,0.0,0.0,1.0,0.0,0.0,0.0,1.0,0.0,0.0,0.0,0.0,0.0,0.0,0.0,1.0,0.0,0.0,0.0,1.0,3.0,7.0,3.0,4.0,3.0,3.0,0.0,18.0,1.0,8.0,8.0,178.0
1.0,0.0,0.0,1.0,0.0,1.0,0.0,0.0,0.0,1.0,0.0,0.0,0.0,0.0,0.0,0.0,0.0,0.0,0.0,1.0,0.0,16.0,1.0,9.0,4.0,5.0,1.0,5.0,0.0,24.0,2.0,2.0,1.0,193.0
0.0,0.0,0.0,1.0,1.0,0.0,0.0,0.0,0.0,0.0,0.0,1.0,0.0,0.0,1.0,0.0,0.0,0.0,0.0,0.0,1.0,1.0,3.0,7.0,4.0,5.0,4.0,3.0,1.0,12.0,2.0,2.0,3.0,147.0
0.0,0.0,0.0,1.0,1.0,0.0,0.0,0.0,0.0,1.0,0.0,0.0,0.0,0.0,0.0,0.0,1.0,0.0,0.0,0.0,0.0,10.0,3.0,7.0,3.0,4.0,1.0,6.0,0.0,16.0,2.0,2.0,1.0,192.0
1.0,0.0,1.0,0.0,1.0,0.0,0.0,1.0,0.0,0.0,0.0,0.0,0.0,0.0,0.0,0.0,1.0,0.0,0.0,0.0,0.0,10.0,3.0,10.0,3.0,5.0,1.0,6.0,0.0,12.0,1.0,2.0,4.543490512868683,222.0
1.0,0.0,1.0,0.0,0.0,1.0,0.0,0.0,0.0,1.0,0.0,0.0,0.0,0.0,0.0,0.0,1.0,0.0,0.0,0.0,0.0,31.0,1.0,7.0,3.0,4.0,3.0,4.0,0.0,12.0,1.0,2.0,3.0,193.0
0.0,0.0,1.0,0.0,0.0,0.0,1.0,0.0,0.0,0.0,0.0,1.0,0.0,0.0,0.0,0.0,0.0,1.0,0.0,0.0,0.0,14.0,1.0,17.0,3.0,2.0,3.0,5.0,1.0,14.0,1.0,2.0,8.0,147.0
1.0,0.0,0.0,1.0,1.0,0.0,0.0,0.0,0.0,0.0,0.0,1.0,0.0,0.0,0.0,0.0,1.0,0.0,0.0,0.0,0.0,1.0,3.0,16.0,3.0,4.0,1.0,3.0,0.0,25.0,3.0,3.0,3.0,151.0
0.0,0.0,0.0,1.0,0.0,1.0,0.0,0.0,0.0,0.0,0.0,1.0,0.0,0.0,0.0,0.0,0.0,0.0,1.0,0.0,1.0,1.0,3.0,12.0,3.0,4.0,3.0,3.0,1.0,14.0,1.0,2.0,1.0,154.0
0.0,0.0,1.0,0.0,0.0,1.0,0.0,0.0,0.0,0.0,0.0,1.0,0.0,0.0,0.0,0.0,1.0,0.0,0.0,0.0,0.0,11.0,1.0,17.0,4.0,4.0,5.0,8.0,0.0,21.0,2.0,2.0,4.0,160.0
0.0,0.0,1.0,0.0,1.0,0.0,0.0,0.0,0.0,1.0,0.0,0.0,0.0,0.0,0.0,0.0,1.0,0.0,0.0,0.0,0.0,20.0,1.0,14.0,2.0,4.0,3.0,4.0,0.0,15.0,2.0,2.0,1.0,178.0
1.0,0.0,0.0,1.0,1.0,0.0,0.0,0.0,0.0,1.0,0.0,0.0,0.0,0.0,0.0,0.0,0.0,0.0,1.0,0.0,1.0,5.0,3.0,11.0,3.0,4.0,4.0,3.0,0.0,19.0,5.0,8.0,4.543490512868683,219.0
1.0,0.0,0.0,1.0,0.0,1.0,0.0,1.0,0.0,0.0,0.0,0.0,0.0,0.0,0.0,1.0,0.0,0.0,0.0,0.0,0.0,24.0,1.0,17.0,4.0,5.0,1.0,8.0,0.0,16.0,2.0,2.0,4.543490512868683,230.0
1.0,0.0,1.0,0.0,0.0,1.0,0.0,0.0,0.0,1.0,0.0,0.0,0.0,0.0,0.0,0.0,0.0,0.0,1.0,0.0,1.0,4.0,3.0,29.0,4.0,5.0,3.0,4.0,1.0,13.0,2.0,2.0,1.0,189.0
1.0,0.0,0.0,1.0,0.0,1.0,0.0,0.0,0.0,0.0,0.0,1.0,0.0,0.0,0.0,0.0,0.0,1.0,0.0,0.0,0.0,5.0,1.0,16.0,3.0,5.0,4.0,2.0,1.0,17.0,3.0,3.0,3.0,152.0
0.0,0.0,0.0,1.0,0.0,1.0,0.0,0.0,0.0,0.0,0.0,1.0,0.0,0.0,0.0,0.0,0.0,1.0,0.0,0.0,1.0,1.0,3.0,19.0,3.0,2.0,4.0,3.0,0.0,16.0,1.0,2.0,1.0,152.0
1.0,0.0,0.0,1.0,0.0,0.0,1.0,0.0,0.0,0.0,0.0,1.0,0.0,0.0,0.0,0.0,0.0,1.0,0.0,0.0,0.0,3.0,1.0,30.0,3.0,4.0,1.0,11.0,0.0,17.0,1.0,2.0,3.0,147.0
1.0,0.0,0.0,1.0,0.0,1.0,0.0,0.0,0.0,1.0,0.0,0.0,0.0,0.0,0.0,0.0,0.0,1.0,0.0,0.0,0.0,9.0,1.0,16.0,4.0,5.0,4.0,11.0,0.0,20.0,1.0,2.0,1.0,190.0
1.0,0.0,1.0,0.0,0.0,1.0,0.0,0.0,0.0,0.0,0.0,1.0,0.0,0.0,0.0,0.0,1.0,0.0,0.0,0.0,0.0,1.0,1.0,7.0,3.0,4.0,4.0,3.0,0.0,12.0,1.0,2.0,5.0,163.0
1.0,0.0,0.0,1.0,0.0,1.0,0.0,0.0,0.0,1.0,0.0,0.0,0.0,0.0,0.0,0.0,0.0,1.0,0.0,0.0,0.0,2.0,3.0,16.0,4.0,4.0,1.0,3.0,0.0,17.0,2.0,2.0,8.0,178.0
1.0,0.0,0.0,1.0,0.0,1.0,0.0,1.0,0.0,0.0,0.0,0.0,0.0,0.0,0.0,0.0,0.0,0.0,0.0,1.0,0.0,23.0,1.0,14.0,3.0,5.0,3.0,10.0,0.0,25.0,2.0,2.0,1.0,235.0
0.0,0.0,1.0,0.0,0.0,1.0,0.0,0.0,0.0,1.0,0.0,0.0,0.0,0.0,0.0,0.0,0.0,1.0,0.0,0.0,0.0,25.0,3.0,21.0,3.0,4.0,1.0,6.0,0.0,12.0,2.0,2.0,8.0,174.0
0.0,0.0,1.0,0.0,0.0,1.0,0.0,0.0,0.0,0.0,0.0,1.0,0.0,0.0,0.0,0.0,0.0,1.0,0.0,0.0,0.0,10.0,1.0,9.0,4.0,4.0,3.0,6.0,0.0,14.0,3.0,3.0,3.0,150.0
1.0,0.0,0.0,1.0,1.0,0.0,0.0,0.0,0.0,1.0,0.0,0.0,0.0,0.0,0.0,0.0,0.0,0.0,1.0,0.0,1.0,1.0,3.0,26.0,4.0,2.0,1.0,10.0,1.0,14.0,1.0,2.0,5.0,178.0
0.0,0.0,0.0,1.0,0.0,1.0,0.0,0.0,1.0,0.0,0.0,0.0,0.0,0.0,0.0,0.0,0.0,1.0,0.0,0.0,0.0,29.0,1.0,9.0,4.0,4.0,1.0,4.0,1.0,14.0,1.0,2.0,3.0,292.0
0.0,0.0,1.0,0.0,0.0,1.0,0.0,0.0,0.0,1.0,0.0,0.0,0.0,0.0,0.0,0.0,0.0,0.0,1.0,0.0,0.0,1.0,3.0,17.0,4.0,4.0,3.0,3.0,1.0,13.0,1.0,2.0,4.0,168.0
1.0,0.0,1.0,0.0,0.0,1.0,0.0,0.0,0.0,0.0,0.0,1.0,0.0,0.0,1.0,0.0,0.0,0.0,0.0,0.0,0.0,4.0,3.0,9.0,4.0,4.0,4.0,3.0,0.0,19.0,2.0,2.0,1.0,150.0
1.0,0.0,0.0,1.0,1.0,0.0,0.0,0.0,0.0,0.0,0.0,1.0,0.0,0.0,1.0,0.0,0.0,0.0,0.0,0.0,1.0,1.0,1.0,10.0,4.0,4.0,5.0,2.0,0.0,23.0,1.0,2.0,5.0,156.0
0.0,0.0,1.0,0.0,0.0,0.0,1.0,0.0,0.0,0.0,0.0,1.0,0.0,0.0,0.0,0.0,1.0,0.0,0.0,0.0,0.0,1.0,1.0,18.0,3.0,4.0,4.0,3.0,0.0,14.0,2.0,2.0,3.0,147.0
1.0,0.0,1.0,0.0,0.0,1.0,0.0,1.0,0.0,0.0,0.0,0.0,0.0,0.0,0.0,0.0,1.0,0.0,0.0,0.0,0.0,10.0,3.0,9.0,4.0,5.0,3.0,3.0,0.0,14.0,9.0,10.0,1.0,201.0
1.0,0.0,0.0,1.0,1.0,0.0,0.0,0.0,0.0,0.0,0.0,1.0,0.0,0.0,1.0,0.0,0.0,0.0,0.0,0.0,1.0,1.0,1.0,11.0,3.0,4.0,1.0,11.0,1.0,24.0,2.0,2.0,1.0,148.0
0.0,0.0,1.0,0.0,0.0,1.0,0.0,0.0,0.0,0.0,0.0,1.0,0.0,0.0,0.0,0.0,0.0,1.0,0.0,0.0,0.0,11.0,1.0,21.0,4.0,4.0,5.0,3.0,0.0,13.0,11.0,13.0,18.0,155.0
0.0,0.0,1.0,0.0,0.0,1.0,0.0,0.0,0.0,1.0,0.0,0.0,0.0,0.0,0.0,0.0,0.0,0.0,1.0,0.0,0.0,14.0,3.0,9.0,3.0,4.0,4.0,9.0,0.0,13.0,1.0,2.0,4.0,182.0
0.0,0.0,1.0,0.0,0.0,1.0,0.0,0.0,0.0,0.0,0.0,1.0,0.0,0.0,0.0,0.0,0.0,1.0,0.0,0.0,0.0,16.0,1.0,7.0,4.0,4.0,5.0,5.0,0.0,17.0,1.0,2.0,3.0,151.0
1.0,0.0,0.0,1.0,0.0,1.0,0.0,0.0,0.0,1.0,0.0,0.0,0.0,0.0,0.0,0.0,0.0,1.0,0.0,0.0,0.0,11.0,1.0,17.0,3.0,4.0,4.0,4.0,1.0,13.0,1.0,2.0,2.0,167.0
1.0,0.0,1.0,0.0,0.0,1.0,0.0,0.0,1.0,0.0,0.0,0.0,0.0,0.0,0.0,0.0,0.0,1.0,0.0,0.0,0.0,17.0,1.0,19.0,3.0,5.0,4.0,3.0,0.0,12.0,1.0,4.0,10.0,268.0
0.0,0.0,1.0,0.0,0.0,1.0,0.0,0.0,0.0,1.0,0.0,0.0,0.0,0.0,0.0,0.0,1.0,0.0,0.0,0.0,0.0,14.0,1.0,9.0,4.0,5.0,3.0,8.0,0.0,23.0,2.0,2.0,1.0,159.0
1.0,0.0,1.0,0.0,0.0,1.0,0.0,0.0,0.0,0.0,0.0,0.0,1.0,0.0,0.0,0.0,1.0,0.0,0.0,0.0,0.0,28.0,1.0,12.0,3.0,4.0,5.0,6.0,0.0,15.0,2.0,2.0,3.0,319.0
0.0,0.0,1.0,0.0,1.0,0.0,0.0,0.0,0.0,1.0,0.0,0.0,0.0,0.0,0.0,0.0,0.0,0.0,1.0,0.0,0.0,8.0,3.0,11.0,4.0,4.0,3.0,11.0,0.0,16.0,1.0,2.0,3.0,190.0
0.0,0.0,1.0,0.0,0.0,1.0,0.0,0.0,0.0,1.0,0.0,0.0,0.0,0.0,0.0,0.0,1.0,0.0,0.0,0.0,0.0,5.0,1.0,14.0,3.0,4.0,5.0,3.0,0.0,13.0,4.0,4.0,13.0,168.0
1.0,0.0,1.0,0.0,1.0,0.0,0.0,0.0,0.0,0.0,0.0,1.0,0.0,0.0,0.0,0.0,1.0,0.0,0.0,0.0,0.0,17.0,1.0,28.0,4.0,4.0,1.0,9.0,0.0,21.0,2.0,2.0,3.0,148.0
0.0,0.0,1.0,0.0,0.0,1.0,0.0,0.0,0.0,1.0,0.0,0.0,0.0,0.0,0.0,0.0,0.0,0.0,0.0,1.0,0.0,17.0,1.0,15.0,4.0,4.0,3.0,6.0,1.0,15.0,2.0,2.0,3.0,170.0
0.0,0.0,0.0,1.0,0.0,1.0,0.0,0.0,0.0,1.0,0.0,0.0,0.0,0.0,0.0,0.0,0.0,1.0,0.0,0.0,0.0,1.0,3.0,11.0,4.0,5.0,1.0,3.0,1.0,12.0,1.0,2.0,4.0,170.0
0.0,0.0,1.0,0.0,1.0,0.0,0.0,0.0,0.0,1.0,0.0,0.0,0.0,0.0,0.0,0.0,1.0,0.0,0.0,0.0,0.0,11.0,1.0,32.0,4.0,4.0,3.0,5.0,1.0,16.0,5.0,11.0,8.0,169.0
1.0,0.0,1.0,0.0,0.0,0.0,1.0,0.0,0.0,0.0,0.0,1.0,0.0,0.0,0.0,0.0,0.0,1.0,0.0,0.0,0.0,5.0,1.0,7.0,4.0,5.0,5.0,3.0,0.0,13.0,4.0,4.0,3.0,147.0
1.0,0.0,1.0,0.0,1.0,0.0,0.0,0.0,0.0,0.0,0.0,0.0,1.0,0.0,0.0,0.0,0.0,1.0,0.0,0.0,0.0,13.0,1.0,7.0,3.0,4.0,3.0,3.0,1.0,15.0,1.0,2.0,7.0,317.0
0.0,0.0,1.0,0.0,1.0,0.0,0.0,0.0,1.0,0.0,0.0,0.0,0.0,0.0,0.0,0.0,0.0,1.0,0.0,0.0,0.0,30.0,3.0,13.0,3.0,2.0,5.0,11.0,0.0,12.0,7.0,2.0,8.0,257.0
0.0,0.0,0.0,1.0,0.0,1.0,0.0,0.0,0.0,1.0,0.0,0.0,0.0,0.0,1.0,0.0,0.0,0.0,0.0,0.0,0.0,4.0,3.0,19.0,3.0,4.0,3.0,2.0,0.0,12.0,4.0,5.0,5.0,191.0
1.0,0.0,1.0,0.0,0.0,1.0,0.0,1.0,0.0,0.0,0.0,0.0,0.0,0.0,0.0,0.0,0.0,0.0,1.0,0.0,0.0,15.0,3.0,7.0,3.0,2.0,5.0,3.0,0.0,17.0,2.0,2.0,8.0,209.0
1.0,0.0,1.0,0.0,0.0,1.0,0.0,0.0,0.0,1.0,0.0,0.0,0.0,0.0,0.0,0.0,1.0,0.0,0.0,0.0,0.0,2.0,1.0,24.0,4.0,4.0,5.0,3.0,0.0,13.0,1.0,2.0,9.0,171.0
1.0,0.0,1.0,0.0,0.0,1.0,0.0,0.0,0.0,0.0,0.0,1.0,0.0,0.0,0.0,0.0,1.0,0.0,0.0,0.0,1.0,1.0,1.0,10.0,4.0,4.0,5.0,7.0,0.0,14.0,2.0,2.0,3.0,165.0
1.0,0.0,1.0,0.0,0.0,1.0,0.0,1.0,0.0,0.0,0.0,0.0,0.0,0.0,0.0,0.0,1.0,0.0,0.0,0.0,0.0,26.0,1.0,10.0,3.0,5.0,3.0,4.0,1.0,15.0,2.0,2.0,5.0,205.0
1.0,0.0,1.0,0.0,0.0,1.0,0.0,0.0,0.0,0.0,0.0,1.0,0.0,0.0,0.0,0.0,0.0,1.0,0.0,0.0,0.0,19.0,1.0,17.0,4.0,4.0,1.0,5.0,0.0,22.0,1.0,2.0,3.0,152.0
0.0,0.0,1.0,0.0,0.0,1.0,0.0,0.0,1.0,0.0,0.0,0.0,0.0,0.0,0.0,0.0,0.0,1.0,0.0,0.0,0.0,26.0,1.0,11.0,2.0,4.0,1.0,4.0,0.0,14.0,1.0,2.0,5.0,291.0
0.0,0.0,1.0,0.0,1.0,0.0,0.0,0.0,0.0,1.0,0.0,0.0,0.0,0.0,0.0,0.0,0.0,1.0,0.0,0.0,0.0,16.0,1.0,36.0,4.0,4.0,3.0,4.0,0.0,12.0,2.0,2.0,3.0,171.0
0.0,0.0,0.0,1.0,0.0,1.0,0.0,0.0,0.0,1.0,0.0,0.0,0.0,0.0,0.0,0.0,0.0,1.0,0.0,0.0,0.0,4.0,1.0,9.0,3.0,6.0,1.0,4.0,0.0,21.0,2.0,2.0,3.0,186.0
0.0,0.0,1.0,0.0,0.0,1.0,0.0,0.0,0.0,0.0,0.0,0.0,1.0,0.0,0.0,0.0,0.0,1.0,0.0,0.0,0.0,31.0,1.0,14.0,3.0,4.0,5.0,7.0,0.0,15.0,2.0,12.0,11.0,321.0
0.0,0.0,1.0,0.0,0.0,1.0,0.0,0.0,0.0,1.0,0.0,0.0,0.0,0.0,0.0,0.0,1.0,0.0,0.0,0.0,0.0,20.0,1.0,25.0,3.0,4.0,3.0,4.0,0.0,15.0,2.0,2.0,9.0,173.0
0.0,0.0,1.0,0.0,1.0,0.0,0.0,0.0,0.0,1.0,0.0,0.0,0.0,0.0,1.0,0.0,0.0,0.0,0.0,0.0,0.0,16.0,1.0,35.0,3.0,5.0,1.0,2.0,0.0,12.0,1.0,2.0,5.0,170.0
0.0,0.0,0.0,1.0,0.0,1.0,0.0,0.0,0.0,0.0,0.0,1.0,0.0,0.0,1.0,0.0,0.0,0.0,0.0,0.0,1.0,1.0,3.0,7.0,4.0,4.0,4.0,3.0,1.0,17.0,1.0,2.0,5.0,157.0
0.0,0.0,1.0,0.0,1.0,0.0,0.0,0.0,0.0,0.0,0.0,1.0,0.0,0.0,0.0,0.0,0.0,0.0,1.0,0.0,1.0,1.0,3.0,13.0,3.0,6.0,3.0,2.0,0.0,17.0,1.0,2.0,1.0,149.0
1.0,0.0,1.0,0.0,1.0,0.0,0.0,0.0,0.0,0.0,0.0,1.0,0.0,0.0,0.0,0.0,0.0,1.0,0.0,0.0,0.0,12.0,1.0,9.0,3.0,4.0,1.0,3.0,1.0,24.0,2.0,2.0,1.0,142.0
0.0,0.0,1.0,0.0,0.0,1.0,0.0,0.0,0.0,0.0,0.0,0.0,1.0,0.0,0.0,0.0,0.0,1.0,0.0,0.0,0.0,14.0,3.0,9.0,4.0,4.0,3.0,2.0,0.0,15.0,2.0,2.0,13.0,305.0
0.0,0.0,1.0,0.0,0.0,1.0,0.0,0.0,0.0,0.0,0.0,1.0,0.0,0.0,0.0,0.0,0.0,1.0,0.0,0.0,0.0,1.0,1.0,30.0,3.0,4.0,1.0,3.0,0.0,23.0,1.0,2.0,3.0,154.0
1.0,0.0,1.0,0.0,1.0,0.0,0.0,0.0,0.0,0.0,0.0,1.0,0.0,0.0,0.0,0.0,0.0,1.0,0.0,0.0,0.0,4.0,1.0,10.0,3.0,4.0,1.0,6.0,0.0,16.0,2.0,2.0,5.0,146.0
1.0,0.0,1.0,0.0,0.0,1.0,0.0,1.0,0.0,0.0,0.0,0.0,0.0,0.0,0.0,0.0,1.0,0.0,0.0,0.0,0.0,3.0,1.0,10.0,4.0,5.0,3.0,3.0,0.0,19.0,1.0,2.0,8.0,244.0
0.0,0.0,1.0,0.0,0.0,1.0,0.0,0.0,0.0,0.0,0.0,1.0,0.0,0.0,1.0,0.0,0.0,0.0,0.0,0.0,1.0,1.0,1.0,32.0,4.0,5.0,4.0,7.0,0.0,17.0,2.0,2.0,2.0,150.0
1.0,0.0,0.0,1.0,0.0,1.0,0.0,0.0,0.0,0.0,0.0,1.0,0.0,0.0,1.0,0.0,0.0,0.0,0.0,0.0,1.0,1.0,2.0,9.0,3.0,5.0,1.0,3.0,0.0,13.0,1.0,2.0,1.0,151.0
0.0,0.0,1.0,0.0,1.0,0.0,0.0,1.0,0.0,0.0,0.0,0.0,0.0,0.0,0.0,0.0,0.0,0.0,0.0,1.0,0.0,4.0,3.0,29.0,4.0,4.0,5.0,2.0,0.0,12.0,4.0,8.0,9.0,209.0
1.0,0.0,1.0,0.0,0.0,1.0,0.0,0.0,1.0,0.0,0.0,0.0,0.0,0.0,0.0,0.0,0.0,0.0,1.0,0.0,0.0,31.0,3.0,36.0,3.0,5.0,1.0,5.0,0.0,13.0,1.0,2.0,1.0,266.0
1.0,0.0,1.0,0.0,0.0,1.0,0.0,0.0,1.0,0.0,0.0,0.0,0.0,0.0,0.0,0.0,0.0,1.0,0.0,0.0,0.0,24.0,1.0,36.0,3.0,5.0,3.0,2.0,0.0,15.0,16.0,16.0,8.0,295.0
0.0,0.0,0.0,1.0,1.0,0.0,0.0,0.0,0.0,0.0,0.0,1.0,0.0,0.0,0.0,0.0,1.0,0.0,0.0,0.0,0.0,4.0,1.0,9.0,3.0,4.0,1.0,2.0,0.0,15.0,2.0,7.0,8.0,151.0
0.0,0.0,1.0,0.0,1.0,0.0,0.0,1.0,0.0,0.0,0.0,0.0,0.0,0.0,0.0,0.0,0.0,0.0,1.0,0.0,0.0,31.0,3.0,35.0,4.0,5.0,5.0,6.0,0.0,20.0,4.0,14.0,4.543490512868683,228.0
0.0,0.0,1.0,0.0,0.0,1.0,0.0,0.0,0.0,1.0,0.0,0.0,0.0,0.0,0.0,0.0,1.0,0.0,0.0,0.0,0.0,21.0,1.0,9.0,4.0,4.0,1.0,7.0,0.0,14.0,1.0,2.0,5.0,176.0
1.0,0.0,1.0,0.0,0.0,1.0,0.0,0.0,1.0,0.0,0.0,0.0,0.0,0.0,0.0,0.0,0.0,1.0,0.0,0.0,0.0,20.0,1.0,9.0,3.0,4.0,3.0,8.0,0.0,15.0,2.0,2.0,2.0,304.0
1.0,0.0,0.0,1.0,0.0,1.0,0.0,0.0,0.0,0.0,0.0,1.0,0.0,0.0,0.0,0.0,0.0,1.0,0.0,0.0,0.0,9.0,1.0,29.0,3.0,6.0,3.0,2.0,0.0,16.0,2.0,5.0,4.0,167.0
0.0,0.0,0.0,1.0,0.0,1.0,0.0,0.0,0.0,1.0,0.0,0.0,0.0,0.0,0.0,0.0,0.0,1.0,0.0,0.0,0.0,28.0,1.0,6.0,3.0,4.0,3.0,9.0,0.0,12.0,1.0,2.0,1.0,163.0
1.0,0.0,1.0,0.0,0.0,1.0,0.0,0.0,0.0,0.0,0.0,1.0,0.0,0.0,0.0,0.0,0.0,1.0,0.0,0.0,0.0,8.0,1.0,9.0,4.0,5.0,3.0,5.0,0.0,13.0,4.0,6.0,8.0,153.0
0.0,0.0,1.0,0.0,0.0,1.0,0.0,1.0,0.0,0.0,0.0,0.0,0.0,0.0,0.0,0.0,0.0,0.0,1.0,0.0,0.0,6.0,3.0,17.0,4.0,5.0,1.0,4.0,1.0,20.0,1.0,2.0,4.543490512868683,216.0
1.0,0.0,1.0,0.0,0.0,1.0,0.0,1.0,0.0,0.0,0.0,0.0,0.0,0.0,0.0,0.0,0.0,1.0,0.0,0.0,0.0,5.0,1.0,16.0,3.0,4.0,4.0,3.0,0.0,26.0,1.0,2.0,9.0,231.0
1.0,0.0,1.0,0.0,0.0,1.0,0.0,1.0,0.0,0.0,0.0,0.0,0.0,0.0,0.0,0.0,1.0,0.0,0.0,0.0,1.0,1.0,1.0,22.0,3.0,4.0,3.0,9.0,1.0,13.0,1.0,8.0,8.0,261.0
1.0,0.0,1.0,0.0,0.0,1.0,0.0,0.0,0.0,0.0,0.0,1.0,0.0,0.0,0.0,0.0,1.0,0.0,0.0,0.0,1.0,1.0,1.0,17.0,3.0,6.0,1.0,9.0,0.0,14.0,1.0,2.0,4.0,159.0
1.0,0.0,0.0,1.0,0.0,1.0,0.0,0.0,0.0,0.0,0.0,1.0,0.0,0.0,0.0,0.0,0.0,0.0,1.0,0.0,0.0,4.0,3.0,14.0,3.0,4.0,4.0,2.0,0.0,15.0,1.0,2.0,3.0,155.0
1.0,0.0,1.0,0.0,0.0,1.0,0.0,1.0,0.0,0.0,0.0,0.0,0.0,0.0,0.0,0.0,0.0,1.0,0.0,0.0,0.0,9.0,1.0,23.0,4.0,4.0,3.0,6.0,1.0,13.0,1.0,2.0,1.0,201.0
1.0,0.0,1.0,0.0,1.0,0.0,0.0,1.0,0.0,0.0,0.0,0.0,0.0,0.0,0.0,0.0,0.0,1.0,0.0,0.0,1.0,1.0,1.0,27.0,4.0,4.0,3.0,5.0,0.0,13.0,2.0,2.0,4.543490512868683,223.0
0.0,0.0,1.0,0.0,1.0,0.0,0.0,1.0,0.0,0.0,0.0,0.0,0.0,0.0,0.0,0.0,0.0,0.0,0.0,1.0,1.0,1.0,2.0,30.0,3.0,4.0,5.0,11.0,1.0,16.0,2.0,2.0,4.543490512868683,225.0
1.0,0.0,1.0,0.0,1.0,0.0,0.0,0.0,0.0,0.0,0.0,1.0,0.0,0.0,0.0,0.0,0.0,0.0,0.0,1.0,0.0,16.0,1.0,12.0,4.0,4.0,3.0,6.0,0.0,18.0,1.0,3.0,1.0,146.0
1.0,0.0,0.0,1.0,1.0,0.0,0.0,1.0,0.0,0.0,0.0,0.0,0.0,0.0,0.0,0.0,1.0,0.0,0.0,0.0,0.0,10.0,3.0,17.0,3.0,4.0,1.0,3.0,0.0,15.0,9.0,10.0,4.543490512868683,225.0
1.0,0.0,0.0,1.0,1.0,0.0,0.0,0.0,0.0,0.0,0.0,1.0,0.0,0.0,1.0,0.0,0.0,0.0,0.0,0.0,1.0,1.0,1.0,11.0,4.0,5.0,3.0,7.0,0.0,17.0,1.0,2.0,3.0,164.0
0.0,0.0,1.0,0.0,0.0,1.0,0.0,0.0,0.0,1.0,0.0,0.0,0.0,0.0,0.0,0.0,0.0,0.0,1.0,0.0,0.0,22.0,3.0,9.0,3.0,4.0,1.0,4.0,0.0,15.0,7.0,7.0,8.0,166.0
0.0,0.0,0.0,1.0,0.0,1.0,0.0,0.0,1.0,0.0,0.0,0.0,0.0,0.0,0.0,0.0,0.0,1.0,0.0,0.0,0.0,29.0,3.0,25.0,3.0,4.0,4.0,5.0,0.0,15.0,2.0,8.0,9.0,293.0
1.0,0.0,0.0,1.0,1.0,0.0,0.0,0.0,0.0,1.0,0.0,0.0,0.0,0.0,0.0,0.0,0.0,1.0,0.0,0.0,0.0,15.0,3.0,17.0,3.0,4.0,1.0,9.0,0.0,15.0,1.0,2.0,11.0,187.0
1.0,0.0,1.0,0.0,0.0,1.0,0.0,0.0,0.0,1.0,0.0,0.0,0.0,0.0,0.0,0.0,0.0,0.0,1.0,0.0,0.0,9.0,3.0,7.0,3.0,4.0,3.0,11.0,0.0,12.0,1.0,7.0,10.0,172.0
0.0,0.0,0.0,1.0,0.0,1.0,0.0,0.0,1.0,0.0,0.0,0.0,0.0,0.0,0.0,0.0,0.0,1.0,0.0,0.0,0.0,14.0,1.0,13.0,4.0,4.0,3.0,9.0,0.0,16.0,5.0,2.0,14.0,257.0
0.0,0.0,1.0,0.0,1.0,0.0,0.0,0.0,0.0,0.0,0.0,1.0,0.0,0.0,0.0,0.0,0.0,1.0,0.0,0.0,0.0,13.0,1.0,15.0,3.0,4.0,3.0,3.0,0.0,12.0,2.0,2.0,8.0,163.0
1.0,0.0,0.0,1.0,0.0,1.0,0.0,0.0,0.0,1.0,0.0,0.0,0.0,0.0,0.0,0.0,0.0,1.0,0.0,0.0,0.0,5.0,3.0,9.0,4.0,4.0,1.0,6.0,1.0,14.0,2.0,2.0,6.0,191.0
1.0,0.0,1.0,0.0,0.0,1.0,0.0,1.0,0.0,0.0,0.0,0.0,0.0,0.0,0.0,0.0,1.0,0.0,0.0,0.0,0.0,16.0,1.0,31.0,3.0,4.0,5.0,3.0,1.0,22.0,6.0,6.0,9.0,199.0
1.0,0.0,1.0,0.0,0.0,1.0,0.0,0.0,0.0,1.0,0.0,0.0,0.0,0.0,0.0,0.0,0.0,0.0,0.0,1.0,0.0,19.0,3.0,9.0,4.0,4.0,4.0,2.0,0.0,20.0,4.0,4.0,8.0,173.0
0.0,0.0,1.0,0.0,1.0,0.0,0.0,0.0,0.0,0.0,0.0,1.0,0.0,0.0,0.0,0.0,0.0,1.0,0.0,0.0,1.0,1.0,2.0,24.0,3.0,4.0,3.0,2.0,1.0,12.0,1.0,2.0,1.0,152.0
1.0,0.0,1.0,0.0,0.0,1.0,0.0,0.0,0.0,1.0,0.0,0.0,0.0,0.0,1.0,0.0,0.0,0.0,0.0,0.0,0.0,3.0,1.0,26.0,3.0,4.0,1.0,6.0,0.0,13.0,2.0,2.0,3.0,168.0
0.0,0.0,1.0,0.0,0.0,1.0,0.0,0.0,1.0,0.0,0.0,0.0,0.0,0.0,0.0,0.0,1.0,0.0,0.0,0.0,0.0,7.0,1.0,7.0,4.0,2.0,3.0,6.0,0.0,20.0,1.0,2.0,6.0,287.0
1.0,0.0,1.0,0.0,0.0,1.0,0.0,1.0,0.0,0.0,0.0,0.0,0.0,0.0,0.0,0.0,0.0,1.0,0.0,0.0,0.0,5.0,3.0,14.0,3.0,5.0,1.0,11.0,0.0,22.0,2.0,2.0,2.0,241.0
1.0,0.0,0.0,1.0,1.0,0.0,0.0,0.0,0.0,0.0,0.0,1.0,0.0,0.0,0.0,0.0,0.0,0.0,1.0,0.0,1.0,1.0,3.0,12.0,4.0,4.0,4.0,3.0,1.0,15.0,2.0,2.0,1.0,144.0
1.0,0.0,1.0,0.0,1.0,0.0,0.0,1.0,0.0,0.0,0.0,0.0,0.0,0.0,0.0,0.0,0.0,0.0,0.0,1.0,0.0,14.0,3.0,35.0,3.0,6.0,5.0,5.0,0.0,16.0,1.0,2.0,2.0,234.0
0.0,0.0,0.0,1.0,1.0,0.0,0.0,0.0,0.0,1.0,0.0,0.0,0.0,0.0,0.0,0.0,0.0,0.0,0.0,1.0,0.0,15.0,1.0,9.0,4.0,5.0,3.0,4.0,1.0,18.0,1.0,2.0,8.0,193.0
1.0,0.0,1.0,0.0,0.0,1.0,0.0,0.0,0.0,1.0,0.0,0.0,0.0,0.0,0.0,0.0,1.0,0.0,0.0,0.0,0.0,1.0,3.0,36.0,3.0,4.0,3.0,7.0,0.0,13.0,1.0,2.0,1.0,168.0
0.0,0.0,0.0,1.0,0.0,1.0,0.0,0.0,0.0,1.0,0.0,0.0,0.0,0.0,0.0,0.0,1.0,0.0,0.0,0.0,0.0,9.0,3.0,7.0,4.0,4.0,3.0,3.0,0.0,17.0,2.0,2.0,4.0,174.0
1.0,0.0,0.0,1.0,0.0,1.0,0.0,0.0,0.0,1.0,0.0,0.0,0.0,0.0,0.0,0.0,0.0,1.0,0.0,0.0,0.0,8.0,3.0,28.0,4.0,2.0,1.0,3.0,0.0,13.0,1.0,6.0,8.0,178.0
1.0,0.0,0.0,1.0,0.0,0.0,1.0,0.0,0.0,0.0,0.0,1.0,0.0,0.0,1.0,0.0,0.0,0.0,0.0,0.0,1.0,1.0,1.0,31.0,4.0,6.0,1.0,3.0,1.0,19.0,1.0,2.0,1.0,148.0
0.0,0.0,0.0,1.0,0.0,1.0,0.0,1.0,0.0,0.0,0.0,0.0,0.0,0.0,0.0,1.0,0.0,0.0,0.0,0.0,0.0,11.0,1.0,7.0,3.0,4.0,1.0,6.0,0.0,18.0,2.0,2.0,3.0,200.0
0.0,0.0,1.0,0.0,1.0,0.0,0.0,1.0,0.0,0.0,0.0,0.0,0.0,0.0,0.0,0.0,1.0,0.0,0.0,0.0,0.0,20.0,1.0,25.0,3.0,4.0,3.0,7.0,0.0,12.0,1.0,2.0,4.543490512868683,230.0
0.0,0.0,1.0,0.0,0.0,1.0,0.0,0.0,1.0,0.0,0.0,0.0,0.0,0.0,0.0,0.0,0.0,1.0,0.0,0.0,0.0,15.0,3.0,9.0,4.0,4.0,5.0,9.0,0.0,17.0,1.0,12.0,9.0,291.0
1.0,0.0,1.0,0.0,1.0,0.0,0.0,1.0,0.0,0.0,0.0,0.0,0.0,0.0,0.0,0.0,1.0,0.0,0.0,0.0,0.0,11.0,3.0,16.0,4.0,4.0,4.0,3.0,0.0,14.0,2.0,8.0,4.543490512868683,213.0
1.0,0.0,1.0,0.0,0.0,1.0,0.0,0.0,0.0,1.0,0.0,0.0,0.0,0.0,1.0,0.0,0.0,0.0,0.0,0.0,0.0,26.0,1.0,13.0,4.0,4.0,5.0,5.0,1.0,13.0,3.0,7.0,10.0,181.0
1.0,0.0,1.0,0.0,1.0,0.0,0.0,0.0,0.0,1.0,0.0,0.0,0.0,0.0,0.0,0.0,0.0,0.0,0.0,1.0,1.0,1.0,3.0,18.0,3.0,2.0,3.0,10.0,0.0,13.0,2.0,2.0,3.0,172.0
1.0,0.0,1.0,0.0,1.0,0.0,0.0,0.0,0.0,0.0,0.0,1.0,0.0,0.0,0.0,0.0,1.0,0.0,0.0,0.0,0.0,1.0,3.0,31.0,3.0,4.0,1.0,2.0,0.0,14.0,2.0,3.0,2.0,149.0
0.0,0.0,1.0,0.0,0.0,1.0,0.0,0.0,0.0,1.0,0.0,0.0,0.0,0.0,0.0,0.0,1.0,0.0,0.0,0.0,0.0,12.0,1.0,17.0,4.0,4.0,3.0,5.0,0.0,20.0,1.0,2.0,4.543490512868683,223.0
0.0,0.0,1.0,0.0,0.0,1.0,0.0,0.0,0.0,1.0,0.0,0.0,0.0,0.0,0.0,0.0,0.0,1.0,0.0,0.0,0.0,11.0,1.0,7.0,4.0,4.0,4.0,8.0,0.0,13.0,5.0,5.0,4.0,189.0
1.0,0.0,1.0,0.0,0.0,1.0,0.0,0.0,0.0,0.0,0.0,0.0,1.0,0.0,0.0,0.0,0.0,1.0,0.0,0.0,0.0,23.0,1.0,25.0,3.0,5.0,3.0,3.0,1.0,15.0,2.0,2.0,10.0,320.0
1.0,0.0,1.0,0.0,0.0,1.0,0.0,0.0,0.0,0.0,0.0,1.0,0.0,0.0,0.0,0.0,1.0,0.0,0.0,0.0,0.0,1.0,1.0,30.0,3.0,2.0,1.0,3.0,1.0,12.0,1.0,2.0,5.0,152.0
1.0,0.0,1.0,0.0,0.0,1.0,0.0,0.0,0.0,1.0,0.0,0.0,0.0,0.0,0.0,0.0,0.0,0.0,1.0,0.0,0.0,1.0,3.0,35.0,4.0,4.0,4.0,3.0,0.0,21.0,1.0,2.0,5.0,188.0
1.0,0.0,1.0,0.0,0.0,0.0,1.0,0.0,0.0,0.0,0.0,1.0,0.0,0.0,0.0,0.0,0.0,0.0,0.0,1.0,0.0,1.0,1.0,24.0,4.0,5.0,4.0,3.0,0.0,22.0,2.0,2.0,1.0,146.0
1.0,0.0,1.0,0.0,1.0,0.0,0.0,0.0,0.0,0.0,0.0,0.0,1.0,0.0,0.0,0.0,1.0,0.0,0.0,0.0,0.0,24.0,2.0,10.0,4.0,4.0,4.0,3.0,0.0,15.0,2.0,11.0,8.0,307.0
1.0,0.0,1.0,0.0,0.0,0.0,1.0,0.0,0.0,0.0,0.0,1.0,0.0,0.0,0.0,0.0,1.0,0.0,0.0,0.0,0.0,1.0,3.0,20.0,3.0,4.0,3.0,3.0,0.0,12.0,2.0,2.0,7.0,146.0
0.0,0.0,1.0,0.0,1.0,0.0,0.0,0.0,0.0,0.0,0.0,1.0,0.0,0.0,0.0,0.0,0.0,1.0,0.0,0.0,1.0,1.0,1.0,14.0,3.0,4.0,3.0,3.0,1.0,17.0,1.0,2.0,3.0,154.0
1.0,0.0,1.0,0.0,1.0,0.0,0.0,0.0,0.0,0.0,0.0,1.0,0.0,0.0,0.0,0.0,0.0,1.0,0.0,0.0,1.0,1.0,3.0,19.0,4.0,5.0,5.0,3.0,0.0,19.0,2.0,2.0,1.0,145.0
1.0,0.0,1.0,0.0,0.0,1.0,0.0,0.0,0.0,0.0,0.0,1.0,0.0,0.0,0.0,0.0,0.0,1.0,0.0,0.0,0.0,8.0,1.0,7.0,3.0,5.0,1.0,3.0,1.0,14.0,2.0,2.0,4.0,161.0
1.0,0.0,1.0,0.0,0.0,1.0,0.0,0.0,0.0,1.0,0.0,0.0,0.0,0.0,0.0,0.0,1.0,0.0,0.0,0.0,1.0,1.0,3.0,20.0,3.0,4.0,5.0,4.0,0.0,18.0,1.0,2.0,3.0,167.0
1.0,0.0,0.0,1.0,0.0,1.0,0.0,0.0,0.0,1.0,0.0,0.0,0.0,0.0,0.0,0.0,0.0,0.0,0.0,1.0,0.0,9.0,1.0,32.0,3.0,5.0,1.0,6.0,0.0,15.0,2.0,2.0,3.0,162.0
1.0,0.0,1.0,0.0,0.0,1.0,0.0,0.0,0.0,1.0,0.0,0.0,0.0,0.0,0.0,0.0,1.0,0.0,0.0,0.0,0.0,5.0,3.0,13.0,4.0,2.0,1.0,6.0,0.0,23.0,6.0,6.0,8.0,180.0
0.0,0.0,1.0,0.0,0.0,0.0,1.0,0.0,0.0,0.0,0.0,1.0,0.0,0.0,0.0,0.0,1.0,0.0,0.0,0.0,0.0,1.0,1.0,13.0,4.0,5.0,3.0,2.0,0.0,13.0,1.0,2.0,4.0,147.0
1.0,0.0,1.0,0.0,0.0,1.0,0.0,0.0,0.0,1.0,0.0,0.0,0.0,0.0,0.0,0.0,0.0,0.0,1.0,0.0,0.0,11.0,3.0,9.0,4.0,4.0,3.0,6.0,1.0,12.0,1.0,2.0,4.543490512868683,221.0
0.0,0.0,0.0,1.0,0.0,1.0,0.0,0.0,0.0,0.0,0.0,1.0,0.0,0.0,0.0,0.0,0.0,1.0,0.0,0.0,0.0,1.0,1.0,7.0,3.0,5.0,4.0,3.0,0.0,14.0,1.0,2.0,1.0,153.0
0.0,0.0,1.0,0.0,0.0,1.0,0.0,0.0,0.0,1.0,0.0,0.0,0.0,0.0,0.0,0.0,0.0,1.0,0.0,0.0,0.0,16.0,1.0,9.0,3.0,4.0,1.0,3.0,0.0,14.0,1.0,3.0,3.0,166.0
1.0,0.0,1.0,0.0,0.0,1.0,0.0,0.0,1.0,0.0,0.0,0.0,0.0,0.0,0.0,0.0,0.0,0.0,0.0,1.0,0.0,17.0,1.0,13.0,3.0,5.0,1.0,6.0,1.0,15.0,1.0,2.0,1.0,291.0
0.0,0.0,0.0,1.0,0.0,1.0,0.0,0.0,0.0,0.0,0.0,1.0,0.0,0.0,0.0,0.0,0.0,1.0,0.0,0.0,0.0,12.0,1.0,7.0,3.0,4.0,5.0,5.0,0.0,18.0,1.0,2.0,1.0,151.0
1.0,0.0,1.0,0.0,1.0,0.0,0.0,0.0,0.0,1.0,0.0,0.0,0.0,0.0,0.0,0.0,1.0,0.0,0.0,0.0,0.0,17.0,1.0,16.0,4.0,4.0,3.0,5.0,1.0,14.0,2.0,5.0,8.0,182.0
0.0,0.0,1.0,0.0,0.0,1.0,0.0,0.0,1.0,0.0,0.0,0.0,0.0,0.0,0.0,0.0,0.0,1.0,0.0,0.0,0.0,22.0,1.0,7.0,3.0,5.0,5.0,9.0,0.0,12.0,1.0,2.0,3.0,279.0
0.0,0.0,0.0,1.0,0.0,1.0,0.0,0.0,0.0,1.0,0.0,0.0,0.0,0.0,0.0,0.0,0.0,1.0,0.0,0.0,0.0,18.0,2.0,7.0,3.0,5.0,3.0,6.0,0.0,12.0,2.0,2.0,3.0,185.0
0.0,0.0,1.0,0.0,0.0,1.0,0.0,0.0,0.0,0.0,0.0,1.0,0.0,0.0,1.0,0.0,0.0,0.0,0.0,0.0,0.0,8.0,3.0,21.0,3.0,4.0,3.0,3.0,1.0,19.0,2.0,2.0,7.0,151.0
1.0,0.0,1.0,0.0,0.0,1.0,0.0,0.0,0.0,0.0,0.0,1.0,0.0,0.0,0.0,0.0,0.0,0.0,1.0,0.0,1.0,1.0,3.0,9.0,3.0,4.0,5.0,2.0,0.0,12.0,2.0,2.0,3.0,155.0
1.0,0.0,0.0,1.0,0.0,1.0,0.0,0.0,0.0,0.0,0.0,1.0,0.0,0.0,1.0,0.0,0.0,0.0,0.0,0.0,0.0,1.0,3.0,29.0,3.0,4.0,3.0,3.0,0.0,12.0,1.0,2.0,3.0,159.0
1.0,0.0,1.0,0.0,0.0,1.0,0.0,0.0,0.0,0.0,0.0,0.0,1.0,0.0,0.0,0.0,0.0,0.0,0.0,1.0,0.0,18.0,1.0,10.0,3.0,4.0,1.0,6.0,1.0,15.0,1.0,2.0,2.0,320.0
1.0,0.0,1.0,0.0,0.0,1.0,0.0,0.0,0.0,0.0,0.0,1.0,0.0,0.0,0.0,0.0,1.0,0.0,0.0,0.0,0.0,1.0,1.0,13.0,4.0,4.0,3.0,2.0,0.0,21.0,2.0,3.0,3.0,153.0
1.0,0.0,1.0,0.0,0.0,1.0,0.0,0.0,0.0,1.0,0.0,0.0,0.0,0.0,0.0,0.0,0.0,0.0,1.0,0.0,0.0,7.0,3.0,15.0,3.0,4.0,3.0,2.0,0.0,13.0,1.0,2.0,3.0,196.0
0.0,0.0,1.0,0.0,0.0,1.0,0.0,0.0,0.0,1.0,0.0,0.0,0.0,0.0,0.0,0.0,0.0,1.0,0.0,0.0,0.0,6.0,1.0,16.0,4.0,4.0,1.0,3.0,1.0,13.0,2.0,2.0,6.0,188.0
0.0,0.0,1.0,0.0,1.0,0.0,0.0,0.0,0.0,0.0,0.0,1.0,0.0,0.0,0.0,0.0,1.0,0.0,0.0,0.0,0.0,4.0,1.0,10.0,4.0,4.0,3.0,3.0,0.0,21.0,2.0,2.0,1.0,146.0
0.0,0.0,0.0,1.0,0.0,1.0,0.0,0.0,0.0,1.0,0.0,0.0,0.0,0.0,0.0,0.0,1.0,0.0,0.0,0.0,0.0,27.0,3.0,7.0,3.0,4.0,5.0,9.0,0.0,21.0,5.0,9.0,11.0,209.0
1.0,0.0,1.0,0.0,0.0,1.0,0.0,0.0,0.0,0.0,0.0,1.0,0.0,0.0,0.0,0.0,0.0,1.0,0.0,0.0,0.0,8.0,1.0,7.0,3.0,4.0,1.0,3.0,0.0,13.0,2.0,9.0,9.0,152.0
0.0,0.0,1.0,0.0,1.0,0.0,0.0,0.0,0.0,1.0,0.0,0.0,0.0,0.0,0.0,0.0,0.0,1.0,0.0,0.0,1.0,9.0,3.0,33.0,4.0,4.0,5.0,4.0,0.0,15.0,1.0,2.0,1.0,168.0
0.0,0.0,1.0,0.0,0.0,1.0,0.0,0.0,0.0,0.0,0.0,1.0,0.0,0.0,0.0,0.0,0.0,1.0,0.0,0.0,0.0,1.0,1.0,13.0,4.0,4.0,1.0,3.0,1.0,14.0,1.0,2.0,3.0,81.0
1.0,0.0,1.0,0.0,0.0,1.0,0.0,1.0,0.0,0.0,0.0,0.0,0.0,0.0,0.0,0.0,0.0,0.0,0.0,1.0,0.0,11.0,1.0,10.0,3.0,4.0,3.0,3.0,0.0,16.0,8.0,8.0,4.543490512868683,219.0
0.0,0.0,1.0,0.0,0.0,1.0,0.0,0.0,0.0,1.0,0.0,0.0,0.0,0.0,0.0,0.0,1.0,0.0,0.0,0.0,0.0,3.0,3.0,10.0,4.0,4.0,3.0,3.0,0.0,15.0,1.0,2.0,3.0,181.0
1.0,0.0,0.0,1.0,0.0,1.0,0.0,0.0,0.0,1.0,0.0,0.0,0.0,0.0,0.0,0.0,0.0,1.0,0.0,0.0,0.0,9.0,1.0,13.0,3.0,6.0,1.0,3.0,0.0,14.0,1.0,12.0,9.0,191.0
1.0,0.0,1.0,0.0,1.0,0.0,0.0,0.0,0.0,1.0,0.0,0.0,0.0,0.0,0.0,0.0,0.0,1.0,0.0,0.0,0.0,7.0,1.0,13.0,2.0,4.0,1.0,5.0,0.0,24.0,4.0,5.0,8.0,202.0
1.0,0.0,1.0,0.0,0.0,1.0,0.0,1.0,0.0,0.0,0.0,0.0,0.0,0.0,0.0,0.0,1.0,0.0,0.0,0.0,0.0,28.0,2.0,26.0,3.0,4.0,4.0,4.0,0.0,16.0,3.0,2.0,2.0,232.0
1.0,0.0,1.0,0.0,0.0,1.0,0.0,0.0,0.0,1.0,0.0,0.0,0.0,0.0,0.0,0.0,1.0,0.0,0.0,0.0,0.0,10.0,1.0,16.0,3.0,5.0,4.0,4.0,1.0,12.0,1.0,2.0,4.543490512868683,213.0
1.0,0.0,0.0,1.0,0.0,0.0,1.0,0.0,0.0,0.0,0.0,1.0,0.0,0.0,0.0,0.0,1.0,0.0,0.0,0.0,0.0,1.0,1.0,10.0,3.0,5.0,1.0,2.0,0.0,14.0,2.0,2.0,2.0,145.0
1.0,0.0,0.0,1.0,0.0,0.0,1.0,0.0,0.0,0.0,1.0,0.0,0.0,0.0,0.0,0.0,1.0,0.0,0.0,0.0,1.0,1.0,1.0,17.0,3.0,4.0,3.0,3.0,1.0,12.0,2.0,2.0,2.0,135.0
1.0,0.0,0.0,1.0,1.0,0.0,0.0,0.0,0.0,0.0,0.0,1.0,0.0,0.0,0.0,0.0,0.0,1.0,0.0,0.0,1.0,1.0,1.0,10.0,4.0,4.0,5.0,3.0,1.0,12.0,6.0,10.0,8.0,158.0
1.0,0.0,1.0,0.0,1.0,0.0,0.0,0.0,0.0,0.0,0.0,1.0,0.0,0.0,0.0,0.0,0.0,1.0,0.0,0.0,0.0,9.0,1.0,10.0,3.0,5.0,3.0,3.0,0.0,19.0,2.0,2.0,1.0,138.0
1.0,0.0,1.0,0.0,0.0,1.0,0.0,0.0,0.0,0.0,0.0,1.0,0.0,0.0,0.0,0.0,1.0,0.0,0.0,0.0,0.0,1.0,1.0,11.0,3.0,2.0,5.0,4.0,0.0,17.0,1.0,2.0,3.0,153.0
1.0,0.0,1.0,0.0,0.0,1.0,0.0,0.0,0.0,1.0,0.0,0.0,0.0,0.0,0.0,0.0,0.0,1.0,0.0,0.0,0.0,1.0,3.0,15.0,3.0,2.0,4.0,2.0,0.0,23.0,2.0,2.0,3.0,174.0
0.0,0.0,0.0,1.0,0.0,1.0,0.0,0.0,0.0,1.0,0.0,0.0,0.0,0.0,0.0,0.0,0.0,0.0,1.0,0.0,0.0,12.0,3.0,14.0,3.0,5.0,1.0,2.0,0.0,21.0,2.0,2.0,6.0,165.0
1.0,0.0,1.0,0.0,1.0,0.0,0.0,0.0,0.0,0.0,0.0,1.0,0.0,0.0,0.0,0.0,0.0,1.0,0.0,0.0,0.0,3.0,1.0,7.0,4.0,6.0,1.0,3.0,0.0,19.0,1.0,3.0,9.0,152.0
1.0,0.0,1.0,0.0,0.0,1.0,0.0,0.0,0.0,1.0,0.0,0.0,0.0,0.0,0.0,0.0,0.0,0.0,1.0,0.0,0.0,22.0,3.0,9.0,3.0,2.0,4.0,5.0,0.0,13.0,1.0,3.0,3.0,206.0
0.0,0.0,1.0,0.0,1.0,0.0,0.0,0.0,0.0,1.0,0.0,0.0,0.0,0.0,0.0,0.0,1.0,0.0,0.0,0.0,0.0,1.0,3.0,10.0,4.0,2.0,1.0,3.0,1.0,21.0,2.0,2.0,5.0,171.0
1.0,0.0,0.0,1.0,0.0,1.0,0.0,0.0,0.0,0.0,0.0,1.0,0.0,0.0,0.0,0.0,0.0,1.0,0.0,0.0,0.0,11.0,1.0,17.0,4.0,2.0,1.0,5.0,0.0,18.0,2.0,2.0,1.0,172.0
1.0,0.0,1.0,0.0,0.0,1.0,0.0,0.0,0.0,0.0,0.0,1.0,0.0,0.0,0.0,0.0,1.0,0.0,0.0,0.0,0.0,24.0,1.0,35.0,4.0,2.0,3.0,3.0,1.0,12.0,1.0,4.0,9.0,157.0
0.0,0.0,0.0,1.0,0.0,1.0,0.0,1.0,0.0,0.0,0.0,0.0,0.0,0.0,0.0,0.0,1.0,0.0,0.0,0.0,0.0,8.0,1.0,16.0,3.0,5.0,4.0,3.0,0.0,15.0,5.0,8.0,4.543490512868683,211.0
0.0,0.0,0.0,1.0,0.0,1.0,0.0,0.0,0.0,1.0,0.0,0.0,0.0,0.0,0.0,0.0,0.0,1.0,0.0,0.0,1.0,1.0,3.0,10.0,4.0,4.0,3.0,11.0,0.0,15.0,2.0,3.0,1.0,171.0
0.0,0.0,0.0,1.0,0.0,1.0,0.0,0.0,0.0,1.0,0.0,0.0,0.0,0.0,1.0,0.0,0.0,0.0,0.0,0.0,0.0,13.0,1.0,9.0,4.0,5.0,3.0,3.0,0.0,12.0,2.0,12.0,11.0,171.0
1.0,0.0,0.0,1.0,0.0,1.0,0.0,0.0,0.0,1.0,0.0,0.0,0.0,0.0,0.0,0.0,0.0,0.0,1.0,0.0,0.0,6.0,3.0,17.0,3.0,4.0,1.0,3.0,0.0,13.0,2.0,2.0,9.0,179.0
1.0,0.0,1.0,0.0,1.0,0.0,0.0,0.0,0.0,1.0,0.0,0.0,0.0,0.0,0.0,1.0,0.0,0.0,0.0,0.0,1.0,14.0,3.0,15.0,3.0,4.0,3.0,5.0,1.0,15.0,1.0,2.0,4.0,193.0
0.0,0.0,0.0,1.0,0.0,1.0,0.0,0.0,0.0,1.0,0.0,0.0,0.0,0.0,0.0,0.0,0.0,1.0,0.0,0.0,0.0,12.0,1.0,7.0,3.0,2.0,1.0,2.0,0.0,14.0,1.0,2.0,9.0,201.0
0.0,0.0,1.0,0.0,0.0,1.0,0.0,1.0,0.0,0.0,0.0,0.0,0.0,0.0,0.0,0.0,0.0,1.0,0.0,0.0,0.0,1.0,1.0,7.0,4.0,4.0,5.0,3.0,0.0,12.0,1.0,2.0,8.0,199.0
0.0,0.0,0.0,1.0,0.0,1.0,0.0,1.0,0.0,0.0,0.0,0.0,0.0,0.0,0.0,0.0,0.0,1.0,0.0,0.0,0.0,6.0,1.0,10.0,3.0,4.0,1.0,5.0,0.0,16.0,7.0,2.0,8.0,237.0
1.0,0.0,0.0,1.0,0.0,1.0,0.0,0.0,0.0,1.0,0.0,0.0,0.0,0.0,0.0,0.0,0.0,0.0,1.0,0.0,0.0,21.0,3.0,21.0,3.0,4.0,5.0,4.0,0.0,13.0,2.0,2.0,8.0,175.0
1.0,0.0,1.0,0.0,1.0,0.0,0.0,1.0,0.0,0.0,0.0,0.0,0.0,0.0,0.0,0.0,0.0,1.0,0.0,0.0,0.0,14.0,3.0,12.0,3.0,5.0,5.0,7.0,1.0,22.0,1.0,2.0,4.543490512868683,230.0
1.0,0.0,1.0,0.0,0.0,1.0,0.0,0.0,1.0,0.0,0.0,0.0,0.0,0.0,0.0,0.0,0.0,1.0,0.0,0.0,0.0,27.0,1.0,14.0,3.0,2.0,3.0,5.0,0.0,20.0,1.0,2.0,4.0,273.0
1.0,0.0,1.0,0.0,0.0,1.0,0.0,0.0,0.0,0.0,0.0,0.0,1.0,0.0,0.0,0.0,0.0,0.0,0.0,1.0,0.0,15.0,2.0,17.0,4.0,5.0,1.0,5.0,0.0,15.0,4.0,13.0,7.0,316.0
1.0,0.0,0.0,1.0,0.0,1.0,0.0,0.0,0.0,1.0,0.0,0.0,0.0,0.0,0.0,0.0,0.0,0.0,1.0,0.0,0.0,31.0,3.0,23.0,3.0,4.0,5.0,10.0,0.0,15.0,3.0,3.0,3.0,179.0
1.0,0.0,1.0,0.0,1.0,0.0,0.0,1.0,0.0,0.0,0.0,0.0,0.0,0.0,0.0,0.0,0.0,1.0,0.0,0.0,0.0,1.0,1.0,17.0,3.0,4.0,5.0,3.0,0.0,22.0,1.0,2.0,4.543490512868683,213.0
1.0,0.0,1.0,0.0,0.0,1.0,0.0,0.0,0.0,0.0,0.0,0.0,1.0,0.0,0.0,0.0,0.0,0.0,0.0,1.0,0.0,15.0,2.0,7.0,3.0,5.0,3.0,3.0,0.0,15.0,2.0,3.0,11.0,317.0
1.0,0.0,1.0,0.0,0.0,1.0,0.0,0.0,0.0,0.0,0.0,1.0,0.0,0.0,0.0,0.0,0.0,0.0,1.0,0.0,0.0,24.0,3.0,15.0,3.0,4.0,4.0,9.0,0.0,16.0,1.0,3.0,3.0,164.0
0.0,0.0,0.0,1.0,0.0,0.0,1.0,0.0,0.0,0.0,0.0,1.0,0.0,0.0,0.0,0.0,0.0,1.0,0.0,0.0,1.0,1.0,1.0,7.0,4.0,6.0,4.0,9.0,1.0,14.0,2.0,4.0,8.0,147.0
0.0,0.0,1.0,0.0,1.0,0.0,0.0,1.0,0.0,0.0,0.0,0.0,0.0,0.0,0.0,0.0,0.0,1.0,0.0,0.0,0.0,10.0,1.0,15.0,4.0,2.0,5.0,11.0,0.0,15.0,1.0,2.0,6.0,242.0
0.0,0.0,0.0,1.0,0.0,1.0,0.0,1.0,0.0,0.0,0.0,0.0,0.0,0.0,0.0,0.0,0.0,1.0,0.0,0.0,0.0,12.0,1.0,7.0,3.0,4.0,3.0,6.0,1.0,15.0,1.0,2.0,1.0,204.0
1.0,0.0,0.0,1.0,1.0,0.0,0.0,0.0,0.0,0.0,0.0,1.0,0.0,0.0,0.0,0.0,1.0,0.0,0.0,0.0,0.0,18.0,1.0,31.0,3.0,6.0,3.0,4.0,0.0,15.0,1.0,2.0,5.0,162.0
0.0,0.0,1.0,0.0,1.0,0.0,0.0,0.0,1.0,0.0,0.0,0.0,0.0,0.0,0.0,0.0,1.0,0.0,0.0,0.0,0.0,21.0,3.0,10.0,3.0,4.0,3.0,11.0,1.0,13.0,1.0,12.0,14.0,263.0
1.0,0.0,1.0,0.0,0.0,1.0,0.0,0.0,0.0,1.0,0.0,0.0,0.0,0.0,0.0,0.0,0.0,0.0,1.0,0.0,0.0,4.0,3.0,34.0,4.0,4.0,1.0,9.0,0.0,24.0,3.0,8.0,8.0,178.0
1.0,0.0,0.0,1.0,0.0,1.0,0.0,0.0,0.0,0.0,0.0,1.0,0.0,0.0,0.0,0.0,0.0,1.0,0.0,0.0,0.0,3.0,3.0,17.0,4.0,4.0,3.0,3.0,0.0,12.0,2.0,2.0,1.0,151.0
1.0,0.0,1.0,0.0,1.0,0.0,0.0,0.0,0.0,0.0,0.0,1.0,0.0,0.0,0.0,0.0,1.0,0.0,0.0,0.0,1.0,6.0,1.0,26.0,3.0,2.0,3.0,8.0,1.0,13.0,1.0,3.0,3.0,153.0
1.0,0.0,1.0,0.0,1.0,0.0,0.0,0.0,0.0,1.0,0.0,0.0,0.0,0.0,0.0,0.0,0.0,1.0,0.0,0.0,0.0,17.0,3.0,22.0,3.0,5.0,1.0,5.0,0.0,19.0,2.0,3.0,3.0,193.0
0.0,0.0,0.0,1.0,0.0,1.0,0.0,0.0,0.0,1.0,0.0,0.0,0.0,0.0,0.0,0.0,1.0,0.0,0.0,0.0,0.0,8.0,1.0,15.0,4.0,4.0,3.0,5.0,0.0,12.0,1.0,5.0,4.0,186.0
1.0,0.0,1.0,0.0,0.0,1.0,0.0,0.0,0.0,0.0,0.0,1.0,0.0,0.0,0.0,0.0,1.0,0.0,0.0,0.0,0.0,1.0,1.0,16.0,3.0,4.0,5.0,3.0,0.0,15.0,2.0,2.0,3.0,150.0
0.0,0.0,1.0,0.0,0.0,1.0,0.0,0.0,0.0,1.0,0.0,0.0,0.0,0.0,0.0,0.0,0.0,0.0,0.0,1.0,0.0,13.0,2.0,10.0,3.0,2.0,4.0,11.0,0.0,16.0,1.0,4.0,7.0,189.0
1.0,0.0,1.0,0.0,0.0,1.0,0.0,0.0,1.0,0.0,0.0,0.0,0.0,0.0,0.0,0.0,1.0,0.0,0.0,0.0,0.0,30.0,1.0,16.0,3.0,4.0,1.0,9.0,0.0,12.0,1.0,2.0,2.0,236.0
0.0,0.0,0.0,1.0,0.0,0.0,1.0,0.0,0.0,0.0,0.0,1.0,0.0,0.0,0.0,0.0,1.0,0.0,0.0,0.0,0.0,14.0,1.0,9.0,3.0,5.0,1.0,2.0,1.0,21.0,1.0,3.0,4.0,148.0
0.0,0.0,0.0,1.0,0.0,1.0,0.0,0.0,0.0,1.0,0.0,0.0,0.0,0.0,0.0,0.0,1.0,0.0,0.0,0.0,0.0,1.0,1.0,14.0,3.0,5.0,5.0,10.0,0.0,20.0,2.0,2.0,8.0,193.0
1.0,0.0,1.0,0.0,0.0,0.0,1.0,0.0,0.0,0.0,0.0,1.0,0.0,0.0,0.0,0.0,0.0,0.0,1.0,0.0,0.0,3.0,3.0,17.0,3.0,4.0,4.0,3.0,0.0,15.0,3.0,3.0,3.0,148.0
1.0,0.0,0.0,1.0,0.0,0.0,1.0,0.0,0.0,1.0,0.0,0.0,0.0,0.0,0.0,0.0,0.0,1.0,0.0,0.0,0.0,27.0,1.0,13.0,3.0,4.0,1.0,4.0,0.0,18.0,3.0,3.0,3.0,150.0
0.0,0.0,1.0,0.0,1.0,0.0,0.0,0.0,0.0,1.0,0.0,0.0,0.0,0.0,0.0,0.0,0.0,1.0,0.0,0.0,0.0,9.0,1.0,9.0,4.0,4.0,5.0,4.0,0.0,12.0,2.0,2.0,1.0,176.0
1.0,0.0,1.0,0.0,1.0,0.0,0.0,0.0,0.0,1.0,0.0,0.0,0.0,0.0,0.0,0.0,0.0,1.0,0.0,0.0,0.0,6.0,1.0,31.0,4.0,4.0,1.0,3.0,0.0,16.0,2.0,5.0,8.0,178.0
1.0,0.0,1.0,0.0,0.0,1.0,0.0,0.0,0.0,0.0,0.0,1.0,0.0,0.0,0.0,0.0,1.0,0.0,0.0,0.0,0.0,12.0,1.0,9.0,4.0,4.0,3.0,8.0,1.0,14.0,1.0,2.0,2.0,156.0
0.0,0.0,1.0,0.0,0.0,1.0,0.0,0.0,0.0,1.0,0.0,0.0,0.0,0.0,0.0,0.0,0.0,1.0,0.0,0.0,0.0,8.0,1.0,15.0,3.0,4.0,5.0,5.0,0.0,15.0,2.0,2.0,1.0,176.0
1.0,0.0,1.0,0.0,0.0,1.0,0.0,0.0,1.0,0.0,0.0,0.0,0.0,0.0,0.0,0.0,0.0,0.0,1.0,0.0,0.0,26.0,3.0,10.0,3.0,5.0,5.0,3.0,0.0,15.0,2.0,2.0,17.0,294.0
1.0,0.0,0.0,1.0,0.0,1.0,0.0,0.0,0.0,0.0,0.0,1.0,0.0,0.0,0.0,0.0,0.0,0.0,0.0,1.0,1.0,1.0,1.0,7.0,4.0,4.0,1.0,3.0,1.0,14.0,7.0,8.0,9.0,152.0
0.0,0.0,0.0,1.0,0.0,1.0,0.0,0.0,0.0,1.0,0.0,0.0,0.0,0.0,0.0,0.0,1.0,0.0,0.0,0.0,0.0,1.0,3.0,33.0,3.0,4.0,1.0,3.0,0.0,24.0,1.0,2.0,5.0,187.0
1.0,0.0,0.0,1.0,0.0,1.0,0.0,0.0,0.0,1.0,0.0,0.0,0.0,0.0,1.0,0.0,0.0,0.0,0.0,0.0,0.0,19.0,3.0,9.0,3.0,6.0,3.0,2.0,0.0,14.0,2.0,4.0,2.0,191.0
1.0,0.0,0.0,1.0,0.0,1.0,0.0,0.0,0.0,0.0,0.0,1.0,0.0,0.0,0.0,0.0,1.0,0.0,0.0,0.0,0.0,1.0,1.0,17.0,4.0,2.0,3.0,3.0,0.0,19.0,1.0,2.0,3.0,160.0
0.0,0.0,0.0,1.0,1.0,0.0,0.0,0.0,0.0,1.0,0.0,0.0,0.0,0.0,0.0,0.0,0.0,1.0,0.0,0.0,1.0,11.0,3.0,34.0,4.0,2.0,3.0,6.0,1.0,13.0,1.0,2.0,4.0,189.0
1.0,0.0,0.0,1.0,0.0,1.0,0.0,0.0,0.0,1.0,0.0,0.0,0.0,0.0,0.0,0.0,0.0,0.0,0.0,1.0,0.0,8.0,3.0,9.0,3.0,4.0,1.0,3.0,0.0,23.0,1.0,2.0,5.0,188.0
1.0,0.0,1.0,0.0,0.0,1.0,0.0,0.0,0.0,0.0,0.0,0.0,1.0,0.0,0.0,0.0,1.0,0.0,0.0,0.0,1.0,19.0,1.0,9.0,4.0,4.0,5.0,7.0,1.0,14.0,2.0,2.0,5.0,324.0
1.0,0.0,0.0,1.0,1.0,0.0,0.0,1.0,0.0,0.0,0.0,0.0,0.0,0.0,0.0,0.0,0.0,1.0,0.0,0.0,0.0,10.0,3.0,15.0,4.0,5.0,5.0,3.0,0.0,16.0,1.0,2.0,10.0,201.0
1.0,0.0,1.0,0.0,1.0,0.0,0.0,0.0,0.0,0.0,0.0,1.0,0.0,0.0,0.0,0.0,1.0,0.0,0.0,0.0,0.0,26.0,1.0,26.0,3.0,4.0,1.0,2.0,0.0,19.0,2.0,2.0,3.0,168.0
0.0,0.0,1.0,0.0,1.0,0.0,0.0,0.0,0.0,0.0,0.0,1.0,0.0,0.0,0.0,0.0,0.0,1.0,0.0,0.0,0.0,1.0,1.0,7.0,4.0,6.0,1.0,5.0,0.0,15.0,3.0,3.0,1.0,169.0
0.0,0.0,1.0,0.0,0.0,1.0,0.0,0.0,0.0,1.0,0.0,0.0,0.0,0.0,0.0,0.0,1.0,0.0,0.0,0.0,0.0,3.0,1.0,34.0,4.0,4.0,3.0,6.0,0.0,13.0,1.0,2.0,2.0,168.0
1.0,0.0,0.0,1.0,0.0,1.0,0.0,0.0,0.0,1.0,0.0,0.0,0.0,0.0,1.0,0.0,0.0,0.0,0.0,0.0,1.0,1.0,3.0,15.0,3.0,5.0,5.0,8.0,0.0,18.0,1.0,2.0,3.0,178.0
0.0,0.0,0.0,1.0,0.0,1.0,0.0,0.0,0.0,0.0,0.0,1.0,0.0,0.0,0.0,0.0,0.0,1.0,0.0,0.0,0.0,8.0,1.0,7.0,4.0,2.0,1.0,4.0,0.0,17.0,2.0,2.0,4.0,158.0
0.0,0.0,1.0,0.0,0.0,1.0,0.0,0.0,0.0,1.0,0.0,0.0,0.0,0.0,0.0,0.0,1.0,0.0,0.0,0.0,0.0,28.0,1.0,26.0,4.0,4.0,5.0,11.0,1.0,12.0,1.0,2.0,5.0,180.0
1.0,0.0,1.0,0.0,1.0,0.0,0.0,0.0,0.0,1.0,0.0,0.0,0.0,0.0,0.0,0.0,0.0,0.0,1.0,0.0,0.0,1.0,3.0,15.0,3.0,4.0,1.0,2.0,0.0,20.0,2.0,2.0,2.0,168.0
0.0,0.0,1.0,0.0,0.0,1.0,0.0,0.0,0.0,0.0,0.0,1.0,0.0,0.0,0.0,0.0,0.0,1.0,0.0,0.0,0.0,11.0,1.0,17.0,3.0,4.0,5.0,2.0,1.0,14.0,5.0,5.0,4.0,153.0
0.0,0.0,0.0,1.0,1.0,0.0,0.0,0.0,0.0,1.0,0.0,0.0,0.0,0.0,0.0,0.0,0.0,1.0,0.0,0.0,0.0,12.0,1.0,9.0,4.0,2.0,5.0,8.0,1.0,13.0,1.0,5.0,13.0,185.0
0.0,0.0,0.0,1.0,0.0,1.0,0.0,0.0,0.0,0.0,0.0,1.0,0.0,0.0,0.0,0.0,1.0,0.0,0.0,0.0,0.0,8.0,1.0,9.0,3.0,5.0,5.0,3.0,0.0,12.0,2.0,2.0,4.0,169.0
0.0,0.0,1.0,0.0,0.0,1.0,0.0,0.0,0.0,0.0,0.0,1.0,0.0,0.0,0.0,0.0,0.0,1.0,0.0,0.0,0.0,9.0,3.0,15.0,4.0,4.0,1.0,3.0,0.0,17.0,2.0,2.0,3.0,151.0
1.0,0.0,1.0,0.0,0.0,1.0,0.0,0.0,0.0,0.0,0.0,1.0,0.0,0.0,0.0,0.0,0.0,1.0,0.0,0.0,0.0,4.0,1.0,7.0,3.0,6.0,3.0,5.0,0.0,22.0,2.0,2.0,3.0,163.0
0.0,0.0,1.0,0.0,1.0,0.0,0.0,0.0,0.0,1.0,0.0,0.0,0.0,0.0,0.0,0.0,1.0,0.0,0.0,0.0,0.0,14.0,1.0,9.0,3.0,2.0,4.0,3.0,0.0,25.0,1.0,4.0,8.0,167.0
0.0,0.0,1.0,0.0,0.0,1.0,0.0,0.0,0.0,1.0,0.0,0.0,0.0,0.0,0.0,0.0,0.0,1.0,0.0,0.0,0.0,8.0,3.0,15.0,4.0,4.0,5.0,7.0,0.0,18.0,2.0,2.0,3.0,190.0
1.0,0.0,1.0,0.0,1.0,0.0,0.0,0.0,0.0,0.0,0.0,0.0,1.0,0.0,0.0,0.0,0.0,1.0,0.0,0.0,0.0,16.0,1.0,15.0,4.0,4.0,1.0,3.0,0.0,15.0,6.0,15.0,10.0,309.0
1.0,0.0,1.0,0.0,0.0,0.0,1.0,0.0,0.0,0.0,0.0,1.0,0.0,0.0,0.0,0.0,0.0,1.0,0.0,0.0,1.0,1.0,1.0,13.0,4.0,2.0,5.0,3.0,1.0,22.0,1.0,2.0,1.0,141.0
1.0,0.0,1.0,0.0,1.0,0.0,0.0,0.0,0.0,0.0,0.0,1.0,0.0,0.0,0.0,0.0,0.0,1.0,0.0,0.0,0.0,1.0,1.0,16.0,3.0,5.0,4.0,3.0,0.0,12.0,1.0,2.0,1.0,152.0
0.0,0.0,1.0,0.0,0.0,1.0,0.0,0.0,0.0,1.0,0.0,0.0,0.0,0.0,0.0,0.0,0.0,1.0,0.0,0.0,0.0,26.0,1.0,18.0,3.0,4.0,3.0,10.0,0.0,21.0,2.0,2.0,5.0,156.0
1.0,0.0,1.0,0.0,0.0,1.0,0.0,0.0,1.0,0.0,0.0,0.0,0.0,0.0,0.0,0.0,1.0,0.0,0.0,0.0,0.0,24.0,1.0,9.0,4.0,4.0,3.0,7.0,0.0,15.0,1.0,2.0,4.0,301.0
0.0,0.0,1.0,0.0,0.0,0.0,1.0,0.0,0.0,0.0,0.0,1.0,0.0,0.0,0.0,0.0,0.0,1.0,0.0,0.0,1.0,1.0,1.0,7.0,3.0,5.0,5.0,3.0,1.0,12.0,1.0,2.0,1.0,148.0
1.0,0.0,1.0,0.0,0.0,1.0,0.0,1.0,0.0,0.0,0.0,0.0,0.0,0.0,0.0,0.0,1.0,0.0,0.0,0.0,0.0,7.0,1.0,14.0,3.0,4.0,3.0,2.0,0.0,12.0,2.0,2.0,8.0,242.0
0.0,0.0,0.0,1.0,0.0,1.0,0.0,0.0,0.0,1.0,0.0,0.0,0.0,0.0,0.0,0.0,0.0,0.0,1.0,0.0,1.0,1.0,3.0,23.0,4.0,4.0,5.0,7.0,0.0,16.0,2.0,2.0,3.0,178.0
0.0,0.0,1.0,0.0,0.0,1.0,0.0,0.0,1.0,0.0,0.0,0.0,0.0,0.0,0.0,0.0,0.0,0.0,0.0,1.0,0.0,21.0,1.0,9.0,3.0,4.0,1.0,3.0,1.0,15.0,4.0,4.0,1.0,293.0
0.0,0.0,1.0,0.0,0.0,1.0,0.0,0.0,0.0,1.0,0.0,0.0,0.0,0.0,0.0,0.0,0.0,0.0,0.0,1.0,0.0,10.0,1.0,7.0,3.0,4.0,4.0,2.0,0.0,16.0,2.0,2.0,6.0,177.0
1.0,0.0,1.0,0.0,0.0,1.0,0.0,0.0,0.0,0.0,0.0,1.0,0.0,0.0,0.0,0.0,0.0,1.0,0.0,0.0,0.0,3.0,1.0,30.0,3.0,2.0,3.0,3.0,0.0,25.0,2.0,2.0,8.0,152.0
1.0,0.0,0.0,1.0,0.0,1.0,0.0,0.0,0.0,0.0,0.0,0.0,1.0,0.0,0.0,0.0,0.0,1.0,0.0,0.0,1.0,21.0,1.0,9.0,3.0,4.0,4.0,9.0,1.0,15.0,8.0,14.0,9.0,317.0
0.0,0.0,0.0,1.0,0.0,1.0,0.0,0.0,0.0,0.0,0.0,1.0,0.0,0.0,0.0,0.0,0.0,1.0,0.0,0.0,0.0,9.0,1.0,7.0,3.0,2.0,3.0,5.0,0.0,14.0,3.0,3.0,3.0,150.0
0.0,0.0,1.0,0.0,0.0,1.0,0.0,0.0,0.0,1.0,0.0,0.0,0.0,0.0,0.0,0.0,0.0,1.0,0.0,0.0,0.0,16.0,1.0,7.0,3.0,5.0,1.0,11.0,1.0,14.0,1.0,2.0,3.0,186.0
1.0,0.0,0.0,1.0,0.0,1.0,0.0,0.0,0.0,0.0,0.0,1.0,0.0,0.0,0.0,0.0,1.0,0.0,0.0,0.0,1.0,1.0,1.0,9.0,3.0,4.0,3.0,8.0,0.0,18.0,3.0,3.0,2.0,169.0
1.0,0.0,1.0,0.0,0.0,0.0,1.0,0.0,0.0,0.0,0.0,1.0,0.0,0.0,0.0,0.0,0.0,0.0,0.0,1.0,0.0,10.0,2.0,20.0,3.0,4.0,4.0,6.0,0.0,14.0,2.0,2.0,5.0,146.0
0.0,0.0,1.0,0.0,0.0,1.0,0.0,0.0,0.0,1.0,0.0,0.0,0.0,0.0,0.0,0.0,0.0,1.0,0.0,0.0,0.0,6.0,1.0,11.0,4.0,5.0,3.0,3.0,0.0,13.0,6.0,7.0,9.0,187.0
1.0,0.0,0.0,1.0,1.0,0.0,0.0,0.0,0.0,1.0,0.0,0.0,0.0,0.0,0.0,0.0,1.0,0.0,0.0,0.0,0.0,14.0,1.0,23.0,3.0,5.0,3.0,8.0,0.0,15.0,1.0,2.0,1.0,176.0
0.0,0.0,0.0,1.0,0.0,1.0,0.0,0.0,0.0,1.0,0.0,0.0,0.0,0.0,0.0,0.0,1.0,0.0,0.0,0.0,0.0,4.0,1.0,9.0,3.0,5.0,1.0,7.0,1.0,25.0,2.0,2.0,1.0,194.0
0.0,0.0,0.0,1.0,0.0,0.0,1.0,0.0,0.0,0.0,0.0,1.0,0.0,0.0,0.0,0.0,0.0,1.0,0.0,0.0,0.0,19.0,1.0,9.0,4.0,5.0,3.0,3.0,0.0,15.0,2.0,2.0,1.0,148.0
1.0,0.0,1.0,0.0,0.0,1.0,0.0,0.0,0.0,1.0,0.0,0.0,0.0,0.0,0.0,0.0,0.0,1.0,0.0,0.0,0.0,16.0,1.0,36.0,4.0,4.0,4.0,3.0,0.0,14.0,6.0,8.0,9.0,169.0
1.0,0.0,1.0,0.0,1.0,0.0,0.0,0.0,0.0,1.0,0.0,0.0,0.0,0.0,0.0,0.0,0.0,1.0,0.0,0.0,0.0,12.0,1.0,19.0,1.0,5.0,5.0,4.0,0.0,16.0,2.0,2.0,3.0,188.0
0.0,0.0,0.0,1.0,1.0,0.0,0.0,0.0,0.0,0.0,0.0,1.0,0.0,0.0,0.0,0.0,0.0,1.0,0.0,0.0,0.0,8.0,1.0,23.0,4.0,5.0,1.0,3.0,0.0,17.0,2.0,2.0,4.0,151.0
0.0,0.0,1.0,0.0,0.0,1.0,0.0,1.0,0.0,0.0,0.0,0.0,0.0,0.0,0.0,0.0,0.0,0.0,1.0,0.0,1.0,13.0,3.0,18.0,3.0,4.0,1.0,3.0,0.0,19.0,1.0,8.0,8.0,202.0
1.0,0.0,0.0,1.0,0.0,1.0,0.0,0.0,0.0,1.0,0.0,0.0,0.0,0.0,0.0,0.0,1.0,0.0,0.0,0.0,1.0,19.0,3.0,9.0,3.0,4.0,1.0,6.0,0.0,17.0,2.0,8.0,4.0,177.0
1.0,0.0,1.0,0.0,0.0,1.0,0.0,0.0,1.0,0.0,0.0,0.0,0.0,0.0,0.0,0.0,0.0,1.0,0.0,0.0,0.0,17.0,1.0,21.0,4.0,4.0,5.0,8.0,0.0,15.0,2.0,2.0,1.0,297.0
1.0,0.0,1.0,0.0,0.0,1.0,0.0,1.0,0.0,0.0,0.0,0.0,0.0,0.0,0.0,1.0,0.0,0.0,0.0,0.0,0.0,1.0,1.0,12.0,3.0,5.0,1.0,3.0,1.0,17.0,2.0,2.0,9.0,253.0
1.0,0.0,0.0,1.0,0.0,1.0,0.0,1.0,0.0,0.0,0.0,0.0,0.0,0.0,0.0,0.0,0.0,0.0,0.0,1.0,0.0,9.0,1.0,14.0,3.0,4.0,3.0,5.0,0.0,22.0,1.0,2.0,4.543490512868683,227.0
0.0,0.0,1.0,0.0,0.0,1.0,0.0,0.0,0.0,1.0,0.0,0.0,0.0,0.0,0.0,0.0,0.0,0.0,1.0,0.0,0.0,2.0,3.0,9.0,3.0,4.0,4.0,3.0,1.0,21.0,7.0,8.0,6.0,173.0
1.0,0.0,1.0,0.0,0.0,1.0,0.0,0.0,0.0,0.0,0.0,1.0,0.0,0.0,0.0,0.0,0.0,0.0,0.0,1.0,0.0,8.0,2.0,10.0,3.0,4.0,1.0,2.0,0.0,20.0,2.0,2.0,3.0,162.0
0.0,0.0,1.0,0.0,1.0,0.0,0.0,0.0,0.0,0.0,0.0,1.0,0.0,0.0,0.0,0.0,1.0,0.0,0.0,0.0,1.0,1.0,1.0,12.0,3.0,5.0,3.0,3.0,1.0,15.0,1.0,2.0,8.0,149.0
1.0,0.0,1.0,0.0,1.0,0.0,0.0,0.0,0.0,0.0,0.0,1.0,0.0,0.0,0.0,0.0,1.0,0.0,0.0,0.0,0.0,1.0,1.0,10.0,3.0,4.0,1.0,3.0,0.0,12.0,1.0,2.0,1.0,142.0
0.0,0.0,1.0,0.0,0.0,1.0,0.0,0.0,1.0,0.0,0.0,0.0,0.0,0.0,0.0,0.0,0.0,0.0,1.0,0.0,0.0,25.0,3.0,33.0,4.0,4.0,3.0,4.0,0.0,15.0,1.0,5.0,18.0,288.0
1.0,0.0,0.0,1.0,0.0,1.0,0.0,0.0,0.0,1.0,0.0,0.0,0.0,0.0,0.0,0.0,1.0,0.0,0.0,0.0,0.0,18.0,1.0,11.0,3.0,4.0,4.0,11.0,0.0,13.0,2.0,3.0,4.0,184.0
1.0,0.0,0.0,1.0,0.0,1.0,0.0,0.0,0.0,0.0,0.0,1.0,0.0,0.0,0.0,0.0,1.0,0.0,0.0,0.0,0.0,1.0,1.0,9.0,4.0,2.0,5.0,9.0,0.0,14.0,1.0,2.0,2.0,159.0
1.0,0.0,1.0,0.0,0.0,1.0,0.0,0.0,0.0,1.0,0.0,0.0,0.0,0.0,0.0,0.0,1.0,0.0,0.0,0.0,0.0,7.0,3.0,7.0,3.0,2.0,5.0,3.0,0.0,23.0,1.0,2.0,9.0,165.0
0.0,0.0,0.0,1.0,0.0,1.0,0.0,0.0,0.0,0.0,0.0,1.0,0.0,0.0,0.0,0.0,1.0,0.0,0.0,0.0,0.0,9.0,1.0,34.0,3.0,5.0,5.0,3.0,0.0,12.0,1.0,2.0,2.0,151.0
1.0,0.0,1.0,0.0,0.0,1.0,0.0,0.0,0.0,1.0,0.0,0.0,0.0,0.0,0.0,0.0,0.0,1.0,0.0,0.0,0.0,10.0,3.0,7.0,3.0,4.0,1.0,3.0,1.0,15.0,4.0,5.0,12.0,187.0
1.0,0.0,1.0,0.0,0.0,1.0,0.0,0.0,0.0,1.0,0.0,0.0,0.0,0.0,0.0,0.0,0.0,1.0,0.0,0.0,0.0,6.0,3.0,20.0,4.0,4.0,1.0,4.0,0.0,12.0,1.0,2.0,4.0,169.0
1.0,0.0,1.0,0.0,1.0,0.0,0.0,0.0,0.0,0.0,0.0,1.0,0.0,0.0,0.0,0.0,0.0,1.0,0.0,0.0,0.0,4.0,1.0,12.0,4.0,5.0,1.0,11.0,0.0,13.0,1.0,2.0,4.0,163.0
0.0,0.0,1.0,0.0,0.0,1.0,0.0,1.0,0.0,0.0,0.0,0.0,0.0,0.0,0.0,0.0,0.0,0.0,1.0,0.0,0.0,27.0,3.0,14.0,4.0,5.0,1.0,9.0,1.0,19.0,1.0,2.0,5.0,234.0
1.0,0.0,1.0,0.0,0.0,1.0,0.0,1.0,0.0,0.0,0.0,0.0,0.0,0.0,0.0,0.0,0.0,0.0,1.0,0.0,0.0,19.0,3.0,16.0,4.0,4.0,5.0,6.0,1.0,13.0,1.0,2.0,3.0,233.0
0.0,0.0,1.0,0.0,0.0,1.0,0.0,0.0,0.0,1.0,0.0,0.0,0.0,0.0,0.0,0.0,1.0,0.0,0.0,0.0,0.0,6.0,1.0,15.0,4.0,2.0,3.0,7.0,0.0,13.0,2.0,2.0,4.0,177.0
0.0,0.0,1.0,0.0,1.0,0.0,0.0,0.0,1.0,0.0,0.0,0.0,0.0,0.0,0.0,0.0,1.0,0.0,0.0,0.0,0.0,26.0,1.0,32.0,3.0,5.0,1.0,5.0,0.0,23.0,1.0,2.0,1.0,263.0
1.0,0.0,1.0,0.0,0.0,1.0,0.0,0.0,0.0,1.0,0.0,0.0,0.0,0.0,0.0,0.0,0.0,0.0,1.0,0.0,0.0,11.0,3.0,23.0,4.0,5.0,3.0,6.0,0.0,20.0,2.0,2.0,1.0,188.0
1.0,0.0,1.0,0.0,0.0,1.0,0.0,0.0,0.0,0.0,0.0,1.0,0.0,0.0,0.0,0.0,1.0,0.0,0.0,0.0,0.0,2.0,2.0,15.0,4.0,5.0,1.0,3.0,0.0,14.0,2.0,2.0,5.0,174.0
1.0,0.0,1.0,0.0,0.0,1.0,0.0,0.0,0.0,1.0,0.0,0.0,0.0,0.0,0.0,0.0,0.0,1.0,0.0,0.0,0.0,1.0,1.0,7.0,3.0,5.0,1.0,8.0,0.0,23.0,3.0,3.0,3.0,173.0
1.0,0.0,1.0,0.0,0.0,1.0,0.0,0.0,0.0,0.0,0.0,1.0,0.0,0.0,0.0,0.0,0.0,1.0,0.0,0.0,0.0,18.0,1.0,15.0,4.0,2.0,1.0,4.0,1.0,25.0,2.0,2.0,3.0,153.0
1.0,0.0,0.0,1.0,1.0,0.0,0.0,0.0,0.0,0.0,0.0,1.0,0.0,0.0,0.0,0.0,1.0,0.0,0.0,0.0,0.0,16.0,1.0,9.0,3.0,4.0,1.0,7.0,1.0,15.0,2.0,3.0,3.0,150.0
1.0,0.0,1.0,0.0,0.0,0.0,1.0,0.0,0.0,0.0,0.0,1.0,0.0,0.0,0.0,0.0,0.0,1.0,0.0,0.0,0.0,10.0,2.0,15.0,4.0,5.0,5.0,2.0,0.0,22.0,1.0,2.0,4.0,148.0
1.0,0.0,1.0,0.0,0.0,1.0,0.0,0.0,0.0,1.0,0.0,0.0,0.0,0.0,0.0,0.0,0.0,0.0,0.0,1.0,0.0,1.0,3.0,10.0,4.0,4.0,5.0,3.0,1.0,19.0,1.0,2.0,4.0,167.0
0.0,0.0,1.0,0.0,0.0,1.0,0.0,1.0,0.0,0.0,0.0,0.0,0.0,0.0,0.0,0.0,0.0,1.0,0.0,0.0,0.0,9.0,1.0,16.0,4.0,5.0,3.0,3.0,1.0,21.0,4.0,2.0,16.0,232.0
0.0,0.0,1.0,0.0,1.0,0.0,0.0,0.0,0.0,0.0,0.0,1.0,0.0,0.0,0.0,0.0,0.0,1.0,0.0,0.0,1.0,1.0,1.0,32.0,4.0,4.0,4.0,3.0,1.0,20.0,7.0,8.0,9.0,145.0
1.0,0.0,1.0,0.0,1.0,0.0,0.0,0.0,0.0,0.0,0.0,1.0,0.0,0.0,0.0,0.0,0.0,1.0,0.0,0.0,0.0,6.0,1.0,7.0,4.0,4.0,1.0,2.0,0.0,13.0,2.0,2.0,3.0,148.0
1.0,0.0,1.0,0.0,0.0,1.0,0.0,0.0,0.0,1.0,0.0,0.0,0.0,0.0,0.0,0.0,0.0,0.0,1.0,0.0,0.0,1.0,3.0,11.0,3.0,5.0,5.0,3.0,0.0,13.0,2.0,2.0,4.0,168.0
0.0,0.0,1.0,0.0,0.0,1.0,0.0,0.0,0.0,0.0,0.0,1.0,0.0,0.0,1.0,0.0,0.0,0.0,0.0,0.0,0.0,23.0,1.0,7.0,3.0,4.0,5.0,4.0,0.0,17.0,1.0,2.0,3.0,161.0
1.0,0.0,1.0,0.0,1.0,0.0,0.0,0.0,0.0,0.0,0.0,1.0,0.0,0.0,0.0,0.0,0.0,1.0,0.0,0.0,0.0,1.0,1.0,11.0,3.0,5.0,1.0,2.0,0.0,18.0,1.0,4.0,5.0,157.0
1.0,0.0,1.0,0.0,1.0,0.0,0.0,0.0,0.0,1.0,0.0,0.0,0.0,0.0,0.0,0.0,0.0,1.0,0.0,0.0,0.0,6.0,3.0,12.0,3.0,4.0,4.0,3.0,0.0,15.0,3.0,6.0,4.0,190.0
1.0,0.0,1.0,0.0,0.0,1.0,0.0,0.0,0.0,0.0,0.0,1.0,0.0,0.0,0.0,0.0,0.0,0.0,1.0,0.0,0.0,12.0,3.0,16.0,4.0,5.0,4.0,2.0,0.0,20.0,1.0,2.0,3.0,154.0
0.0,0.0,1.0,0.0,0.0,1.0,0.0,0.0,0.0,1.0,0.0,0.0,0.0,0.0,0.0,0.0,0.0,1.0,0.0,0.0,0.0,16.0,1.0,10.0,4.0,2.0,1.0,4.0,1.0,14.0,2.0,2.0,4.0,177.0
1.0,0.0,1.0,0.0,0.0,0.0,1.0,0.0,0.0,0.0,0.0,1.0,0.0,0.0,0.0,0.0,0.0,1.0,0.0,0.0,0.0,5.0,1.0,18.0,3.0,4.0,1.0,5.0,1.0,20.0,1.0,2.0,3.0,149.0
0.0,0.0,1.0,0.0,0.0,1.0,0.0,0.0,0.0,0.0,0.0,1.0,0.0,0.0,0.0,0.0,1.0,0.0,0.0,0.0,1.0,1.0,3.0,7.0,3.0,5.0,3.0,8.0,1.0,20.0,2.0,2.0,3.0,153.0
1.0,0.0,1.0,0.0,0.0,1.0,0.0,0.0,1.0,0.0,0.0,0.0,0.0,0.0,0.0,0.0,0.0,0.0,1.0,0.0,0.0,27.0,3.0,15.0,4.0,4.0,1.0,7.0,0.0,15.0,3.0,2.0,3.0,243.0
1.0,0.0,1.0,0.0,0.0,1.0,0.0,1.0,0.0,0.0,0.0,0.0,0.0,0.0,0.0,1.0,0.0,0.0,0.0,0.0,0.0,9.0,1.0,32.0,4.0,5.0,4.0,5.0,0.0,17.0,3.0,2.0,9.0,234.0
0.0,0.0,1.0,0.0,1.0,0.0,0.0,0.0,0.0,0.0,0.0,1.0,0.0,0.0,0.0,0.0,1.0,0.0,0.0,0.0,0.0,11.0,3.0,28.0,3.0,4.0,1.0,7.0,0.0,16.0,2.0,2.0,1.0,155.0
0.0,0.0,0.0,1.0,0.0,1.0,0.0,0.0,1.0,0.0,0.0,0.0,0.0,0.0,0.0,0.0,0.0,1.0,0.0,0.0,0.0,27.0,1.0,30.0,4.0,4.0,1.0,8.0,0.0,19.0,1.0,4.0,9.0,268.0
0.0,0.0,1.0,0.0,1.0,0.0,0.0,0.0,0.0,1.0,0.0,0.0,0.0,0.0,0.0,0.0,0.0,1.0,0.0,0.0,0.0,17.0,1.0,7.0,3.0,4.0,1.0,6.0,0.0,14.0,2.0,3.0,3.0,181.0
0.0,0.0,1.0,0.0,0.0,1.0,0.0,0.0,0.0,1.0,0.0,0.0,0.0,0.0,0.0,0.0,0.0,0.0,1.0,0.0,0.0,21.0,3.0,9.0,3.0,4.0,1.0,2.0,1.0,23.0,4.0,8.0,8.0,170.0
1.0,0.0,0.0,1.0,1.0,0.0,0.0,1.0,0.0,0.0,0.0,0.0,0.0,0.0,0.0,0.0,1.0,0.0,0.0,0.0,0.0,11.0,3.0,26.0,3.0,4.0,4.0,3.0,1.0,14.0,1.0,2.0,10.0,201.0
1.0,0.0,1.0,0.0,1.0,0.0,0.0,0.0,1.0,0.0,0.0,0.0,0.0,0.0,0.0,0.0,0.0,1.0,0.0,0.0,0.0,24.0,1.0,9.0,4.0,4.0,5.0,3.0,0.0,15.0,14.0,15.0,8.0,304.0
0.0,0.0,1.0,0.0,0.0,1.0,0.0,0.0,0.0,1.0,0.0,0.0,0.0,0.0,0.0,0.0,0.0,1.0,0.0,0.0,0.0,13.0,2.0,9.0,3.0,5.0,1.0,10.0,0.0,12.0,2.0,2.0,5.0,177.0
1.0,0.0,1.0,0.0,0.0,0.0,1.0,0.0,0.0,0.0,0.0,1.0,0.0,0.0,0.0,0.0,0.0,0.0,0.0,1.0,0.0,7.0,2.0,10.0,3.0,4.0,4.0,5.0,1.0,12.0,1.0,2.0,4.0,148.0
1.0,0.0,0.0,1.0,0.0,1.0,0.0,0.0,0.0,0.0,0.0,1.0,0.0,0.0,0.0,0.0,0.0,1.0,0.0,0.0,1.0,1.0,1.0,32.0,3.0,4.0,1.0,3.0,1.0,25.0,1.0,2.0,2.0,153.0
0.0,0.0,1.0,0.0,0.0,1.0,0.0,0.0,0.0,0.0,0.0,1.0,0.0,0.0,0.0,0.0,1.0,0.0,0.0,0.0,0.0,3.0,1.0,14.0,4.0,5.0,1.0,8.0,0.0,15.0,2.0,2.0,4.0,150.0
1.0,0.0,1.0,0.0,0.0,1.0,0.0,0.0,0.0,0.0,0.0,1.0,0.0,0.0,0.0,0.0,0.0,1.0,0.0,0.0,0.0,18.0,1.0,16.0,4.0,4.0,5.0,3.0,1.0,14.0,6.0,8.0,2.0,151.0
1.0,0.0,0.0,1.0,0.0,1.0,0.0,0.0,0.0,1.0,0.0,0.0,0.0,0.0,0.0,0.0,1.0,0.0,0.0,0.0,0.0,2.0,3.0,12.0,4.0,4.0,1.0,3.0,0.0,15.0,1.0,2.0,3.0,174.0
1.0,0.0,1.0,0.0,1.0,0.0,0.0,0.0,0.0,0.0,0.0,1.0,0.0,0.0,0.0,0.0,0.0,1.0,0.0,0.0,1.0,21.0,1.0,9.0,3.0,5.0,1.0,11.0,1.0,15.0,2.0,2.0,1.0,149.0
0.0,0.0,1.0,0.0,0.0,1.0,0.0,0.0,0.0,1.0,0.0,0.0,0.0,0.0,0.0,0.0,0.0,1.0,0.0,0.0,0.0,17.0,1.0,15.0,3.0,4.0,4.0,6.0,0.0,22.0,2.0,2.0,1.0,173.0
0.0,0.0,0.0,1.0,0.0,0.0,1.0,0.0,0.0,0.0,0.0,1.0,0.0,0.0,0.0,0.0,1.0,0.0,0.0,0.0,1.0,1.0,3.0,9.0,3.0,5.0,3.0,3.0,0.0,14.0,2.0,2.0,3.0,145.0
0.0,0.0,0.0,1.0,0.0,1.0,0.0,0.0,0.0,0.0,0.0,1.0,0.0,0.0,0.0,0.0,0.0,0.0,0.0,1.0,1.0,1.0,1.0,25.0,4.0,4.0,1.0,3.0,0.0,20.0,2.0,2.0,1.0,152.0
1.0,0.0,1.0,0.0,0.0,1.0,0.0,0.0,0.0,1.0,0.0,0.0,0.0,0.0,0.0,0.0,0.0,1.0,0.0,0.0,0.0,10.0,1.0,21.0,4.0,4.0,1.0,2.0,1.0,18.0,3.0,5.0,12.0,191.0
0.0,0.0,0.0,1.0,0.0,1.0,0.0,0.0,0.0,0.0,0.0,1.0,0.0,0.0,0.0,0.0,0.0,1.0,0.0,0.0,0.0,21.0,3.0,9.0,4.0,5.0,1.0,3.0,1.0,19.0,1.0,2.0,3.0,158.0
0.0,0.0,1.0,0.0,0.0,1.0,0.0,0.0,0.0,1.0,0.0,0.0,0.0,0.0,0.0,0.0,0.0,1.0,0.0,0.0,1.0,1.0,1.0,10.0,3.0,4.0,3.0,2.0,1.0,20.0,2.0,2.0,3.0,167.0
0.0,0.0,1.0,0.0,0.0,1.0,0.0,0.0,0.0,0.0,0.0,1.0,0.0,0.0,0.0,0.0,0.0,1.0,0.0,0.0,1.0,5.0,1.0,9.0,3.0,6.0,1.0,6.0,1.0,14.0,1.0,2.0,1.0,153.0
0.0,0.0,1.0,0.0,0.0,0.0,1.0,0.0,0.0,0.0,0.0,1.0,0.0,0.0,0.0,0.0,1.0,0.0,0.0,0.0,0.0,2.0,1.0,16.0,4.0,4.0,3.0,7.0,0.0,19.0,1.0,3.0,3.0,149.0
1.0,0.0,1.0,0.0,0.0,0.0,1.0,0.0,0.0,0.0,0.0,1.0,0.0,0.0,0.0,0.0,1.0,0.0,0.0,0.0,1.0,3.0,1.0,13.0,4.0,4.0,5.0,9.0,1.0,22.0,2.0,3.0,3.0,149.0
0.0,0.0,0.0,1.0,0.0,0.0,1.0,0.0,0.0,0.0,0.0,1.0,0.0,0.0,0.0,0.0,0.0,1.0,0.0,0.0,0.0,1.0,1.0,11.0,4.0,4.0,3.0,3.0,0.0,20.0,1.0,2.0,1.0,148.0
1.0,0.0,1.0,0.0,0.0,0.0,1.0,0.0,0.0,0.0,0.0,1.0,0.0,0.0,0.0,0.0,0.0,1.0,0.0,0.0,0.0,8.0,1.0,17.0,3.0,4.0,4.0,3.0,0.0,15.0,2.0,2.0,1.0,145.0
0.0,0.0,0.0,1.0,0.0,1.0,0.0,0.0,0.0,1.0,0.0,0.0,0.0,0.0,0.0,0.0,1.0,0.0,0.0,0.0,0.0,16.0,3.0,21.0,4.0,5.0,3.0,9.0,0.0,18.0,2.0,2.0,4.0,187.0
1.0,0.0,0.0,1.0,0.0,1.0,0.0,0.0,0.0,0.0,0.0,1.0,0.0,0.0,0.0,0.0,0.0,0.0,0.0,1.0,0.0,7.0,1.0,7.0,4.0,5.0,5.0,5.0,1.0,12.0,2.0,2.0,3.0,153.0
0.0,0.0,1.0,0.0,0.0,1.0,0.0,1.0,0.0,0.0,0.0,0.0,0.0,0.0,0.0,1.0,0.0,0.0,0.0,0.0,0.0,31.0,1.0,12.0,3.0,5.0,4.0,4.0,1.0,14.0,2.0,2.0,4.543490512868683,231.0
1.0,0.0,1.0,0.0,0.0,0.0,1.0,0.0,0.0,0.0,0.0,1.0,0.0,0.0,0.0,0.0,0.0,1.0,0.0,0.0,0.0,5.0,3.0,14.0,3.0,5.0,3.0,5.0,0.0,16.0,3.0,6.0,3.0,148.0
0.0,0.0,1.0,0.0,0.0,1.0,0.0,0.0,0.0,1.0,0.0,0.0,0.0,0.0,0.0,0.0,0.0,1.0,0.0,0.0,0.0,9.0,1.0,28.0,3.0,4.0,1.0,3.0,1.0,26.0,1.0,2.0,8.0,165.0
0.0,0.0,1.0,0.0,0.0,1.0,0.0,1.0,0.0,0.0,0.0,0.0,0.0,0.0,0.0,0.0,0.0,0.0,0.0,1.0,0.0,23.0,1.0,15.0,3.0,4.0,4.0,6.0,0.0,12.0,1.0,2.0,8.0,199.0
1.0,0.0,1.0,0.0,0.0,0.0,1.0,0.0,0.0,0.0,0.0,1.0,0.0,0.0,0.0,0.0,1.0,0.0,0.0,0.0,0.0,22.0,1.0,27.0,3.0,4.0,3.0,6.0,0.0,18.0,2.0,2.0,1.0,148.0
0.0,0.0,1.0,0.0,1.0,0.0,0.0,0.0,0.0,1.0,0.0,0.0,0.0,0.0,0.0,0.0,0.0,0.0,1.0,0.0,0.0,5.0,3.0,27.0,3.0,4.0,3.0,3.0,0.0,14.0,2.0,2.0,1.0,194.0
1.0,0.0,0.0,1.0,0.0,1.0,0.0,0.0,0.0,0.0,0.0,1.0,0.0,0.0,0.0,0.0,0.0,0.0,0.0,1.0,0.0,10.0,1.0,14.0,4.0,4.0,1.0,4.0,0.0,19.0,2.0,2.0,2.0,172.0
0.0,0.0,1.0,0.0,0.0,1.0,0.0,1.0,0.0,0.0,0.0,0.0,0.0,0.0,0.0,1.0,0.0,0.0,0.0,0.0,0.0,12.0,1.0,7.0,4.0,4.0,5.0,3.0,0.0,14.0,5.0,6.0,12.0,261.0
0.0,0.0,1.0,0.0,1.0,0.0,0.0,0.0,0.0,0.0,0.0,1.0,0.0,0.0,0.0,0.0,0.0,1.0,0.0,0.0,0.0,6.0,1.0,7.0,4.0,5.0,4.0,8.0,0.0,21.0,1.0,2.0,3.0,148.0
1.0,0.0,1.0,0.0,0.0,0.0,1.0,0.0,0.0,0.0,0.0,1.0,0.0,0.0,0.0,0.0,0.0,0.0,1.0,0.0,1.0,1.0,3.0,26.0,3.0,5.0,4.0,3.0,1.0,19.0,1.0,2.0,1.0,149.0
1.0,0.0,1.0,0.0,0.0,1.0,0.0,1.0,0.0,0.0,0.0,0.0,0.0,0.0,0.0,0.0,0.0,0.0,1.0,0.0,0.0,14.0,3.0,17.0,4.0,5.0,4.0,4.0,0.0,13.0,1.0,2.0,4.543490512868683,222.0
1.0,0.0,0.0,1.0,1.0,0.0,0.0,0.0,0.0,1.0,0.0,0.0,0.0,0.0,0.0,0.0,1.0,0.0,0.0,0.0,0.0,1.0,3.0,7.0,3.0,5.0,5.0,3.0,0.0,13.0,1.0,2.0,8.0,168.0
1.0,0.0,0.0,1.0,0.0,1.0,0.0,0.0,0.0,0.0,0.0,1.0,0.0,0.0,0.0,0.0,1.0,0.0,0.0,0.0,0.0,15.0,1.0,13.0,3.0,4.0,5.0,4.0,1.0,14.0,2.0,3.0,18.0,172.0
1.0,0.0,0.0,1.0,0.0,1.0,0.0,0.0,0.0,0.0,0.0,1.0,0.0,0.0,0.0,0.0,1.0,0.0,0.0,0.0,0.0,10.0,1.0,9.0,4.0,4.0,3.0,6.0,0.0,22.0,2.0,4.0,10.0,150.0
1.0,0.0,0.0,1.0,0.0,0.0,1.0,0.0,0.0,0.0,0.0,1.0,0.0,0.0,0.0,0.0,0.0,0.0,0.0,1.0,1.0,1.0,3.0,28.0,3.0,5.0,4.0,3.0,1.0,14.0,2.0,2.0,1.0,146.0
1.0,0.0,0.0,1.0,0.0,1.0,0.0,0.0,0.0,0.0,0.0,1.0,0.0,0.0,1.0,0.0,0.0,0.0,0.0,0.0,1.0,1.0,1.0,11.0,3.0,4.0,5.0,3.0,0.0,20.0,2.0,2.0,1.0,155.0
0.0,0.0,1.0,0.0,0.0,1.0,0.0,0.0,0.0,1.0,0.0,0.0,0.0,0.0,0.0,0.0,1.0,0.0,0.0,0.0,0.0,5.0,1.0,19.0,3.0,4.0,1.0,2.0,1.0,12.0,7.0,9.0,6.0,184.0
1.0,0.0,1.0,0.0,1.0,0.0,0.0,0.0,0.0,0.0,0.0,1.0,0.0,0.0,0.0,0.0,1.0,0.0,0.0,0.0,0.0,14.0,1.0,16.0,3.0,4.0,4.0,10.0,1.0,15.0,1.0,2.0,1.0,161.0
0.0,0.0,1.0,0.0,0.0,1.0,0.0,0.0,0.0,1.0,0.0,0.0,0.0,0.0,0.0,0.0,1.0,0.0,0.0,0.0,0.0,6.0,1.0,10.0,4.0,4.0,5.0,3.0,0.0,13.0,2.0,7.0,4.0,192.0
1.0,0.0,1.0,0.0,0.0,1.0,0.0,1.0,0.0,0.0,0.0,0.0,0.0,0.0,0.0,0.0,0.0,1.0,0.0,0.0,1.0,1.0,3.0,10.0,3.0,5.0,1.0,3.0,1.0,12.0,4.0,4.0,4.543490512868683,228.0
0.0,0.0,0.0,1.0,0.0,1.0,0.0,0.0,0.0,1.0,0.0,0.0,0.0,0.0,0.0,0.0,0.0,1.0,0.0,0.0,0.0,7.0,1.0,7.0,3.0,5.0,1.0,2.0,0.0,15.0,2.0,2.0,5.0,194.0
1.0,0.0,1.0,0.0,0.0,1.0,0.0,1.0,0.0,0.0,0.0,0.0,0.0,0.0,0.0,0.0,0.0,1.0,0.0,0.0,1.0,1.0,3.0,7.0,3.0,5.0,3.0,7.0,0.0,12.0,6.0,12.0,4.543490512868683,231.0
1.0,0.0,1.0,0.0,1.0,0.0,0.0,0.0,0.0,1.0,0.0,0.0,0.0,0.0,0.0,0.0,0.0,1.0,0.0,0.0,0.0,19.0,1.0,11.0,3.0,4.0,4.0,3.0,0.0,13.0,2.0,2.0,9.0,169.0
0.0,0.0,1.0,0.0,1.0,0.0,0.0,0.0,0.0,0.0,0.0,1.0,0.0,0.0,1.0,0.0,0.0,0.0,0.0,0.0,0.0,3.0,3.0,27.0,3.0,4.0,1.0,3.0,0.0,16.0,1.0,2.0,3.0,147.0
0.0,0.0,1.0,0.0,0.0,1.0,0.0,0.0,0.0,1.0,0.0,0.0,0.0,0.0,0.0,0.0,1.0,0.0,0.0,0.0,0.0,9.0,3.0,25.0,3.0,4.0,3.0,3.0,0.0,17.0,2.0,2.0,1.0,171.0
1.0,0.0,1.0,0.0,0.0,1.0,0.0,0.0,1.0,0.0,0.0,0.0,0.0,0.0,0.0,0.0,0.0,1.0,0.0,0.0,0.0,26.0,1.0,7.0,4.0,4.0,1.0,4.0,0.0,15.0,4.0,8.0,9.0,296.0
1.0,0.0,0.0,1.0,0.0,1.0,0.0,0.0,0.0,0.0,0.0,1.0,0.0,0.0,1.0,0.0,0.0,0.0,0.0,0.0,1.0,21.0,1.0,9.0,3.0,4.0,3.0,6.0,0.0,25.0,1.0,2.0,1.0,150.0
1.0,0.0,1.0,0.0,0.0,1.0,0.0,0.0,1.0,0.0,0.0,0.0,0.0,0.0,0.0,0.0,1.0,0.0,0.0,0.0,0.0,27.0,3.0,9.0,3.0,4.0,3.0,8.0,0.0,14.0,1.0,16.0,3.0,274.0
1.0,0.0,1.0,0.0,0.0,1.0,0.0,1.0,0.0,0.0,0.0,0.0,0.0,0.0,0.0,0.0,0.0,0.0,0.0,1.0,0.0,4.0,3.0,15.0,4.0,4.0,3.0,7.0,0.0,12.0,3.0,8.0,8.0,198.0
0.0,0.0,0.0,1.0,1.0,0.0,0.0,0.0,0.0,1.0,0.0,0.0,0.0,0.0,1.0,0.0,0.0,0.0,0.0,0.0,0.0,12.0,3.0,17.0,3.0,4.0,1.0,3.0,1.0,14.0,2.0,2.0,4.0,182.0
1.0,0.0,1.0,0.0,0.0,1.0,0.0,1.0,0.0,0.0,0.0,0.0,0.0,0.0,0.0,0.0,0.0,1.0,0.0,0.0,0.0,9.0,3.0,10.0,4.0,4.0,1.0,8.0,0.0,14.0,1.0,2.0,9.0,203.0
1.0,0.0,0.0,1.0,0.0,1.0,0.0,1.0,0.0,0.0,0.0,0.0,0.0,0.0,0.0,0.0,0.0,1.0,0.0,0.0,0.0,13.0,3.0,9.0,3.0,2.0,3.0,2.0,0.0,19.0,1.0,2.0,8.0,204.0
0.0,0.0,0.0,1.0,1.0,0.0,0.0,0.0,1.0,0.0,0.0,0.0,0.0,0.0,0.0,0.0,0.0,1.0,0.0,0.0,1.0,4.0,3.0,31.0,4.0,2.0,4.0,6.0,1.0,17.0,2.0,2.0,1.0,257.0
1.0,0.0,1.0,0.0,1.0,0.0,0.0,0.0,0.0,1.0,0.0,0.0,0.0,0.0,0.0,0.0,1.0,0.0,0.0,0.0,0.0,21.0,1.0,23.0,4.0,2.0,3.0,3.0,1.0,20.0,2.0,3.0,8.0,176.0
1.0,0.0,1.0,0.0,1.0,0.0,0.0,0.0,0.0,1.0,0.0,0.0,0.0,0.0,1.0,0.0,0.0,0.0,0.0,0.0,0.0,10.0,3.0,15.0,3.0,4.0,1.0,6.0,0.0,14.0,2.0,2.0,8.0,176.0
1.0,0.0,0.0,1.0,1.0,0.0,0.0,0.0,0.0,0.0,0.0,1.0,0.0,0.0,0.0,0.0,1.0,0.0,0.0,0.0,1.0,1.0,1.0,16.0,3.0,5.0,5.0,2.0,1.0,23.0,1.0,2.0,3.0,148.0
1.0,0.0,0.0,1.0,1.0,0.0,0.0,0.0,1.0,0.0,0.0,0.0,0.0,0.0,0.0,0.0,0.0,1.0,0.0,0.0,0.0,7.0,3.0,24.0,3.0,4.0,3.0,3.0,0.0,15.0,6.0,7.0,1.0,299.0
0.0,0.0,0.0,1.0,0.0,0.0,1.0,0.0,0.0,0.0,0.0,1.0,0.0,0.0,0.0,0.0,0.0,1.0,0.0,0.0,1.0,1.0,1.0,17.0,4.0,5.0,5.0,8.0,1.0,21.0,2.0,2.0,1.0,149.0
0.0,0.0,0.0,1.0,0.0,1.0,0.0,0.0,0.0,0.0,0.0,1.0,0.0,0.0,0.0,0.0,0.0,1.0,0.0,0.0,0.0,7.0,1.0,20.0,3.0,4.0,1.0,5.0,0.0,19.0,2.0,2.0,3.0,160.0
0.0,0.0,1.0,0.0,0.0,0.0,1.0,0.0,0.0,0.0,0.0,1.0,0.0,0.0,0.0,0.0,1.0,0.0,0.0,0.0,0.0,19.0,1.0,7.0,4.0,4.0,1.0,5.0,0.0,15.0,2.0,2.0,3.0,148.0
1.0,0.0,1.0,0.0,0.0,1.0,0.0,0.0,1.0,0.0,0.0,0.0,0.0,0.0,0.0,0.0,1.0,0.0,0.0,0.0,0.0,24.0,1.0,7.0,4.0,4.0,1.0,11.0,0.0,15.0,1.0,2.0,4.0,299.0
0.0,0.0,1.0,0.0,1.0,0.0,0.0,0.0,0.0,1.0,0.0,0.0,0.0,0.0,0.0,0.0,0.0,0.0,0.0,1.0,0.0,7.0,1.0,7.0,3.0,2.0,4.0,3.0,1.0,14.0,2.0,2.0,3.0,180.0
1.0,0.0,1.0,0.0,1.0,0.0,0.0,0.0,0.0,0.0,0.0,0.0,1.0,0.0,0.0,0.0,1.0,0.0,0.0,0.0,0.0,15.0,1.0,16.0,4.0,4.0,3.0,4.0,0.0,15.0,1.0,2.0,12.0,319.0
0.0,0.0,1.0,0.0,0.0,1.0,0.0,0.0,0.0,0.0,0.0,1.0,0.0,0.0,1.0,0.0,0.0,0.0,0.0,0.0,0.0,1.0,1.0,23.0,3.0,4.0,4.0,11.0,0.0,15.0,3.0,3.0,3.0,153.0
1.0,0.0,1.0,0.0,1.0,0.0,0.0,0.0,0.0,1.0,0.0,0.0,0.0,0.0,0.0,0.0,0.0,1.0,0.0,0.0,0.0,19.0,1.0,30.0,3.0,4.0,5.0,3.0,1.0,16.0,2.0,2.0,9.0,161.0
0.0,0.0,0.0,1.0,0.0,1.0,0.0,0.0,0.0,1.0,0.0,0.0,0.0,0.0,0.0,0.0,0.0,1.0,0.0,0.0,0.0,21.0,3.0,11.0,3.0,4.0,1.0,3.0,1.0,18.0,2.0,2.0,8.0,167.0
0.0,0.0,1.0,0.0,0.0,0.0,1.0,0.0,0.0,0.0,0.0,1.0,0.0,0.0,0.0,0.0,0.0,1.0,0.0,0.0,1.0,1.0,1.0,29.0,3.0,4.0,3.0,6.0,1.0,12.0,1.0,2.0,2.0,146.0
1.0,0.0,1.0,0.0,0.0,1.0,0.0,0.0,1.0,0.0,0.0,0.0,0.0,0.0,0.0,0.0,0.0,1.0,0.0,0.0,0.0,24.0,1.0,31.0,4.0,4.0,3.0,5.0,1.0,19.0,1.0,2.0,6.0,265.0
1.0,0.0,1.0,0.0,1.0,0.0,0.0,0.0,0.0,0.0,0.0,1.0,0.0,0.0,0.0,0.0,1.0,0.0,0.0,0.0,0.0,12.0,1.0,17.0,4.0,4.0,3.0,2.0,0.0,18.0,1.0,2.0,3.0,152.0
1.0,0.0,1.0,0.0,0.0,1.0,0.0,1.0,0.0,0.0,0.0,0.0,0.0,0.0,0.0,0.0,1.0,0.0,0.0,0.0,0.0,20.0,1.0,14.0,4.0,4.0,3.0,8.0,0.0,14.0,2.0,2.0,8.0,233.0
0.0,0.0,1.0,0.0,0.0,1.0,0.0,0.0,0.0,1.0,0.0,0.0,0.0,0.0,0.0,0.0,1.0,0.0,0.0,0.0,0.0,1.0,1.0,24.0,3.0,5.0,3.0,3.0,0.0,16.0,1.0,4.0,3.0,169.0
1.0,0.0,1.0,0.0,0.0,1.0,0.0,0.0,0.0,0.0,0.0,1.0,0.0,0.0,0.0,0.0,0.0,0.0,0.0,1.0,1.0,1.0,1.0,21.0,3.0,5.0,4.0,3.0,1.0,25.0,2.0,2.0,3.0,162.0
0.0,0.0,1.0,0.0,1.0,0.0,0.0,0.0,0.0,1.0,0.0,0.0,0.0,0.0,0.0,0.0,0.0,1.0,0.0,0.0,0.0,5.0,1.0,7.0,4.0,4.0,5.0,3.0,0.0,13.0,2.0,2.0,4.0,166.0
1.0,0.0,0.0,1.0,1.0,0.0,0.0,0.0,0.0,0.0,0.0,1.0,0.0,0.0,0.0,0.0,0.0,1.0,0.0,0.0,0.0,1.0,1.0,12.0,4.0,4.0,1.0,3.0,0.0,16.0,1.0,2.0,1.0,136.0
0.0,0.0,1.0,0.0,0.0,1.0,0.0,1.0,0.0,0.0,0.0,0.0,0.0,0.0,0.0,1.0,0.0,0.0,0.0,0.0,0.0,28.0,1.0,24.0,3.0,4.0,3.0,10.0,0.0,12.0,1.0,2.0,9.0,232.0
0.0,0.0,1.0,0.0,0.0,1.0,0.0,1.0,0.0,0.0,0.0,0.0,0.0,0.0,0.0,0.0,1.0,0.0,0.0,0.0,0.0,9.0,1.0,32.0,3.0,4.0,3.0,3.0,1.0,12.0,1.0,11.0,4.543490512868683,229.0
0.0,0.0,1.0,0.0,0.0,1.0,0.0,1.0,0.0,0.0,0.0,0.0,0.0,0.0,0.0,0.0,0.0,1.0,0.0,0.0,0.0,4.0,1.0,15.0,4.0,2.0,5.0,2.0,1.0,13.0,1.0,2.0,8.0,239.0
0.0,0.0,0.0,1.0,0.0,1.0,0.0,0.0,0.0,0.0,0.0,1.0,0.0,0.0,0.0,0.0,1.0,0.0,0.0,0.0,1.0,1.0,1.0,18.0,4.0,5.0,5.0,3.0,1.0,16.0,2.0,2.0,1.0,151.0
0.0,0.0,0.0,1.0,1.0,0.0,0.0,0.0,0.0,0.0,0.0,1.0,0.0,0.0,0.0,0.0,1.0,0.0,0.0,0.0,1.0,1.0,1.0,12.0,3.0,4.0,4.0,2.0,0.0,18.0,1.0,2.0,3.0,149.0
1.0,0.0,1.0,0.0,0.0,1.0,0.0,0.0,0.0,1.0,0.0,0.0,0.0,0.0,0.0,0.0,1.0,0.0,0.0,0.0,0.0,1.0,1.0,9.0,3.0,2.0,1.0,3.0,0.0,13.0,2.0,2.0,4.0,180.0
1.0,0.0,1.0,0.0,0.0,1.0,0.0,0.0,0.0,0.0,0.0,1.0,0.0,0.0,0.0,0.0,0.0,1.0,0.0,0.0,0.0,1.0,1.0,15.0,4.0,6.0,5.0,3.0,0.0,16.0,1.0,2.0,2.0,150.0
1.0,0.0,0.0,1.0,0.0,1.0,0.0,0.0,0.0,1.0,0.0,0.0,0.0,0.0,0.0,0.0,0.0,1.0,0.0,0.0,0.0,22.0,1.0,13.0,4.0,5.0,3.0,4.0,0.0,14.0,1.0,3.0,3.0,167.0
1.0,0.0,0.0,1.0,0.0,1.0,0.0,1.0,0.0,0.0,0.0,0.0,0.0,0.0,0.0,0.0,0.0,1.0,0.0,0.0,0.0,22.0,1.0,11.0,4.0,5.0,3.0,9.0,0.0,15.0,2.0,2.0,9.0,235.0
0.0,0.0,0.0,1.0,0.0,1.0,0.0,0.0,0.0,1.0,0.0,0.0,0.0,0.0,0.0,0.0,1.0,0.0,0.0,0.0,0.0,15.0,1.0,14.0,3.0,4.0,3.0,8.0,0.0,15.0,3.0,3.0,2.0,175.0
0.0,0.0,1.0,0.0,0.0,1.0,0.0,0.0,1.0,0.0,0.0,0.0,0.0,0.0,0.0,0.0,0.0,1.0,0.0,0.0,0.0,13.0,1.0,7.0,4.0,5.0,1.0,3.0,0.0,17.0,10.0,2.0,9.0,252.0
0.0,0.0,1.0,0.0,0.0,1.0,0.0,0.0,0.0,1.0,0.0,0.0,0.0,0.0,0.0,0.0,0.0,1.0,0.0,0.0,0.0,1.0,1.0,9.0,3.0,4.0,1.0,2.0,0.0,19.0,3.0,3.0,3.0,167.0
1.0,0.0,1.0,0.0,0.0,1.0,0.0,0.0,0.0,0.0,0.0,1.0,0.0,0.0,0.0,0.0,0.0,0.0,0.0,1.0,0.0,9.0,1.0,17.0,3.0,4.0,1.0,3.0,0.0,21.0,1.0,2.0,3.0,164.0
1.0,0.0,1.0,0.0,0.0,1.0,0.0,0.0,0.0,0.0,0.0,0.0,1.0,0.0,0.0,0.0,0.0,0.0,1.0,0.0,0.0,1.0,3.0,12.0,3.0,4.0,3.0,8.0,0.0,15.0,1.0,2.0,1.0,308.0
1.0,0.0,1.0,0.0,0.0,0.0,1.0,0.0,0.0,0.0,0.0,1.0,0.0,0.0,0.0,0.0,0.0,1.0,0.0,0.0,0.0,24.0,1.0,16.0,4.0,4.0,1.0,6.0,0.0,19.0,2.0,2.0,1.0,149.0
0.0,0.0,0.0,1.0,0.0,1.0,0.0,0.0,1.0,0.0,0.0,0.0,0.0,0.0,0.0,0.0,0.0,1.0,0.0,0.0,0.0,31.0,1.0,9.0,4.0,5.0,1.0,5.0,1.0,14.0,1.0,5.0,4.0,262.0
0.0,0.0,1.0,0.0,0.0,1.0,0.0,0.0,0.0,1.0,0.0,0.0,0.0,0.0,0.0,0.0,1.0,0.0,0.0,0.0,1.0,1.0,1.0,18.0,4.0,6.0,4.0,7.0,0.0,16.0,2.0,2.0,1.0,173.0
1.0,0.0,1.0,0.0,1.0,0.0,0.0,0.0,0.0,1.0,0.0,0.0,0.0,0.0,0.0,0.0,1.0,0.0,0.0,0.0,0.0,29.0,1.0,25.0,4.0,4.0,4.0,5.0,1.0,15.0,3.0,7.0,8.0,189.0
0.0,0.0,1.0,0.0,1.0,0.0,0.0,0.0,0.0,0.0,0.0,0.0,1.0,0.0,0.0,0.0,0.0,1.0,0.0,0.0,0.0,15.0,1.0,14.0,3.0,6.0,3.0,3.0,0.0,23.0,6.0,6.0,11.0,325.0
1.0,0.0,0.0,1.0,0.0,1.0,0.0,0.0,0.0,1.0,0.0,0.0,0.0,0.0,0.0,0.0,0.0,1.0,0.0,0.0,0.0,12.0,3.0,10.0,3.0,4.0,1.0,10.0,1.0,13.0,2.0,2.0,1.0,194.0
1.0,0.0,0.0,1.0,1.0,0.0,0.0,0.0,0.0,1.0,0.0,0.0,0.0,0.0,0.0,0.0,1.0,0.0,0.0,0.0,1.0,1.0,3.0,36.0,4.0,6.0,5.0,10.0,0.0,19.0,2.0,3.0,3.0,175.0
0.0,0.0,1.0,0.0,0.0,1.0,0.0,0.0,0.0,0.0,0.0,0.0,1.0,0.0,0.0,0.0,0.0,0.0,1.0,0.0,1.0,16.0,3.0,9.0,3.0,6.0,1.0,3.0,0.0,16.0,4.0,7.0,10.0,323.0
0.0,0.0,1.0,0.0,0.0,1.0,0.0,0.0,1.0,0.0,0.0,0.0,0.0,0.0,0.0,0.0,1.0,0.0,0.0,0.0,0.0,18.0,3.0,35.0,3.0,2.0,1.0,5.0,1.0,19.0,5.0,2.0,12.0,258.0
0.0,0.0,1.0,0.0,1.0,0.0,0.0,0.0,0.0,1.0,0.0,0.0,0.0,0.0,0.0,0.0,0.0,1.0,0.0,0.0,0.0,24.0,3.0,7.0,4.0,4.0,3.0,2.0,0.0,13.0,1.0,2.0,14.0,188.0
0.0,0.0,0.0,1.0,0.0,1.0,0.0,0.0,0.0,0.0,0.0,1.0,0.0,0.0,0.0,0.0,0.0,1.0,0.0,0.0,1.0,1.0,1.0,23.0,3.0,2.0,5.0,3.0,0.0,17.0,4.0,16.0,15.0,152.0
0.0,0.0,0.0,1.0,1.0,0.0,0.0,1.0,0.0,0.0,0.0,0.0,0.0,0.0,0.0,0.0,1.0,0.0,0.0,0.0,0.0,13.0,1.0,29.0,3.0,4.0,5.0,3.0,1.0,14.0,2.0,2.0,9.0,234.0
0.0,0.0,0.0,1.0,1.0,0.0,0.0,0.0,0.0,0.0,0.0,1.0,0.0,0.0,0.0,0.0,0.0,1.0,0.0,0.0,0.0,7.0,3.0,15.0,3.0,5.0,1.0,2.0,0.0,20.0,1.0,3.0,3.0,148.0
0.0,0.0,1.0,0.0,0.0,1.0,0.0,0.0,1.0,0.0,0.0,0.0,0.0,0.0,0.0,0.0,0.0,1.0,0.0,0.0,0.0,19.0,3.0,18.0,3.0,4.0,1.0,5.0,0.0,15.0,1.0,2.0,2.0,302.0
0.0,0.0,0.0,1.0,1.0,0.0,0.0,0.0,0.0,0.0,0.0,1.0,0.0,0.0,0.0,0.0,1.0,0.0,0.0,0.0,0.0,6.0,1.0,36.0,4.0,4.0,3.0,11.0,0.0,13.0,7.0,8.0,8.0,165.0
1.0,0.0,1.0,0.0,0.0,1.0,0.0,0.0,0.0,1.0,0.0,0.0,0.0,0.0,0.0,0.0,0.0,0.0,1.0,0.0,0.0,8.0,3.0,7.0,4.0,2.0,1.0,2.0,0.0,12.0,1.0,2.0,4.543490512868683,222.0
1.0,0.0,1.0,0.0,0.0,1.0,0.0,1.0,0.0,0.0,0.0,0.0,0.0,0.0,0.0,1.0,0.0,0.0,0.0,0.0,0.0,31.0,3.0,7.0,4.0,4.0,1.0,5.0,1.0,15.0,2.0,2.0,5.0,244.0
1.0,0.0,0.0,1.0,0.0,0.0,1.0,0.0,0.0,0.0,0.0,1.0,0.0,0.0,0.0,0.0,1.0,0.0,0.0,0.0,0.0,19.0,2.0,31.0,3.0,4.0,4.0,3.0,0.0,17.0,1.0,2.0,5.0,147.0
0.0,0.0,1.0,0.0,1.0,0.0,0.0,1.0,0.0,0.0,0.0,0.0,0.0,0.0,0.0,0.0,0.0,0.0,1.0,0.0,0.0,27.0,3.0,9.0,3.0,5.0,4.0,4.0,0.0,13.0,6.0,7.0,13.0,200.0
1.0,0.0,1.0,0.0,0.0,1.0,0.0,0.0,0.0,1.0,0.0,0.0,0.0,0.0,0.0,0.0,0.0,0.0,0.0,1.0,1.0,1.0,1.0,22.0,3.0,4.0,3.0,9.0,0.0,15.0,1.0,2.0,1.0,173.0
1.0,0.0,1.0,0.0,1.0,0.0,0.0,0.0,0.0,0.0,0.0,1.0,0.0,0.0,0.0,0.0,0.0,1.0,0.0,0.0,1.0,1.0,1.0,9.0,3.0,4.0,5.0,8.0,1.0,15.0,1.0,2.0,3.0,145.0
0.0,0.0,1.0,0.0,0.0,0.0,1.0,0.0,0.0,0.0,0.0,1.0,0.0,0.0,0.0,0.0,0.0,1.0,0.0,0.0,0.0,8.0,3.0,17.0,3.0,4.0,3.0,3.0,1.0,20.0,1.0,2.0,1.0,147.0
1.0,0.0,1.0,0.0,0.0,0.0,1.0,0.0,0.0,0.0,0.0,1.0,0.0,0.0,0.0,0.0,1.0,0.0,0.0,0.0,0.0,2.0,3.0,17.0,4.0,4.0,4.0,3.0,0.0,23.0,1.0,2.0,1.0,136.0
1.0,0.0,1.0,0.0,1.0,0.0,0.0,0.0,0.0,0.0,0.0,1.0,0.0,0.0,0.0,0.0,0.0,0.0,0.0,1.0,0.0,12.0,1.0,10.0,3.0,4.0,3.0,5.0,0.0,17.0,3.0,3.0,3.0,153.0
1.0,0.0,1.0,0.0,0.0,1.0,0.0,0.0,0.0,0.0,0.0,0.0,1.0,0.0,0.0,0.0,1.0,0.0,0.0,0.0,0.0,24.0,1.0,9.0,4.0,4.0,3.0,4.0,1.0,15.0,5.0,8.0,8.0,317.0
0.0,0.0,0.0,1.0,0.0,1.0,0.0,0.0,0.0,1.0,0.0,0.0,0.0,0.0,0.0,0.0,0.0,0.0,0.0,1.0,0.0,11.0,1.0,10.0,3.0,4.0,4.0,5.0,0.0,16.0,2.0,2.0,2.0,166.0
1.0,0.0,1.0,0.0,0.0,1.0,0.0,0.0,0.0,1.0,0.0,0.0,0.0,0.0,0.0,0.0,0.0,0.0,1.0,0.0,0.0,14.0,3.0,33.0,4.0,4.0,5.0,3.0,0.0,15.0,4.0,8.0,6.0,209.0
0.0,0.0,1.0,0.0,1.0,0.0,0.0,0.0,0.0,0.0,0.0,1.0,0.0,0.0,0.0,0.0,1.0,0.0,0.0,0.0,0.0,1.0,1.0,7.0,4.0,5.0,3.0,3.0,0.0,14.0,1.0,2.0,4.0,145.0
1.0,0.0,1.0,0.0,0.0,1.0,0.0,0.0,0.0,0.0,0.0,0.0,1.0,0.0,0.0,0.0,1.0,0.0,0.0,0.0,0.0,20.0,1.0,7.0,3.0,4.0,1.0,11.0,0.0,15.0,2.0,3.0,3.0,321.0
0.0,0.0,1.0,0.0,0.0,1.0,0.0,1.0,0.0,0.0,0.0,0.0,0.0,0.0,0.0,0.0,0.0,1.0,0.0,0.0,0.0,28.0,3.0,9.0,3.0,5.0,3.0,8.0,0.0,12.0,7.0,2.0,1.0,232.0
0.0,0.0,1.0,0.0,1.0,0.0,0.0,0.0,0.0,0.0,0.0,1.0,0.0,0.0,0.0,0.0,1.0,0.0,0.0,0.0,0.0,30.0,1.0,16.0,4.0,4.0,3.0,4.0,0.0,20.0,2.0,2.0,4.0,154.0
0.0,0.0,0.0,1.0,0.0,1.0,0.0,1.0,0.0,0.0,0.0,0.0,0.0,0.0,0.0,0.0,1.0,0.0,0.0,0.0,0.0,10.0,1.0,19.0,3.0,5.0,1.0,2.0,0.0,12.0,6.0,8.0,4.543490512868683,214.0
1.0,0.0,0.0,1.0,1.0,0.0,0.0,0.0,1.0,0.0,0.0,0.0,0.0,0.0,0.0,0.0,1.0,0.0,0.0,0.0,0.0,29.0,1.0,9.0,3.0,5.0,5.0,9.0,0.0,15.0,3.0,7.0,3.0,293.0
1.0,0.0,1.0,0.0,0.0,1.0,0.0,1.0,0.0,0.0,0.0,0.0,0.0,0.0,0.0,0.0,1.0,0.0,0.0,0.0,0.0,17.0,3.0,32.0,4.0,5.0,1.0,7.0,0.0,14.0,2.0,2.0,1.0,233.0
0.0,0.0,0.0,1.0,1.0,0.0,0.0,0.0,0.0,0.0,0.0,1.0,0.0,0.0,0.0,0.0,0.0,0.0,1.0,0.0,1.0,1.0,3.0,16.0,3.0,4.0,1.0,3.0,1.0,15.0,2.0,2.0,3.0,148.0
0.0,0.0,0.0,1.0,0.0,0.0,1.0,0.0,0.0,0.0,0.0,1.0,0.0,0.0,0.0,0.0,0.0,1.0,0.0,0.0,1.0,1.0,1.0,17.0,3.0,5.0,5.0,3.0,0.0,14.0,1.0,2.0,1.0,139.0
0.0,0.0,1.0,0.0,0.0,1.0,0.0,0.0,0.0,1.0,0.0,0.0,0.0,0.0,0.0,0.0,0.0,1.0,0.0,0.0,0.0,20.0,1.0,15.0,4.0,5.0,5.0,10.0,1.0,24.0,2.0,2.0,8.0,171.0
1.0,0.0,1.0,0.0,0.0,1.0,0.0,0.0,0.0,0.0,0.0,1.0,0.0,0.0,0.0,0.0,0.0,1.0,0.0,0.0,1.0,15.0,1.0,11.0,3.0,4.0,3.0,11.0,1.0,13.0,1.0,3.0,8.0,150.0
1.0,0.0,0.0,1.0,1.0,0.0,0.0,1.0,0.0,0.0,0.0,0.0,0.0,0.0,0.0,1.0,0.0,0.0,0.0,0.0,1.0,1.0,1.0,31.0,4.0,5.0,5.0,3.0,0.0,13.0,2.0,2.0,4.543490512868683,212.0
1.0,0.0,1.0,0.0,0.0,1.0,0.0,0.0,0.0,0.0,0.0,1.0,0.0,0.0,0.0,0.0,1.0,0.0,0.0,0.0,0.0,1.0,1.0,7.0,3.0,5.0,5.0,3.0,0.0,17.0,2.0,2.0,4.0,165.0
1.0,0.0,1.0,0.0,0.0,1.0,0.0,0.0,0.0,1.0,0.0,0.0,0.0,0.0,0.0,0.0,0.0,0.0,0.0,1.0,0.0,4.0,1.0,27.0,3.0,4.0,5.0,2.0,0.0,16.0,1.0,2.0,4.543490512868683,225.0
0.0,0.0,1.0,0.0,0.0,1.0,0.0,0.0,0.0,0.0,0.0,1.0,0.0,0.0,1.0,0.0,0.0,0.0,0.0,0.0,0.0,15.0,1.0,14.0,3.0,2.0,3.0,3.0,0.0,14.0,1.0,2.0,9.0,159.0
0.0,0.0,1.0,0.0,0.0,1.0,0.0,1.0,0.0,0.0,0.0,0.0,0.0,0.0,0.0,0.0,0.0,1.0,0.0,0.0,0.0,12.0,1.0,24.0,4.0,5.0,3.0,2.0,0.0,19.0,2.0,2.0,4.543490512868683,213.0
1.0,0.0,1.0,0.0,0.0,1.0,0.0,1.0,0.0,0.0,0.0,0.0,0.0,0.0,0.0,1.0,0.0,0.0,0.0,0.0,0.0,14.0,1.0,27.0,4.0,4.0,1.0,6.0,0.0,21.0,4.0,12.0,4.543490512868683,228.0
1.0,0.0,1.0,0.0,1.0,0.0,0.0,0.0,0.0,0.0,0.0,1.0,0.0,0.0,0.0,0.0,0.0,1.0,0.0,0.0,0.0,1.0,1.0,15.0,3.0,6.0,3.0,3.0,0.0,20.0,2.0,2.0,3.0,171.0
1.0,0.0,1.0,0.0,1.0,0.0,0.0,1.0,0.0,0.0,0.0,0.0,0.0,0.0,0.0,0.0,0.0,1.0,0.0,0.0,0.0,29.0,1.0,9.0,4.0,4.0,4.0,5.0,0.0,19.0,1.0,2.0,3.0,235.0
0.0,0.0,0.0,1.0,0.0,1.0,0.0,0.0,0.0,1.0,0.0,0.0,0.0,0.0,0.0,0.0,0.0,0.0,0.0,1.0,0.0,2.0,1.0,17.0,3.0,4.0,3.0,5.0,0.0,14.0,1.0,2.0,8.0,162.0
1.0,0.0,1.0,0.0,0.0,1.0,0.0,1.0,0.0,0.0,0.0,0.0,0.0,0.0,0.0,0.0,1.0,0.0,0.0,0.0,1.0,8.0,2.0,7.0,4.0,5.0,5.0,11.0,0.0,15.0,3.0,4.0,4.543490512868683,230.0
1.0,0.0,1.0,0.0,0.0,1.0,0.0,1.0,0.0,0.0,0.0,0.0,0.0,0.0,0.0,0.0,0.0,1.0,0.0,0.0,0.0,7.0,1.0,12.0,3.0,5.0,1.0,6.0,0.0,16.0,2.0,2.0,3.0,196.0
1.0,0.0,0.0,1.0,0.0,1.0,0.0,1.0,0.0,0.0,0.0,0.0,0.0,0.0,0.0,1.0,0.0,0.0,0.0,0.0,1.0,1.0,3.0,11.0,3.0,4.0,5.0,2.0,1.0,23.0,3.0,5.0,4.543490512868683,221.0
0.0,0.0,0.0,1.0,1.0,0.0,0.0,0.0,0.0,1.0,0.0,0.0,0.0,0.0,0.0,0.0,1.0,0.0,0.0,0.0,1.0,1.0,1.0,36.0,3.0,5.0,3.0,3.0,0.0,23.0,3.0,4.0,9.0,170.0
1.0,0.0,1.0,0.0,0.0,0.0,1.0,0.0,0.0,0.0,0.0,1.0,0.0,0.0,0.0,0.0,0.0,1.0,0.0,0.0,0.0,2.0,1.0,22.0,3.0,4.0,3.0,3.0,0.0,17.0,1.0,3.0,3.0,147.0
1.0,0.0,0.0,1.0,1.0,0.0,0.0,0.0,0.0,1.0,0.0,0.0,0.0,0.0,0.0,0.0,0.0,1.0,0.0,0.0,0.0,8.0,1.0,10.0,3.0,4.0,1.0,2.0,0.0,18.0,2.0,2.0,5.0,203.0
0.0,0.0,1.0,0.0,0.0,1.0,0.0,0.0,0.0,1.0,0.0,0.0,0.0,0.0,0.0,0.0,0.0,1.0,0.0,0.0,0.0,11.0,3.0,17.0,3.0,5.0,1.0,4.0,1.0,15.0,2.0,2.0,1.0,192.0
1.0,0.0,1.0,0.0,0.0,1.0,0.0,0.0,0.0,0.0,0.0,1.0,0.0,0.0,1.0,0.0,0.0,0.0,0.0,0.0,1.0,1.0,1.0,11.0,3.0,4.0,1.0,3.0,1.0,16.0,5.0,6.0,7.0,162.0
1.0,0.0,1.0,0.0,0.0,0.0,1.0,0.0,0.0,0.0,0.0,1.0,0.0,0.0,0.0,0.0,1.0,0.0,0.0,0.0,1.0,1.0,1.0,28.0,3.0,4.0,3.0,3.0,0.0,21.0,2.0,2.0,1.0,149.0
1.0,0.0,0.0,1.0,0.0,0.0,1.0,0.0,0.0,0.0,0.0,1.0,0.0,0.0,0.0,0.0,1.0,0.0,0.0,0.0,1.0,1.0,1.0,32.0,3.0,5.0,4.0,6.0,1.0,21.0,2.0,3.0,3.0,148.0
1.0,0.0,1.0,0.0,0.0,1.0,0.0,0.0,1.0,0.0,0.0,0.0,0.0,0.0,0.0,0.0,1.0,0.0,0.0,0.0,0.0,16.0,1.0,9.0,3.0,4.0,5.0,2.0,0.0,15.0,6.0,14.0,8.0,302.0
1.0,0.0,1.0,0.0,1.0,0.0,0.0,0.0,0.0,0.0,0.0,1.0,0.0,0.0,0.0,0.0,1.0,0.0,0.0,0.0,1.0,1.0,1.0,7.0,3.0,5.0,4.0,3.0,0.0,16.0,2.0,2.0,1.0,151.0
1.0,0.0,0.0,1.0,1.0,0.0,0.0,0.0,0.0,1.0,0.0,0.0,0.0,0.0,0.0,0.0,0.0,0.0,0.0,1.0,1.0,14.0,3.0,7.0,3.0,4.0,3.0,5.0,1.0,15.0,2.0,2.0,1.0,172.0
0.0,0.0,1.0,0.0,1.0,0.0,0.0,0.0,0.0,1.0,0.0,0.0,0.0,0.0,0.0,0.0,0.0,1.0,0.0,0.0,0.0,7.0,3.0,14.0,2.0,4.0,4.0,2.0,0.0,18.0,1.0,2.0,3.0,168.0
1.0,0.0,1.0,0.0,1.0,0.0,0.0,0.0,0.0,0.0,0.0,1.0,0.0,0.0,0.0,0.0,0.0,1.0,0.0,0.0,0.0,8.0,1.0,10.0,3.0,5.0,1.0,5.0,0.0,18.0,1.0,2.0,1.0,155.0
1.0,0.0,0.0,1.0,1.0,0.0,0.0,0.0,1.0,0.0,0.0,0.0,0.0,0.0,0.0,0.0,1.0,0.0,0.0,0.0,0.0,22.0,1.0,7.0,3.0,2.0,1.0,4.0,0.0,15.0,1.0,3.0,2.0,294.0
0.0,0.0,1.0,0.0,1.0,0.0,0.0,0.0,0.0,1.0,0.0,0.0,0.0,0.0,0.0,0.0,0.0,1.0,0.0,0.0,0.0,19.0,3.0,16.0,4.0,5.0,3.0,3.0,0.0,14.0,5.0,5.0,13.0,181.0
1.0,0.0,0.0,1.0,0.0,1.0,0.0,1.0,0.0,0.0,0.0,0.0,0.0,0.0,0.0,0.0,0.0,1.0,0.0,0.0,0.0,26.0,1.0,6.0,3.0,4.0,4.0,9.0,0.0,20.0,3.0,5.0,4.543490512868683,229.0
1.0,0.0,1.0,0.0,0.0,1.0,0.0,1.0,0.0,0.0,0.0,0.0,0.0,0.0,0.0,0.0,0.0,0.0,1.0,0.0,0.0,12.0,3.0,17.0,4.0,5.0,3.0,2.0,1.0,15.0,2.0,3.0,4.543490512868683,212.0
0.0,0.0,1.0,0.0,0.0,1.0,0.0,0.0,0.0,0.0,0.0,1.0,0.0,0.0,0.0,0.0,0.0,1.0,0.0,0.0,0.0,3.0,1.0,35.0,4.0,4.0,1.0,6.0,0.0,23.0,2.0,2.0,8.0,150.0
0.0,0.0,1.0,0.0,0.0,1.0,0.0,1.0,0.0,0.0,0.0,0.0,0.0,0.0,0.0,0.0,1.0,0.0,0.0,0.0,0.0,2.0,1.0,10.0,4.0,4.0,4.0,2.0,0.0,18.0,1.0,2.0,8.0,202.0
1.0,0.0,1.0,0.0,0.0,1.0,0.0,0.0,1.0,0.0,0.0,0.0,0.0,0.0,0.0,0.0,0.0,0.0,1.0,0.0,0.0,20.0,3.0,10.0,3.0,4.0,3.0,5.0,0.0,15.0,5.0,5.0,10.0,300.0
1.0,0.0,0.0,1.0,0.0,1.0,0.0,1.0,0.0,0.0,0.0,0.0,0.0,0.0,0.0,0.0,0.0,0.0,1.0,0.0,0.0,12.0,3.0,9.0,3.0,4.0,4.0,9.0,0.0,17.0,2.0,2.0,1.0,199.0
0.0,0.0,1.0,0.0,1.0,0.0,0.0,1.0,0.0,0.0,0.0,0.0,0.0,0.0,0.0,0.0,0.0,1.0,0.0,0.0,0.0,17.0,1.0,34.0,3.0,4.0,5.0,10.0,0.0,12.0,2.0,2.0,2.0,233.0
1.0,0.0,1.0,0.0,1.0,0.0,0.0,0.0,1.0,0.0,0.0,0.0,0.0,0.0,0.0,0.0,0.0,1.0,0.0,0.0,1.0,3.0,1.0,9.0,3.0,4.0,1.0,9.0,0.0,12.0,11.0,2.0,6.0,247.0
1.0,0.0,0.0,1.0,0.0,1.0,0.0,0.0,0.0,0.0,0.0,0.0,1.0,0.0,0.0,0.0,1.0,0.0,0.0,0.0,0.0,14.0,1.0,21.0,3.0,5.0,3.0,3.0,0.0,15.0,4.0,5.0,10.0,321.0
0.0,0.0,0.0,1.0,0.0,0.0,1.0,0.0,0.0,0.0,0.0,1.0,0.0,0.0,1.0,0.0,0.0,0.0,0.0,0.0,0.0,1.0,1.0,7.0,4.0,5.0,4.0,3.0,1.0,12.0,2.0,3.0,3.0,146.0
1.0,0.0,0.0,1.0,1.0,0.0,0.0,0.0,0.0,1.0,0.0,0.0,0.0,0.0,0.0,0.0,0.0,1.0,0.0,0.0,0.0,13.0,1.0,16.0,4.0,4.0,4.0,11.0,0.0,16.0,2.0,2.0,4.0,193.0
1.0,0.0,0.0,1.0,1.0,0.0,0.0,0.0,0.0,1.0,0.0,0.0,0.0,0.0,0.0,0.0,0.0,1.0,0.0,0.0,0.0,10.0,1.0,25.0,4.0,4.0,1.0,4.0,0.0,21.0,1.0,2.0,10.0,203.0
1.0,0.0,1.0,0.0,1.0,0.0,0.0,0.0,0.0,0.0,0.0,1.0,0.0,0.0,0.0,0.0,0.0,1.0,0.0,0.0,0.0,5.0,3.0,27.0,4.0,2.0,1.0,2.0,0.0,13.0,3.0,3.0,3.0,153.0
1.0,0.0,1.0,0.0,0.0,1.0,0.0,0.0,0.0,0.0,0.0,1.0,0.0,0.0,0.0,0.0,0.0,1.0,0.0,0.0,0.0,2.0,1.0,9.0,4.0,5.0,4.0,2.0,0.0,18.0,1.0,2.0,5.0,157.0
1.0,0.0,1.0,0.0,1.0,0.0,0.0,0.0,0.0,1.0,0.0,0.0,0.0,0.0,0.0,0.0,0.0,0.0,1.0,0.0,0.0,9.0,3.0,18.0,3.0,4.0,1.0,3.0,0.0,12.0,2.0,2.0,3.0,175.0
1.0,0.0,1.0,0.0,0.0,1.0,0.0,0.0,1.0,0.0,0.0,0.0,0.0,0.0,0.0,1.0,0.0,0.0,0.0,0.0,0.0,23.0,3.0,15.0,3.0,5.0,4.0,8.0,0.0,18.0,2.0,2.0,4.0,256.0
1.0,0.0,0.0,1.0,1.0,0.0,0.0,0.0,0.0,1.0,0.0,0.0,0.0,0.0,0.0,0.0,0.0,1.0,0.0,0.0,0.0,8.0,1.0,9.0,4.0,4.0,3.0,4.0,0.0,12.0,2.0,2.0,3.0,165.0
0.0,0.0,1.0,0.0,1.0,0.0,0.0,0.0,0.0,0.0,0.0,1.0,0.0,0.0,0.0,0.0,0.0,1.0,0.0,0.0,0.0,3.0,1.0,17.0,4.0,4.0,4.0,2.0,0.0,15.0,1.0,2.0,2.0,158.0
1.0,0.0,0.0,1.0,0.0,1.0,0.0,0.0,0.0,1.0,0.0,0.0,0.0,0.0,0.0,0.0,1.0,0.0,0.0,0.0,0.0,16.0,1.0,36.0,3.0,6.0,1.0,6.0,0.0,20.0,2.0,2.0,1.0,168.0
1.0,0.0,1.0,0.0,0.0,1.0,0.0,0.0,0.0,1.0,0.0,0.0,0.0,0.0,0.0,0.0,1.0,0.0,0.0,0.0,0.0,3.0,1.0,15.0,4.0,5.0,1.0,3.0,1.0,16.0,2.0,2.0,3.0,176.0
1.0,0.0,1.0,0.0,0.0,1.0,0.0,0.0,0.0,0.0,0.0,1.0,0.0,0.0,0.0,0.0,0.0,0.0,0.0,1.0,0.0,12.0,2.0,7.0,3.0,2.0,3.0,3.0,0.0,14.0,4.0,6.0,1.0,153.0
1.0,0.0,1.0,0.0,1.0,0.0,0.0,0.0,0.0,0.0,0.0,1.0,0.0,0.0,0.0,0.0,0.0,1.0,0.0,0.0,0.0,2.0,1.0,13.0,3.0,5.0,3.0,3.0,1.0,15.0,2.0,2.0,3.0,152.0
1.0,0.0,0.0,1.0,1.0,0.0,0.0,0.0,0.0,0.0,0.0,1.0,0.0,0.0,0.0,0.0,1.0,0.0,0.0,0.0,1.0,1.0,1.0,15.0,4.0,4.0,3.0,3.0,0.0,13.0,2.0,2.0,1.0,144.0
0.0,0.0,0.0,1.0,0.0,1.0,0.0,0.0,0.0,1.0,0.0,0.0,0.0,0.0,0.0,0.0,0.0,0.0,1.0,0.0,1.0,1.0,3.0,16.0,4.0,4.0,5.0,5.0,1.0,18.0,1.0,2.0,4.0,207.0
1.0,0.0,1.0,0.0,0.0,1.0,0.0,0.0,0.0,0.0,0.0,1.0,0.0,0.0,0.0,0.0,0.0,1.0,0.0,0.0,0.0,15.0,1.0,19.0,3.0,4.0,1.0,5.0,1.0,12.0,2.0,2.0,1.0,173.0
1.0,0.0,1.0,0.0,1.0,0.0,0.0,0.0,0.0,0.0,0.0,1.0,0.0,0.0,0.0,0.0,1.0,0.0,0.0,0.0,1.0,1.0,1.0,22.0,4.0,4.0,3.0,3.0,0.0,13.0,2.0,3.0,3.0,151.0
0.0,0.0,1.0,0.0,0.0,1.0,0.0,0.0,0.0,1.0,0.0,0.0,0.0,0.0,0.0,0.0,1.0,0.0,0.0,0.0,0.0,11.0,1.0,32.0,3.0,5.0,1.0,9.0,0.0,14.0,2.0,2.0,4.0,182.0
1.0,0.0,1.0,0.0,0.0,1.0,0.0,0.0,0.0,0.0,0.0,1.0,0.0,0.0,0.0,0.0,0.0,1.0,0.0,0.0,0.0,1.0,1.0,13.0,3.0,5.0,3.0,3.0,0.0,14.0,2.0,3.0,3.0,150.0
0.0,0.0,1.0,0.0,0.0,1.0,0.0,0.0,0.0,1.0,0.0,0.0,0.0,0.0,0.0,0.0,0.0,1.0,0.0,0.0,0.0,8.0,3.0,16.0,4.0,4.0,3.0,3.0,0.0,21.0,1.0,2.0,4.0,182.0
1.0,0.0,0.0,1.0,0.0,1.0,0.0,0.0,0.0,0.0,0.0,1.0,0.0,0.0,1.0,0.0,0.0,0.0,0.0,0.0,0.0,9.0,2.0,15.0,4.0,4.0,3.0,3.0,0.0,18.0,1.0,2.0,5.0,168.0
0.0,0.0,1.0,0.0,0.0,1.0,0.0,1.0,0.0,0.0,0.0,0.0,0.0,0.0,0.0,0.0,0.0,1.0,0.0,0.0,1.0,1.0,3.0,30.0,3.0,5.0,5.0,3.0,0.0,14.0,2.0,4.0,11.0,198.0
0.0,0.0,0.0,1.0,1.0,0.0,0.0,1.0,0.0,0.0,0.0,0.0,0.0,0.0,0.0,0.0,1.0,0.0,0.0,0.0,0.0,14.0,1.0,16.0,3.0,4.0,3.0,11.0,0.0,18.0,2.0,2.0,14.0,260.0
1.0,0.0,0.0,1.0,1.0,0.0,0.0,0.0,1.0,0.0,0.0,0.0,0.0,0.0,0.0,0.0,0.0,1.0,0.0,0.0,1.0,6.0,3.0,19.0,3.0,4.0,5.0,2.0,1.0,13.0,1.0,14.0,15.0,263.0
1.0,0.0,0.0,1.0,0.0,1.0,0.0,0.0,0.0,1.0,0.0,0.0,0.0,0.0,0.0,0.0,0.0,0.0,1.0,0.0,0.0,16.0,3.0,11.0,3.0,4.0,5.0,9.0,0.0,14.0,2.0,2.0,6.0,177.0
1.0,0.0,1.0,0.0,0.0,0.0,1.0,0.0,0.0,0.0,0.0,1.0,0.0,0.0,0.0,0.0,1.0,0.0,0.0,0.0,0.0,9.0,1.0,7.0,3.0,5.0,3.0,8.0,0.0,13.0,2.0,2.0,8.0,148.0
1.0,0.0,0.0,1.0,0.0,1.0,0.0,0.0,0.0,0.0,0.0,1.0,0.0,0.0,0.0,0.0,1.0,0.0,0.0,0.0,0.0,1.0,1.0,31.0,3.0,4.0,4.0,10.0,0.0,23.0,1.0,2.0,3.0,161.0
0.0,0.0,1.0,0.0,0.0,1.0,0.0,0.0,0.0,0.0,0.0,1.0,0.0,0.0,0.0,0.0,0.0,1.0,0.0,0.0,1.0,1.0,1.0,19.0,4.0,4.0,1.0,3.0,1.0,12.0,2.0,2.0,1.0,150.0
1.0,0.0,1.0,0.0,0.0,1.0,0.0,0.0,0.0,0.0,0.0,1.0,0.0,0.0,0.0,0.0,1.0,0.0,0.0,0.0,0.0,1.0,1.0,10.0,3.0,2.0,1.0,3.0,0.0,23.0,2.0,2.0,8.0,169.0
1.0,0.0,1.0,0.0,0.0,1.0,0.0,0.0,0.0,1.0,0.0,0.0,0.0,0.0,0.0,0.0,0.0,0.0,1.0,0.0,0.0,4.0,3.0,17.0,4.0,5.0,3.0,3.0,0.0,19.0,1.0,2.0,5.0,191.0
0.0,0.0,1.0,0.0,1.0,0.0,0.0,0.0,0.0,1.0,0.0,0.0,0.0,0.0,0.0,0.0,1.0,0.0,0.0,0.0,0.0,14.0,1.0,33.0,4.0,5.0,1.0,5.0,1.0,14.0,1.0,2.0,1.0,169.0
1.0,0.0,1.0,0.0,0.0,1.0,0.0,1.0,0.0,0.0,0.0,0.0,0.0,0.0,0.0,0.0,0.0,1.0,0.0,0.0,0.0,9.0,1.0,9.0,3.0,5.0,4.0,4.0,0.0,19.0,3.0,7.0,4.543490512868683,228.0
1.0,0.0,0.0,1.0,1.0,0.0,0.0,0.0,0.0,1.0,0.0,0.0,0.0,0.0,0.0,0.0,1.0,0.0,0.0,0.0,0.0,8.0,1.0,8.0,4.0,5.0,5.0,2.0,0.0,21.0,1.0,5.0,10.0,178.0
1.0,0.0,1.0,0.0,1.0,0.0,0.0,0.0,0.0,0.0,0.0,1.0,0.0,0.0,0.0,0.0,0.0,0.0,0.0,1.0,0.0,9.0,1.0,11.0,3.0,5.0,1.0,3.0,0.0,14.0,2.0,3.0,3.0,149.0
0.0,0.0,0.0,1.0,0.0,1.0,0.0,0.0,0.0,1.0,0.0,0.0,0.0,0.0,0.0,0.0,0.0,0.0,1.0,0.0,1.0,7.0,3.0,16.0,3.0,6.0,3.0,10.0,0.0,14.0,1.0,2.0,4.0,178.0
0.0,0.0,1.0,0.0,1.0,0.0,0.0,0.0,0.0,0.0,0.0,1.0,0.0,0.0,0.0,0.0,0.0,1.0,0.0,0.0,0.0,6.0,3.0,9.0,4.0,4.0,5.0,3.0,0.0,13.0,2.0,2.0,1.0,153.0
0.0,0.0,1.0,0.0,0.0,1.0,0.0,0.0,0.0,0.0,0.0,0.0,1.0,0.0,0.0,1.0,0.0,0.0,0.0,0.0,0.0,30.0,1.0,11.0,4.0,4.0,5.0,6.0,0.0,14.0,5.0,5.0,3.0,324.0
0.0,0.0,1.0,0.0,0.0,1.0,0.0,0.0,0.0,0.0,0.0,1.0,0.0,0.0,0.0,0.0,1.0,0.0,0.0,0.0,0.0,3.0,1.0,13.0,3.0,4.0,1.0,3.0,0.0,14.0,1.0,2.0,9.0,156.0
1.0,0.0,0.0,1.0,0.0,1.0,0.0,0.0,0.0,0.0,0.0,1.0,0.0,0.0,0.0,0.0,0.0,1.0,0.0,0.0,0.0,1.0,1.0,16.0,3.0,4.0,5.0,3.0,0.0,26.0,1.0,2.0,1.0,151.0
0.0,0.0,1.0,0.0,0.0,1.0,0.0,0.0,0.0,0.0,0.0,1.0,0.0,0.0,0.0,0.0,1.0,0.0,0.0,0.0,0.0,19.0,1.0,14.0,3.0,4.0,3.0,6.0,1.0,20.0,1.0,2.0,3.0,170.0
0.0,0.0,1.0,0.0,0.0,1.0,0.0,0.0,0.0,1.0,0.0,0.0,0.0,0.0,0.0,0.0,0.0,1.0,0.0,0.0,0.0,11.0,1.0,8.0,3.0,5.0,1.0,3.0,0.0,14.0,1.0,4.0,12.0,190.0
1.0,0.0,0.0,1.0,0.0,1.0,0.0,0.0,0.0,0.0,0.0,1.0,0.0,0.0,0.0,0.0,0.0,1.0,0.0,0.0,0.0,1.0,1.0,6.0,3.0,5.0,3.0,3.0,0.0,13.0,1.0,2.0,3.0,155.0
1.0,0.0,0.0,1.0,0.0,1.0,0.0,0.0,0.0,0.0,0.0,1.0,0.0,0.0,0.0,0.0,0.0,1.0,0.0,0.0,1.0,8.0,1.0,17.0,4.0,4.0,3.0,3.0,1.0,12.0,2.0,2.0,3.0,154.0
0.0,0.0,1.0,0.0,0.0,1.0,0.0,0.0,0.0,0.0,0.0,0.0,1.0,0.0,0.0,0.0,1.0,0.0,0.0,0.0,0.0,27.0,1.0,14.0,3.0,4.0,3.0,5.0,0.0,15.0,4.0,5.0,8.0,311.0
0.0,0.0,1.0,0.0,0.0,0.0,1.0,0.0,0.0,0.0,0.0,1.0,0.0,0.0,0.0,0.0,0.0,1.0,0.0,0.0,0.0,3.0,1.0,22.0,4.0,6.0,1.0,2.0,1.0,19.0,2.0,2.0,4.0,147.0
1.0,0.0,1.0,0.0,1.0,0.0,0.0,0.0,0.0,0.0,0.0,1.0,0.0,0.0,0.0,0.0,0.0,1.0,0.0,0.0,1.0,1.0,1.0,10.0,3.0,5.0,1.0,2.0,1.0,12.0,1.0,2.0,1.0,154.0
0.0,0.0,1.0,0.0,0.0,1.0,0.0,0.0,1.0,0.0,0.0,0.0,0.0,0.0,0.0,0.0,0.0,0.0,1.0,0.0,0.0,20.0,3.0,9.0,4.0,4.0,5.0,10.0,0.0,15.0,7.0,16.0,10.0,295.0
1.0,0.0,0.0,1.0,1.0,0.0,0.0,0.0,0.0,0.0,0.0,1.0,0.0,0.0,0.0,0.0,0.0,1.0,0.0,0.0,0.0,18.0,1.0,24.0,4.0,6.0,3.0,4.0,0.0,14.0,2.0,2.0,1.0,148.0
1.0,0.0,1.0,0.0,0.0,1.0,0.0,0.0,0.0,0.0,0.0,1.0,0.0,0.0,0.0,0.0,0.0,0.0,0.0,1.0,0.0,7.0,2.0,9.0,4.0,4.0,3.0,3.0,0.0,14.0,2.0,2.0,5.0,161.0
1.0,0.0,1.0,0.0,1.0,0.0,0.0,0.0,0.0,0.0,0.0,1.0,0.0,0.0,0.0,0.0,0.0,1.0,0.0,0.0,1.0,5.0,1.0,12.0,4.0,5.0,5.0,8.0,0.0,18.0,1.0,2.0,1.0,146.0
1.0,0.0,1.0,0.0,0.0,1.0,0.0,0.0,0.0,1.0,0.0,0.0,0.0,0.0,0.0,0.0,0.0,1.0,0.0,0.0,0.0,4.0,3.0,36.0,4.0,4.0,5.0,10.0,0.0,20.0,2.0,2.0,4.0,166.0
1.0,0.0,1.0,0.0,1.0,0.0,0.0,0.0,0.0,1.0,0.0,0.0,0.0,0.0,0.0,0.0,1.0,0.0,0.0,0.0,0.0,14.0,3.0,9.0,4.0,4.0,4.0,7.0,0.0,13.0,2.0,2.0,1.0,168.0
0.0,0.0,1.0,0.0,1.0,0.0,0.0,0.0,1.0,0.0,0.0,0.0,0.0,0.0,0.0,0.0,1.0,0.0,0.0,0.0,0.0,24.0,1.0,9.0,2.0,4.0,5.0,4.0,0.0,15.0,1.0,3.0,3.0,304.0
1.0,0.0,1.0,0.0,0.0,1.0,0.0,0.0,0.0,0.0,0.0,1.0,0.0,0.0,0.0,0.0,1.0,0.0,0.0,0.0,0.0,2.0,1.0,26.0,4.0,5.0,5.0,3.0,0.0,13.0,2.0,4.0,4.0,157.0
1.0,0.0,1.0,0.0,0.0,1.0,0.0,0.0,0.0,0.0,0.0,0.0,1.0,0.0,0.0,0.0,0.0,1.0,0.0,0.0,0.0,20.0,1.0,22.0,3.0,4.0,4.0,7.0,0.0,15.0,2.0,2.0,4.0,316.0
1.0,0.0,1.0,0.0,0.0,1.0,0.0,0.0,0.0,1.0,0.0,0.0,0.0,0.0,0.0,0.0,0.0,1.0,0.0,0.0,0.0,9.0,3.0,24.0,4.0,4.0,5.0,5.0,1.0,16.0,1.0,2.0,4.543490512868683,215.0
0.0,0.0,1.0,0.0,0.0,0.0,1.0,0.0,0.0,0.0,0.0,1.0,0.0,0.0,0.0,0.0,0.0,1.0,0.0,0.0,1.0,1.0,1.0,24.0,4.0,4.0,4.0,3.0,0.0,14.0,2.0,2.0,1.0,147.0
0.0,0.0,1.0,0.0,1.0,0.0,0.0,0.0,0.0,1.0,0.0,0.0,0.0,0.0,0.0,0.0,1.0,0.0,0.0,0.0,0.0,7.0,3.0,32.0,3.0,4.0,3.0,3.0,0.0,13.0,1.0,2.0,2.0,170.0
1.0,0.0,1.0,0.0,0.0,1.0,0.0,0.0,0.0,0.0,0.0,1.0,0.0,0.0,0.0,0.0,0.0,1.0,0.0,0.0,0.0,10.0,1.0,13.0,3.0,6.0,3.0,3.0,0.0,15.0,2.0,2.0,8.0,152.0
1.0,0.0,1.0,0.0,0.0,1.0,0.0,0.0,0.0,1.0,0.0,0.0,0.0,0.0,0.0,0.0,0.0,1.0,0.0,0.0,0.0,4.0,1.0,14.0,3.0,4.0,3.0,3.0,0.0,14.0,5.0,9.0,10.0,160.0
1.0,0.0,0.0,1.0,0.0,1.0,0.0,0.0,0.0,1.0,0.0,0.0,0.0,0.0,0.0,0.0,0.0,0.0,0.0,1.0,0.0,18.0,1.0,36.0,3.0,4.0,1.0,3.0,0.0,26.0,7.0,14.0,18.0,170.0
1.0,0.0,0.0,1.0,0.0,1.0,0.0,0.0,0.0,0.0,0.0,1.0,0.0,0.0,0.0,0.0,0.0,0.0,1.0,0.0,0.0,1.0,3.0,28.0,3.0,2.0,1.0,3.0,0.0,18.0,3.0,3.0,3.0,152.0
1.0,0.0,1.0,0.0,0.0,1.0,0.0,0.0,0.0,1.0,0.0,0.0,0.0,0.0,0.0,1.0,0.0,0.0,0.0,0.0,0.0,20.0,1.0,9.0,3.0,4.0,1.0,4.0,0.0,12.0,1.0,2.0,5.0,199.0
1.0,0.0,1.0,0.0,1.0,0.0,0.0,0.0,0.0,1.0,0.0,0.0,0.0,0.0,0.0,0.0,1.0,0.0,0.0,0.0,0.0,16.0,2.0,9.0,4.0,2.0,5.0,9.0,0.0,17.0,2.0,2.0,4.0,188.0
1.0,0.0,1.0,0.0,0.0,1.0,0.0,0.0,0.0,1.0,0.0,0.0,0.0,0.0,0.0,0.0,0.0,0.0,1.0,0.0,0.0,31.0,3.0,14.0,3.0,2.0,1.0,2.0,1.0,19.0,1.0,2.0,10.0,177.0
0.0,0.0,1.0,0.0,1.0,0.0,0.0,0.0,0.0,0.0,0.0,1.0,0.0,0.0,0.0,0.0,0.0,0.0,0.0,1.0,0.0,6.0,1.0,20.0,4.0,5.0,4.0,3.0,0.0,21.0,3.0,3.0,3.0,159.0
0.0,0.0,0.0,1.0,1.0,0.0,0.0,0.0,0.0,1.0,0.0,0.0,0.0,0.0,0.0,0.0,0.0,1.0,0.0,0.0,0.0,6.0,1.0,9.0,3.0,4.0,3.0,6.0,1.0,15.0,2.0,2.0,8.0,175.0
0.0,0.0,1.0,0.0,0.0,1.0,0.0,1.0,0.0,0.0,0.0,0.0,0.0,0.0,0.0,1.0,0.0,0.0,0.0,0.0,0.0,10.0,1.0,8.0,4.0,6.0,5.0,4.0,1.0,22.0,8.0,8.0,4.543490512868683,228.0
1.0,0.0,1.0,0.0,0.0,1.0,0.0,0.0,0.0,0.0,0.0,1.0,0.0,0.0,0.0,0.0,1.0,0.0,0.0,0.0,0.0,7.0,1.0,16.0,3.0,4.0,1.0,2.0,0.0,14.0,1.0,5.0,11.0,153.0
0.0,0.0,1.0,0.0,0.0,1.0,0.0,0.0,0.0,1.0,0.0,0.0,0.0,0.0,0.0,1.0,0.0,0.0,0.0,0.0,0.0,14.0,3.0,17.0,3.0,5.0,4.0,9.0,0.0,13.0,2.0,2.0,4.0,194.0
1.0,0.0,0.0,1.0,0.0,1.0,0.0,0.0,0.0,1.0,0.0,0.0,0.0,0.0,0.0,0.0,0.0,1.0,0.0,0.0,0.0,1.0,3.0,17.0,3.0,4.0,1.0,2.0,0.0,15.0,2.0,2.0,2.0,175.0
1.0,0.0,1.0,0.0,0.0,1.0,0.0,0.0,0.0,0.0,0.0,1.0,0.0,0.0,0.0,0.0,1.0,0.0,0.0,0.0,0.0,4.0,1.0,8.0,4.0,4.0,4.0,2.0,1.0,22.0,4.0,6.0,8.0,161.0
0.0,0.0,1.0,0.0,1.0,0.0,0.0,1.0,0.0,0.0,0.0,0.0,0.0,0.0,0.0,0.0,1.0,0.0,0.0,0.0,0.0,16.0,1.0,33.0,3.0,4.0,5.0,5.0,1.0,18.0,1.0,2.0,1.0,257.0
0.0,0.0,1.0,0.0,1.0,0.0,0.0,1.0,0.0,0.0,0.0,0.0,0.0,0.0,0.0,0.0,0.0,0.0,1.0,0.0,0.0,9.0,3.0,15.0,4.0,5.0,1.0,6.0,1.0,12.0,4.0,5.0,4.543490512868683,229.0
1.0,0.0,1.0,0.0,0.0,0.0,1.0,0.0,0.0,0.0,0.0,1.0,0.0,0.0,0.0,0.0,0.0,1.0,0.0,0.0,0.0,1.0,1.0,21.0,3.0,4.0,5.0,3.0,1.0,15.0,6.0,7.0,9.0,147.0
0.0,0.0,1.0,0.0,1.0,0.0,0.0,1.0,0.0,0.0,0.0,0.0,0.0,0.0,0.0,0.0,0.0,1.0,0.0,0.0,0.0,28.0,1.0,8.0,3.0,4.0,3.0,9.0,0.0,18.0,1.0,2.0,4.543490512868683,230.0
0.0,0.0,1.0,0.0,0.0,0.0,1.0,0.0,0.0,0.0,0.0,1.0,0.0,0.0,0.0,0.0,0.0,1.0,0.0,0.0,0.0,18.0,1.0,9.0,4.0,2.0,1.0,3.0,0.0,14.0,2.0,8.0,8.0,145.0
0.0,0.0,0.0,1.0,1.0,0.0,0.0,0.0,0.0,0.0,0.0,1.0,0.0,0.0,0.0,0.0,1.0,0.0,0.0,0.0,1.0,1.0,1.0,17.0,4.0,5.0,4.0,3.0,1.0,26.0,1.0,2.0,1.0,144.0
0.0,0.0,1.0,0.0,0.0,1.0,0.0,0.0,0.0,0.0,0.0,1.0,0.0,0.0,0.0,0.0,0.0,1.0,0.0,0.0,0.0,3.0,1.0,8.0,4.0,4.0,1.0,3.0,0.0,16.0,2.0,2.0,3.0,163.0
1.0,0.0,1.0,0.0,0.0,1.0,0.0,0.0,1.0,0.0,0.0,0.0,0.0,0.0,0.0,0.0,0.0,1.0,0.0,0.0,0.0,28.0,1.0,10.0,3.0,4.0,1.0,5.0,0.0,15.0,1.0,2.0,10.0,303.0
1.0,0.0,1.0,0.0,0.0,1.0,0.0,0.0,0.0,1.0,0.0,0.0,0.0,0.0,0.0,0.0,1.0,0.0,0.0,0.0,0.0,5.0,1.0,18.0,4.0,4.0,5.0,3.0,1.0,13.0,2.0,2.0,2.0,193.0
0.0,0.0,0.0,1.0,0.0,1.0,0.0,0.0,0.0,1.0,0.0,0.0,0.0,0.0,0.0,0.0,1.0,0.0,0.0,0.0,0.0,5.0,1.0,31.0,4.0,5.0,5.0,3.0,0.0,20.0,2.0,2.0,9.0,193.0
0.0,0.0,0.0,1.0,0.0,1.0,0.0,0.0,0.0,1.0,0.0,0.0,0.0,0.0,0.0,0.0,0.0,1.0,0.0,0.0,0.0,31.0,3.0,10.0,3.0,5.0,1.0,7.0,0.0,18.0,1.0,2.0,6.0,177.0
1.0,0.0,1.0,0.0,0.0,1.0,0.0,0.0,0.0,0.0,0.0,0.0,1.0,0.0,0.0,0.0,0.0,1.0,0.0,0.0,0.0,17.0,1.0,10.0,4.0,6.0,1.0,5.0,0.0,15.0,2.0,2.0,8.0,322.0
1.0,0.0,1.0,0.0,0.0,1.0,0.0,0.0,0.0,0.0,0.0,0.0,1.0,0.0,0.0,0.0,1.0,0.0,0.0,0.0,0.0,23.0,1.0,11.0,3.0,5.0,3.0,4.0,0.0,15.0,1.0,2.0,1.0,312.0
1.0,0.0,1.0,0.0,1.0,0.0,0.0,0.0,0.0,0.0,0.0,1.0,0.0,0.0,1.0,0.0,0.0,0.0,0.0,0.0,0.0,10.0,1.0,10.0,3.0,4.0,4.0,3.0,0.0,13.0,1.0,2.0,8.0,162.0
1.0,0.0,0.0,1.0,0.0,1.0,0.0,0.0,0.0,0.0,0.0,1.0,0.0,0.0,1.0,0.0,0.0,0.0,0.0,0.0,0.0,22.0,1.0,9.0,4.0,2.0,4.0,7.0,0.0,12.0,1.0,2.0,1.0,151.0
1.0,0.0,1.0,0.0,0.0,1.0,0.0,0.0,0.0,0.0,0.0,1.0,0.0,0.0,0.0,0.0,0.0,1.0,0.0,0.0,0.0,1.0,1.0,11.0,4.0,4.0,3.0,3.0,0.0,12.0,2.0,2.0,4.0,150.0
1.0,0.0,1.0,0.0,0.0,1.0,0.0,0.0,0.0,1.0,0.0,0.0,0.0,0.0,0.0,0.0,0.0,1.0,0.0,0.0,0.0,3.0,1.0,14.0,3.0,4.0,1.0,3.0,1.0,12.0,2.0,2.0,1.0,191.0
1.0,0.0,0.0,1.0,0.0,1.0,0.0,0.0,0.0,0.0,0.0,0.0,1.0,0.0,0.0,0.0,0.0,1.0,0.0,0.0,0.0,22.0,1.0,8.0,4.0,5.0,1.0,8.0,0.0,15.0,2.0,2.0,1.0,308.0
0.0,0.0,1.0,0.0,0.0,1.0,0.0,0.0,1.0,0.0,0.0,0.0,0.0,0.0,0.0,0.0,0.0,1.0,0.0,0.0,0.0,3.0,1.0,8.0,3.0,5.0,1.0,5.0,0.0,15.0,1.0,2.0,8.0,286.0
0.0,0.0,1.0,0.0,0.0,1.0,0.0,0.0,0.0,0.0,0.0,1.0,0.0,0.0,1.0,0.0,0.0,0.0,0.0,0.0,0.0,8.0,1.0,27.0,3.0,2.0,3.0,2.0,0.0,18.0,2.0,2.0,1.0,151.0
1.0,0.0,1.0,0.0,0.0,1.0,0.0,0.0,0.0,0.0,0.0,0.0,1.0,0.0,0.0,0.0,0.0,0.0,1.0,0.0,0.0,18.0,3.0,12.0,3.0,4.0,4.0,9.0,0.0,15.0,2.0,4.0,11.0,307.0
1.0,0.0,1.0,0.0,0.0,1.0,0.0,1.0,0.0,0.0,0.0,0.0,0.0,0.0,0.0,0.0,0.0,0.0,1.0,0.0,0.0,7.0,3.0,17.0,3.0,2.0,3.0,2.0,1.0,15.0,1.0,2.0,9.0,209.0
0.0,0.0,0.0,1.0,0.0,1.0,0.0,0.0,0.0,0.0,0.0,1.0,0.0,0.0,0.0,0.0,0.0,1.0,0.0,0.0,0.0,1.0,1.0,32.0,3.0,2.0,1.0,3.0,1.0,13.0,1.0,2.0,2.0,155.0
1.0,0.0,1.0,0.0,0.0,0.0,1.0,0.0,0.0,0.0,0.0,1.0,0.0,0.0,0.0,0.0,0.0,1.0,0.0,0.0,0.0,1.0,1.0,8.0,3.0,4.0,3.0,3.0,0.0,23.0,2.0,2.0,2.0,137.0
1.0,0.0,0.0,1.0,1.0,0.0,0.0,0.0,0.0,0.0,0.0,1.0,0.0,0.0,0.0,0.0,0.0,1.0,0.0,0.0,1.0,1.0,3.0,31.0,4.0,6.0,1.0,3.0,1.0,15.0,2.0,2.0,1.0,136.0
1.0,0.0,0.0,1.0,0.0,1.0,0.0,0.0,0.0,0.0,0.0,1.0,0.0,0.0,0.0,0.0,0.0,1.0,0.0,0.0,0.0,1.0,1.0,11.0,3.0,4.0,1.0,3.0,1.0,21.0,3.0,3.0,3.0,154.0
0.0,0.0,0.0,1.0,0.0,1.0,0.0,0.0,0.0,0.0,0.0,0.0,1.0,0.0,0.0,0.0,0.0,0.0,1.0,0.0,1.0,9.0,3.0,9.0,4.0,6.0,4.0,4.0,1.0,15.0,2.0,2.0,12.0,313.0
1.0,0.0,1.0,0.0,1.0,0.0,0.0,0.0,1.0,0.0,0.0,0.0,0.0,0.0,0.0,0.0,1.0,0.0,0.0,0.0,0.0,29.0,1.0,15.0,3.0,5.0,4.0,3.0,1.0,16.0,3.0,16.0,1.0,261.0
0.0,0.0,0.0,1.0,1.0,0.0,0.0,0.0,0.0,0.0,0.0,1.0,0.0,0.0,0.0,0.0,0.0,1.0,0.0,0.0,1.0,1.0,1.0,17.0,3.0,5.0,3.0,3.0,0.0,21.0,2.0,3.0,3.0,151.0
0.0,0.0,1.0,0.0,0.0,1.0,0.0,0.0,0.0,0.0,0.0,0.0,1.0,0.0,0.0,0.0,0.0,0.0,1.0,0.0,0.0,20.0,3.0,11.0,3.0,5.0,4.0,4.0,0.0,15.0,2.0,2.0,9.0,313.0
0.0,0.0,0.0,1.0,0.0,1.0,0.0,0.0,0.0,1.0,0.0,0.0,0.0,0.0,0.0,0.0,0.0,0.0,1.0,0.0,0.0,8.0,3.0,9.0,3.0,4.0,5.0,2.0,1.0,13.0,2.0,2.0,3.0,170.0
1.0,0.0,1.0,0.0,1.0,0.0,0.0,0.0,0.0,0.0,0.0,0.0,1.0,0.0,0.0,0.0,0.0,1.0,0.0,0.0,0.0,25.0,3.0,16.0,3.0,4.0,4.0,6.0,1.0,25.0,7.0,12.0,11.0,323.0
1.0,0.0,0.0,1.0,0.0,1.0,0.0,1.0,0.0,0.0,0.0,0.0,0.0,0.0,0.0,0.0,1.0,0.0,0.0,0.0,0.0,31.0,1.0,25.0,4.0,4.0,1.0,8.0,0.0,13.0,4.0,6.0,4.543490512868683,230.0
0.0,0.0,1.0,0.0,1.0,0.0,0.0,0.0,0.0,1.0,0.0,0.0,0.0,0.0,0.0,0.0,1.0,0.0,0.0,0.0,0.0,8.0,1.0,26.0,3.0,4.0,4.0,6.0,0.0,14.0,1.0,6.0,11.0,169.0
1.0,0.0,0.0,1.0,1.0,0.0,0.0,0.0,0.0,0.0,0.0,1.0,0.0,0.0,0.0,0.0,1.0,0.0,0.0,0.0,0.0,2.0,1.0,8.0,3.0,4.0,3.0,2.0,1.0,12.0,2.0,2.0,3.0,147.0
1.0,0.0,1.0,0.0,0.0,1.0,0.0,0.0,0.0,0.0,0.0,0.0,1.0,0.0,0.0,0.0,0.0,1.0,0.0,0.0,0.0,18.0,1.0,11.0,4.0,2.0,5.0,3.0,0.0,15.0,3.0,15.0,14.0,317.0
1.0,0.0,1.0,0.0,1.0,0.0,0.0,0.0,0.0,1.0,0.0,0.0,0.0,0.0,0.0,0.0,0.0,1.0,0.0,0.0,0.0,8.0,2.0,18.0,3.0,5.0,4.0,6.0,0.0,12.0,1.0,2.0,9.0,170.0
1.0,0.0,1.0,0.0,0.0,1.0,0.0,0.0,0.0,0.0,0.0,1.0,0.0,0.0,0.0,0.0,0.0,1.0,0.0,0.0,0.0,9.0,1.0,13.0,4.0,4.0,3.0,2.0,1.0,15.0,2.0,3.0,3.0,160.0
0.0,0.0,1.0,0.0,0.0,0.0,1.0,0.0,0.0,1.0,0.0,0.0,0.0,0.0,0.0,0.0,1.0,0.0,0.0,0.0,0.0,16.0,1.0,14.0,4.0,2.0,4.0,8.0,1.0,17.0,1.0,2.0,1.0,149.0
0.0,0.0,0.0,1.0,0.0,1.0,0.0,1.0,0.0,0.0,0.0,0.0,0.0,0.0,0.0,0.0,0.0,0.0,1.0,0.0,0.0,17.0,3.0,11.0,3.0,5.0,1.0,5.0,0.0,15.0,11.0,16.0,4.543490512868683,227.0
0.0,0.0,0.0,1.0,0.0,1.0,0.0,0.0,0.0,1.0,0.0,0.0,0.0,0.0,0.0,0.0,0.0,1.0,0.0,0.0,0.0,10.0,1.0,9.0,3.0,4.0,4.0,11.0,1.0,12.0,5.0,6.0,13.0,179.0
0.0,0.0,1.0,0.0,0.0,1.0,0.0,1.0,0.0,0.0,0.0,0.0,0.0,0.0,0.0,0.0,1.0,0.0,0.0,0.0,1.0,8.0,1.0,22.0,4.0,4.0,1.0,3.0,0.0,12.0,1.0,2.0,6.0,205.0
1.0,0.0,1.0,0.0,1.0,0.0,0.0,0.0,0.0,0.0,0.0,1.0,0.0,0.0,0.0,0.0,0.0,1.0,0.0,0.0,0.0,2.0,1.0,9.0,3.0,5.0,1.0,3.0,1.0,13.0,1.0,3.0,3.0,164.0
0.0,0.0,0.0,1.0,1.0,0.0,0.0,0.0,0.0,0.0,0.0,1.0,0.0,0.0,0.0,0.0,1.0,0.0,0.0,0.0,0.0,25.0,1.0,13.0,3.0,5.0,3.0,2.0,0.0,15.0,4.0,8.0,8.0,153.0
0.0,0.0,0.0,1.0,1.0,0.0,0.0,0.0,0.0,1.0,0.0,0.0,0.0,0.0,0.0,0.0,1.0,0.0,0.0,0.0,0.0,4.0,1.0,16.0,4.0,4.0,3.0,9.0,1.0,19.0,1.0,2.0,8.0,172.0
0.0,0.0,1.0,0.0,0.0,1.0,0.0,0.0,0.0,0.0,0.0,1.0,0.0,0.0,1.0,0.0,0.0,0.0,0.0,0.0,1.0,1.0,1.0,14.0,3.0,4.0,3.0,5.0,1.0,14.0,5.0,8.0,8.0,158.0
1.0,0.0,0.0,1.0,0.0,0.0,1.0,0.0,0.0,0.0,0.0,1.0,0.0,0.0,1.0,0.0,0.0,0.0,0.0,0.0,0.0,2.0,1.0,8.0,3.0,4.0,5.0,4.0,0.0,12.0,2.0,2.0,3.0,146.0
0.0,0.0,0.0,1.0,0.0,0.0,1.0,0.0,0.0,0.0,0.0,1.0,0.0,0.0,0.0,0.0,1.0,0.0,0.0,0.0,0.0,1.0,1.0,8.0,3.0,4.0,4.0,3.0,0.0,19.0,2.0,3.0,2.0,146.0
1.0,0.0,1.0,0.0,0.0,1.0,0.0,0.0,0.0,1.0,0.0,0.0,0.0,0.0,0.0,0.0,1.0,0.0,0.0,0.0,0.0,6.0,3.0,15.0,3.0,2.0,1.0,3.0,0.0,16.0,1.0,2.0,9.0,187.0
0.0,0.0,0.0,1.0,1.0,0.0,0.0,0.0,0.0,0.0,0.0,0.0,1.0,0.0,0.0,0.0,1.0,0.0,0.0,0.0,0.0,19.0,1.0,32.0,3.0,4.0,4.0,5.0,0.0,15.0,1.0,2.0,1.0,306.0
0.0,0.0,1.0,0.0,0.0,1.0,0.0,0.0,1.0,0.0,0.0,0.0,0.0,0.0,0.0,0.0,1.0,0.0,0.0,0.0,0.0,13.0,1.0,20.0,4.0,5.0,4.0,8.0,1.0,15.0,11.0,16.0,3.0,296.0
1.0,0.0,1.0,0.0,0.0,0.0,1.0,0.0,0.0,0.0,0.0,1.0,0.0,0.0,0.0,0.0,0.0,1.0,0.0,0.0,0.0,31.0,1.0,30.0,3.0,4.0,3.0,3.0,0.0,13.0,2.0,3.0,3.0,149.0
1.0,0.0,1.0,0.0,0.0,1.0,0.0,0.0,0.0,1.0,0.0,0.0,0.0,0.0,0.0,0.0,0.0,1.0,0.0,0.0,1.0,1.0,1.0,14.0,4.0,4.0,3.0,3.0,0.0,19.0,1.0,2.0,2.0,174.0
1.0,0.0,0.0,1.0,0.0,1.0,0.0,0.0,0.0,0.0,0.0,1.0,0.0,0.0,0.0,0.0,1.0,0.0,0.0,0.0,1.0,3.0,1.0,30.0,4.0,4.0,5.0,2.0,0.0,14.0,1.0,2.0,4.0,164.0
0.0,0.0,1.0,0.0,0.0,1.0,0.0,0.0,0.0,1.0,0.0,0.0,0.0,0.0,1.0,0.0,0.0,0.0,0.0,0.0,0.0,4.0,1.0,13.0,3.0,5.0,1.0,2.0,0.0,13.0,6.0,7.0,8.0,171.0
0.0,0.0,1.0,0.0,0.0,1.0,0.0,1.0,0.0,0.0,0.0,0.0,0.0,0.0,0.0,1.0,0.0,0.0,0.0,0.0,0.0,10.0,1.0,17.0,4.0,4.0,3.0,5.0,0.0,13.0,2.0,2.0,8.0,196.0
0.0,0.0,0.0,1.0,0.0,1.0,0.0,0.0,0.0,0.0,0.0,1.0,0.0,0.0,0.0,0.0,0.0,1.0,0.0,0.0,0.0,20.0,2.0,8.0,3.0,4.0,5.0,8.0,0.0,13.0,3.0,6.0,8.0,159.0
0.0,0.0,1.0,0.0,1.0,0.0,0.0,0.0,0.0,1.0,0.0,0.0,0.0,0.0,0.0,0.0,0.0,1.0,0.0,0.0,0.0,2.0,1.0,8.0,3.0,6.0,1.0,2.0,0.0,12.0,8.0,8.0,6.0,192.0
0.0,0.0,1.0,0.0,0.0,1.0,0.0,0.0,1.0,0.0,0.0,0.0,0.0,0.0,0.0,0.0,0.0,1.0,0.0,0.0,0.0,24.0,1.0,35.0,3.0,4.0,5.0,6.0,1.0,15.0,1.0,2.0,3.0,294.0
1.0,0.0,0.0,1.0,0.0,1.0,0.0,1.0,0.0,0.0,0.0,0.0,0.0,0.0,0.0,0.0,0.0,0.0,1.0,0.0,1.0,4.0,3.0,32.0,3.0,5.0,4.0,4.0,1.0,13.0,2.0,2.0,4.543490512868683,216.0
1.0,0.0,0.0,1.0,0.0,1.0,0.0,1.0,0.0,0.0,0.0,0.0,0.0,0.0,0.0,0.0,0.0,1.0,0.0,0.0,1.0,16.0,3.0,12.0,4.0,4.0,4.0,11.0,1.0,20.0,8.0,8.0,4.543490512868683,209.0
0.0,0.0,1.0,0.0,0.0,1.0,0.0,1.0,0.0,0.0,0.0,0.0,0.0,0.0,0.0,0.0,1.0,0.0,0.0,0.0,0.0,4.0,1.0,24.0,4.0,4.0,5.0,3.0,1.0,24.0,2.0,2.0,9.0,244.0
1.0,0.0,0.0,1.0,0.0,1.0,0.0,0.0,0.0,1.0,0.0,0.0,0.0,0.0,0.0,0.0,0.0,1.0,0.0,0.0,0.0,13.0,1.0,25.0,3.0,4.0,3.0,2.0,0.0,12.0,2.0,2.0,8.0,170.0
0.0,0.0,1.0,0.0,1.0,0.0,0.0,1.0,0.0,0.0,0.0,0.0,0.0,0.0,0.0,0.0,0.0,1.0,0.0,0.0,0.0,5.0,3.0,9.0,3.0,4.0,3.0,3.0,1.0,20.0,9.0,10.0,4.543490512868683,224.0
1.0,0.0,0.0,1.0,1.0,0.0,0.0,0.0,0.0,1.0,0.0,0.0,0.0,0.0,0.0,0.0,1.0,0.0,0.0,0.0,0.0,15.0,3.0,17.0,3.0,6.0,4.0,3.0,0.0,14.0,4.0,12.0,10.0,187.0
0.0,0.0,0.0,1.0,1.0,0.0,0.0,0.0,0.0,0.0,0.0,1.0,0.0,0.0,0.0,0.0,0.0,1.0,0.0,0.0,1.0,1.0,3.0,8.0,3.0,4.0,4.0,3.0,1.0,12.0,3.0,3.0,3.0,148.0
1.0,0.0,1.0,0.0,0.0,0.0,1.0,0.0,0.0,0.0,0.0,1.0,0.0,0.0,0.0,0.0,0.0,1.0,0.0,0.0,1.0,8.0,1.0,10.0,3.0,4.0,5.0,6.0,0.0,13.0,2.0,2.0,3.0,149.0
1.0,0.0,1.0,0.0,1.0,0.0,0.0,0.0,1.0,0.0,0.0,0.0,0.0,0.0,0.0,0.0,0.0,1.0,0.0,0.0,0.0,16.0,1.0,9.0,3.0,4.0,3.0,2.0,1.0,15.0,1.0,3.0,11.0,304.0
0.0,0.0,1.0,0.0,0.0,1.0,0.0,0.0,0.0,0.0,0.0,0.0,1.0,0.0,0.0,0.0,1.0,0.0,0.0,0.0,0.0,29.0,1.0,9.0,3.0,6.0,3.0,6.0,0.0,15.0,5.0,10.0,12.0,317.0
1.0,0.0,0.0,1.0,0.0,1.0,0.0,0.0,0.0,0.0,0.0,0.0,1.0,0.0,0.0,0.0,0.0,1.0,0.0,0.0,0.0,30.0,2.0,15.0,4.0,4.0,4.0,8.0,0.0,15.0,3.0,8.0,8.0,322.0
1.0,0.0,1.0,0.0,1.0,0.0,0.0,0.0,0.0,0.0,0.0,1.0,0.0,0.0,0.0,0.0,0.0,1.0,0.0,0.0,0.0,14.0,1.0,23.0,4.0,4.0,3.0,11.0,0.0,17.0,2.0,2.0,1.0,160.0
1.0,0.0,1.0,0.0,0.0,1.0,0.0,1.0,0.0,0.0,0.0,0.0,0.0,0.0,0.0,0.0,0.0,1.0,0.0,0.0,0.0,8.0,1.0,16.0,3.0,4.0,1.0,2.0,0.0,12.0,1.0,2.0,4.543490512868683,210.0
1.0,0.0,0.0,1.0,0.0,1.0,0.0,0.0,0.0,1.0,0.0,0.0,0.0,0.0,0.0,0.0,0.0,1.0,0.0,0.0,0.0,14.0,1.0,9.0,4.0,4.0,1.0,3.0,0.0,14.0,4.0,9.0,9.0,172.0
0.0,0.0,1.0,0.0,1.0,0.0,0.0,0.0,0.0,1.0,0.0,0.0,0.0,0.0,0.0,0.0,0.0,0.0,1.0,0.0,0.0,15.0,3.0,8.0,4.0,4.0,5.0,2.0,0.0,18.0,1.0,2.0,8.0,166.0
1.0,0.0,0.0,1.0,1.0,0.0,0.0,0.0,0.0,1.0,0.0,0.0,0.0,0.0,0.0,0.0,0.0,1.0,0.0,0.0,0.0,9.0,1.0,11.0,3.0,4.0,3.0,3.0,1.0,12.0,2.0,2.0,2.0,167.0
1.0,0.0,1.0,0.0,0.0,1.0,0.0,0.0,1.0,0.0,0.0,0.0,0.0,0.0,0.0,0.0,0.0,1.0,0.0,0.0,0.0,25.0,2.0,12.0,3.0,4.0,4.0,3.0,1.0,12.0,1.0,2.0,11.0,265.0
0.0,0.0,1.0,0.0,0.0,1.0,0.0,0.0,0.0,1.0,0.0,0.0,0.0,0.0,0.0,0.0,0.0,1.0,0.0,0.0,0.0,12.0,3.0,9.0,3.0,4.0,5.0,5.0,0.0,16.0,1.0,2.0,8.0,194.0
0.0,0.0,0.0,1.0,0.0,1.0,0.0,0.0,0.0,1.0,0.0,0.0,0.0,0.0,0.0,0.0,1.0,0.0,0.0,0.0,0.0,8.0,3.0,22.0,4.0,4.0,5.0,3.0,0.0,13.0,5.0,10.0,7.0,186.0
1.0,0.0,1.0,0.0,0.0,1.0,0.0,0.0,0.0,0.0,0.0,1.0,0.0,0.0,0.0,0.0,1.0,0.0,0.0,0.0,0.0,1.0,1.0,26.0,4.0,4.0,1.0,5.0,0.0,12.0,1.0,2.0,3.0,162.0
0.0,0.0,1.0,0.0,0.0,1.0,0.0,1.0,0.0,0.0,0.0,0.0,0.0,0.0,0.0,0.0,1.0,0.0,0.0,0.0,1.0,21.0,1.0,14.0,3.0,5.0,5.0,9.0,1.0,15.0,2.0,6.0,4.543490512868683,225.0
1.0,0.0,1.0,0.0,0.0,0.0,1.0,0.0,0.0,0.0,0.0,1.0,0.0,0.0,0.0,0.0,0.0,1.0,0.0,0.0,0.0,14.0,1.0,8.0,3.0,4.0,4.0,5.0,0.0,23.0,2.0,2.0,4.0,149.0
0.0,0.0,1.0,0.0,1.0,0.0,0.0,0.0,0.0,1.0,0.0,0.0,0.0,0.0,0.0,0.0,0.0,0.0,1.0,0.0,0.0,10.0,3.0,14.0,3.0,2.0,5.0,4.0,0.0,17.0,6.0,7.0,14.0,171.0
1.0,0.0,0.0,1.0,0.0,1.0,0.0,1.0,0.0,0.0,0.0,0.0,0.0,0.0,0.0,0.0,0.0,1.0,0.0,0.0,0.0,22.0,1.0,11.0,3.0,4.0,1.0,3.0,0.0,12.0,2.0,2.0,9.0,204.0
0.0,0.0,1.0,0.0,0.0,1.0,0.0,0.0,0.0,0.0,0.0,1.0,0.0,0.0,0.0,0.0,1.0,0.0,0.0,0.0,0.0,1.0,3.0,18.0,4.0,2.0,1.0,10.0,0.0,15.0,1.0,2.0,1.0,150.0
0.0,0.0,0.0,1.0,0.0,1.0,0.0,0.0,1.0,0.0,0.0,0.0,0.0,0.0,0.0,1.0,0.0,0.0,0.0,0.0,0.0,25.0,1.0,18.0,3.0,5.0,4.0,5.0,0.0,17.0,1.0,2.0,4.0,256.0
0.0,0.0,0.0,1.0,1.0,0.0,0.0,0.0,0.0,0.0,0.0,1.0,0.0,0.0,0.0,0.0,0.0,1.0,0.0,0.0,0.0,1.0,1.0,8.0,4.0,4.0,1.0,3.0,0.0,16.0,2.0,2.0,1.0,141.0
0.0,0.0,1.0,0.0,0.0,1.0,0.0,0.0,0.0,1.0,0.0,0.0,0.0,0.0,0.0,0.0,1.0,0.0,0.0,0.0,0.0,9.0,1.0,8.0,3.0,5.0,1.0,2.0,0.0,13.0,1.0,2.0,1.0,179.0
1.0,0.0,0.0,1.0,1.0,0.0,0.0,0.0,0.0,1.0,0.0,0.0,0.0,0.0,0.0,0.0,0.0,1.0,0.0,0.0,0.0,1.0,3.0,9.0,3.0,6.0,1.0,5.0,0.0,21.0,1.0,2.0,1.0,176.0
1.0,0.0,0.0,1.0,0.0,1.0,0.0,0.0,1.0,0.0,0.0,0.0,0.0,0.0,0.0,0.0,0.0,0.0,1.0,0.0,1.0,19.0,3.0,20.0,3.0,2.0,3.0,8.0,1.0,18.0,1.0,4.0,9.0,262.0
1.0,0.0,1.0,0.0,0.0,1.0,0.0,0.0,1.0,0.0,0.0,0.0,0.0,0.0,0.0,0.0,0.0,1.0,0.0,0.0,0.0,30.0,1.0,30.0,4.0,4.0,4.0,6.0,1.0,13.0,14.0,2.0,10.0,259.0
0.0,0.0,1.0,0.0,1.0,0.0,0.0,0.0,0.0,0.0,0.0,1.0,0.0,0.0,1.0,0.0,0.0,0.0,0.0,0.0,0.0,8.0,1.0,33.0,4.0,5.0,3.0,3.0,0.0,21.0,2.0,2.0,1.0,145.0
0.0,0.0,1.0,0.0,0.0,1.0,0.0,0.0,0.0,1.0,0.0,0.0,0.0,0.0,0.0,0.0,1.0,0.0,0.0,0.0,0.0,14.0,1.0,9.0,3.0,2.0,3.0,7.0,0.0,21.0,7.0,12.0,9.0,189.0
1.0,0.0,1.0,0.0,0.0,1.0,0.0,0.0,0.0,1.0,0.0,0.0,0.0,0.0,0.0,0.0,1.0,0.0,0.0,0.0,0.0,8.0,1.0,36.0,3.0,4.0,3.0,6.0,0.0,14.0,6.0,8.0,8.0,179.0
0.0,0.0,0.0,1.0,1.0,0.0,0.0,0.0,0.0,0.0,0.0,1.0,0.0,0.0,0.0,0.0,0.0,1.0,0.0,0.0,1.0,1.0,3.0,9.0,3.0,5.0,1.0,9.0,0.0,15.0,1.0,2.0,1.0,153.0
0.0,0.0,1.0,0.0,1.0,0.0,0.0,0.0,0.0,1.0,0.0,0.0,0.0,0.0,0.0,0.0,0.0,0.0,1.0,0.0,1.0,1.0,3.0,25.0,4.0,4.0,3.0,2.0,1.0,19.0,1.0,4.0,3.0,171.0
1.0,0.0,1.0,0.0,1.0,0.0,0.0,0.0,0.0,0.0,0.0,1.0,0.0,0.0,0.0,0.0,0.0,1.0,0.0,0.0,0.0,12.0,1.0,14.0,3.0,2.0,3.0,3.0,0.0,12.0,1.0,2.0,4.0,151.0
0.0,0.0,0.0,1.0,0.0,1.0,0.0,0.0,0.0,1.0,0.0,0.0,0.0,0.0,1.0,0.0,0.0,0.0,0.0,0.0,0.0,8.0,1.0,9.0,4.0,4.0,1.0,3.0,0.0,12.0,5.0,5.0,12.0,192.0
1.0,0.0,1.0,0.0,0.0,1.0,0.0,0.0,0.0,1.0,0.0,0.0,0.0,0.0,0.0,0.0,0.0,1.0,0.0,0.0,0.0,2.0,3.0,33.0,3.0,5.0,5.0,3.0,0.0,12.0,2.0,2.0,5.0,172.0
1.0,0.0,1.0,0.0,0.0,1.0,0.0,0.0,0.0,1.0,0.0,0.0,0.0,0.0,0.0,0.0,1.0,0.0,0.0,0.0,1.0,1.0,1.0,29.0,4.0,4.0,3.0,3.0,1.0,16.0,6.0,7.0,8.0,187.0
1.0,0.0,1.0,0.0,0.0,1.0,0.0,0.0,0.0,1.0,0.0,0.0,0.0,0.0,0.0,0.0,0.0,1.0,0.0,0.0,0.0,13.0,3.0,28.0,3.0,5.0,1.0,5.0,1.0,13.0,1.0,2.0,5.0,186.0
1.0,0.0,1.0,0.0,1.0,0.0,0.0,1.0,0.0,0.0,0.0,0.0,0.0,0.0,0.0,0.0,0.0,0.0,1.0,0.0,0.0,25.0,3.0,9.0,3.0,4.0,4.0,4.0,0.0,12.0,4.0,4.0,4.543490512868683,231.0
0.0,0.0,1.0,0.0,1.0,0.0,0.0,0.0,0.0,1.0,0.0,0.0,0.0,0.0,0.0,0.0,0.0,1.0,0.0,0.0,0.0,15.0,1.0,29.0,4.0,4.0,1.0,5.0,1.0,15.0,3.0,4.0,4.0,180.0
1.0,0.0,1.0,0.0,0.0,1.0,0.0,0.0,0.0,0.0,0.0,1.0,0.0,0.0,0.0,0.0,0.0,1.0,0.0,0.0,0.0,11.0,1.0,11.0,3.0,4.0,3.0,9.0,1.0,16.0,2.0,2.0,4.0,155.0
1.0,0.0,1.0,0.0,1.0,0.0,0.0,0.0,0.0,1.0,0.0,0.0,0.0,0.0,0.0,0.0,0.0,1.0,0.0,0.0,0.0,7.0,3.0,12.0,4.0,4.0,1.0,8.0,0.0,14.0,2.0,2.0,4.543490512868683,225.0
1.0,0.0,1.0,0.0,0.0,1.0,0.0,0.0,0.0,1.0,0.0,0.0,0.0,0.0,0.0,0.0,0.0,0.0,1.0,0.0,0.0,6.0,3.0,9.0,3.0,4.0,4.0,2.0,1.0,14.0,2.0,2.0,3.0,166.0
1.0,0.0,1.0,0.0,1.0,0.0,0.0,1.0,0.0,0.0,0.0,0.0,0.0,0.0,0.0,0.0,0.0,1.0,0.0,0.0,0.0,13.0,1.0,32.0,4.0,4.0,3.0,5.0,0.0,22.0,1.0,2.0,6.0,234.0
1.0,0.0,1.0,0.0,0.0,1.0,0.0,0.0,0.0,1.0,0.0,0.0,0.0,0.0,0.0,0.0,0.0,1.0,0.0,0.0,0.0,1.0,3.0,25.0,4.0,2.0,3.0,4.0,0.0,12.0,2.0,2.0,3.0,187.0
0.0,0.0,1.0,0.0,1.0,0.0,0.0,0.0,1.0,0.0,0.0,0.0,0.0,0.0,0.0,0.0,1.0,0.0,0.0,0.0,0.0,26.0,1.0,35.0,3.0,2.0,3.0,4.0,1.0,12.0,2.0,2.0,3.0,257.0
0.0,0.0,0.0,1.0,0.0,1.0,0.0,0.0,0.0,1.0,0.0,0.0,0.0,0.0,0.0,0.0,1.0,0.0,0.0,0.0,0.0,17.0,1.0,13.0,4.0,5.0,3.0,3.0,1.0,15.0,1.0,2.0,9.0,166.0
0.0,0.0,1.0,0.0,0.0,1.0,0.0,0.0,0.0,1.0,0.0,0.0,0.0,0.0,0.0,0.0,0.0,0.0,1.0,0.0,0.0,1.0,3.0,17.0,4.0,5.0,1.0,3.0,1.0,12.0,2.0,5.0,5.0,183.0
0.0,0.0,0.0,1.0,0.0,0.0,1.0,0.0,0.0,0.0,0.0,1.0,0.0,0.0,0.0,0.0,0.0,1.0,0.0,0.0,1.0,1.0,1.0,24.0,3.0,4.0,3.0,3.0,1.0,14.0,5.0,8.0,8.0,149.0
1.0,0.0,0.0,1.0,0.0,1.0,0.0,0.0,0.0,0.0,0.0,1.0,0.0,0.0,0.0,0.0,1.0,0.0,0.0,0.0,0.0,1.0,1.0,9.0,3.0,5.0,1.0,2.0,0.0,13.0,2.0,2.0,2.0,164.0
0.0,0.0,1.0,0.0,0.0,1.0,0.0,0.0,1.0,0.0,0.0,0.0,0.0,0.0,0.0,0.0,0.0,0.0,0.0,1.0,0.0,16.0,2.0,17.0,3.0,4.0,5.0,2.0,0.0,15.0,1.0,2.0,10.0,293.0
0.0,0.0,1.0,0.0,0.0,1.0,0.0,0.0,0.0,0.0,0.0,1.0,0.0,0.0,0.0,0.0,0.0,0.0,0.0,1.0,0.0,26.0,1.0,15.0,3.0,4.0,5.0,11.0,0.0,14.0,2.0,2.0,5.0,155.0
0.0,0.0,0.0,1.0,0.0,1.0,0.0,0.0,0.0,0.0,0.0,1.0,0.0,0.0,0.0,0.0,1.0,0.0,0.0,0.0,0.0,11.0,1.0,18.0,4.0,4.0,3.0,6.0,0.0,19.0,2.0,2.0,3.0,161.0
1.0,0.0,0.0,1.0,1.0,0.0,0.0,1.0,0.0,0.0,0.0,0.0,0.0,0.0,0.0,0.0,0.0,1.0,0.0,0.0,0.0,9.0,1.0,25.0,3.0,4.0,1.0,4.0,0.0,12.0,3.0,3.0,4.543490512868683,219.0
1.0,0.0,1.0,0.0,0.0,1.0,0.0,0.0,0.0,0.0,0.0,1.0,0.0,0.0,1.0,0.0,0.0,0.0,0.0,0.0,0.0,1.0,1.0,8.0,3.0,4.0,1.0,6.0,0.0,12.0,1.0,2.0,3.0,157.0
1.0,0.0,0.0,1.0,0.0,1.0,0.0,0.0,0.0,0.0,0.0,1.0,0.0,0.0,0.0,0.0,0.0,0.0,0.0,1.0,0.0,1.0,1.0,14.0,4.0,2.0,5.0,2.0,0.0,13.0,1.0,2.0,8.0,161.0
1.0,0.0,0.0,1.0,0.0,1.0,0.0,1.0,0.0,0.0,0.0,0.0,0.0,0.0,0.0,0.0,0.0,0.0,0.0,1.0,0.0,3.0,2.0,24.0,3.0,5.0,5.0,3.0,0.0,14.0,1.0,2.0,10.0,205.0
1.0,0.0,0.0,1.0,1.0,0.0,0.0,0.0,0.0,1.0,0.0,0.0,0.0,0.0,0.0,0.0,0.0,1.0,0.0,0.0,1.0,13.0,1.0,35.0,4.0,5.0,5.0,5.0,0.0,21.0,1.0,2.0,4.0,168.0
0.0,0.0,0.0,1.0,1.0,0.0,0.0,1.0,0.0,0.0,0.0,0.0,0.0,0.0,0.0,0.0,0.0,0.0,0.0,1.0,1.0,1.0,1.0,21.0,3.0,4.0,1.0,2.0,1.0,13.0,5.0,8.0,8.0,201.0
0.0,0.0,0.0,1.0,0.0,1.0,0.0,0.0,1.0,0.0,0.0,0.0,0.0,0.0,0.0,0.0,1.0,0.0,0.0,0.0,0.0,28.0,1.0,8.0,3.0,4.0,1.0,8.0,0.0,15.0,7.0,13.0,8.0,298.0
0.0,0.0,1.0,0.0,0.0,1.0,0.0,0.0,0.0,0.0,0.0,0.0,1.0,0.0,0.0,0.0,1.0,0.0,0.0,0.0,0.0,31.0,1.0,8.0,4.0,4.0,5.0,5.0,1.0,15.0,2.0,2.0,6.0,322.0
1.0,0.0,1.0,0.0,0.0,1.0,0.0,0.0,1.0,0.0,0.0,0.0,0.0,0.0,0.0,0.0,1.0,0.0,0.0,0.0,0.0,29.0,1.0,8.0,3.0,2.0,1.0,4.0,0.0,14.0,1.0,2.0,1.0,272.0
0.0,0.0,0.0,1.0,0.0,1.0,0.0,0.0,0.0,1.0,0.0,0.0,0.0,0.0,0.0,0.0,0.0,0.0,1.0,0.0,0.0,10.0,3.0,10.0,4.0,4.0,4.0,5.0,1.0,17.0,1.0,2.0,4.543490512868683,218.0
0.0,0.0,0.0,1.0,1.0,0.0,0.0,0.0,0.0,0.0,0.0,1.0,0.0,0.0,0.0,0.0,0.0,1.0,0.0,0.0,1.0,1.0,3.0,8.0,3.0,6.0,3.0,3.0,0.0,13.0,1.0,2.0,1.0,139.0
0.0,0.0,1.0,0.0,0.0,1.0,0.0,0.0,0.0,1.0,0.0,0.0,0.0,0.0,0.0,0.0,0.0,0.0,1.0,0.0,0.0,4.0,3.0,14.0,4.0,4.0,5.0,9.0,0.0,15.0,2.0,2.0,3.0,173.0
0.0,0.0,0.0,1.0,0.0,1.0,0.0,0.0,1.0,0.0,0.0,0.0,0.0,0.0,0.0,0.0,0.0,1.0,0.0,0.0,0.0,5.0,1.0,15.0,4.0,4.0,4.0,5.0,0.0,12.0,1.0,2.0,1.0,289.0
1.0,0.0,1.0,0.0,1.0,0.0,0.0,0.0,0.0,0.0,0.0,1.0,0.0,0.0,0.0,0.0,0.0,0.0,0.0,1.0,0.0,8.0,1.0,8.0,4.0,4.0,5.0,7.0,0.0,15.0,2.0,2.0,4.0,155.0
0.0,0.0,0.0,1.0,0.0,0.0,1.0,0.0,0.0,0.0,0.0,1.0,0.0,0.0,0.0,0.0,0.0,1.0,0.0,0.0,1.0,1.0,1.0,15.0,3.0,5.0,4.0,3.0,0.0,13.0,1.0,2.0,1.0,138.0
1.0,0.0,1.0,0.0,0.0,0.0,1.0,0.0,0.0,0.0,0.0,1.0,0.0,0.0,0.0,0.0,0.0,1.0,0.0,0.0,0.0,1.0,1.0,18.0,4.0,4.0,5.0,2.0,0.0,15.0,2.0,2.0,5.0,146.0
1.0,0.0,0.0,1.0,0.0,1.0,0.0,0.0,0.0,1.0,0.0,0.0,0.0,0.0,0.0,0.0,0.0,1.0,0.0,0.0,0.0,10.0,1.0,11.0,3.0,5.0,1.0,3.0,0.0,17.0,1.0,2.0,9.0,183.0
0.0,0.0,1.0,0.0,0.0,1.0,0.0,0.0,0.0,1.0,0.0,0.0,0.0,0.0,0.0,0.0,0.0,0.0,1.0,0.0,0.0,10.0,3.0,23.0,4.0,5.0,5.0,6.0,0.0,14.0,2.0,2.0,3.0,181.0
1.0,0.0,1.0,0.0,0.0,1.0,0.0,0.0,0.0,0.0,0.0,1.0,0.0,0.0,1.0,0.0,0.0,0.0,0.0,0.0,0.0,21.0,1.0,8.0,4.0,4.0,1.0,9.0,0.0,13.0,2.0,2.0,3.0,159.0
1.0,0.0,1.0,0.0,0.0,1.0,0.0,0.0,0.0,0.0,0.0,1.0,0.0,0.0,0.0,0.0,0.0,1.0,0.0,0.0,1.0,1.0,3.0,16.0,4.0,5.0,5.0,5.0,0.0,13.0,3.0,3.0,3.0,169.0
1.0,0.0,0.0,1.0,1.0,0.0,0.0,0.0,0.0,0.0,0.0,1.0,0.0,0.0,1.0,0.0,0.0,0.0,0.0,0.0,0.0,11.0,1.0,12.0,3.0,2.0,3.0,2.0,0.0,15.0,1.0,2.0,4.0,160.0
0.0,0.0,1.0,0.0,0.0,0.0,1.0,0.0,0.0,0.0,0.0,1.0,0.0,0.0,0.0,0.0,0.0,1.0,0.0,0.0,0.0,30.0,1.0,8.0,3.0,4.0,5.0,4.0,0.0,23.0,1.0,2.0,1.0,146.0
0.0,0.0,1.0,0.0,0.0,1.0,0.0,0.0,1.0,0.0,0.0,0.0,0.0,0.0,0.0,0.0,1.0,0.0,0.0,0.0,0.0,21.0,1.0,9.0,3.0,4.0,3.0,5.0,0.0,15.0,3.0,6.0,7.0,297.0
0.0,0.0,1.0,0.0,0.0,1.0,0.0,0.0,0.0,1.0,0.0,0.0,0.0,0.0,0.0,0.0,1.0,0.0,0.0,0.0,0.0,1.0,3.0,11.0,3.0,4.0,3.0,3.0,1.0,13.0,2.0,2.0,4.0,167.0
1.0,0.0,1.0,0.0,0.0,1.0,0.0,0.0,0.0,1.0,0.0,0.0,0.0,0.0,0.0,0.0,0.0,0.0,1.0,0.0,0.0,6.0,3.0,14.0,4.0,4.0,1.0,6.0,0.0,13.0,1.0,2.0,4.543490512868683,217.0
0.0,0.0,1.0,0.0,0.0,1.0,0.0,0.0,0.0,0.0,0.0,1.0,0.0,0.0,0.0,0.0,0.0,1.0,0.0,0.0,0.0,8.0,1.0,8.0,3.0,5.0,4.0,7.0,0.0,18.0,2.0,2.0,3.0,158.0
1.0,0.0,1.0,0.0,0.0,0.0,1.0,0.0,0.0,0.0,0.0,1.0,0.0,0.0,0.0,0.0,1.0,0.0,0.0,0.0,0.0,15.0,1.0,12.0,3.0,2.0,3.0,4.0,1.0,13.0,1.0,2.0,4.0,146.0
1.0,0.0,1.0,0.0,1.0,0.0,0.0,0.0,0.0,1.0,0.0,0.0,0.0,0.0,0.0,0.0,0.0,0.0,0.0,1.0,0.0,14.0,1.0,16.0,3.0,4.0,3.0,5.0,0.0,12.0,1.0,2.0,8.0,165.0
1.0,0.0,1.0,0.0,0.0,1.0,0.0,1.0,0.0,0.0,0.0,0.0,0.0,0.0,0.0,0.0,0.0,1.0,0.0,0.0,0.0,5.0,3.0,15.0,3.0,4.0,1.0,3.0,0.0,19.0,3.0,2.0,10.0,233.0
1.0,0.0,1.0,0.0,0.0,1.0,0.0,1.0,0.0,0.0,0.0,0.0,0.0,0.0,0.0,0.0,0.0,0.0,1.0,0.0,1.0,10.0,3.0,16.0,3.0,4.0,1.0,6.0,0.0,12.0,5.0,5.0,4.543490512868683,226.0
0.0,0.0,0.0,1.0,1.0,0.0,0.0,0.0,0.0,0.0,0.0,1.0,0.0,0.0,0.0,0.0,0.0,1.0,0.0,0.0,1.0,3.0,1.0,9.0,3.0,5.0,5.0,4.0,1.0,24.0,1.0,2.0,1.0,161.0
0.0,0.0,0.0,1.0,1.0,0.0,0.0,1.0,0.0,0.0,0.0,0.0,0.0,0.0,0.0,0.0,0.0,1.0,0.0,0.0,1.0,1.0,1.0,8.0,4.0,2.0,4.0,3.0,0.0,12.0,2.0,5.0,8.0,199.0
1.0,0.0,1.0,0.0,0.0,1.0,0.0,1.0,0.0,0.0,0.0,0.0,0.0,0.0,0.0,0.0,1.0,0.0,0.0,0.0,0.0,19.0,1.0,27.0,4.0,6.0,5.0,4.0,1.0,19.0,2.0,2.0,8.0,234.0
0.0,0.0,0.0,1.0,0.0,0.0,1.0,0.0,0.0,0.0,0.0,1.0,0.0,0.0,0.0,0.0,1.0,0.0,0.0,0.0,0.0,5.0,2.0,15.0,4.0,2.0,4.0,11.0,0.0,19.0,2.0,2.0,3.0,146.0
1.0,0.0,1.0,0.0,1.0,0.0,0.0,0.0,0.0,0.0,0.0,1.0,0.0,0.0,0.0,0.0,0.0,1.0,0.0,0.0,1.0,1.0,1.0,9.0,4.0,4.0,1.0,8.0,1.0,14.0,1.0,3.0,3.0,162.0
1.0,0.0,1.0,0.0,0.0,1.0,0.0,1.0,0.0,0.0,0.0,0.0,0.0,0.0,0.0,1.0,0.0,0.0,0.0,0.0,0.0,19.0,1.0,36.0,3.0,4.0,1.0,6.0,1.0,19.0,2.0,2.0,4.543490512868683,219.0
1.0,0.0,1.0,0.0,0.0,1.0,0.0,0.0,0.0,1.0,0.0,0.0,0.0,0.0,0.0,0.0,0.0,0.0,1.0,0.0,0.0,22.0,3.0,14.0,4.0,4.0,5.0,6.0,0.0,12.0,1.0,3.0,3.0,180.0
0.0,0.0,1.0,0.0,0.0,1.0,0.0,0.0,0.0,0.0,0.0,1.0,0.0,0.0,1.0,0.0,0.0,0.0,0.0,0.0,1.0,1.0,2.0,16.0,3.0,4.0,3.0,3.0,0.0,16.0,3.0,3.0,3.0,152.0
1.0,0.0,1.0,0.0,1.0,0.0,0.0,1.0,0.0,0.0,0.0,0.0,0.0,0.0,0.0,0.0,1.0,0.0,0.0,0.0,0.0,14.0,1.0,15.0,3.0,5.0,4.0,4.0,0.0,12.0,1.0,5.0,9.0,263.0
1.0,0.0,0.0,1.0,0.0,1.0,0.0,0.0,0.0,1.0,0.0,0.0,0.0,0.0,0.0,0.0,1.0,0.0,0.0,0.0,0.0,2.0,3.0,12.0,3.0,4.0,5.0,2.0,0.0,19.0,1.0,2.0,4.543490512868683,210.0
1.0,0.0,0.0,1.0,1.0,0.0,0.0,0.0,0.0,0.0,0.0,1.0,0.0,0.0,0.0,0.0,0.0,1.0,0.0,0.0,0.0,18.0,1.0,12.0,3.0,5.0,3.0,5.0,0.0,15.0,1.0,2.0,4.0,157.0
1.0,0.0,0.0,1.0,0.0,1.0,0.0,0.0,1.0,0.0,0.0,0.0,0.0,0.0,0.0,0.0,1.0,0.0,0.0,0.0,0.0,27.0,1.0,9.0,3.0,2.0,4.0,6.0,0.0,13.0,1.0,9.0,9.0,291.0
1.0,0.0,1.0,0.0,0.0,1.0,0.0,0.0,0.0,1.0,0.0,0.0,0.0,0.0,1.0,0.0,0.0,0.0,0.0,0.0,0.0,23.0,1.0,12.0,4.0,4.0,3.0,4.0,0.0,15.0,1.0,2.0,3.0,192.0
1.0,0.0,1.0,0.0,0.0,0.0,1.0,0.0,0.0,0.0,0.0,1.0,0.0,0.0,0.0,0.0,1.0,0.0,0.0,0.0,0.0,14.0,1.0,9.0,4.0,4.0,3.0,4.0,0.0,15.0,2.0,2.0,3.0,148.0
1.0,0.0,0.0,1.0,0.0,1.0,0.0,0.0,0.0,0.0,0.0,1.0,0.0,0.0,0.0,0.0,0.0,1.0,0.0,0.0,0.0,18.0,1.0,27.0,3.0,4.0,4.0,3.0,0.0,14.0,2.0,2.0,4.0,159.0
1.0,0.0,1.0,0.0,1.0,0.0,0.0,0.0,0.0,1.0,0.0,0.0,0.0,0.0,0.0,0.0,1.0,0.0,0.0,0.0,0.0,7.0,3.0,14.0,3.0,4.0,5.0,2.0,0.0,15.0,2.0,2.0,4.0,169.0
1.0,0.0,0.0,1.0,0.0,1.0,0.0,0.0,0.0,1.0,0.0,0.0,0.0,0.0,0.0,0.0,0.0,0.0,0.0,1.0,0.0,8.0,3.0,10.0,3.0,6.0,5.0,5.0,0.0,19.0,3.0,4.0,13.0,173.0
1.0,0.0,1.0,0.0,0.0,1.0,0.0,0.0,0.0,1.0,0.0,0.0,0.0,0.0,0.0,0.0,0.0,1.0,0.0,0.0,0.0,4.0,3.0,23.0,4.0,4.0,3.0,10.0,0.0,16.0,2.0,3.0,3.0,178.0
0.0,0.0,0.0,1.0,1.0,0.0,0.0,0.0,0.0,0.0,0.0,1.0,0.0,0.0,0.0,0.0,1.0,0.0,0.0,0.0,0.0,16.0,1.0,16.0,4.0,4.0,1.0,3.0,0.0,14.0,1.0,6.0,9.0,162.0
0.0,0.0,1.0,0.0,1.0,0.0,0.0,0.0,0.0,1.0,0.0,0.0,0.0,0.0,0.0,0.0,0.0,0.0,1.0,0.0,0.0,18.0,3.0,8.0,4.0,4.0,3.0,9.0,0.0,13.0,1.0,2.0,1.0,173.0
1.0,0.0,1.0,0.0,1.0,0.0,0.0,0.0,0.0,0.0,0.0,1.0,0.0,0.0,1.0,0.0,0.0,0.0,0.0,0.0,0.0,4.0,1.0,14.0,4.0,4.0,3.0,3.0,0.0,14.0,1.0,2.0,1.0,138.0
1.0,0.0,1.0,0.0,0.0,1.0,0.0,0.0,0.0,1.0,0.0,0.0,0.0,0.0,0.0,0.0,0.0,1.0,0.0,0.0,0.0,31.0,1.0,8.0,4.0,2.0,3.0,2.0,0.0,25.0,2.0,3.0,9.0,174.0
1.0,0.0,1.0,0.0,0.0,1.0,0.0,1.0,0.0,0.0,0.0,0.0,0.0,0.0,0.0,0.0,0.0,1.0,0.0,0.0,0.0,23.0,1.0,14.0,3.0,4.0,4.0,5.0,0.0,15.0,1.0,2.0,4.543490512868683,230.0
1.0,0.0,1.0,0.0,1.0,0.0,0.0,0.0,1.0,0.0,0.0,0.0,0.0,0.0,0.0,0.0,1.0,0.0,0.0,0.0,0.0,8.0,1.0,22.0,4.0,4.0,5.0,9.0,0.0,15.0,3.0,7.0,10.0,295.0
1.0,0.0,1.0,0.0,1.0,0.0,0.0,0.0,0.0,0.0,0.0,1.0,0.0,0.0,1.0,0.0,0.0,0.0,0.0,0.0,1.0,1.0,3.0,8.0,4.0,4.0,3.0,5.0,0.0,16.0,2.0,2.0,3.0,154.0
0.0,0.0,0.0,1.0,1.0,0.0,0.0,0.0,0.0,1.0,0.0,0.0,0.0,0.0,1.0,0.0,0.0,0.0,0.0,0.0,1.0,1.0,3.0,20.0,3.0,4.0,4.0,7.0,0.0,12.0,2.0,2.0,1.0,183.0
0.0,0.0,0.0,1.0,0.0,1.0,0.0,0.0,0.0,1.0,0.0,0.0,0.0,0.0,0.0,0.0,1.0,0.0,0.0,0.0,1.0,1.0,3.0,31.0,3.0,5.0,4.0,2.0,1.0,24.0,5.0,11.0,11.0,171.0
1.0,0.0,1.0,0.0,0.0,0.0,1.0,0.0,0.0,0.0,0.0,1.0,0.0,0.0,0.0,0.0,0.0,1.0,0.0,0.0,0.0,9.0,3.0,14.0,4.0,4.0,3.0,3.0,0.0,14.0,1.0,2.0,1.0,149.0
1.0,0.0,0.0,1.0,1.0,0.0,0.0,0.0,0.0,0.0,0.0,1.0,0.0,0.0,0.0,0.0,1.0,0.0,0.0,0.0,1.0,1.0,1.0,16.0,3.0,4.0,5.0,4.0,1.0,12.0,1.0,2.0,1.0,157.0
0.0,0.0,1.0,0.0,1.0,0.0,0.0,0.0,0.0,0.0,0.0,1.0,0.0,0.0,0.0,0.0,0.0,1.0,0.0,0.0,0.0,1.0,3.0,20.0,4.0,4.0,4.0,3.0,0.0,14.0,1.0,2.0,1.0,145.0
1.0,0.0,0.0,1.0,1.0,0.0,0.0,1.0,0.0,0.0,0.0,0.0,0.0,0.0,0.0,0.0,1.0,0.0,0.0,0.0,0.0,18.0,1.0,9.0,3.0,4.0,3.0,7.0,1.0,19.0,3.0,3.0,4.543490512868683,227.0
1.0,0.0,1.0,0.0,0.0,1.0,0.0,0.0,0.0,1.0,0.0,0.0,0.0,0.0,0.0,0.0,0.0,1.0,0.0,0.0,0.0,3.0,3.0,26.0,4.0,5.0,3.0,3.0,0.0,15.0,2.0,2.0,4.543490512868683,211.0
1.0,0.0,1.0,0.0,0.0,0.0,1.0,0.0,0.0,0.0,0.0,1.0,0.0,0.0,0.0,0.0,0.0,1.0,0.0,0.0,0.0,4.0,2.0,8.0,3.0,4.0,3.0,2.0,0.0,22.0,1.0,2.0,4.0,146.0
1.0,0.0,1.0,0.0,0.0,1.0,0.0,0.0,0.0,1.0,0.0,0.0,0.0,0.0,0.0,0.0,0.0,1.0,0.0,0.0,0.0,29.0,1.0,11.0,2.0,4.0,3.0,2.0,1.0,17.0,2.0,2.0,3.0,165.0
0.0,0.0,1.0,0.0,0.0,1.0,0.0,0.0,0.0,0.0,0.0,1.0,0.0,0.0,0.0,0.0,1.0,0.0,0.0,0.0,0.0,7.0,1.0,11.0,3.0,5.0,4.0,10.0,0.0,12.0,2.0,2.0,3.0,163.0
0.0,0.0,1.0,0.0,0.0,1.0,0.0,0.0,0.0,1.0,0.0,0.0,0.0,0.0,0.0,0.0,1.0,0.0,0.0,0.0,0.0,21.0,3.0,21.0,4.0,4.0,3.0,5.0,1.0,18.0,2.0,2.0,3.0,171.0
1.0,0.0,0.0,1.0,1.0,0.0,0.0,0.0,0.0,0.0,0.0,1.0,0.0,0.0,0.0,0.0,1.0,0.0,0.0,0.0,1.0,1.0,1.0,9.0,3.0,5.0,5.0,9.0,0.0,12.0,2.0,2.0,1.0,151.0
1.0,0.0,1.0,0.0,0.0,0.0,1.0,0.0,0.0,0.0,0.0,1.0,0.0,0.0,0.0,0.0,0.0,1.0,0.0,0.0,0.0,2.0,1.0,8.0,4.0,5.0,3.0,3.0,0.0,15.0,1.0,2.0,1.0,141.0
1.0,0.0,0.0,1.0,1.0,0.0,0.0,0.0,0.0,1.0,0.0,0.0,0.0,0.0,0.0,0.0,0.0,1.0,0.0,0.0,0.0,2.0,3.0,14.0,3.0,4.0,5.0,2.0,0.0,15.0,2.0,2.0,4.0,174.0
0.0,0.0,1.0,0.0,0.0,1.0,0.0,0.0,0.0,1.0,0.0,0.0,0.0,0.0,0.0,0.0,1.0,0.0,0.0,0.0,0.0,23.0,1.0,10.0,3.0,5.0,5.0,6.0,0.0,26.0,1.0,2.0,3.0,173.0
0.0,0.0,1.0,0.0,1.0,0.0,0.0,0.0,0.0,0.0,0.0,1.0,0.0,0.0,0.0,0.0,0.0,1.0,0.0,0.0,0.0,3.0,1.0,9.0,4.0,4.0,4.0,2.0,0.0,14.0,2.0,2.0,3.0,157.0
1.0,0.0,1.0,0.0,0.0,1.0,0.0,0.0,0.0,1.0,0.0,0.0,0.0,0.0,0.0,0.0,0.0,1.0,0.0,0.0,0.0,2.0,1.0,36.0,4.0,6.0,4.0,3.0,0.0,15.0,1.0,2.0,8.0,190.0
1.0,0.0,0.0,1.0,0.0,1.0,0.0,0.0,0.0,1.0,0.0,0.0,0.0,0.0,0.0,0.0,0.0,1.0,0.0,0.0,0.0,7.0,1.0,15.0,4.0,4.0,3.0,4.0,1.0,18.0,2.0,2.0,1.0,189.0
1.0,0.0,0.0,1.0,0.0,1.0,0.0,1.0,0.0,0.0,0.0,0.0,0.0,0.0,0.0,0.0,1.0,0.0,0.0,0.0,0.0,6.0,1.0,17.0,4.0,4.0,1.0,4.0,0.0,26.0,1.0,2.0,1.0,237.0
0.0,0.0,1.0,0.0,1.0,0.0,0.0,0.0,1.0,0.0,0.0,0.0,0.0,0.0,0.0,0.0,1.0,0.0,0.0,0.0,0.0,28.0,1.0,18.0,3.0,4.0,1.0,5.0,0.0,21.0,1.0,2.0,13.0,285.0
1.0,0.0,0.0,1.0,0.0,0.0,1.0,0.0,0.0,0.0,0.0,1.0,0.0,0.0,1.0,0.0,0.0,0.0,0.0,0.0,1.0,1.0,1.0,8.0,4.0,5.0,5.0,8.0,0.0,14.0,2.0,2.0,8.0,149.0
1.0,0.0,1.0,0.0,0.0,1.0,0.0,0.0,1.0,0.0,0.0,0.0,0.0,0.0,0.0,0.0,0.0,1.0,0.0,0.0,0.0,18.0,1.0,35.0,3.0,4.0,5.0,5.0,0.0,14.0,1.0,15.0,18.0,288.0
0.0,0.0,0.0,1.0,0.0,1.0,0.0,1.0,0.0,0.0,0.0,0.0,0.0,0.0,0.0,0.0,0.0,1.0,0.0,0.0,0.0,13.0,1.0,13.0,3.0,4.0,4.0,6.0,0.0,19.0,3.0,3.0,3.0,209.0
0.0,0.0,1.0,0.0,0.0,1.0,0.0,0.0,1.0,0.0,0.0,0.0,0.0,0.0,0.0,0.0,0.0,1.0,0.0,0.0,0.0,20.0,3.0,10.0,3.0,4.0,4.0,10.0,0.0,13.0,1.0,6.0,2.0,291.0
0.0,0.0,0.0,1.0,0.0,1.0,0.0,1.0,0.0,0.0,0.0,0.0,0.0,0.0,0.0,0.0,0.0,1.0,0.0,0.0,0.0,9.0,1.0,23.0,4.0,5.0,4.0,3.0,0.0,20.0,4.0,4.0,4.543490512868683,211.0
1.0,0.0,0.0,1.0,0.0,0.0,1.0,0.0,0.0,1.0,0.0,0.0,0.0,0.0,0.0,0.0,0.0,1.0,0.0,0.0,0.0,1.0,1.0,27.0,4.0,4.0,3.0,2.0,0.0,15.0,2.0,2.0,3.0,148.0
1.0,0.0,0.0,1.0,0.0,0.0,1.0,0.0,0.0,0.0,0.0,1.0,0.0,0.0,0.0,0.0,0.0,1.0,0.0,0.0,1.0,4.0,1.0,16.0,3.0,4.0,5.0,5.0,0.0,15.0,2.0,2.0,1.0,145.0
1.0,0.0,1.0,0.0,0.0,1.0,0.0,1.0,0.0,0.0,0.0,0.0,0.0,0.0,0.0,1.0,0.0,0.0,0.0,0.0,0.0,8.0,3.0,8.0,4.0,5.0,3.0,3.0,1.0,15.0,8.0,9.0,7.0,196.0
0.0,0.0,0.0,1.0,1.0,0.0,0.0,0.0,0.0,0.0,0.0,1.0,0.0,0.0,0.0,0.0,0.0,1.0,0.0,0.0,1.0,1.0,1.0,10.0,3.0,4.0,3.0,3.0,0.0,13.0,3.0,8.0,8.0,166.0
1.0,0.0,0.0,1.0,1.0,0.0,0.0,0.0,1.0,0.0,0.0,0.0,0.0,0.0,0.0,0.0,1.0,0.0,0.0,0.0,0.0,24.0,1.0,29.0,3.0,6.0,1.0,3.0,1.0,14.0,1.0,14.0,10.0,269.0
1.0,0.0,1.0,0.0,0.0,0.0,1.0,0.0,0.0,0.0,0.0,1.0,0.0,0.0,1.0,0.0,0.0,0.0,0.0,0.0,0.0,8.0,3.0,14.0,3.0,4.0,3.0,2.0,1.0,26.0,4.0,6.0,8.0,148.0
1.0,0.0,1.0,0.0,0.0,1.0,0.0,0.0,0.0,0.0,0.0,1.0,0.0,0.0,0.0,0.0,1.0,0.0,0.0,0.0,0.0,16.0,1.0,9.0,4.0,5.0,4.0,6.0,0.0,15.0,1.0,2.0,1.0,173.0
1.0,0.0,1.0,0.0,0.0,1.0,0.0,0.0,0.0,1.0,0.0,0.0,0.0,0.0,0.0,0.0,1.0,0.0,0.0,0.0,0.0,11.0,1.0,20.0,3.0,4.0,1.0,3.0,0.0,18.0,3.0,4.0,8.0,168.0
0.0,0.0,1.0,0.0,0.0,1.0,0.0,0.0,0.0,1.0,0.0,0.0,0.0,0.0,0.0,0.0,0.0,0.0,0.0,1.0,0.0,3.0,1.0,15.0,3.0,6.0,5.0,5.0,0.0,14.0,2.0,2.0,4.543490512868683,222.0
1.0,0.0,0.0,1.0,0.0,1.0,0.0,0.0,0.0,1.0,0.0,0.0,0.0,0.0,0.0,0.0,0.0,1.0,0.0,0.0,0.0,7.0,1.0,32.0,3.0,5.0,4.0,3.0,0.0,14.0,2.0,2.0,3.0,168.0
1.0,0.0,1.0,0.0,0.0,0.0,1.0,0.0,0.0,0.0,0.0,1.0,0.0,0.0,1.0,0.0,0.0,0.0,0.0,0.0,0.0,19.0,1.0,35.0,4.0,4.0,1.0,6.0,0.0,21.0,2.0,2.0,4.0,146.0
1.0,0.0,1.0,0.0,1.0,0.0,0.0,1.0,0.0,0.0,0.0,0.0,0.0,0.0,0.0,0.0,0.0,1.0,0.0,0.0,0.0,16.0,1.0,9.0,3.0,4.0,1.0,4.0,1.0,15.0,5.0,14.0,4.543490512868683,226.0
1.0,0.0,1.0,0.0,0.0,1.0,0.0,0.0,0.0,1.0,0.0,0.0,0.0,0.0,0.0,0.0,1.0,0.0,0.0,0.0,0.0,14.0,3.0,16.0,3.0,4.0,5.0,2.0,0.0,13.0,8.0,8.0,2.0,180.0
1.0,0.0,1.0,0.0,0.0,1.0,0.0,0.0,0.0,1.0,0.0,0.0,0.0,0.0,0.0,0.0,0.0,1.0,0.0,0.0,0.0,7.0,1.0,35.0,4.0,4.0,3.0,3.0,1.0,13.0,5.0,6.0,8.0,177.0
1.0,0.0,0.0,1.0,0.0,1.0,0.0,0.0,1.0,0.0,0.0,0.0,0.0,0.0,0.0,0.0,1.0,0.0,0.0,0.0,0.0,14.0,2.0,13.0,3.0,4.0,1.0,3.0,1.0,22.0,1.0,8.0,8.0,289.0
1.0,0.0,1.0,0.0,0.0,0.0,1.0,0.0,0.0,0.0,0.0,1.0,0.0,0.0,1.0,0.0,0.0,0.0,0.0,0.0,0.0,1.0,1.0,28.0,3.0,5.0,5.0,2.0,0.0,15.0,1.0,2.0,1.0,148.0
1.0,0.0,1.0,0.0,1.0,0.0,0.0,0.0,0.0,1.0,0.0,0.0,0.0,0.0,0.0,0.0,0.0,1.0,0.0,0.0,0.0,14.0,1.0,15.0,4.0,4.0,1.0,5.0,1.0,19.0,2.0,3.0,3.0,166.0
1.0,0.0,1.0,0.0,0.0,1.0,0.0,1.0,0.0,0.0,0.0,0.0,0.0,0.0,0.0,1.0,0.0,0.0,0.0,0.0,0.0,19.0,1.0,8.0,4.0,4.0,4.0,3.0,0.0,13.0,4.0,8.0,8.0,199.0
0.0,0.0,1.0,0.0,0.0,0.0,1.0,0.0,0.0,0.0,0.0,1.0,0.0,0.0,0.0,0.0,0.0,1.0,0.0,0.0,0.0,9.0,3.0,35.0,4.0,5.0,3.0,2.0,0.0,24.0,3.0,5.0,3.0,149.0
0.0,0.0,1.0,0.0,0.0,1.0,0.0,0.0,0.0,1.0,0.0,0.0,0.0,0.0,0.0,0.0,0.0,1.0,0.0,0.0,0.0,6.0,1.0,12.0,4.0,5.0,4.0,5.0,0.0,13.0,2.0,3.0,6.0,184.0
1.0,0.0,0.0,1.0,0.0,1.0,0.0,0.0,0.0,0.0,0.0,1.0,0.0,0.0,0.0,0.0,0.0,1.0,0.0,0.0,0.0,10.0,3.0,9.0,4.0,4.0,1.0,5.0,1.0,22.0,2.0,2.0,3.0,151.0
0.0,0.0,1.0,0.0,0.0,1.0,0.0,0.0,0.0,1.0,0.0,0.0,0.0,0.0,0.0,0.0,0.0,1.0,0.0,0.0,0.0,22.0,3.0,23.0,4.0,4.0,3.0,10.0,0.0,15.0,8.0,8.0,8.0,189.0
1.0,0.0,1.0,0.0,0.0,1.0,0.0,0.0,0.0,0.0,0.0,1.0,0.0,0.0,0.0,0.0,0.0,1.0,0.0,0.0,0.0,3.0,1.0,16.0,4.0,2.0,3.0,8.0,0.0,19.0,1.0,2.0,1.0,150.0
1.0,0.0,1.0,0.0,0.0,1.0,0.0,0.0,0.0,1.0,0.0,0.0,0.0,0.0,0.0,0.0,0.0,1.0,0.0,0.0,0.0,7.0,3.0,15.0,3.0,4.0,5.0,4.0,0.0,14.0,3.0,3.0,3.0,189.0
1.0,0.0,1.0,0.0,0.0,1.0,0.0,0.0,0.0,1.0,0.0,0.0,0.0,0.0,0.0,0.0,0.0,1.0,0.0,0.0,1.0,1.0,3.0,8.0,4.0,5.0,5.0,3.0,0.0,12.0,2.0,7.0,4.543490512868683,222.0
1.0,0.0,1.0,0.0,1.0,0.0,0.0,0.0,0.0,1.0,0.0,0.0,0.0,0.0,0.0,0.0,0.0,0.0,0.0,1.0,0.0,12.0,2.0,17.0,4.0,4.0,3.0,5.0,0.0,12.0,1.0,2.0,3.0,186.0
1.0,0.0,0.0,1.0,0.0,0.0,1.0,0.0,0.0,0.0,0.0,1.0,0.0,0.0,0.0,0.0,1.0,0.0,0.0,0.0,0.0,9.0,1.0,8.0,4.0,5.0,5.0,3.0,0.0,20.0,2.0,2.0,3.0,150.0
1.0,0.0,1.0,0.0,0.0,1.0,0.0,1.0,0.0,0.0,0.0,0.0,0.0,0.0,0.0,1.0,0.0,0.0,0.0,0.0,0.0,8.0,3.0,36.0,3.0,4.0,4.0,5.0,0.0,13.0,2.0,2.0,4.543490512868683,218.0
0.0,0.0,1.0,0.0,0.0,0.0,1.0,0.0,0.0,0.0,0.0,1.0,0.0,0.0,0.0,0.0,0.0,1.0,0.0,0.0,1.0,1.0,1.0,9.0,4.0,4.0,5.0,3.0,1.0,13.0,2.0,2.0,1.0,146.0
0.0,0.0,1.0,0.0,0.0,1.0,0.0,1.0,0.0,0.0,0.0,0.0,0.0,0.0,0.0,1.0,0.0,0.0,0.0,0.0,1.0,17.0,1.0,9.0,4.0,5.0,1.0,2.0,0.0,17.0,1.0,2.0,4.543490512868683,227.0
1.0,0.0,1.0,0.0,0.0,1.0,0.0,0.0,0.0,1.0,0.0,0.0,0.0,0.0,0.0,0.0,1.0,0.0,0.0,0.0,1.0,2.0,1.0,9.0,3.0,4.0,4.0,6.0,0.0,12.0,2.0,2.0,5.0,174.0
1.0,0.0,1.0,0.0,1.0,0.0,0.0,0.0,0.0,1.0,0.0,0.0,0.0,0.0,1.0,0.0,0.0,0.0,0.0,0.0,0.0,6.0,1.0,8.0,4.0,4.0,5.0,6.0,0.0,15.0,1.0,2.0,3.0,166.0
0.0,0.0,1.0,0.0,0.0,0.0,1.0,0.0,0.0,0.0,0.0,1.0,0.0,0.0,0.0,0.0,0.0,0.0,0.0,1.0,0.0,22.0,1.0,22.0,4.0,4.0,5.0,10.0,0.0,13.0,7.0,8.0,7.0,149.0
1.0,0.0,0.0,1.0,0.0,1.0,0.0,0.0,0.0,0.0,0.0,1.0,0.0,0.0,0.0,0.0,1.0,0.0,0.0,0.0,0.0,8.0,1.0,14.0,3.0,4.0,1.0,3.0,0.0,14.0,1.0,2.0,1.0,155.0
1.0,0.0,1.0,0.0,0.0,1.0,0.0,0.0,0.0,0.0,0.0,0.0,1.0,0.0,0.0,0.0,0.0,0.0,1.0,0.0,0.0,29.0,3.0,33.0,3.0,5.0,1.0,3.0,0.0,15.0,1.0,3.0,14.0,321.0
1.0,0.0,1.0,0.0,0.0,1.0,0.0,0.0,0.0,1.0,0.0,0.0,0.0,0.0,0.0,0.0,0.0,1.0,0.0,0.0,0.0,8.0,1.0,8.0,3.0,4.0,1.0,11.0,0.0,18.0,1.0,3.0,2.0,180.0
0.0,0.0,1.0,0.0,0.0,0.0,1.0,0.0,0.0,0.0,0.0,1.0,0.0,0.0,0.0,0.0,0.0,1.0,0.0,0.0,0.0,1.0,1.0,10.0,3.0,4.0,1.0,3.0,0.0,22.0,2.0,2.0,1.0,146.0
1.0,0.0,1.0,0.0,0.0,1.0,0.0,0.0,0.0,1.0,0.0,0.0,0.0,0.0,0.0,0.0,0.0,1.0,0.0,0.0,0.0,12.0,3.0,21.0,4.0,4.0,4.0,2.0,0.0,12.0,4.0,8.0,4.543490512868683,224.0
0.0,0.0,0.0,1.0,0.0,1.0,0.0,0.0,0.0,1.0,0.0,0.0,0.0,0.0,0.0,0.0,0.0,1.0,0.0,0.0,0.0,12.0,3.0,23.0,3.0,4.0,4.0,4.0,0.0,13.0,2.0,2.0,3.0,167.0
0.0,0.0,0.0,1.0,0.0,1.0,0.0,0.0,0.0,1.0,0.0,0.0,0.0,0.0,0.0,0.0,0.0,1.0,0.0,0.0,0.0,10.0,3.0,8.0,4.0,4.0,3.0,8.0,0.0,14.0,2.0,2.0,1.0,193.0
1.0,0.0,0.0,1.0,0.0,1.0,0.0,0.0,0.0,0.0,0.0,1.0,0.0,0.0,0.0,0.0,1.0,0.0,0.0,0.0,0.0,3.0,1.0,10.0,3.0,4.0,5.0,3.0,1.0,19.0,1.0,2.0,6.0,172.0
0.0,0.0,0.0,1.0,0.0,1.0,0.0,0.0,0.0,1.0,0.0,0.0,0.0,0.0,0.0,0.0,1.0,0.0,0.0,0.0,0.0,9.0,1.0,17.0,3.0,4.0,3.0,5.0,1.0,17.0,1.0,2.0,5.0,186.0
1.0,0.0,1.0,0.0,0.0,1.0,0.0,1.0,0.0,0.0,0.0,0.0,0.0,0.0,0.0,0.0,1.0,0.0,0.0,0.0,0.0,13.0,3.0,13.0,3.0,2.0,3.0,4.0,0.0,12.0,4.0,8.0,7.0,207.0
1.0,0.0,1.0,0.0,1.0,0.0,0.0,0.0,0.0,1.0,0.0,0.0,0.0,0.0,0.0,0.0,0.0,1.0,0.0,0.0,0.0,3.0,1.0,9.0,3.0,4.0,1.0,3.0,0.0,20.0,2.0,2.0,4.543490512868683,214.0
1.0,0.0,1.0,0.0,0.0,1.0,0.0,0.0,0.0,0.0,0.0,0.0,1.0,0.0,0.0,0.0,0.0,0.0,1.0,0.0,0.0,24.0,3.0,16.0,3.0,4.0,3.0,6.0,1.0,15.0,1.0,2.0,1.0,318.0
1.0,0.0,1.0,0.0,0.0,0.0,1.0,0.0,0.0,0.0,0.0,1.0,0.0,0.0,1.0,0.0,0.0,0.0,0.0,0.0,0.0,1.0,1.0,17.0,3.0,2.0,3.0,4.0,0.0,17.0,1.0,3.0,3.0,146.0
1.0,0.0,1.0,0.0,1.0,0.0,0.0,0.0,0.0,1.0,0.0,0.0,0.0,0.0,0.0,0.0,0.0,1.0,0.0,0.0,0.0,10.0,1.0,13.0,4.0,2.0,5.0,5.0,1.0,14.0,1.0,2.0,3.0,181.0
1.0,0.0,0.0,1.0,0.0,1.0,0.0,0.0,0.0,0.0,0.0,0.0,1.0,0.0,0.0,0.0,0.0,0.0,0.0,1.0,0.0,16.0,1.0,16.0,4.0,5.0,1.0,10.0,0.0,15.0,2.0,2.0,2.0,321.0
1.0,0.0,1.0,0.0,0.0,1.0,0.0,0.0,0.0,1.0,0.0,0.0,0.0,0.0,0.0,0.0,0.0,1.0,0.0,0.0,0.0,9.0,1.0,35.0,3.0,2.0,3.0,3.0,0.0,18.0,7.0,7.0,9.0,159.0
1.0,0.0,1.0,0.0,1.0,0.0,0.0,0.0,0.0,1.0,0.0,0.0,0.0,0.0,1.0,0.0,0.0,0.0,0.0,0.0,0.0,8.0,1.0,17.0,4.0,5.0,3.0,3.0,0.0,15.0,2.0,8.0,8.0,176.0
0.0,0.0,1.0,0.0,0.0,1.0,0.0,0.0,0.0,1.0,0.0,0.0,0.0,0.0,0.0,0.0,0.0,1.0,0.0,0.0,0.0,14.0,3.0,21.0,3.0,4.0,5.0,3.0,0.0,16.0,1.0,2.0,3.0,171.0
1.0,0.0,1.0,0.0,0.0,1.0,0.0,0.0,0.0,0.0,0.0,1.0,0.0,0.0,1.0,0.0,0.0,0.0,0.0,0.0,0.0,17.0,1.0,34.0,3.0,2.0,4.0,7.0,0.0,13.0,2.0,2.0,3.0,174.0
1.0,0.0,1.0,0.0,0.0,1.0,0.0,0.0,0.0,0.0,0.0,1.0,0.0,0.0,0.0,0.0,0.0,1.0,0.0,0.0,0.0,9.0,1.0,14.0,4.0,5.0,1.0,3.0,0.0,19.0,2.0,2.0,2.0,152.0
1.0,0.0,0.0,1.0,0.0,1.0,0.0,0.0,1.0,0.0,0.0,0.0,0.0,0.0,0.0,0.0,0.0,1.0,0.0,0.0,0.0,20.0,3.0,8.0,3.0,2.0,5.0,3.0,0.0,15.0,1.0,2.0,13.0,301.0
1.0,0.0,1.0,0.0,0.0,0.0,1.0,0.0,0.0,0.0,0.0,1.0,0.0,0.0,0.0,0.0,1.0,0.0,0.0,0.0,1.0,1.0,1.0,31.0,3.0,4.0,4.0,3.0,1.0,18.0,1.0,2.0,1.0,149.0
0.0,0.0,1.0,0.0,1.0,0.0,0.0,0.0,0.0,0.0,0.0,1.0,0.0,0.0,0.0,0.0,0.0,0.0,0.0,1.0,0.0,1.0,1.0,33.0,3.0,5.0,3.0,3.0,1.0,15.0,2.0,2.0,4.0,153.0
1.0,0.0,1.0,0.0,1.0,0.0,0.0,0.0,1.0,0.0,0.0,0.0,0.0,0.0,0.0,0.0,1.0,0.0,0.0,0.0,0.0,24.0,1.0,27.0,3.0,4.0,3.0,4.0,1.0,16.0,1.0,2.0,14.0,237.0
0.0,0.0,1.0,0.0,0.0,1.0,0.0,0.0,0.0,0.0,0.0,1.0,0.0,0.0,0.0,0.0,0.0,0.0,0.0,1.0,0.0,6.0,1.0,12.0,3.0,2.0,1.0,5.0,0.0,18.0,2.0,2.0,3.0,158.0
0.0,0.0,1.0,0.0,0.0,1.0,0.0,0.0,0.0,0.0,0.0,0.0,1.0,0.0,0.0,0.0,1.0,0.0,0.0,0.0,0.0,18.0,1.0,14.0,3.0,4.0,1.0,2.0,1.0,15.0,1.0,2.0,11.0,315.0
1.0,0.0,1.0,0.0,0.0,0.0,1.0,0.0,0.0,0.0,0.0,1.0,0.0,0.0,0.0,0.0,1.0,0.0,0.0,0.0,0.0,4.0,1.0,14.0,3.0,5.0,4.0,3.0,0.0,13.0,2.0,2.0,2.0,146.0
0.0,0.0,0.0,1.0,0.0,1.0,0.0,0.0,0.0,1.0,0.0,0.0,0.0,0.0,0.0,0.0,1.0,0.0,0.0,0.0,0.0,19.0,1.0,12.0,3.0,6.0,5.0,3.0,1.0,15.0,1.0,2.0,5.0,183.0
1.0,0.0,1.0,0.0,1.0,0.0,0.0,0.0,0.0,1.0,0.0,0.0,0.0,0.0,0.0,0.0,0.0,0.0,1.0,0.0,0.0,19.0,3.0,33.0,3.0,5.0,5.0,3.0,0.0,16.0,4.0,5.0,6.0,169.0
1.0,0.0,0.0,1.0,1.0,0.0,0.0,0.0,0.0,1.0,0.0,0.0,0.0,0.0,0.0,0.0,0.0,0.0,0.0,1.0,0.0,5.0,3.0,9.0,3.0,4.0,5.0,9.0,0.0,14.0,2.0,2.0,4.0,178.0
0.0,0.0,1.0,0.0,0.0,1.0,0.0,0.0,0.0,1.0,0.0,0.0,0.0,0.0,0.0,0.0,0.0,1.0,0.0,0.0,0.0,10.0,1.0,19.0,4.0,4.0,3.0,11.0,1.0,13.0,1.0,2.0,2.0,172.0
1.0,0.0,1.0,0.0,1.0,0.0,0.0,0.0,0.0,1.0,0.0,0.0,0.0,0.0,0.0,0.0,0.0,1.0,0.0,0.0,0.0,8.0,1.0,17.0,3.0,2.0,1.0,3.0,0.0,14.0,4.0,8.0,3.0,172.0
0.0,0.0,1.0,0.0,0.0,1.0,0.0,0.0,0.0,0.0,0.0,1.0,0.0,0.0,0.0,0.0,0.0,1.0,0.0,0.0,0.0,23.0,1.0,32.0,3.0,4.0,5.0,3.0,0.0,15.0,2.0,2.0,5.0,157.0
1.0,0.0,1.0,0.0,0.0,1.0,0.0,0.0,0.0,1.0,0.0,0.0,0.0,0.0,0.0,0.0,1.0,0.0,0.0,0.0,0.0,13.0,1.0,17.0,4.0,4.0,5.0,4.0,0.0,14.0,4.0,8.0,8.0,179.0
1.0,0.0,1.0,0.0,0.0,1.0,0.0,0.0,0.0,0.0,0.0,1.0,0.0,0.0,0.0,0.0,0.0,0.0,0.0,1.0,0.0,1.0,1.0,26.0,4.0,5.0,5.0,3.0,0.0,12.0,1.0,2.0,8.0,166.0
1.0,0.0,1.0,0.0,0.0,1.0,0.0,0.0,0.0,1.0,0.0,0.0,0.0,0.0,0.0,0.0,0.0,1.0,0.0,0.0,0.0,9.0,1.0,25.0,3.0,2.0,5.0,3.0,0.0,12.0,2.0,2.0,11.0,177.0
0.0,0.0,1.0,0.0,0.0,1.0,0.0,0.0,0.0,1.0,0.0,0.0,0.0,0.0,0.0,0.0,1.0,0.0,0.0,0.0,0.0,2.0,1.0,34.0,3.0,6.0,5.0,2.0,0.0,22.0,2.0,2.0,1.0,174.0
1.0,0.0,0.0,1.0,0.0,1.0,0.0,0.0,0.0,0.0,0.0,1.0,0.0,0.0,0.0,0.0,1.0,0.0,0.0,0.0,0.0,1.0,1.0,12.0,4.0,4.0,1.0,3.0,0.0,19.0,1.0,3.0,3.0,156.0
0.0,0.0,0.0,1.0,1.0,0.0,0.0,0.0,0.0,0.0,0.0,1.0,0.0,0.0,0.0,0.0,1.0,0.0,0.0,0.0,1.0,1.0,3.0,10.0,4.0,4.0,1.0,3.0,1.0,13.0,2.0,2.0,1.0,141.0
0.0,0.0,1.0,0.0,0.0,1.0,0.0,0.0,0.0,0.0,0.0,0.0,1.0,0.0,0.0,0.0,0.0,1.0,0.0,0.0,0.0,21.0,2.0,33.0,4.0,4.0,3.0,5.0,0.0,15.0,2.0,2.0,1.0,322.0
1.0,0.0,1.0,0.0,0.0,1.0,0.0,0.0,0.0,1.0,0.0,0.0,0.0,0.0,0.0,0.0,1.0,0.0,0.0,0.0,0.0,13.0,1.0,10.0,4.0,5.0,3.0,2.0,0.0,16.0,1.0,2.0,8.0,156.0
0.0,0.0,1.0,0.0,0.0,1.0,0.0,1.0,0.0,0.0,0.0,0.0,0.0,0.0,0.0,0.0,0.0,1.0,0.0,0.0,0.0,14.0,1.0,22.0,4.0,5.0,3.0,3.0,0.0,14.0,7.0,15.0,4.543490512868683,229.0
0.0,0.0,1.0,0.0,1.0,0.0,0.0,0.0,0.0,1.0,0.0,0.0,0.0,0.0,0.0,0.0,0.0,1.0,0.0,0.0,0.0,9.0,1.0,15.0,3.0,4.0,3.0,3.0,0.0,13.0,1.0,3.0,10.0,166.0
1.0,0.0,1.0,0.0,0.0,1.0,0.0,0.0,0.0,1.0,0.0,0.0,0.0,0.0,0.0,0.0,0.0,1.0,0.0,0.0,0.0,11.0,1.0,26.0,3.0,4.0,3.0,5.0,0.0,18.0,1.0,2.0,3.0,183.0
0.0,0.0,0.0,1.0,1.0,0.0,0.0,0.0,0.0,1.0,0.0,0.0,0.0,0.0,0.0,0.0,1.0,0.0,0.0,0.0,0.0,13.0,1.0,11.0,3.0,4.0,3.0,2.0,0.0,14.0,4.0,4.0,9.0,175.0
0.0,0.0,1.0,0.0,0.0,1.0,0.0,0.0,0.0,1.0,0.0,0.0,0.0,0.0,0.0,0.0,0.0,0.0,0.0,1.0,0.0,19.0,1.0,9.0,3.0,5.0,1.0,3.0,0.0,20.0,4.0,4.0,10.0,183.0
0.0,0.0,1.0,0.0,0.0,1.0,0.0,1.0,0.0,0.0,0.0,0.0,0.0,0.0,0.0,0.0,1.0,0.0,0.0,0.0,0.0,12.0,1.0,9.0,3.0,5.0,3.0,5.0,1.0,20.0,1.0,2.0,3.0,203.0
1.0,0.0,1.0,0.0,0.0,1.0,0.0,1.0,0.0,0.0,0.0,0.0,0.0,0.0,0.0,0.0,1.0,0.0,0.0,0.0,1.0,1.0,3.0,17.0,3.0,5.0,5.0,11.0,0.0,18.0,1.0,7.0,4.543490512868683,228.0
0.0,0.0,1.0,0.0,0.0,1.0,0.0,0.0,0.0,0.0,0.0,1.0,0.0,0.0,0.0,0.0,1.0,0.0,0.0,0.0,0.0,11.0,1.0,17.0,4.0,4.0,4.0,3.0,0.0,12.0,5.0,8.0,8.0,164.0
0.0,0.0,0.0,1.0,0.0,1.0,0.0,1.0,0.0,0.0,0.0,0.0,0.0,0.0,0.0,0.0,0.0,1.0,0.0,0.0,0.0,14.0,1.0,23.0,3.0,4.0,1.0,8.0,1.0,16.0,4.0,4.0,4.0,204.0
1.0,0.0,1.0,0.0,1.0,0.0,0.0,0.0,0.0,1.0,0.0,0.0,0.0,0.0,0.0,0.0,0.0,0.0,0.0,1.0,0.0,18.0,2.0,8.0,3.0,4.0,1.0,6.0,1.0,12.0,2.0,2.0,3.0,182.0
1.0,0.0,1.0,0.0,1.0,0.0,0.0,0.0,1.0,0.0,0.0,0.0,0.0,0.0,0.0,0.0,1.0,0.0,0.0,0.0,0.0,22.0,1.0,11.0,3.0,5.0,1.0,4.0,0.0,26.0,1.0,3.0,3.0,277.0
1.0,0.0,1.0,0.0,0.0,1.0,0.0,0.0,0.0,1.0,0.0,0.0,0.0,0.0,0.0,0.0,1.0,0.0,0.0,0.0,1.0,1.0,3.0,22.0,3.0,6.0,1.0,8.0,1.0,15.0,1.0,3.0,3.0,179.0
0.0,0.0,0.0,1.0,1.0,0.0,0.0,0.0,0.0,0.0,0.0,1.0,0.0,0.0,1.0,0.0,0.0,0.0,0.0,0.0,0.0,1.0,1.0,9.0,3.0,4.0,1.0,3.0,1.0,14.0,1.0,2.0,4.0,163.0
0.0,0.0,1.0,0.0,0.0,1.0,0.0,0.0,0.0,0.0,0.0,1.0,0.0,0.0,0.0,0.0,1.0,0.0,0.0,0.0,0.0,1.0,1.0,15.0,3.0,2.0,3.0,9.0,0.0,18.0,1.0,2.0,3.0,160.0
1.0,0.0,0.0,1.0,1.0,0.0,0.0,0.0,0.0,0.0,0.0,1.0,0.0,0.0,0.0,0.0,1.0,0.0,0.0,0.0,0.0,1.0,1.0,9.0,3.0,4.0,1.0,4.0,0.0,14.0,1.0,2.0,3.0,151.0
1.0,0.0,0.0,1.0,0.0,0.0,1.0,0.0,0.0,0.0,0.0,1.0,0.0,0.0,0.0,0.0,0.0,1.0,0.0,0.0,1.0,4.0,1.0,14.0,4.0,4.0,5.0,5.0,1.0,15.0,1.0,2.0,4.0,147.0
1.0,0.0,0.0,1.0,0.0,1.0,0.0,0.0,0.0,1.0,0.0,0.0,0.0,0.0,0.0,0.0,1.0,0.0,0.0,0.0,0.0,3.0,3.0,17.0,3.0,5.0,3.0,11.0,0.0,12.0,2.0,2.0,5.0,184.0
0.0,0.0,1.0,0.0,0.0,1.0,0.0,1.0,0.0,0.0,0.0,0.0,0.0,0.0,0.0,0.0,0.0,1.0,0.0,0.0,0.0,10.0,1.0,12.0,3.0,4.0,5.0,6.0,0.0,13.0,2.0,2.0,3.0,205.0
1.0,0.0,1.0,0.0,1.0,0.0,0.0,0.0,0.0,1.0,0.0,0.0,0.0,0.0,0.0,0.0,0.0,1.0,0.0,0.0,0.0,1.0,1.0,9.0,4.0,2.0,3.0,3.0,0.0,18.0,2.0,2.0,8.0,177.0
1.0,0.0,1.0,0.0,0.0,1.0,0.0,0.0,0.0,1.0,0.0,0.0,0.0,0.0,0.0,0.0,1.0,0.0,0.0,0.0,0.0,13.0,1.0,19.0,4.0,4.0,4.0,6.0,0.0,22.0,2.0,2.0,1.0,178.0
0.0,0.0,1.0,0.0,0.0,1.0,0.0,0.0,1.0,0.0,0.0,0.0,0.0,0.0,0.0,0.0,0.0,0.0,0.0,1.0,0.0,23.0,1.0,29.0,4.0,4.0,4.0,5.0,0.0,17.0,1.0,2.0,3.0,289.0
0.0,0.0,1.0,0.0,0.0,1.0,0.0,1.0,0.0,0.0,0.0,0.0,0.0,0.0,0.0,0.0,0.0,1.0,0.0,0.0,0.0,24.0,1.0,24.0,3.0,5.0,5.0,7.0,0.0,16.0,1.0,2.0,12.0,258.0
0.0,0.0,0.0,1.0,0.0,1.0,0.0,0.0,0.0,0.0,0.0,1.0,0.0,0.0,0.0,0.0,1.0,0.0,0.0,0.0,0.0,1.0,3.0,9.0,3.0,4.0,3.0,3.0,0.0,20.0,1.0,3.0,3.0,153.0
0.0,0.0,1.0,0.0,0.0,1.0,0.0,0.0,0.0,1.0,0.0,0.0,0.0,0.0,0.0,0.0,0.0,1.0,0.0,0.0,0.0,8.0,1.0,10.0,4.0,4.0,4.0,3.0,0.0,13.0,2.0,8.0,10.0,179.0
1.0,0.0,0.0,1.0,0.0,0.0,1.0,0.0,0.0,0.0,0.0,1.0,0.0,0.0,0.0,0.0,0.0,1.0,0.0,0.0,0.0,10.0,1.0,14.0,4.0,4.0,4.0,4.0,0.0,12.0,1.0,2.0,4.0,145.0
0.0,0.0,1.0,0.0,0.0,1.0,0.0,0.0,1.0,0.0,0.0,0.0,0.0,0.0,0.0,0.0,0.0,1.0,0.0,0.0,0.0,23.0,1.0,13.0,3.0,5.0,3.0,4.0,1.0,20.0,1.0,3.0,13.0,265.0
0.0,0.0,1.0,0.0,1.0,0.0,0.0,0.0,0.0,1.0,0.0,0.0,0.0,0.0,0.0,0.0,1.0,0.0,0.0,0.0,0.0,10.0,1.0,8.0,3.0,5.0,3.0,2.0,0.0,16.0,1.0,2.0,3.0,169.0
1.0,0.0,1.0,0.0,0.0,1.0,0.0,0.0,0.0,1.0,0.0,0.0,0.0,0.0,0.0,0.0,0.0,1.0,0.0,0.0,0.0,10.0,1.0,10.0,4.0,2.0,5.0,8.0,0.0,21.0,1.0,2.0,5.0,193.0
0.0,0.0,1.0,0.0,0.0,1.0,0.0,0.0,1.0,0.0,0.0,0.0,0.0,0.0,0.0,0.0,1.0,0.0,0.0,0.0,0.0,28.0,1.0,29.0,4.0,4.0,3.0,5.0,0.0,15.0,4.0,5.0,8.0,299.0
1.0,0.0,1.0,0.0,0.0,1.0,0.0,0.0,1.0,0.0,0.0,0.0,0.0,0.0,0.0,0.0,0.0,1.0,0.0,0.0,0.0,17.0,1.0,22.0,4.0,5.0,3.0,3.0,0.0,15.0,3.0,7.0,12.0,301.0
1.0,0.0,0.0,1.0,1.0,0.0,0.0,0.0,0.0,1.0,0.0,0.0,0.0,0.0,0.0,0.0,0.0,0.0,0.0,1.0,1.0,1.0,3.0,19.0,3.0,4.0,1.0,5.0,1.0,25.0,6.0,7.0,8.0,171.0
1.0,0.0,1.0,0.0,1.0,0.0,0.0,0.0,0.0,1.0,0.0,0.0,0.0,0.0,0.0,0.0,0.0,1.0,0.0,0.0,0.0,12.0,1.0,8.0,3.0,4.0,1.0,9.0,0.0,16.0,2.0,3.0,10.0,172.0
1.0,0.0,1.0,0.0,0.0,1.0,0.0,0.0,0.0,1.0,0.0,0.0,0.0,0.0,0.0,0.0,1.0,0.0,0.0,0.0,0.0,3.0,3.0,12.0,3.0,5.0,4.0,3.0,1.0,14.0,1.0,2.0,10.0,167.0
1.0,0.0,1.0,0.0,0.0,1.0,0.0,0.0,0.0,1.0,0.0,0.0,0.0,0.0,0.0,0.0,1.0,0.0,0.0,0.0,0.0,7.0,3.0,9.0,4.0,4.0,1.0,3.0,0.0,15.0,2.0,2.0,5.0,180.0
1.0,0.0,1.0,0.0,0.0,1.0,0.0,0.0,0.0,1.0,0.0,0.0,0.0,0.0,0.0,0.0,1.0,0.0,0.0,0.0,0.0,6.0,1.0,9.0,3.0,4.0,4.0,2.0,0.0,14.0,2.0,2.0,7.0,180.0
0.0,0.0,1.0,0.0,0.0,1.0,0.0,0.0,0.0,1.0,0.0,0.0,0.0,0.0,0.0,0.0,0.0,1.0,0.0,0.0,0.0,5.0,3.0,12.0,4.0,4.0,1.0,3.0,0.0,12.0,1.0,2.0,3.0,180.0
0.0,0.0,1.0,0.0,0.0,1.0,0.0,0.0,0.0,0.0,0.0,1.0,0.0,0.0,0.0,0.0,1.0,0.0,0.0,0.0,0.0,23.0,1.0,23.0,4.0,4.0,5.0,6.0,1.0,17.0,1.0,3.0,3.0,151.0
0.0,0.0,0.0,1.0,1.0,0.0,0.0,0.0,0.0,0.0,0.0,1.0,0.0,0.0,0.0,0.0,1.0,0.0,0.0,0.0,0.0,12.0,1.0,9.0,3.0,5.0,4.0,3.0,0.0,23.0,1.0,4.0,4.0,149.0
0.0,0.0,1.0,0.0,0.0,1.0,0.0,0.0,1.0,0.0,0.0,0.0,0.0,0.0,0.0,0.0,0.0,1.0,0.0,0.0,0.0,21.0,3.0,9.0,3.0,2.0,4.0,8.0,0.0,15.0,1.0,2.0,3.0,285.0
1.0,0.0,0.0,1.0,0.0,1.0,0.0,0.0,1.0,0.0,0.0,0.0,0.0,0.0,0.0,0.0,0.0,1.0,0.0,0.0,0.0,23.0,1.0,8.0,3.0,4.0,3.0,6.0,0.0,15.0,1.0,2.0,1.0,279.0
1.0,0.0,0.0,1.0,0.0,1.0,0.0,1.0,0.0,0.0,0.0,0.0,0.0,0.0,0.0,0.0,0.0,1.0,0.0,0.0,0.0,15.0,3.0,30.0,4.0,4.0,3.0,5.0,1.0,17.0,1.0,2.0,3.0,196.0
1.0,0.0,0.0,1.0,0.0,1.0,0.0,0.0,0.0,0.0,0.0,1.0,0.0,0.0,0.0,0.0,0.0,1.0,0.0,0.0,0.0,1.0,3.0,16.0,3.0,4.0,5.0,3.0,0.0,12.0,1.0,2.0,3.0,152.0
0.0,0.0,1.0,0.0,1.0,0.0,0.0,0.0,0.0,1.0,0.0,0.0,0.0,0.0,0.0,0.0,0.0,1.0,0.0,0.0,0.0,7.0,3.0,23.0,3.0,4.0,1.0,3.0,1.0,26.0,1.0,2.0,3.0,179.0
1.0,0.0,1.0,0.0,0.0,1.0,0.0,0.0,0.0,1.0,0.0,0.0,0.0,0.0,0.0,0.0,0.0,1.0,0.0,0.0,0.0,10.0,1.0,33.0,4.0,4.0,3.0,8.0,0.0,15.0,2.0,2.0,3.0,178.0
0.0,0.0,1.0,0.0,0.0,1.0,0.0,0.0,0.0,0.0,0.0,1.0,0.0,0.0,0.0,0.0,0.0,1.0,0.0,0.0,0.0,18.0,2.0,8.0,3.0,4.0,1.0,6.0,1.0,19.0,3.0,3.0,3.0,157.0
1.0,0.0,0.0,1.0,0.0,1.0,0.0,0.0,0.0,0.0,0.0,1.0,0.0,0.0,0.0,0.0,1.0,0.0,0.0,0.0,1.0,1.0,1.0,15.0,4.0,5.0,3.0,3.0,1.0,12.0,2.0,2.0,3.0,165.0
0.0,0.0,1.0,0.0,0.0,1.0,0.0,0.0,0.0,0.0,0.0,1.0,0.0,0.0,0.0,0.0,1.0,0.0,0.0,0.0,0.0,12.0,1.0,11.0,3.0,4.0,3.0,9.0,0.0,20.0,1.0,2.0,1.0,158.0
1.0,0.0,1.0,0.0,0.0,1.0,0.0,1.0,0.0,0.0,0.0,0.0,0.0,0.0,0.0,0.0,1.0,0.0,0.0,0.0,0.0,27.0,1.0,31.0,3.0,2.0,1.0,5.0,0.0,16.0,1.0,2.0,3.0,195.0
0.0,0.0,1.0,0.0,1.0,0.0,0.0,0.0,0.0,0.0,0.0,1.0,0.0,0.0,0.0,0.0,1.0,0.0,0.0,0.0,1.0,12.0,3.0,14.0,4.0,4.0,3.0,4.0,1.0,12.0,2.0,8.0,8.0,152.0
1.0,0.0,0.0,1.0,0.0,0.0,1.0,0.0,0.0,0.0,0.0,1.0,0.0,0.0,0.0,0.0,0.0,1.0,0.0,0.0,1.0,1.0,1.0,9.0,4.0,4.0,4.0,3.0,0.0,13.0,1.0,2.0,1.0,139.0
1.0,0.0,0.0,1.0,1.0,0.0,0.0,0.0,0.0,0.0,0.0,1.0,0.0,0.0,0.0,0.0,1.0,0.0,0.0,0.0,0.0,1.0,1.0,14.0,4.0,4.0,1.0,3.0,0.0,21.0,1.0,6.0,8.0,151.0
1.0,0.0,1.0,0.0,0.0,1.0,0.0,0.0,0.0,0.0,0.0,1.0,0.0,0.0,1.0,0.0,0.0,0.0,0.0,0.0,0.0,29.0,1.0,29.0,4.0,5.0,4.0,7.0,0.0,13.0,2.0,2.0,3.0,160.0
1.0,0.0,1.0,0.0,0.0,1.0,0.0,0.0,0.0,1.0,0.0,0.0,0.0,0.0,0.0,0.0,1.0,0.0,0.0,0.0,0.0,8.0,1.0,12.0,3.0,5.0,1.0,3.0,0.0,15.0,1.0,5.0,14.0,165.0
1.0,0.0,1.0,0.0,0.0,1.0,0.0,1.0,0.0,0.0,0.0,0.0,0.0,0.0,0.0,0.0,1.0,0.0,0.0,0.0,0.0,31.0,1.0,8.0,4.0,6.0,1.0,5.0,0.0,21.0,2.0,2.0,1.0,234.0
1.0,0.0,1.0,0.0,0.0,0.0,1.0,0.0,0.0,0.0,0.0,1.0,0.0,0.0,0.0,0.0,1.0,0.0,0.0,0.0,0.0,7.0,1.0,28.0,4.0,2.0,4.0,3.0,0.0,19.0,1.0,3.0,14.0,145.0
1.0,0.0,1.0,0.0,1.0,0.0,0.0,0.0,0.0,1.0,0.0,0.0,0.0,0.0,0.0,0.0,1.0,0.0,0.0,0.0,0.0,11.0,3.0,8.0,3.0,6.0,1.0,3.0,0.0,15.0,2.0,2.0,4.543490512868683,220.0
0.0,0.0,1.0,0.0,0.0,1.0,0.0,0.0,0.0,0.0,0.0,1.0,0.0,0.0,0.0,0.0,0.0,1.0,0.0,0.0,0.0,8.0,1.0,26.0,3.0,5.0,1.0,3.0,0.0,13.0,2.0,9.0,8.0,154.0
1.0,0.0,1.0,0.0,0.0,0.0,1.0,0.0,0.0,0.0,0.0,1.0,0.0,0.0,0.0,0.0,0.0,1.0,0.0,0.0,1.0,1.0,3.0,14.0,4.0,4.0,1.0,3.0,1.0,22.0,2.0,2.0,3.0,148.0
0.0,0.0,1.0,0.0,0.0,1.0,0.0,1.0,0.0,0.0,0.0,0.0,0.0,0.0,0.0,0.0,0.0,1.0,0.0,0.0,0.0,18.0,1.0,9.0,4.0,2.0,1.0,3.0,1.0,20.0,2.0,7.0,8.0,204.0
1.0,0.0,0.0,1.0,1.0,0.0,0.0,0.0,0.0,0.0,0.0,1.0,0.0,0.0,0.0,0.0,1.0,0.0,0.0,0.0,0.0,9.0,1.0,9.0,4.0,5.0,1.0,2.0,1.0,15.0,2.0,2.0,5.0,174.0
1.0,0.0,1.0,0.0,0.0,1.0,0.0,0.0,0.0,1.0,0.0,0.0,0.0,0.0,0.0,0.0,1.0,0.0,0.0,0.0,0.0,17.0,3.0,9.0,4.0,4.0,1.0,3.0,1.0,18.0,4.0,9.0,9.0,203.0
1.0,0.0,1.0,0.0,0.0,1.0,0.0,0.0,0.0,0.0,0.0,1.0,0.0,0.0,0.0,0.0,1.0,0.0,0.0,0.0,0.0,1.0,1.0,16.0,4.0,2.0,3.0,3.0,0.0,17.0,1.0,2.0,5.0,169.0
1.0,0.0,0.0,1.0,0.0,1.0,0.0,1.0,0.0,0.0,0.0,0.0,0.0,0.0,0.0,0.0,0.0,0.0,1.0,0.0,0.0,15.0,3.0,13.0,3.0,4.0,3.0,3.0,0.0,13.0,4.0,9.0,4.543490512868683,217.0
0.0,0.0,1.0,0.0,0.0,1.0,0.0,0.0,0.0,0.0,0.0,1.0,0.0,0.0,0.0,0.0,1.0,0.0,0.0,0.0,0.0,3.0,1.0,16.0,3.0,4.0,3.0,11.0,0.0,18.0,1.0,2.0,3.0,155.0
0.0,0.0,0.0,1.0,0.0,1.0,0.0,0.0,0.0,1.0,0.0,0.0,0.0,0.0,0.0,0.0,0.0,1.0,0.0,0.0,0.0,10.0,3.0,9.0,3.0,4.0,1.0,5.0,0.0,16.0,7.0,7.0,8.0,170.0
1.0,0.0,1.0,0.0,1.0,0.0,0.0,1.0,0.0,0.0,0.0,0.0,0.0,0.0,0.0,0.0,0.0,1.0,0.0,0.0,0.0,19.0,1.0,8.0,4.0,5.0,3.0,5.0,0.0,24.0,5.0,2.0,5.0,232.0
1.0,0.0,1.0,0.0,0.0,0.0,1.0,0.0,0.0,0.0,0.0,1.0,0.0,0.0,0.0,0.0,0.0,0.0,0.0,1.0,1.0,1.0,2.0,29.0,3.0,6.0,3.0,3.0,0.0,12.0,1.0,2.0,1.0,141.0
1.0,0.0,1.0,0.0,1.0,0.0,0.0,0.0,1.0,0.0,0.0,0.0,0.0,0.0,0.0,0.0,0.0,1.0,0.0,0.0,1.0,11.0,3.0,16.0,3.0,6.0,3.0,9.0,0.0,12.0,7.0,2.0,11.0,254.0
1.0,0.0,1.0,0.0,0.0,0.0,1.0,0.0,0.0,0.0,0.0,1.0,0.0,0.0,0.0,0.0,1.0,0.0,0.0,0.0,0.0,1.0,1.0,24.0,4.0,6.0,3.0,3.0,0.0,16.0,2.0,2.0,3.0,148.0
0.0,0.0,0.0,1.0,0.0,1.0,0.0,0.0,1.0,0.0,0.0,0.0,0.0,0.0,0.0,1.0,0.0,0.0,0.0,0.0,0.0,19.0,1.0,35.0,3.0,5.0,4.0,3.0,0.0,15.0,7.0,9.0,7.0,292.0
1.0,0.0,1.0,0.0,1.0,0.0,0.0,0.0,0.0,0.0,0.0,1.0,0.0,0.0,0.0,0.0,0.0,1.0,0.0,0.0,0.0,6.0,1.0,17.0,3.0,4.0,3.0,8.0,0.0,14.0,1.0,2.0,4.0,159.0
1.0,0.0,1.0,0.0,0.0,1.0,0.0,0.0,0.0,0.0,0.0,1.0,0.0,0.0,0.0,0.0,0.0,1.0,0.0,0.0,0.0,5.0,1.0,9.0,4.0,4.0,3.0,3.0,0.0,15.0,2.0,2.0,4.0,160.0
1.0,0.0,1.0,0.0,1.0,0.0,0.0,0.0,0.0,1.0,0.0,0.0,0.0,0.0,0.0,0.0,0.0,0.0,0.0,1.0,0.0,15.0,2.0,11.0,3.0,6.0,4.0,8.0,0.0,20.0,1.0,2.0,3.0,189.0
0.0,0.0,1.0,0.0,0.0,1.0,0.0,0.0,0.0,1.0,0.0,0.0,0.0,0.0,0.0,0.0,0.0,1.0,0.0,0.0,0.0,14.0,1.0,15.0,4.0,4.0,5.0,4.0,1.0,17.0,2.0,2.0,1.0,190.0
1.0,0.0,1.0,0.0,0.0,1.0,0.0,0.0,0.0,0.0,0.0,1.0,0.0,0.0,0.0,0.0,1.0,0.0,0.0,0.0,0.0,1.0,1.0,36.0,4.0,4.0,5.0,3.0,0.0,14.0,2.0,2.0,3.0,164.0
1.0,0.0,0.0,1.0,0.0,1.0,0.0,0.0,0.0,1.0,0.0,0.0,0.0,0.0,0.0,0.0,0.0,1.0,0.0,0.0,0.0,20.0,1.0,20.0,3.0,4.0,4.0,8.0,0.0,15.0,2.0,2.0,10.0,181.0
1.0,0.0,1.0,0.0,0.0,1.0,0.0,0.0,0.0,1.0,0.0,0.0,0.0,0.0,0.0,0.0,0.0,1.0,0.0,0.0,0.0,9.0,1.0,34.0,3.0,4.0,3.0,4.0,0.0,17.0,2.0,2.0,8.0,194.0
1.0,0.0,1.0,0.0,0.0,1.0,0.0,0.0,0.0,0.0,0.0,1.0,0.0,0.0,0.0,0.0,0.0,1.0,0.0,0.0,0.0,4.0,1.0,23.0,3.0,4.0,1.0,3.0,0.0,13.0,1.0,2.0,9.0,154.0
1.0,0.0,1.0,0.0,1.0,0.0,0.0,0.0,0.0,1.0,0.0,0.0,0.0,0.0,0.0,0.0,0.0,0.0,1.0,0.0,0.0,21.0,3.0,9.0,3.0,4.0,4.0,9.0,0.0,12.0,1.0,2.0,1.0,175.0
1.0,0.0,1.0,0.0,0.0,1.0,0.0,1.0,0.0,0.0,0.0,0.0,0.0,0.0,0.0,0.0,0.0,1.0,0.0,0.0,0.0,20.0,3.0,9.0,4.0,4.0,1.0,6.0,1.0,13.0,1.0,2.0,4.543490512868683,229.0
1.0,0.0,1.0,0.0,0.0,1.0,0.0,0.0,0.0,1.0,0.0,0.0,0.0,0.0,0.0,0.0,0.0,0.0,1.0,0.0,1.0,1.0,3.0,20.0,4.0,5.0,5.0,7.0,1.0,14.0,2.0,3.0,3.0,186.0
1.0,0.0,0.0,1.0,0.0,1.0,0.0,0.0,0.0,1.0,0.0,0.0,0.0,0.0,0.0,0.0,0.0,1.0,0.0,0.0,1.0,1.0,3.0,8.0,3.0,6.0,4.0,8.0,0.0,16.0,1.0,2.0,1.0,192.0
0.0,0.0,0.0,1.0,0.0,1.0,0.0,0.0,0.0,0.0,0.0,1.0,0.0,0.0,0.0,0.0,1.0,0.0,0.0,0.0,0.0,1.0,1.0,11.0,3.0,4.0,4.0,3.0,0.0,14.0,1.0,2.0,3.0,158.0
0.0,0.0,0.0,1.0,1.0,0.0,0.0,0.0,0.0,1.0,0.0,0.0,0.0,0.0,1.0,0.0,0.0,0.0,0.0,0.0,0.0,5.0,1.0,31.0,2.0,4.0,1.0,4.0,0.0,21.0,1.0,2.0,5.0,177.0
1.0,0.0,1.0,0.0,1.0,0.0,0.0,0.0,0.0,1.0,0.0,0.0,0.0,0.0,0.0,0.0,0.0,1.0,0.0,0.0,0.0,13.0,1.0,8.0,4.0,4.0,1.0,3.0,1.0,16.0,1.0,6.0,9.0,190.0
1.0,0.0,1.0,0.0,0.0,1.0,0.0,1.0,0.0,0.0,0.0,0.0,0.0,0.0,0.0,0.0,0.0,1.0,0.0,0.0,0.0,6.0,3.0,26.0,4.0,6.0,3.0,5.0,0.0,14.0,1.0,2.0,4.543490512868683,221.0
1.0,0.0,0.0,1.0,0.0,1.0,0.0,0.0,0.0,0.0,0.0,0.0,1.0,0.0,0.0,0.0,1.0,0.0,0.0,0.0,0.0,14.0,3.0,14.0,3.0,4.0,4.0,3.0,0.0,15.0,13.0,13.0,9.0,323.0
0.0,0.0,1.0,0.0,0.0,1.0,0.0,1.0,0.0,0.0,0.0,0.0,0.0,0.0,0.0,0.0,0.0,1.0,0.0,0.0,0.0,19.0,2.0,11.0,3.0,6.0,3.0,6.0,0.0,22.0,2.0,2.0,4.543490512868683,223.0
0.0,0.0,0.0,1.0,1.0,0.0,0.0,0.0,0.0,0.0,0.0,1.0,0.0,0.0,1.0,0.0,0.0,0.0,0.0,0.0,0.0,4.0,1.0,9.0,4.0,5.0,5.0,2.0,0.0,17.0,1.0,2.0,8.0,175.0
1.0,0.0,1.0,0.0,1.0,0.0,0.0,0.0,0.0,0.0,0.0,1.0,0.0,0.0,0.0,0.0,1.0,0.0,0.0,0.0,0.0,1.0,2.0,17.0,3.0,4.0,1.0,2.0,0.0,15.0,1.0,3.0,2.0,146.0
0.0,0.0,1.0,0.0,1.0,0.0,0.0,0.0,0.0,0.0,0.0,1.0,0.0,0.0,0.0,0.0,0.0,0.0,0.0,1.0,1.0,1.0,2.0,15.0,4.0,5.0,1.0,8.0,0.0,12.0,2.0,2.0,3.0,147.0
1.0,0.0,1.0,0.0,0.0,1.0,0.0,0.0,0.0,1.0,0.0,0.0,0.0,0.0,0.0,1.0,0.0,0.0,0.0,0.0,0.0,5.0,3.0,12.0,3.0,4.0,3.0,3.0,0.0,20.0,2.0,2.0,3.0,208.0
0.0,0.0,0.0,1.0,0.0,1.0,0.0,0.0,0.0,0.0,0.0,1.0,0.0,0.0,0.0,0.0,1.0,0.0,0.0,0.0,0.0,1.0,1.0,15.0,4.0,4.0,1.0,3.0,0.0,12.0,1.0,2.0,5.0,159.0
0.0,0.0,0.0,1.0,0.0,1.0,0.0,0.0,0.0,0.0,0.0,1.0,0.0,0.0,0.0,0.0,0.0,0.0,1.0,0.0,1.0,1.0,3.0,16.0,3.0,6.0,4.0,3.0,0.0,14.0,3.0,3.0,3.0,153.0
1.0,0.0,0.0,1.0,1.0,0.0,0.0,0.0,0.0,1.0,0.0,0.0,0.0,0.0,0.0,0.0,0.0,1.0,0.0,0.0,0.0,3.0,1.0,8.0,4.0,2.0,3.0,10.0,1.0,13.0,2.0,2.0,3.0,188.0
1.0,0.0,1.0,0.0,0.0,1.0,0.0,1.0,0.0,0.0,0.0,0.0,0.0,0.0,0.0,0.0,0.0,0.0,1.0,0.0,0.0,4.0,3.0,22.0,4.0,5.0,5.0,4.0,0.0,12.0,2.0,2.0,8.0,196.0
1.0,0.0,1.0,0.0,0.0,1.0,0.0,0.0,0.0,0.0,0.0,1.0,0.0,0.0,0.0,0.0,1.0,0.0,0.0,0.0,0.0,8.0,1.0,9.0,4.0,2.0,1.0,2.0,1.0,15.0,2.0,2.0,3.0,154.0
0.0,0.0,0.0,1.0,1.0,0.0,0.0,0.0,0.0,1.0,0.0,0.0,0.0,0.0,0.0,0.0,0.0,0.0,1.0,0.0,0.0,7.0,3.0,9.0,4.0,4.0,4.0,10.0,0.0,16.0,2.0,2.0,8.0,176.0
0.0,0.0,0.0,1.0,0.0,1.0,0.0,0.0,0.0,1.0,0.0,0.0,0.0,0.0,0.0,0.0,0.0,0.0,1.0,0.0,0.0,23.0,3.0,18.0,4.0,4.0,1.0,5.0,0.0,13.0,1.0,2.0,5.0,170.0
0.0,0.0,0.0,1.0,0.0,1.0,0.0,1.0,0.0,0.0,0.0,0.0,0.0,0.0,0.0,0.0,0.0,1.0,0.0,0.0,1.0,1.0,3.0,23.0,4.0,4.0,5.0,4.0,1.0,21.0,2.0,2.0,4.543490512868683,211.0
0.0,0.0,1.0,0.0,1.0,0.0,0.0,0.0,0.0,0.0,0.0,1.0,0.0,0.0,0.0,0.0,1.0,0.0,0.0,0.0,0.0,12.0,1.0,9.0,4.0,5.0,4.0,6.0,0.0,15.0,1.0,2.0,6.0,150.0
1.0,0.0,1.0,0.0,0.0,1.0,0.0,1.0,0.0,0.0,0.0,0.0,0.0,0.0,0.0,0.0,0.0,0.0,1.0,0.0,1.0,1.0,3.0,23.0,4.0,4.0,3.0,4.0,0.0,14.0,1.0,2.0,1.0,207.0
0.0,0.0,1.0,0.0,0.0,0.0,1.0,0.0,0.0,0.0,0.0,1.0,0.0,0.0,1.0,0.0,0.0,0.0,0.0,0.0,0.0,3.0,1.0,11.0,4.0,5.0,5.0,3.0,0.0,14.0,1.0,2.0,1.0,146.0
1.0,0.0,1.0,0.0,0.0,1.0,0.0,0.0,0.0,1.0,0.0,0.0,0.0,0.0,0.0,0.0,0.0,1.0,0.0,0.0,0.0,4.0,1.0,23.0,3.0,2.0,3.0,5.0,0.0,17.0,2.0,2.0,8.0,178.0
1.0,0.0,0.0,1.0,1.0,0.0,0.0,0.0,0.0,0.0,0.0,1.0,0.0,0.0,1.0,0.0,0.0,0.0,0.0,0.0,0.0,6.0,1.0,12.0,4.0,4.0,4.0,4.0,0.0,15.0,2.0,2.0,8.0,152.0
1.0,0.0,1.0,0.0,0.0,1.0,0.0,0.0,0.0,1.0,0.0,0.0,0.0,0.0,0.0,0.0,1.0,0.0,0.0,0.0,0.0,12.0,1.0,25.0,3.0,6.0,1.0,5.0,1.0,17.0,1.0,2.0,1.0,183.0
1.0,0.0,1.0,0.0,1.0,0.0,0.0,0.0,0.0,0.0,0.0,1.0,0.0,0.0,1.0,0.0,0.0,0.0,0.0,0.0,1.0,7.0,1.0,24.0,3.0,5.0,3.0,11.0,1.0,17.0,2.0,2.0,1.0,149.0
1.0,0.0,1.0,0.0,0.0,1.0,0.0,0.0,0.0,0.0,0.0,1.0,0.0,0.0,0.0,0.0,1.0,0.0,0.0,0.0,0.0,16.0,1.0,19.0,3.0,4.0,4.0,10.0,0.0,23.0,2.0,2.0,5.0,153.0
1.0,0.0,1.0,0.0,0.0,1.0,0.0,0.0,0.0,0.0,0.0,0.0,1.0,0.0,0.0,0.0,1.0,0.0,0.0,0.0,0.0,29.0,1.0,9.0,3.0,5.0,5.0,10.0,0.0,15.0,2.0,2.0,1.0,315.0
1.0,0.0,1.0,0.0,1.0,0.0,0.0,0.0,0.0,1.0,0.0,0.0,0.0,0.0,1.0,0.0,0.0,0.0,0.0,0.0,0.0,7.0,1.0,11.0,3.0,4.0,4.0,7.0,0.0,16.0,1.0,2.0,8.0,156.0
1.0,0.0,1.0,0.0,0.0,0.0,1.0,0.0,0.0,0.0,0.0,1.0,0.0,0.0,0.0,0.0,0.0,1.0,0.0,0.0,0.0,15.0,1.0,16.0,4.0,4.0,5.0,3.0,0.0,21.0,1.0,2.0,5.0,148.0
1.0,0.0,1.0,0.0,1.0,0.0,0.0,0.0,0.0,1.0,0.0,0.0,0.0,0.0,0.0,0.0,0.0,1.0,0.0,0.0,0.0,8.0,3.0,17.0,3.0,4.0,3.0,3.0,1.0,15.0,2.0,2.0,8.0,165.0
0.0,0.0,1.0,0.0,1.0,0.0,0.0,0.0,1.0,0.0,0.0,0.0,0.0,0.0,0.0,0.0,1.0,0.0,0.0,0.0,0.0,27.0,1.0,8.0,3.0,5.0,3.0,6.0,1.0,21.0,2.0,2.0,3.0,255.0
1.0,0.0,0.0,1.0,0.0,1.0,0.0,0.0,0.0,0.0,0.0,1.0,0.0,0.0,0.0,0.0,0.0,1.0,0.0,0.0,0.0,17.0,2.0,9.0,4.0,4.0,1.0,2.0,0.0,14.0,2.0,2.0,9.0,160.0
0.0,0.0,0.0,1.0,0.0,1.0,0.0,0.0,0.0,1.0,0.0,0.0,0.0,0.0,0.0,0.0,0.0,1.0,0.0,0.0,0.0,8.0,3.0,10.0,3.0,6.0,1.0,7.0,0.0,13.0,3.0,3.0,3.0,185.0
1.0,0.0,0.0,1.0,0.0,1.0,0.0,0.0,0.0,0.0,0.0,1.0,0.0,0.0,0.0,0.0,0.0,0.0,1.0,0.0,1.0,1.0,3.0,14.0,3.0,4.0,4.0,3.0,0.0,14.0,1.0,2.0,1.0,152.0
0.0,0.0,1.0,0.0,0.0,1.0,0.0,0.0,0.0,0.0,0.0,1.0,0.0,0.0,0.0,0.0,0.0,0.0,0.0,1.0,0.0,12.0,1.0,13.0,3.0,5.0,3.0,3.0,0.0,12.0,2.0,2.0,5.0,162.0
0.0,0.0,1.0,0.0,0.0,0.0,1.0,0.0,0.0,0.0,0.0,1.0,0.0,0.0,0.0,0.0,1.0,0.0,0.0,0.0,1.0,1.0,1.0,15.0,4.0,4.0,5.0,3.0,1.0,18.0,1.0,2.0,1.0,149.0
0.0,0.0,1.0,0.0,0.0,1.0,0.0,0.0,0.0,1.0,0.0,0.0,0.0,0.0,0.0,0.0,0.0,0.0,1.0,0.0,0.0,5.0,3.0,36.0,4.0,5.0,1.0,3.0,0.0,15.0,1.0,6.0,8.0,180.0
0.0,0.0,1.0,0.0,0.0,1.0,0.0,1.0,0.0,0.0,0.0,0.0,0.0,0.0,0.0,1.0,0.0,0.0,0.0,0.0,0.0,25.0,1.0,10.0,3.0,4.0,3.0,4.0,0.0,12.0,3.0,2.0,3.0,256.0
1.0,0.0,1.0,0.0,0.0,1.0,0.0,0.0,0.0,1.0,0.0,0.0,0.0,0.0,0.0,0.0,0.0,0.0,1.0,0.0,0.0,11.0,3.0,16.0,3.0,5.0,4.0,3.0,0.0,15.0,2.0,2.0,4.0,167.0
1.0,0.0,1.0,0.0,0.0,1.0,0.0,0.0,0.0,0.0,0.0,0.0,1.0,0.0,0.0,0.0,1.0,0.0,0.0,0.0,0.0,20.0,1.0,9.0,3.0,4.0,1.0,9.0,1.0,15.0,3.0,3.0,3.0,318.0
1.0,0.0,1.0,0.0,0.0,1.0,0.0,1.0,0.0,0.0,0.0,0.0,0.0,0.0,0.0,0.0,0.0,1.0,0.0,0.0,0.0,10.0,1.0,17.0,3.0,4.0,5.0,9.0,1.0,14.0,3.0,6.0,8.0,208.0
1.0,0.0,1.0,0.0,1.0,0.0,0.0,0.0,0.0,0.0,0.0,1.0,0.0,0.0,0.0,0.0,1.0,0.0,0.0,0.0,1.0,8.0,1.0,8.0,4.0,4.0,4.0,3.0,1.0,13.0,3.0,3.0,4.0,148.0
1.0,0.0,1.0,0.0,0.0,1.0,0.0,0.0,0.0,1.0,0.0,0.0,0.0,0.0,0.0,0.0,0.0,0.0,0.0,1.0,0.0,11.0,2.0,15.0,3.0,4.0,4.0,4.0,0.0,14.0,4.0,5.0,8.0,166.0
1.0,0.0,0.0,1.0,0.0,1.0,0.0,0.0,0.0,1.0,0.0,0.0,0.0,0.0,0.0,0.0,0.0,1.0,0.0,0.0,1.0,1.0,3.0,34.0,3.0,4.0,1.0,3.0,1.0,19.0,4.0,8.0,8.0,183.0
1.0,0.0,1.0,0.0,0.0,1.0,0.0,0.0,0.0,0.0,0.0,1.0,0.0,0.0,0.0,0.0,0.0,1.0,0.0,0.0,0.0,7.0,1.0,15.0,3.0,2.0,5.0,8.0,0.0,20.0,4.0,8.0,7.0,156.0
1.0,0.0,1.0,0.0,0.0,0.0,1.0,0.0,0.0,0.0,0.0,1.0,0.0,0.0,0.0,0.0,0.0,1.0,0.0,0.0,0.0,2.0,1.0,8.0,3.0,4.0,1.0,3.0,0.0,12.0,1.0,2.0,4.0,145.0
1.0,0.0,0.0,1.0,0.0,1.0,0.0,1.0,0.0,0.0,0.0,0.0,0.0,0.0,0.0,0.0,1.0,0.0,0.0,0.0,0.0,13.0,1.0,17.0,4.0,4.0,3.0,9.0,0.0,22.0,3.0,2.0,3.0,260.0
1.0,0.0,0.0,1.0,1.0,0.0,0.0,0.0,0.0,1.0,0.0,0.0,0.0,0.0,0.0,0.0,0.0,1.0,0.0,0.0,0.0,20.0,3.0,33.0,4.0,5.0,4.0,10.0,0.0,16.0,2.0,3.0,3.0,205.0
0.0,0.0,1.0,0.0,0.0,1.0,0.0,0.0,0.0,0.0,0.0,1.0,0.0,0.0,0.0,0.0,0.0,1.0,0.0,0.0,0.0,14.0,1.0,9.0,4.0,4.0,5.0,6.0,0.0,18.0,2.0,2.0,3.0,159.0
1.0,0.0,1.0,0.0,0.0,1.0,0.0,0.0,0.0,1.0,0.0,0.0,0.0,0.0,0.0,0.0,1.0,0.0,0.0,0.0,0.0,16.0,1.0,20.0,4.0,2.0,5.0,7.0,0.0,19.0,2.0,2.0,1.0,180.0
1.0,0.0,1.0,0.0,1.0,0.0,0.0,0.0,0.0,1.0,0.0,0.0,0.0,0.0,0.0,0.0,1.0,0.0,0.0,0.0,0.0,9.0,1.0,9.0,3.0,4.0,1.0,4.0,0.0,15.0,2.0,2.0,8.0,183.0
1.0,0.0,1.0,0.0,1.0,0.0,0.0,0.0,0.0,0.0,0.0,1.0,0.0,0.0,0.0,0.0,0.0,0.0,0.0,1.0,0.0,12.0,2.0,9.0,4.0,4.0,4.0,7.0,0.0,14.0,3.0,4.0,9.0,151.0
1.0,0.0,1.0,0.0,1.0,0.0,0.0,0.0,0.0,1.0,0.0,0.0,0.0,0.0,0.0,0.0,0.0,1.0,0.0,0.0,1.0,1.0,1.0,16.0,4.0,4.0,5.0,6.0,0.0,18.0,1.0,2.0,8.0,178.0
1.0,0.0,0.0,1.0,0.0,1.0,0.0,0.0,0.0,1.0,0.0,0.0,0.0,0.0,0.0,0.0,1.0,0.0,0.0,0.0,1.0,1.0,1.0,17.0,3.0,4.0,5.0,3.0,0.0,16.0,1.0,2.0,9.0,167.0
1.0,0.0,1.0,0.0,1.0,0.0,0.0,0.0,0.0,1.0,0.0,0.0,0.0,0.0,0.0,0.0,0.0,1.0,0.0,0.0,0.0,13.0,3.0,27.0,3.0,4.0,1.0,4.0,0.0,19.0,2.0,3.0,3.0,166.0
1.0,0.0,0.0,1.0,1.0,0.0,0.0,0.0,0.0,0.0,0.0,1.0,0.0,0.0,0.0,0.0,0.0,1.0,0.0,0.0,0.0,17.0,1.0,16.0,3.0,4.0,3.0,6.0,0.0,14.0,2.0,2.0,3.0,149.0
1.0,0.0,0.0,1.0,0.0,1.0,0.0,0.0,0.0,1.0,0.0,0.0,0.0,0.0,0.0,0.0,0.0,1.0,0.0,0.0,0.0,15.0,1.0,12.0,3.0,2.0,4.0,5.0,0.0,13.0,1.0,2.0,3.0,194.0
0.0,0.0,1.0,0.0,0.0,1.0,0.0,1.0,0.0,0.0,0.0,0.0,0.0,0.0,0.0,0.0,0.0,0.0,1.0,0.0,0.0,15.0,3.0,11.0,3.0,4.0,3.0,2.0,1.0,14.0,6.0,14.0,4.543490512868683,229.0
0.0,0.0,0.0,1.0,0.0,1.0,0.0,1.0,0.0,0.0,0.0,0.0,0.0,0.0,0.0,0.0,1.0,0.0,0.0,0.0,0.0,4.0,1.0,17.0,4.0,4.0,3.0,11.0,0.0,15.0,1.0,2.0,4.543490512868683,222.0
0.0,0.0,1.0,0.0,0.0,0.0,1.0,0.0,0.0,0.0,0.0,1.0,0.0,0.0,0.0,0.0,1.0,0.0,0.0,0.0,1.0,1.0,2.0,27.0,4.0,4.0,4.0,2.0,1.0,12.0,1.0,2.0,5.0,146.0
0.0,0.0,1.0,0.0,0.0,1.0,0.0,0.0,0.0,1.0,0.0,0.0,0.0,0.0,0.0,0.0,1.0,0.0,0.0,0.0,1.0,10.0,1.0,28.0,4.0,4.0,4.0,6.0,0.0,23.0,4.0,4.0,4.543490512868683,214.0
0.0,0.0,1.0,0.0,0.0,1.0,0.0,0.0,0.0,1.0,0.0,0.0,0.0,0.0,0.0,0.0,0.0,1.0,0.0,0.0,0.0,14.0,1.0,8.0,3.0,4.0,1.0,6.0,0.0,18.0,1.0,2.0,4.0,190.0
1.0,0.0,1.0,0.0,0.0,1.0,0.0,0.0,0.0,1.0,0.0,0.0,0.0,0.0,0.0,1.0,0.0,0.0,0.0,0.0,0.0,8.0,3.0,15.0,4.0,2.0,3.0,3.0,0.0,22.0,3.0,5.0,9.0,193.0
1.0,0.0,1.0,0.0,1.0,0.0,0.0,0.0,1.0,0.0,0.0,0.0,0.0,0.0,0.0,0.0,1.0,0.0,0.0,0.0,0.0,31.0,3.0,9.0,3.0,4.0,4.0,6.0,0.0,23.0,1.0,15.0,15.0,288.0
1.0,0.0,1.0,0.0,0.0,1.0,0.0,0.0,0.0,0.0,0.0,1.0,0.0,0.0,0.0,0.0,1.0,0.0,0.0,0.0,0.0,9.0,1.0,30.0,4.0,6.0,3.0,2.0,0.0,17.0,1.0,2.0,4.0,152.0
0.0,0.0,1.0,0.0,0.0,1.0,0.0,1.0,0.0,0.0,0.0,0.0,0.0,0.0,0.0,0.0,0.0,1.0,0.0,0.0,0.0,21.0,1.0,11.0,4.0,5.0,4.0,10.0,1.0,13.0,6.0,15.0,4.543490512868683,228.0
0.0,0.0,1.0,0.0,0.0,1.0,0.0,0.0,0.0,1.0,0.0,0.0,0.0,0.0,0.0,0.0,0.0,1.0,0.0,0.0,0.0,14.0,1.0,19.0,3.0,4.0,5.0,4.0,0.0,13.0,2.0,8.0,8.0,169.0
0.0,0.0,1.0,0.0,0.0,1.0,0.0,0.0,0.0,1.0,0.0,0.0,0.0,0.0,0.0,0.0,1.0,0.0,0.0,0.0,0.0,28.0,1.0,14.0,4.0,4.0,1.0,6.0,0.0,16.0,2.0,2.0,8.0,194.0
0.0,0.0,1.0,0.0,1.0,0.0,0.0,1.0,0.0,0.0,0.0,0.0,0.0,0.0,0.0,0.0,0.0,0.0,1.0,0.0,0.0,5.0,3.0,14.0,4.0,4.0,5.0,4.0,0.0,15.0,3.0,3.0,4.543490512868683,221.0
0.0,0.0,1.0,0.0,0.0,1.0,0.0,0.0,0.0,0.0,0.0,1.0,0.0,0.0,0.0,0.0,1.0,0.0,0.0,0.0,0.0,2.0,1.0,8.0,4.0,4.0,5.0,3.0,0.0,26.0,2.0,2.0,3.0,161.0
0.0,0.0,1.0,0.0,0.0,1.0,0.0,0.0,0.0,1.0,0.0,0.0,0.0,0.0,0.0,0.0,0.0,0.0,1.0,0.0,0.0,12.0,3.0,9.0,4.0,6.0,1.0,4.0,1.0,21.0,1.0,2.0,4.0,179.0
1.0,0.0,0.0,1.0,0.0,1.0,0.0,0.0,0.0,1.0,0.0,0.0,0.0,0.0,0.0,0.0,1.0,0.0,0.0,0.0,0.0,1.0,3.0,17.0,3.0,4.0,1.0,3.0,0.0,14.0,2.0,2.0,3.0,172.0
1.0,0.0,1.0,0.0,1.0,0.0,0.0,0.0,1.0,0.0,0.0,0.0,0.0,0.0,0.0,0.0,0.0,1.0,0.0,0.0,0.0,31.0,1.0,22.0,3.0,4.0,3.0,4.0,1.0,15.0,1.0,3.0,3.0,283.0
0.0,0.0,0.0,1.0,1.0,0.0,0.0,0.0,0.0,0.0,0.0,1.0,0.0,0.0,0.0,0.0,1.0,0.0,0.0,0.0,0.0,1.0,1.0,21.0,3.0,4.0,3.0,3.0,0.0,17.0,2.0,2.0,1.0,140.0
1.0,0.0,1.0,0.0,0.0,1.0,0.0,0.0,0.0,0.0,0.0,1.0,0.0,0.0,0.0,0.0,0.0,0.0,0.0,1.0,1.0,1.0,2.0,25.0,3.0,2.0,5.0,2.0,0.0,18.0,2.0,2.0,1.0,155.0
1.0,0.0,1.0,0.0,0.0,0.0,1.0,0.0,0.0,0.0,0.0,1.0,0.0,0.0,0.0,0.0,0.0,0.0,0.0,1.0,1.0,1.0,2.0,20.0,3.0,5.0,5.0,6.0,1.0,16.0,3.0,3.0,1.0,148.0
0.0,0.0,1.0,0.0,1.0,0.0,0.0,0.0,0.0,1.0,0.0,0.0,0.0,0.0,0.0,0.0,0.0,1.0,0.0,0.0,0.0,19.0,3.0,9.0,4.0,4.0,3.0,6.0,0.0,23.0,4.0,6.0,8.0,177.0
0.0,0.0,1.0,0.0,0.0,1.0,0.0,0.0,0.0,1.0,0.0,0.0,0.0,0.0,0.0,0.0,0.0,0.0,0.0,1.0,0.0,10.0,1.0,9.0,4.0,4.0,4.0,6.0,1.0,23.0,2.0,2.0,1.0,195.0
1.0,0.0,1.0,0.0,1.0,0.0,0.0,0.0,0.0,1.0,0.0,0.0,0.0,0.0,0.0,0.0,0.0,1.0,0.0,0.0,0.0,17.0,3.0,9.0,4.0,4.0,1.0,3.0,0.0,21.0,8.0,8.0,8.0,182.0
0.0,0.0,0.0,1.0,1.0,0.0,0.0,0.0,0.0,0.0,0.0,1.0,0.0,0.0,0.0,0.0,0.0,1.0,0.0,0.0,0.0,1.0,1.0,12.0,3.0,4.0,1.0,2.0,1.0,15.0,2.0,2.0,3.0,149.0
1.0,0.0,1.0,0.0,1.0,0.0,0.0,0.0,0.0,0.0,0.0,1.0,0.0,0.0,0.0,0.0,1.0,0.0,0.0,0.0,0.0,3.0,1.0,27.0,3.0,4.0,1.0,3.0,0.0,14.0,2.0,4.0,11.0,163.0
1.0,0.0,0.0,1.0,1.0,0.0,0.0,0.0,0.0,1.0,0.0,0.0,0.0,0.0,0.0,0.0,0.0,0.0,1.0,0.0,0.0,6.0,3.0,17.0,4.0,4.0,1.0,10.0,0.0,14.0,1.0,2.0,1.0,171.0
1.0,0.0,1.0,0.0,1.0,0.0,0.0,0.0,0.0,0.0,0.0,1.0,0.0,0.0,1.0,0.0,0.0,0.0,0.0,0.0,0.0,16.0,1.0,17.0,3.0,4.0,3.0,5.0,0.0,23.0,4.0,4.0,4.0,154.0
0.0,0.0,0.0,1.0,0.0,0.0,1.0,0.0,0.0,0.0,0.0,1.0,0.0,0.0,0.0,0.0,0.0,1.0,0.0,0.0,0.0,21.0,1.0,16.0,4.0,4.0,3.0,6.0,0.0,13.0,1.0,3.0,1.0,146.0
1.0,0.0,1.0,0.0,0.0,1.0,0.0,1.0,0.0,0.0,0.0,0.0,0.0,0.0,0.0,0.0,0.0,1.0,0.0,0.0,0.0,20.0,1.0,9.0,3.0,4.0,1.0,5.0,0.0,15.0,1.0,5.0,4.543490512868683,211.0
1.0,0.0,1.0,0.0,1.0,0.0,0.0,0.0,0.0,0.0,0.0,1.0,0.0,0.0,0.0,0.0,0.0,1.0,0.0,0.0,0.0,2.0,2.0,8.0,3.0,4.0,1.0,3.0,0.0,16.0,2.0,3.0,3.0,152.0
1.0,0.0,1.0,0.0,0.0,1.0,0.0,0.0,0.0,1.0,0.0,0.0,0.0,0.0,0.0,0.0,0.0,1.0,0.0,0.0,0.0,3.0,1.0,36.0,4.0,6.0,3.0,10.0,0.0,18.0,1.0,2.0,7.0,189.0
1.0,0.0,0.0,1.0,0.0,1.0,0.0,0.0,0.0,0.0,0.0,1.0,0.0,0.0,0.0,0.0,0.0,1.0,0.0,0.0,0.0,16.0,1.0,15.0,3.0,4.0,3.0,6.0,0.0,14.0,2.0,2.0,1.0,165.0
1.0,0.0,0.0,1.0,0.0,1.0,0.0,0.0,0.0,1.0,0.0,0.0,0.0,0.0,0.0,0.0,0.0,0.0,1.0,0.0,1.0,1.0,3.0,9.0,3.0,5.0,4.0,9.0,1.0,13.0,2.0,3.0,4.543490512868683,224.0
0.0,0.0,1.0,0.0,0.0,1.0,0.0,0.0,1.0,0.0,0.0,0.0,0.0,0.0,0.0,1.0,0.0,0.0,0.0,0.0,0.0,20.0,3.0,10.0,3.0,2.0,5.0,4.0,0.0,13.0,3.0,2.0,9.0,257.0
0.0,0.0,1.0,0.0,0.0,1.0,0.0,0.0,0.0,1.0,0.0,0.0,0.0,0.0,0.0,0.0,1.0,0.0,0.0,0.0,0.0,1.0,3.0,30.0,3.0,5.0,3.0,3.0,0.0,22.0,4.0,6.0,9.0,160.0
1.0,0.0,1.0,0.0,0.0,1.0,0.0,0.0,0.0,0.0,0.0,1.0,0.0,0.0,0.0,0.0,1.0,0.0,0.0,0.0,0.0,3.0,2.0,13.0,3.0,5.0,4.0,3.0,0.0,12.0,2.0,2.0,1.0,153.0
0.0,0.0,1.0,0.0,0.0,1.0,0.0,0.0,0.0,0.0,0.0,0.0,1.0,0.0,0.0,0.0,1.0,0.0,0.0,0.0,0.0,17.0,1.0,13.0,3.0,5.0,3.0,9.0,0.0,15.0,7.0,7.0,15.0,319.0
1.0,0.0,1.0,0.0,0.0,1.0,0.0,0.0,0.0,0.0,0.0,0.0,1.0,0.0,0.0,0.0,0.0,1.0,0.0,0.0,0.0,22.0,1.0,17.0,4.0,5.0,4.0,6.0,0.0,15.0,4.0,13.0,10.0,322.0
1.0,0.0,0.0,1.0,1.0,0.0,0.0,0.0,0.0,0.0,0.0,1.0,0.0,0.0,0.0,0.0,0.0,1.0,0.0,0.0,1.0,1.0,1.0,31.0,4.0,5.0,1.0,3.0,1.0,25.0,2.0,2.0,1.0,149.0
0.0,0.0,1.0,0.0,0.0,1.0,0.0,1.0,0.0,0.0,0.0,0.0,0.0,0.0,0.0,0.0,0.0,1.0,0.0,0.0,1.0,10.0,3.0,17.0,4.0,4.0,4.0,7.0,0.0,22.0,2.0,2.0,8.0,198.0
0.0,0.0,1.0,0.0,1.0,0.0,0.0,0.0,0.0,0.0,0.0,1.0,0.0,0.0,0.0,0.0,0.0,1.0,0.0,0.0,0.0,1.0,1.0,22.0,4.0,5.0,5.0,2.0,0.0,20.0,1.0,8.0,4.0,173.0
1.0,0.0,1.0,0.0,0.0,1.0,0.0,0.0,0.0,1.0,0.0,0.0,0.0,0.0,0.0,0.0,0.0,0.0,0.0,1.0,0.0,13.0,1.0,26.0,3.0,4.0,1.0,10.0,0.0,15.0,1.0,3.0,3.0,164.0
1.0,0.0,1.0,0.0,0.0,1.0,0.0,0.0,0.0,0.0,0.0,1.0,0.0,0.0,1.0,0.0,0.0,0.0,0.0,0.0,0.0,29.0,1.0,9.0,4.0,5.0,1.0,10.0,0.0,21.0,2.0,2.0,5.0,152.0
0.0,0.0,1.0,0.0,0.0,1.0,0.0,0.0,0.0,0.0,0.0,1.0,0.0,0.0,0.0,0.0,1.0,0.0,0.0,0.0,0.0,2.0,3.0,10.0,4.0,4.0,4.0,3.0,0.0,20.0,2.0,2.0,1.0,154.0
1.0,0.0,0.0,1.0,0.0,0.0,1.0,0.0,0.0,0.0,0.0,1.0,0.0,0.0,0.0,0.0,1.0,0.0,0.0,0.0,1.0,1.0,3.0,16.0,3.0,4.0,1.0,3.0,0.0,14.0,1.0,2.0,1.0,136.0
1.0,0.0,0.0,1.0,0.0,1.0,0.0,0.0,0.0,0.0,0.0,1.0,0.0,0.0,0.0,0.0,0.0,1.0,0.0,0.0,1.0,1.0,1.0,14.0,4.0,4.0,4.0,3.0,1.0,24.0,2.0,2.0,1.0,150.0
0.0,0.0,1.0,0.0,0.0,1.0,0.0,0.0,0.0,1.0,0.0,0.0,0.0,0.0,1.0,0.0,0.0,0.0,0.0,0.0,0.0,10.0,3.0,17.0,4.0,5.0,3.0,3.0,1.0,14.0,1.0,2.0,8.0,182.0
1.0,0.0,1.0,0.0,0.0,1.0,0.0,0.0,0.0,1.0,0.0,0.0,0.0,0.0,0.0,0.0,0.0,1.0,0.0,0.0,0.0,5.0,1.0,27.0,3.0,4.0,3.0,3.0,0.0,12.0,1.0,2.0,3.0,167.0
1.0,0.0,1.0,0.0,0.0,1.0,0.0,1.0,0.0,0.0,0.0,0.0,0.0,0.0,0.0,0.0,0.0,1.0,0.0,0.0,0.0,8.0,3.0,11.0,4.0,4.0,1.0,4.0,1.0,14.0,1.0,2.0,4.543490512868683,222.0
1.0,0.0,0.0,1.0,0.0,0.0,1.0,0.0,0.0,0.0,0.0,1.0,0.0,0.0,0.0,0.0,0.0,1.0,0.0,0.0,0.0,3.0,1.0,14.0,3.0,4.0,5.0,5.0,0.0,15.0,1.0,2.0,3.0,146.0
1.0,0.0,1.0,0.0,0.0,1.0,0.0,0.0,0.0,1.0,0.0,0.0,0.0,0.0,0.0,0.0,1.0,0.0,0.0,0.0,0.0,11.0,1.0,14.0,4.0,4.0,5.0,7.0,1.0,23.0,1.0,2.0,5.0,168.0
0.0,0.0,1.0,0.0,0.0,1.0,0.0,0.0,0.0,1.0,0.0,0.0,0.0,0.0,0.0,0.0,0.0,0.0,0.0,1.0,0.0,9.0,1.0,23.0,3.0,5.0,4.0,2.0,1.0,12.0,1.0,2.0,3.0,173.0
0.0,0.0,1.0,0.0,0.0,1.0,0.0,0.0,0.0,1.0,0.0,0.0,0.0,0.0,0.0,0.0,0.0,1.0,0.0,0.0,0.0,19.0,1.0,32.0,4.0,5.0,1.0,2.0,0.0,14.0,1.0,4.0,9.0,184.0
1.0,0.0,0.0,1.0,1.0,0.0,0.0,0.0,0.0,1.0,0.0,0.0,0.0,0.0,0.0,0.0,0.0,0.0,0.0,1.0,0.0,10.0,2.0,9.0,4.0,5.0,1.0,3.0,0.0,22.0,2.0,2.0,9.0,164.0
1.0,0.0,1.0,0.0,0.0,1.0,0.0,0.0,1.0,0.0,0.0,0.0,0.0,0.0,0.0,0.0,0.0,1.0,0.0,0.0,0.0,14.0,1.0,8.0,4.0,4.0,5.0,4.0,0.0,15.0,3.0,12.0,17.0,293.0
0.0,0.0,1.0,0.0,0.0,1.0,0.0,0.0,0.0,0.0,0.0,1.0,0.0,0.0,0.0,0.0,0.0,1.0,0.0,0.0,0.0,1.0,1.0,8.0,3.0,5.0,3.0,3.0,1.0,14.0,1.0,2.0,1.0,154.0
0.0,0.0,0.0,1.0,0.0,1.0,0.0,0.0,0.0,1.0,0.0,0.0,0.0,0.0,0.0,0.0,1.0,0.0,0.0,0.0,0.0,1.0,3.0,9.0,3.0,2.0,3.0,2.0,0.0,15.0,1.0,2.0,8.0,190.0
0.0,0.0,1.0,0.0,1.0,0.0,0.0,0.0,1.0,0.0,0.0,0.0,0.0,0.0,0.0,0.0,1.0,0.0,0.0,0.0,0.0,22.0,1.0,29.0,3.0,4.0,1.0,5.0,0.0,15.0,2.0,5.0,8.0,297.0
1.0,0.0,1.0,0.0,0.0,1.0,0.0,0.0,0.0,1.0,0.0,0.0,0.0,0.0,0.0,0.0,0.0,1.0,0.0,0.0,0.0,18.0,1.0,8.0,4.0,2.0,5.0,4.0,0.0,16.0,2.0,3.0,3.0,175.0
1.0,0.0,1.0,0.0,1.0,0.0,0.0,0.0,0.0,0.0,0.0,1.0,0.0,0.0,1.0,0.0,0.0,0.0,0.0,0.0,1.0,1.0,1.0,23.0,3.0,6.0,5.0,3.0,1.0,24.0,1.0,4.0,1.0,148.0
1.0,0.0,0.0,1.0,0.0,1.0,0.0,0.0,0.0,0.0,0.0,1.0,0.0,0.0,0.0,0.0,0.0,1.0,0.0,0.0,1.0,20.0,1.0,31.0,4.0,4.0,1.0,3.0,0.0,17.0,1.0,2.0,1.0,151.0
1.0,0.0,1.0,0.0,0.0,1.0,0.0,0.0,0.0,1.0,0.0,0.0,0.0,0.0,0.0,0.0,0.0,0.0,1.0,0.0,0.0,10.0,3.0,24.0,3.0,5.0,4.0,4.0,0.0,17.0,2.0,2.0,4.0,180.0
0.0,0.0,1.0,0.0,0.0,1.0,0.0,0.0,0.0,1.0,0.0,0.0,0.0,0.0,0.0,0.0,0.0,0.0,1.0,0.0,0.0,15.0,3.0,15.0,3.0,4.0,4.0,7.0,0.0,22.0,1.0,2.0,5.0,169.0
1.0,0.0,1.0,0.0,0.0,1.0,0.0,1.0,0.0,0.0,0.0,0.0,0.0,0.0,0.0,0.0,1.0,0.0,0.0,0.0,0.0,16.0,1.0,13.0,3.0,4.0,5.0,11.0,0.0,14.0,6.0,2.0,8.0,258.0
0.0,0.0,1.0,0.0,0.0,1.0,0.0,0.0,0.0,1.0,0.0,0.0,0.0,0.0,0.0,0.0,1.0,0.0,0.0,0.0,0.0,5.0,3.0,17.0,3.0,4.0,1.0,4.0,1.0,12.0,2.0,2.0,5.0,191.0
0.0,0.0,1.0,0.0,0.0,1.0,0.0,0.0,0.0,1.0,0.0,0.0,0.0,0.0,0.0,0.0,1.0,0.0,0.0,0.0,0.0,8.0,3.0,10.0,4.0,5.0,1.0,5.0,1.0,13.0,1.0,2.0,2.0,206.0
0.0,0.0,1.0,0.0,0.0,1.0,0.0,0.0,0.0,0.0,0.0,1.0,0.0,0.0,0.0,0.0,1.0,0.0,0.0,0.0,0.0,5.0,1.0,11.0,4.0,2.0,3.0,10.0,0.0,13.0,2.0,3.0,3.0,165.0
1.0,0.0,1.0,0.0,1.0,0.0,0.0,0.0,0.0,0.0,0.0,1.0,0.0,0.0,0.0,0.0,0.0,0.0,0.0,1.0,0.0,1.0,1.0,13.0,4.0,2.0,1.0,2.0,0.0,19.0,3.0,8.0,8.0,150.0
1.0,0.0,0.0,1.0,1.0,0.0,0.0,0.0,0.0,1.0,0.0,0.0,0.0,0.0,0.0,0.0,1.0,0.0,0.0,0.0,0.0,19.0,1.0,8.0,3.0,4.0,3.0,6.0,0.0,13.0,1.0,2.0,4.0,179.0
1.0,0.0,0.0,1.0,0.0,1.0,0.0,0.0,0.0,1.0,0.0,0.0,0.0,0.0,0.0,0.0,0.0,0.0,1.0,0.0,0.0,7.0,3.0,17.0,3.0,4.0,3.0,3.0,0.0,15.0,1.0,2.0,10.0,180.0
1.0,0.0,1.0,0.0,1.0,0.0,0.0,0.0,0.0,1.0,0.0,0.0,0.0,0.0,0.0,0.0,0.0,1.0,0.0,0.0,0.0,2.0,3.0,8.0,3.0,5.0,1.0,3.0,1.0,13.0,2.0,2.0,8.0,193.0
1.0,0.0,0.0,1.0,1.0,0.0,0.0,0.0,0.0,0.0,0.0,1.0,0.0,0.0,1.0,0.0,0.0,0.0,0.0,0.0,1.0,1.0,3.0,31.0,3.0,2.0,5.0,3.0,0.0,18.0,1.0,2.0,1.0,136.0
0.0,0.0,1.0,0.0,1.0,0.0,0.0,0.0,0.0,1.0,0.0,0.0,0.0,0.0,0.0,0.0,0.0,1.0,0.0,0.0,0.0,13.0,3.0,28.0,3.0,6.0,3.0,8.0,0.0,20.0,1.0,2.0,3.0,182.0
1.0,0.0,1.0,0.0,0.0,0.0,1.0,0.0,0.0,0.0,0.0,1.0,0.0,0.0,1.0,0.0,0.0,0.0,0.0,0.0,0.0,1.0,1.0,9.0,3.0,4.0,4.0,3.0,0.0,12.0,1.0,2.0,3.0,147.0
1.0,0.0,1.0,0.0,1.0,0.0,0.0,0.0,0.0,1.0,0.0,0.0,0.0,0.0,0.0,0.0,0.0,0.0,0.0,1.0,0.0,8.0,1.0,29.0,3.0,5.0,1.0,3.0,1.0,16.0,4.0,7.0,12.0,182.0
0.0,0.0,0.0,1.0,0.0,1.0,0.0,0.0,0.0,1.0,0.0,0.0,0.0,0.0,0.0,0.0,0.0,0.0,1.0,0.0,1.0,1.0,3.0,20.0,3.0,4.0,3.0,5.0,1.0,12.0,1.0,3.0,4.543490512868683,224.0
1.0,0.0,1.0,0.0,1.0,0.0,0.0,0.0,0.0,1.0,0.0,0.0,0.0,0.0,1.0,0.0,0.0,0.0,0.0,0.0,0.0,21.0,1.0,21.0,4.0,4.0,4.0,10.0,0.0,19.0,1.0,2.0,8.0,180.0
0.0,0.0,1.0,0.0,0.0,1.0,0.0,0.0,0.0,1.0,0.0,0.0,0.0,0.0,0.0,0.0,0.0,0.0,1.0,0.0,0.0,30.0,3.0,18.0,3.0,5.0,5.0,6.0,0.0,17.0,1.0,2.0,1.0,179.0
1.0,0.0,1.0,0.0,0.0,1.0,0.0,0.0,0.0,1.0,0.0,0.0,0.0,0.0,0.0,0.0,1.0,0.0,0.0,0.0,0.0,13.0,1.0,16.0,3.0,4.0,5.0,3.0,0.0,26.0,1.0,8.0,10.0,177.0
0.0,0.0,1.0,0.0,1.0,0.0,0.0,0.0,0.0,1.0,0.0,0.0,0.0,0.0,0.0,0.0,1.0,0.0,0.0,0.0,0.0,12.0,1.0,15.0,3.0,5.0,4.0,3.0,1.0,17.0,2.0,2.0,8.0,146.0
0.0,0.0,1.0,0.0,0.0,1.0,0.0,0.0,1.0,0.0,0.0,0.0,0.0,0.0,0.0,0.0,0.0,1.0,0.0,0.0,0.0,61.0,3.0,28.0,4.0,4.0,1.0,6.0,1.0,15.0,1.0,2.0,1.0,304.0
0.0,0.0,0.0,1.0,1.0,0.0,0.0,0.0,0.0,0.0,0.0,1.0,0.0,0.0,0.0,0.0,0.0,1.0,0.0,0.0,1.0,1.0,1.0,12.0,3.0,2.0,3.0,5.0,1.0,15.0,1.0,2.0,4.0,149.0
1.0,0.0,1.0,0.0,0.0,1.0,0.0,0.0,0.0,0.0,0.0,1.0,0.0,0.0,0.0,0.0,0.0,1.0,0.0,0.0,0.0,12.0,1.0,16.0,4.0,4.0,1.0,4.0,0.0,20.0,1.0,2.0,4.0,173.0
1.0,0.0,1.0,0.0,1.0,0.0,0.0,0.0,0.0,0.0,0.0,0.0,1.0,0.0,0.0,0.0,0.0,1.0,0.0,0.0,0.0,23.0,1.0,9.0,3.0,4.0,1.0,5.0,0.0,15.0,5.0,5.0,4.0,317.0
1.0,0.0,1.0,0.0,0.0,1.0,0.0,0.0,0.0,1.0,0.0,0.0,0.0,0.0,0.0,0.0,0.0,0.0,1.0,0.0,0.0,16.0,3.0,19.0,4.0,4.0,1.0,5.0,1.0,13.0,2.0,2.0,1.0,176.0
0.0,0.0,1.0,0.0,1.0,0.0,0.0,0.0,0.0,0.0,0.0,1.0,0.0,0.0,0.0,0.0,0.0,0.0,0.0,1.0,1.0,1.0,2.0,29.0,3.0,5.0,4.0,3.0,0.0,13.0,2.0,2.0,1.0,154.0
1.0,0.0,1.0,0.0,0.0,1.0,0.0,0.0,0.0,1.0,0.0,0.0,0.0,0.0,0.0,0.0,1.0,0.0,0.0,0.0,0.0,9.0,3.0,25.0,4.0,4.0,5.0,2.0,0.0,17.0,2.0,2.0,5.0,181.0
1.0,0.0,0.0,1.0,1.0,0.0,0.0,0.0,0.0,0.0,0.0,1.0,0.0,0.0,0.0,0.0,1.0,0.0,0.0,0.0,0.0,2.0,1.0,23.0,3.0,4.0,3.0,3.0,0.0,15.0,1.0,2.0,5.0,146.0
1.0,0.0,1.0,0.0,1.0,0.0,0.0,0.0,0.0,0.0,0.0,1.0,0.0,0.0,0.0,0.0,1.0,0.0,0.0,0.0,0.0,5.0,1.0,10.0,3.0,4.0,5.0,3.0,1.0,14.0,3.0,3.0,4.0,156.0
1.0,0.0,1.0,0.0,1.0,0.0,0.0,0.0,0.0,0.0,0.0,1.0,0.0,0.0,0.0,0.0,0.0,1.0,0.0,0.0,0.0,10.0,1.0,16.0,4.0,2.0,4.0,3.0,0.0,23.0,2.0,2.0,3.0,153.0
1.0,0.0,0.0,1.0,0.0,1.0,0.0,1.0,0.0,0.0,0.0,0.0,0.0,0.0,0.0,0.0,0.0,0.0,1.0,0.0,0.0,8.0,3.0,8.0,3.0,4.0,1.0,3.0,0.0,22.0,3.0,3.0,4.543490512868683,224.0
1.0,0.0,1.0,0.0,0.0,1.0,0.0,1.0,0.0,0.0,0.0,0.0,0.0,0.0,0.0,0.0,1.0,0.0,0.0,0.0,0.0,8.0,3.0,20.0,3.0,4.0,3.0,3.0,0.0,19.0,1.0,2.0,4.543490512868683,211.0
1.0,0.0,0.0,1.0,0.0,1.0,0.0,0.0,0.0,0.0,0.0,1.0,0.0,0.0,0.0,0.0,1.0,0.0,0.0,0.0,0.0,1.0,1.0,8.0,4.0,4.0,5.0,2.0,0.0,14.0,8.0,8.0,7.0,154.0
1.0,0.0,1.0,0.0,0.0,1.0,0.0,0.0,0.0,1.0,0.0,0.0,0.0,0.0,0.0,0.0,0.0,1.0,0.0,0.0,0.0,3.0,1.0,8.0,3.0,4.0,5.0,2.0,0.0,13.0,1.0,2.0,3.0,179.0
0.0,0.0,1.0,0.0,1.0,0.0,0.0,0.0,0.0,1.0,0.0,0.0,0.0,0.0,0.0,0.0,1.0,0.0,0.0,0.0,0.0,6.0,1.0,22.0,3.0,4.0,1.0,7.0,0.0,19.0,1.0,2.0,3.0,192.0
1.0,0.0,1.0,0.0,1.0,0.0,0.0,0.0,0.0,1.0,0.0,0.0,0.0,0.0,0.0,0.0,0.0,1.0,0.0,0.0,0.0,5.0,1.0,8.0,3.0,6.0,5.0,3.0,0.0,22.0,7.0,9.0,8.0,175.0
1.0,0.0,1.0,0.0,0.0,0.0,1.0,0.0,0.0,0.0,0.0,1.0,0.0,0.0,1.0,0.0,0.0,0.0,0.0,0.0,1.0,1.0,1.0,24.0,3.0,5.0,1.0,7.0,0.0,13.0,2.0,2.0,4.0,149.0
1.0,0.0,0.0,1.0,0.0,1.0,0.0,0.0,0.0,0.0,0.0,1.0,0.0,0.0,0.0,0.0,0.0,1.0,0.0,0.0,0.0,12.0,3.0,8.0,3.0,5.0,5.0,6.0,0.0,15.0,2.0,2.0,1.0,154.0
0.0,0.0,1.0,0.0,0.0,1.0,0.0,0.0,0.0,1.0,0.0,0.0,0.0,0.0,0.0,0.0,0.0,1.0,0.0,0.0,0.0,9.0,3.0,14.0,3.0,4.0,1.0,3.0,1.0,12.0,2.0,2.0,10.0,177.0
1.0,0.0,0.0,1.0,0.0,1.0,0.0,0.0,0.0,1.0,0.0,0.0,0.0,0.0,0.0,0.0,0.0,0.0,1.0,0.0,0.0,1.0,3.0,16.0,3.0,4.0,1.0,3.0,0.0,15.0,2.0,2.0,8.0,166.0
1.0,0.0,0.0,1.0,0.0,1.0,0.0,0.0,0.0,1.0,0.0,0.0,0.0,0.0,0.0,0.0,0.0,1.0,0.0,0.0,0.0,6.0,1.0,12.0,3.0,5.0,1.0,10.0,0.0,25.0,2.0,2.0,4.543490512868683,222.0
1.0,0.0,1.0,0.0,1.0,0.0,0.0,0.0,0.0,1.0,0.0,0.0,0.0,0.0,0.0,0.0,0.0,0.0,1.0,0.0,1.0,1.0,3.0,33.0,4.0,4.0,1.0,3.0,1.0,12.0,1.0,2.0,9.0,181.0
1.0,0.0,0.0,1.0,0.0,1.0,0.0,1.0,0.0,0.0,0.0,0.0,0.0,0.0,0.0,0.0,0.0,1.0,0.0,0.0,1.0,17.0,3.0,31.0,4.0,4.0,5.0,8.0,1.0,14.0,1.0,3.0,4.543490512868683,229.0
0.0,0.0,1.0,0.0,0.0,1.0,0.0,0.0,0.0,1.0,0.0,0.0,0.0,0.0,0.0,0.0,0.0,1.0,0.0,0.0,0.0,28.0,1.0,16.0,4.0,4.0,3.0,5.0,0.0,12.0,2.0,3.0,4.0,154.0
1.0,0.0,1.0,0.0,1.0,0.0,0.0,0.0,0.0,1.0,0.0,0.0,0.0,0.0,0.0,0.0,0.0,1.0,0.0,0.0,0.0,7.0,1.0,14.0,3.0,4.0,3.0,3.0,0.0,21.0,1.0,3.0,9.0,185.0
1.0,0.0,1.0,0.0,0.0,1.0,0.0,1.0,0.0,0.0,0.0,0.0,0.0,0.0,0.0,0.0,0.0,1.0,0.0,0.0,0.0,17.0,1.0,18.0,2.0,4.0,3.0,3.0,0.0,18.0,2.0,2.0,10.0,200.0
1.0,0.0,1.0,0.0,1.0,0.0,0.0,0.0,0.0,0.0,0.0,1.0,0.0,0.0,0.0,0.0,0.0,0.0,0.0,1.0,0.0,12.0,2.0,8.0,3.0,4.0,4.0,2.0,1.0,12.0,1.0,2.0,3.0,155.0
1.0,0.0,1.0,0.0,0.0,1.0,0.0,0.0,0.0,0.0,0.0,0.0,1.0,0.0,0.0,0.0,0.0,0.0,0.0,1.0,0.0,29.0,2.0,33.0,4.0,2.0,4.0,6.0,1.0,15.0,2.0,2.0,5.0,321.0
0.0,0.0,1.0,0.0,0.0,0.0,1.0,0.0,0.0,0.0,0.0,1.0,0.0,0.0,0.0,0.0,1.0,0.0,0.0,0.0,0.0,5.0,1.0,9.0,3.0,6.0,1.0,3.0,1.0,12.0,1.0,2.0,1.0,136.0
1.0,0.0,0.0,1.0,0.0,1.0,0.0,0.0,1.0,0.0,0.0,0.0,0.0,0.0,0.0,0.0,0.0,0.0,1.0,0.0,0.0,13.0,3.0,22.0,4.0,4.0,5.0,2.0,0.0,13.0,5.0,2.0,11.0,258.0
1.0,0.0,0.0,1.0,1.0,0.0,0.0,0.0,0.0,1.0,0.0,0.0,0.0,0.0,0.0,0.0,0.0,1.0,0.0,0.0,0.0,16.0,1.0,30.0,3.0,5.0,3.0,3.0,0.0,13.0,4.0,4.0,8.0,168.0
0.0,0.0,1.0,0.0,1.0,0.0,0.0,1.0,0.0,0.0,0.0,0.0,0.0,0.0,0.0,0.0,1.0,0.0,0.0,0.0,0.0,5.0,1.0,17.0,3.0,4.0,3.0,6.0,0.0,21.0,4.0,2.0,9.0,235.0
0.0,0.0,0.0,1.0,0.0,1.0,0.0,0.0,0.0,1.0,0.0,0.0,0.0,0.0,0.0,0.0,1.0,0.0,0.0,0.0,0.0,28.0,1.0,17.0,4.0,4.0,5.0,8.0,1.0,20.0,1.0,2.0,5.0,169.0
1.0,0.0,0.0,1.0,0.0,1.0,0.0,0.0,0.0,1.0,0.0,0.0,0.0,0.0,0.0,0.0,0.0,1.0,0.0,0.0,0.0,1.0,1.0,8.0,3.0,5.0,3.0,3.0,0.0,13.0,2.0,2.0,3.0,171.0
1.0,0.0,0.0,1.0,0.0,1.0,0.0,0.0,0.0,0.0,0.0,1.0,0.0,0.0,0.0,0.0,0.0,0.0,0.0,1.0,0.0,1.0,1.0,19.0,4.0,4.0,1.0,3.0,0.0,14.0,2.0,2.0,5.0,151.0
0.0,0.0,1.0,0.0,1.0,0.0,0.0,0.0,0.0,1.0,0.0,0.0,0.0,0.0,1.0,0.0,0.0,0.0,0.0,0.0,0.0,14.0,1.0,18.0,4.0,4.0,3.0,3.0,0.0,12.0,8.0,10.0,5.0,188.0
0.0,0.0,1.0,0.0,0.0,1.0,0.0,0.0,0.0,1.0,0.0,0.0,0.0,0.0,0.0,0.0,0.0,0.0,1.0,0.0,0.0,14.0,3.0,9.0,4.0,4.0,4.0,5.0,0.0,15.0,2.0,6.0,11.0,182.0
0.0,0.0,1.0,0.0,0.0,0.0,1.0,0.0,0.0,0.0,0.0,1.0,0.0,0.0,0.0,0.0,0.0,0.0,0.0,1.0,0.0,1.0,2.0,9.0,3.0,4.0,4.0,6.0,0.0,15.0,1.0,2.0,3.0,147.0
1.0,0.0,1.0,0.0,0.0,1.0,0.0,0.0,0.0,0.0,0.0,1.0,0.0,0.0,0.0,0.0,1.0,0.0,0.0,0.0,0.0,4.0,1.0,8.0,4.0,4.0,4.0,3.0,0.0,14.0,2.0,2.0,8.0,162.0
1.0,0.0,1.0,0.0,0.0,1.0,0.0,0.0,0.0,0.0,0.0,1.0,0.0,0.0,0.0,0.0,0.0,0.0,0.0,1.0,0.0,1.0,1.0,9.0,3.0,4.0,3.0,8.0,1.0,20.0,1.0,2.0,3.0,165.0
1.0,0.0,0.0,1.0,0.0,1.0,0.0,1.0,0.0,0.0,0.0,0.0,0.0,0.0,0.0,0.0,1.0,0.0,0.0,0.0,0.0,21.0,1.0,32.0,3.0,4.0,3.0,4.0,0.0,24.0,10.0,13.0,4.543490512868683,211.0
1.0,0.0,1.0,0.0,1.0,0.0,0.0,0.0,0.0,0.0,0.0,1.0,0.0,0.0,0.0,0.0,1.0,0.0,0.0,0.0,0.0,7.0,1.0,8.0,3.0,5.0,3.0,3.0,0.0,13.0,1.0,2.0,1.0,145.0
1.0,0.0,1.0,0.0,0.0,1.0,0.0,0.0,0.0,1.0,0.0,0.0,0.0,0.0,0.0,0.0,0.0,1.0,0.0,0.0,0.0,12.0,3.0,8.0,3.0,4.0,4.0,2.0,0.0,16.0,2.0,6.0,9.0,169.0
1.0,0.0,1.0,0.0,0.0,1.0,0.0,0.0,0.0,0.0,0.0,1.0,0.0,0.0,0.0,0.0,0.0,1.0,0.0,0.0,0.0,5.0,3.0,9.0,3.0,4.0,3.0,2.0,0.0,20.0,1.0,2.0,3.0,156.0
1.0,0.0,1.0,0.0,1.0,0.0,0.0,0.0,0.0,1.0,0.0,0.0,0.0,0.0,0.0,0.0,0.0,1.0,0.0,0.0,0.0,12.0,1.0,13.0,4.0,5.0,3.0,4.0,0.0,12.0,3.0,8.0,8.0,178.0
1.0,0.0,1.0,0.0,0.0,1.0,0.0,0.0,0.0,1.0,0.0,0.0,0.0,0.0,0.0,0.0,0.0,1.0,0.0,0.0,0.0,16.0,1.0,25.0,3.0,4.0,5.0,8.0,1.0,18.0,2.0,2.0,3.0,179.0
1.0,0.0,1.0,0.0,0.0,1.0,0.0,0.0,0.0,0.0,0.0,1.0,0.0,0.0,0.0,0.0,0.0,1.0,0.0,0.0,0.0,15.0,1.0,8.0,4.0,4.0,1.0,5.0,0.0,23.0,1.0,2.0,1.0,153.0
0.0,0.0,1.0,0.0,1.0,0.0,0.0,1.0,0.0,0.0,0.0,0.0,0.0,0.0,0.0,0.0,1.0,0.0,0.0,0.0,0.0,21.0,1.0,8.0,4.0,4.0,4.0,2.0,0.0,19.0,1.0,2.0,13.0,245.0
1.0,0.0,1.0,0.0,0.0,1.0,0.0,0.0,0.0,0.0,0.0,1.0,0.0,0.0,0.0,0.0,1.0,0.0,0.0,0.0,0.0,9.0,1.0,18.0,3.0,4.0,3.0,9.0,1.0,12.0,3.0,3.0,3.0,152.0
1.0,0.0,0.0,1.0,0.0,1.0,0.0,0.0,0.0,0.0,0.0,1.0,0.0,0.0,0.0,0.0,0.0,1.0,0.0,0.0,0.0,1.0,1.0,8.0,4.0,4.0,3.0,2.0,0.0,13.0,2.0,2.0,3.0,159.0
1.0,0.0,0.0,1.0,0.0,1.0,0.0,0.0,0.0,1.0,0.0,0.0,0.0,0.0,0.0,0.0,1.0,0.0,0.0,0.0,0.0,9.0,1.0,16.0,3.0,4.0,3.0,3.0,0.0,20.0,1.0,2.0,9.0,176.0
0.0,0.0,1.0,0.0,0.0,1.0,0.0,0.0,0.0,1.0,0.0,0.0,0.0,0.0,0.0,0.0,1.0,0.0,0.0,0.0,0.0,7.0,1.0,22.0,4.0,4.0,1.0,2.0,1.0,14.0,7.0,9.0,2.0,174.0
0.0,0.0,0.0,1.0,0.0,1.0,0.0,0.0,0.0,0.0,0.0,1.0,0.0,0.0,0.0,0.0,0.0,1.0,0.0,0.0,0.0,6.0,1.0,36.0,3.0,5.0,4.0,3.0,0.0,14.0,1.0,5.0,2.0,153.0
1.0,0.0,1.0,0.0,0.0,0.0,1.0,0.0,0.0,0.0,0.0,1.0,0.0,0.0,0.0,0.0,0.0,1.0,0.0,0.0,0.0,14.0,1.0,8.0,3.0,4.0,1.0,10.0,0.0,20.0,2.0,2.0,1.0,149.0
1.0,0.0,1.0,0.0,0.0,0.0,1.0,0.0,0.0,0.0,0.0,1.0,0.0,0.0,0.0,0.0,1.0,0.0,0.0,0.0,0.0,6.0,3.0,8.0,4.0,5.0,4.0,2.0,0.0,15.0,3.0,3.0,3.0,148.0
1.0,0.0,0.0,1.0,0.0,1.0,0.0,0.0,0.0,1.0,0.0,0.0,0.0,0.0,0.0,0.0,0.0,1.0,0.0,0.0,0.0,13.0,1.0,31.0,3.0,4.0,1.0,9.0,0.0,14.0,1.0,2.0,8.0,166.0
0.0,0.0,1.0,0.0,0.0,1.0,0.0,1.0,0.0,0.0,0.0,0.0,0.0,0.0,0.0,0.0,1.0,0.0,0.0,0.0,0.0,12.0,1.0,17.0,4.0,6.0,3.0,5.0,0.0,13.0,1.0,2.0,12.0,257.0
0.0,0.0,1.0,0.0,0.0,1.0,0.0,1.0,0.0,0.0,0.0,0.0,0.0,0.0,0.0,0.0,0.0,0.0,1.0,0.0,0.0,6.0,3.0,8.0,3.0,4.0,1.0,3.0,0.0,20.0,1.0,6.0,4.543490512868683,229.0
0.0,0.0,1.0,0.0,0.0,1.0,0.0,1.0,0.0,0.0,0.0,0.0,0.0,0.0,0.0,0.0,0.0,1.0,0.0,0.0,0.0,11.0,1.0,17.0,3.0,2.0,1.0,3.0,1.0,26.0,1.0,7.0,9.0,262.0
0.0,0.0,1.0,0.0,0.0,1.0,0.0,0.0,0.0,1.0,0.0,0.0,0.0,0.0,0.0,0.0,0.0,0.0,0.0,1.0,0.0,1.0,3.0,15.0,3.0,4.0,3.0,2.0,1.0,23.0,1.0,2.0,5.0,174.0
1.0,0.0,1.0,0.0,1.0,0.0,0.0,0.0,0.0,0.0,0.0,1.0,0.0,0.0,0.0,0.0,0.0,1.0,0.0,0.0,0.0,26.0,3.0,36.0,3.0,4.0,1.0,4.0,0.0,16.0,2.0,2.0,1.0,160.0
1.0,0.0,0.0,1.0,0.0,0.0,1.0,0.0,0.0,0.0,0.0,1.0,0.0,0.0,0.0,0.0,1.0,0.0,0.0,0.0,0.0,18.0,1.0,8.0,3.0,4.0,1.0,8.0,1.0,13.0,2.0,2.0,3.0,149.0
1.0,0.0,0.0,1.0,0.0,0.0,1.0,0.0,0.0,0.0,0.0,1.0,0.0,0.0,0.0,0.0,1.0,0.0,0.0,0.0,0.0,1.0,3.0,12.0,3.0,4.0,5.0,3.0,1.0,12.0,2.0,2.0,3.0,149.0
1.0,0.0,0.0,1.0,1.0,0.0,0.0,0.0,0.0,0.0,0.0,0.0,1.0,0.0,0.0,0.0,0.0,1.0,0.0,0.0,0.0,13.0,1.0,16.0,3.0,4.0,1.0,4.0,0.0,15.0,2.0,2.0,4.0,319.0
1.0,0.0,1.0,0.0,1.0,0.0,0.0,0.0,0.0,0.0,0.0,1.0,0.0,0.0,0.0,0.0,0.0,0.0,1.0,0.0,1.0,1.0,3.0,16.0,3.0,4.0,5.0,3.0,0.0,20.0,2.0,2.0,1.0,143.0
0.0,0.0,1.0,0.0,0.0,1.0,0.0,1.0,0.0,0.0,0.0,0.0,0.0,0.0,0.0,0.0,1.0,0.0,0.0,0.0,0.0,10.0,3.0,10.0,4.0,5.0,1.0,2.0,0.0,20.0,1.0,4.0,5.0,201.0
0.0,0.0,1.0,0.0,1.0,0.0,0.0,0.0,0.0,1.0,0.0,0.0,0.0,0.0,0.0,0.0,0.0,1.0,0.0,0.0,0.0,10.0,1.0,11.0,4.0,4.0,4.0,9.0,0.0,14.0,1.0,2.0,3.0,176.0
1.0,0.0,1.0,0.0,1.0,0.0,0.0,0.0,0.0,1.0,0.0,0.0,0.0,0.0,0.0,0.0,0.0,1.0,0.0,0.0,0.0,30.0,1.0,8.0,3.0,4.0,3.0,3.0,0.0,22.0,1.0,2.0,10.0,188.0
1.0,0.0,1.0,0.0,0.0,1.0,0.0,0.0,0.0,0.0,0.0,1.0,0.0,0.0,0.0,0.0,1.0,0.0,0.0,0.0,1.0,1.0,1.0,8.0,3.0,4.0,1.0,11.0,1.0,15.0,3.0,3.0,3.0,173.0
1.0,0.0,1.0,0.0,0.0,1.0,0.0,0.0,0.0,0.0,0.0,0.0,1.0,0.0,0.0,0.0,0.0,1.0,0.0,0.0,0.0,16.0,1.0,9.0,3.0,4.0,3.0,7.0,0.0,15.0,1.0,5.0,15.0,314.0
1.0,0.0,1.0,0.0,0.0,0.0,1.0,0.0,0.0,0.0,0.0,1.0,0.0,0.0,1.0,0.0,0.0,0.0,0.0,0.0,1.0,20.0,1.0,14.0,4.0,4.0,3.0,10.0,0.0,12.0,7.0,10.0,9.0,148.0
0.0,0.0,1.0,0.0,0.0,1.0,0.0,0.0,1.0,0.0,0.0,0.0,0.0,0.0,0.0,0.0,0.0,1.0,0.0,0.0,0.0,15.0,1.0,35.0,3.0,5.0,4.0,2.0,0.0,24.0,2.0,2.0,11.0,261.0
0.0,0.0,1.0,0.0,0.0,1.0,0.0,0.0,0.0,1.0,0.0,0.0,0.0,0.0,0.0,0.0,0.0,0.0,1.0,0.0,0.0,8.0,3.0,35.0,4.0,5.0,3.0,3.0,0.0,22.0,2.0,2.0,8.0,192.0
1.0,0.0,1.0,0.0,1.0,0.0,0.0,0.0,0.0,1.0,0.0,0.0,0.0,0.0,0.0,0.0,0.0,0.0,1.0,0.0,0.0,10.0,3.0,22.0,3.0,6.0,1.0,3.0,0.0,25.0,6.0,12.0,12.0,179.0
1.0,0.0,1.0,0.0,0.0,1.0,0.0,0.0,0.0,1.0,0.0,0.0,0.0,0.0,0.0,0.0,0.0,1.0,0.0,0.0,0.0,15.0,3.0,10.0,3.0,5.0,4.0,4.0,0.0,12.0,2.0,2.0,4.543490512868683,214.0
1.0,0.0,0.0,1.0,0.0,0.0,1.0,0.0,0.0,0.0,0.0,1.0,0.0,0.0,1.0,0.0,0.0,0.0,0.0,0.0,0.0,6.0,1.0,9.0,4.0,4.0,5.0,3.0,0.0,15.0,1.0,2.0,3.0,149.0
0.0,0.0,0.0,1.0,0.0,1.0,0.0,1.0,0.0,0.0,0.0,0.0,0.0,0.0,0.0,0.0,0.0,1.0,0.0,0.0,0.0,9.0,2.0,33.0,3.0,4.0,1.0,3.0,1.0,17.0,2.0,2.0,4.543490512868683,213.0
0.0,0.0,1.0,0.0,0.0,1.0,0.0,0.0,0.0,1.0,0.0,0.0,0.0,0.0,0.0,0.0,0.0,1.0,0.0,0.0,0.0,12.0,3.0,17.0,4.0,4.0,1.0,3.0,0.0,12.0,1.0,2.0,10.0,178.0
1.0,0.0,1.0,0.0,1.0,0.0,0.0,0.0,0.0,1.0,0.0,0.0,0.0,0.0,0.0,0.0,0.0,1.0,0.0,0.0,1.0,14.0,3.0,8.0,4.0,4.0,3.0,9.0,0.0,13.0,2.0,2.0,2.0,192.0
0.0,0.0,1.0,0.0,0.0,1.0,0.0,0.0,0.0,1.0,0.0,0.0,0.0,0.0,0.0,0.0,0.0,0.0,1.0,0.0,0.0,10.0,3.0,18.0,4.0,5.0,1.0,6.0,0.0,14.0,2.0,2.0,1.0,192.0
0.0,0.0,0.0,1.0,0.0,1.0,0.0,0.0,0.0,1.0,0.0,0.0,0.0,0.0,0.0,0.0,0.0,1.0,0.0,0.0,0.0,19.0,3.0,27.0,3.0,4.0,3.0,10.0,0.0,16.0,1.0,2.0,2.0,174.0
1.0,0.0,0.0,1.0,0.0,1.0,0.0,0.0,0.0,0.0,0.0,1.0,0.0,0.0,0.0,0.0,0.0,1.0,0.0,0.0,0.0,14.0,1.0,9.0,1.0,5.0,3.0,4.0,0.0,15.0,1.0,3.0,3.0,153.0
1.0,0.0,1.0,0.0,1.0,0.0,0.0,0.0,0.0,1.0,0.0,0.0,0.0,0.0,0.0,0.0,0.0,1.0,0.0,0.0,0.0,9.0,1.0,25.0,4.0,4.0,3.0,3.0,1.0,15.0,1.0,2.0,3.0,182.0
0.0,0.0,1.0,0.0,0.0,0.0,1.0,0.0,0.0,0.0,0.0,1.0,0.0,0.0,0.0,0.0,1.0,0.0,0.0,0.0,0.0,14.0,1.0,9.0,4.0,4.0,3.0,4.0,0.0,15.0,1.0,2.0,3.0,145.0
0.0,0.0,1.0,0.0,0.0,1.0,0.0,0.0,0.0,0.0,0.0,1.0,0.0,0.0,0.0,0.0,0.0,1.0,0.0,0.0,0.0,9.0,1.0,8.0,4.0,6.0,1.0,3.0,0.0,13.0,2.0,2.0,2.0,155.0
1.0,0.0,1.0,0.0,0.0,1.0,0.0,0.0,0.0,1.0,0.0,0.0,0.0,0.0,0.0,0.0,0.0,0.0,0.0,1.0,0.0,3.0,1.0,20.0,3.0,5.0,4.0,6.0,1.0,14.0,1.0,2.0,4.0,165.0
0.0,0.0,0.0,1.0,0.0,1.0,0.0,0.0,0.0,0.0,0.0,1.0,0.0,0.0,0.0,0.0,1.0,0.0,0.0,0.0,0.0,3.0,1.0,35.0,4.0,5.0,5.0,3.0,0.0,15.0,1.0,2.0,5.0,163.0
1.0,0.0,1.0,0.0,0.0,1.0,0.0,1.0,0.0,0.0,0.0,0.0,0.0,0.0,0.0,0.0,0.0,0.0,1.0,0.0,1.0,14.0,3.0,35.0,3.0,5.0,5.0,6.0,1.0,14.0,3.0,2.0,1.0,234.0
0.0,0.0,1.0,0.0,0.0,1.0,0.0,0.0,1.0,0.0,0.0,0.0,0.0,0.0,0.0,0.0,0.0,0.0,1.0,0.0,0.0,13.0,3.0,31.0,3.0,5.0,1.0,2.0,0.0,12.0,4.0,2.0,7.0,245.0
1.0,0.0,0.0,1.0,1.0,0.0,0.0,0.0,0.0,1.0,0.0,0.0,0.0,0.0,0.0,0.0,1.0,0.0,0.0,0.0,0.0,5.0,1.0,12.0,4.0,4.0,5.0,2.0,0.0,20.0,2.0,2.0,4.543490512868683,224.0
0.0,0.0,0.0,1.0,0.0,1.0,0.0,0.0,0.0,0.0,0.0,1.0,0.0,0.0,0.0,0.0,0.0,0.0,0.0,1.0,0.0,1.0,3.0,12.0,2.0,5.0,3.0,2.0,0.0,19.0,2.0,2.0,1.0,155.0
1.0,0.0,1.0,0.0,1.0,0.0,0.0,0.0,0.0,1.0,0.0,0.0,0.0,0.0,0.0,0.0,1.0,0.0,0.0,0.0,0.0,10.0,1.0,30.0,3.0,2.0,1.0,6.0,0.0,18.0,1.0,2.0,4.0,151.0
1.0,0.0,1.0,0.0,0.0,1.0,0.0,1.0,0.0,0.0,0.0,0.0,0.0,0.0,0.0,0.0,1.0,0.0,0.0,0.0,0.0,13.0,1.0,13.0,3.0,5.0,5.0,6.0,0.0,16.0,1.0,2.0,4.543490512868683,225.0
1.0,0.0,1.0,0.0,0.0,1.0,0.0,0.0,0.0,1.0,0.0,0.0,0.0,0.0,0.0,0.0,0.0,1.0,0.0,0.0,0.0,1.0,1.0,11.0,3.0,2.0,4.0,3.0,1.0,21.0,1.0,2.0,4.0,186.0
1.0,0.0,1.0,0.0,1.0,0.0,0.0,0.0,0.0,1.0,0.0,0.0,0.0,0.0,0.0,0.0,1.0,0.0,0.0,0.0,0.0,23.0,3.0,9.0,4.0,5.0,4.0,4.0,0.0,15.0,2.0,2.0,9.0,179.0
1.0,0.0,1.0,0.0,0.0,1.0,0.0,0.0,0.0,1.0,0.0,0.0,0.0,0.0,0.0,0.0,1.0,0.0,0.0,0.0,0.0,8.0,1.0,15.0,3.0,2.0,3.0,4.0,0.0,13.0,2.0,2.0,3.0,169.0
