Fuel_Type,Gearbox_Automatic,Gearbox_Manual,Gearbox_Semi-automatic,Mileage_km,Price,Year,Gears,Power_hp,Engine_Size_cc,Cylinders
0.0,0.0,1.0,0.0,30000.0,17.3,2022.0,6.0,145.0,1398.0,5.0
0.0,0.0,1.0,0.0,14574.0,21.9,2020.0,6.0,145.0,1368.0,5.0
0.0,0.0,1.0,0.0,138597.0,8.99,2009.0,6.0,136.0,2275.0,5.0
0.0,0.0,1.0,0.0,46500.0,17.99,2019.0,6.0,166.0,2275.0,5.0
1.0,1.0,0.0,0.0,595.0,32.95,2025.0,6.0,237.0,2275.0,5.0
1.0,1.0,0.0,0.0,17990.0,34.49,2023.0,6.0,156.0,2275.0,4.0
0.0,0.0,1.0,0.0,105000.0,14.89,2013.0,6.0,179.0,2275.0,4.0
0.0,0.0,1.0,0.0,136500.0,11.9,2012.0,6.0,179.0,1400.0,4.0
0.0,0.0,1.0,0.0,76000.0,12.0,2012.0,6.0,163.0,2275.0,5.0
0.0,0.0,1.0,0.0,87500.0,14.0,2010.0,6.0,179.0,2275.0,5.0
0.0,0.0,1.0,0.0,145000.0,12.5,2010.0,6.0,179.0,1400.0,4.0
0.0,0.0,1.0,0.0,177500.0,8.5,2015.0,6.0,179.0,2275.0,5.0
0.0,1.0,0.0,0.0,100000.0,10.5,2013.0,6.0,160.0,2275.0,5.0
0.0,0.0,1.0,0.0,48550.0,13.75,2015.0,6.0,160.0,2275.0,5.0
0.0,0.0,1.0,0.0,116000.0,13.997,2010.0,6.0,179.0,2275.0,5.0
0.0,0.0,1.0,0.0,74000.0,13.0,2019.0,6.0,160.0,2275.0,5.0
0.0,0.0,1.0,0.0,99000.0,11.75,2019.0,6.0,160.0,2275.0,5.0
0.0,0.0,1.0,0.0,44035.0,16.458,2020.0,6.0,165.0,2275.0,5.0
0.0,0.0,1.0,0.0,140000.0,8.25,2012.0,6.0,163.0,2275.0,5.0
0.0,0.0,1.0,0.0,75000.0,14.0,2018.0,6.0,165.0,1400.0,5.0
0.0,0.0,1.0,0.0,56000.0,21.0,2021.0,6.0,179.0,2275.0,5.0
0.0,1.0,0.0,0.0,75000.0,14.89,2017.0,6.0,166.0,2275.0,5.0
0.0,0.0,1.0,0.0,16500.0,19.9,2009.0,6.0,160.0,2275.0,5.0
0.0,0.0,1.0,0.0,148000.0,16.0,2013.0,6.0,179.0,2275.0,5.0
0.0,0.0,1.0,0.0,144000.0,11.0,2015.0,6.0,218.0,2275.0,5.0
0.0,0.0,1.0,0.0,70000.0,14.5,2018.0,6.0,165.0,2275.0,5.0
0.0,0.0,1.0,0.0,22990.0,19.99,2011.0,6.0,179.0,1368.0,5.0
0.0,1.0,0.0,0.0,90000.0,16.0,2018.0,6.0,181.0,2275.0,5.0
0.0,0.0,1.0,0.0,175000.0,8.0,2010.0,6.0,135.0,2275.0,5.0
0.0,0.0,1.0,0.0,218000.0,6.5,2015.0,6.0,136.0,2275.0,5.0
0.0,0.0,1.0,0.0,50000.0,17.999,2021.0,6.0,179.0,2275.0,5.0
0.0,1.0,0.0,0.0,74900.0,14.2,2019.0,6.0,160.0,2275.0,5.0
0.0,0.0,1.0,0.0,27000.0,21.5,2021.0,6.0,179.0,2275.0,5.0
0.0,0.0,1.0,0.0,170000.0,10.0,2010.0,6.0,177.0,2275.0,5.0
0.0,0.0,1.0,0.0,74000.0,12.2,2014.0,6.0,160.0,2275.0,5.0
0.0,0.0,1.0,0.0,70.0,16.5,2017.0,6.0,165.0,2275.0,5.0
0.0,0.0,1.0,0.0,8500.0,21.0,2021.0,6.0,145.0,2275.0,5.0
0.0,0.0,1.0,0.0,160000.0,10.0,2011.0,6.0,163.0,2275.0,5.0
0.0,0.0,1.0,0.0,21700.0,19.95,2023.0,6.0,165.0,2275.0,4.0
0.0,0.0,1.0,0.0,23300.0,24.0,2019.0,6.0,204.0,2275.0,5.0
0.0,0.0,1.0,0.0,166000.0,6.6,2013.0,6.0,162.0,2275.0,5.0
0.0,0.0,1.0,0.0,79000.0,18.9,2018.0,6.0,179.0,2275.0,5.0
0.0,0.0,1.0,0.0,66000.0,14.2,2018.0,6.0,165.0,2275.0,5.0
0.0,0.0,1.0,0.0,77000.0,18.9,2017.0,6.0,160.0,2275.0,5.0
0.0,0.0,1.0,0.0,3000.0,12.5,2010.0,6.0,160.0,2275.0,5.0
0.0,0.0,1.0,0.0,17000.0,14.5,2013.0,6.0,135.0,2275.0,5.0
0.0,0.0,1.0,0.0,110000.0,14.0,2017.0,6.0,181.0,2275.0,5.0
0.0,0.0,1.0,0.0,127500.0,11.49,2014.0,6.0,181.0,2275.0,5.0
0.0,0.0,1.0,0.0,111626.0,14.9,2015.0,6.0,179.0,2275.0,5.0
0.0,0.0,1.0,0.0,127000.0,11.95,2017.0,6.0,163.0,1368.0,4.0
0.0,0.0,1.0,0.0,35000.0,19.8,2020.0,6.0,165.0,2275.0,5.0
0.0,0.0,1.0,0.0,92500.0,13.0,2018.0,6.0,160.0,2275.0,5.0
0.0,0.0,1.0,0.0,57000.0,14.5,2017.0,6.0,166.0,2275.0,5.0
0.0,1.0,0.0,0.0,42108.0,17.48,2020.0,6.0,165.0,2275.0,5.0
0.0,0.0,1.0,0.0,74000.0,14.6,2017.0,6.0,165.0,2275.0,5.0
0.0,0.0,1.0,0.0,100000.0,13.5,2017.0,6.0,165.0,2275.0,5.0
0.0,0.0,1.0,0.0,60000.0,17.0,2017.0,6.0,218.0,2275.0,5.0
0.0,0.0,1.0,0.0,52500.0,16.5,2018.0,6.0,165.0,2275.0,5.0
0.0,0.0,1.0,0.0,150000.0,15.0,2008.0,6.0,245.0,2275.0,5.0
0.0,0.0,1.0,0.0,12600.0,20.49,2017.0,6.0,166.0,2275.0,5.0
0.0,0.0,1.0,0.0,25000.0,20.0,2022.0,6.0,165.0,2275.0,5.0
0.0,0.0,1.0,0.0,80000.0,14.8,2009.0,6.0,197.0,2275.0,5.0
0.0,0.0,1.0,0.0,93000.0,12.5,2015.0,6.0,179.0,2275.0,5.0
0.0,0.0,1.0,0.0,68000.0,17.2,2020.0,6.0,179.0,2275.0,5.0
0.0,0.0,1.0,0.0,50250.0,16.9,2017.0,6.0,184.0,2275.0,5.0
0.0,0.0,1.0,0.0,102000.0,11.69,2013.0,6.0,167.0,1368.0,5.0
0.0,0.0,0.0,1.0,65000.0,17.0,2018.0,6.0,179.0,2275.0,5.0
0.0,0.0,0.0,1.0,117000.0,8.999,2011.0,6.0,140.0,2275.0,5.0
0.0,0.0,1.0,0.0,11.0,23.9,2023.0,6.0,165.0,2275.0,5.0
0.0,0.0,1.0,0.0,66500.0,18.5,2018.0,6.0,245.0,2275.0,5.0
1.0,0.0,1.0,0.0,155829.0,14.0,2016.0,6.0,179.0,2143.0,4.0
1.0,0.0,0.0,1.0,8000.0,24.5,2023.0,6.0,160.0,1469.0,4.0
1.0,1.0,0.0,0.0,23800.0,23.0,2022.0,6.0,131.0,1469.0,4.0
0.0,0.0,1.0,0.0,86036.0,11.9,2020.0,6.0,120.0,1368.0,4.0
0.0,0.0,1.0,0.0,178847.0,7.95,2012.0,6.0,170.0,1368.0,4.0
1.0,1.0,0.0,0.0,141000.0,21.4,2020.0,6.0,209.0,2143.0,4.0
0.0,1.0,0.0,0.0,9895.0,25.49,2025.0,6.0,136.0,1199.0,5.0
1.0,1.0,0.0,0.0,13274.0,22.95,2025.0,6.0,136.0,1199.0,3.0
1.0,1.0,0.0,0.0,34980.0,24.99,2023.0,6.0,131.0,1598.0,4.0
0.0,1.0,0.0,0.0,121834.0,16.899,2015.0,6.0,241.0,1742.0,4.0
1.0,1.0,0.0,0.0,28632.0,23.532,2023.0,6.0,131.0,1598.0,4.0
1.0,1.0,0.0,0.0,13274.0,22.95,2025.0,6.0,136.0,1199.0,3.0
0.0,1.0,0.0,0.0,10.0,27.995,2025.0,6.0,145.0,1199.0,3.0
1.0,1.0,0.0,0.0,14856.0,25.921,2024.0,6.0,131.0,1598.0,4.0
0.0,0.0,1.0,0.0,74262.0,9.995,2015.0,6.0,105.0,1368.0,5.0
1.0,0.0,1.0,0.0,47200.0,18.899,2018.0,6.0,179.0,2143.0,4.0
1.0,1.0,0.0,0.0,10.0,25.9,2024.0,6.0,136.0,1199.0,3.0
1.0,1.0,0.0,0.0,94000.0,20.9,2018.0,6.0,209.0,2143.0,5.0
0.0,0.0,1.0,0.0,185785.0,4.45,2011.0,6.0,120.0,1368.0,4.0
0.0,0.0,0.0,1.0,103040.0,21.9,2015.0,6.0,241.0,1742.0,4.0
1.0,1.0,0.0,0.0,14900.0,25.0,2025.0,6.0,136.0,1199.0,3.0
1.0,1.0,0.0,0.0,10.0,26.98,2024.0,6.0,131.0,1598.0,4.0
0.0,0.0,1.0,0.0,72947.0,14.899,2015.0,6.0,150.0,1368.0,4.0
0.0,1.0,0.0,0.0,71150.0,26.995,2019.0,6.0,201.0,1995.0,5.0
0.0,0.0,1.0,0.0,211107.0,5.945,2012.0,6.0,170.0,1368.0,4.0
1.0,1.0,0.0,0.0,76077.0,20.5,2018.0,6.0,179.0,2143.0,4.0
0.0,1.0,0.0,0.0,49.0,29.99,2025.0,6.0,145.0,1199.0,3.0
0.0,1.0,0.0,0.0,7000.0,28.595,2025.0,6.0,136.0,1199.0,3.0
0.0,0.0,1.0,0.0,69850.0,14.55,2017.0,6.0,120.0,1368.0,5.0
1.0,1.0,0.0,0.0,98151.0,15.99,2021.0,6.0,170.0,1956.0,4.0
1.0,1.0,0.0,0.0,10.0,25.9,2024.0,6.0,136.0,1199.0,3.0
1.0,1.0,0.0,0.0,11476.0,26.5,2025.0,6.0,136.0,1199.0,3.0
1.0,0.0,0.0,1.0,33400.0,20.99,2023.0,6.0,131.0,1469.0,4.0
0.0,1.0,0.0,0.0,33112.0,26.95,2024.0,6.0,131.0,1469.0,4.0
1.0,0.0,1.0,0.0,110000.0,19.45,2018.0,6.0,160.0,2143.0,4.0
1.0,1.0,0.0,0.0,10.0,27.89,2025.0,6.0,145.0,1199.0,3.0
0.0,0.0,1.0,0.0,219989.0,7.95,2012.0,6.0,235.0,1742.0,4.0
1.0,1.0,0.0,0.0,10.0,27.48,2024.0,6.0,131.0,1598.0,4.0
1.0,1.0,0.0,0.0,21205.0,30.85,2023.0,6.0,179.0,1332.0,4.0
0.0,1.0,0.0,0.0,102800.0,19.9,2017.0,6.0,200.0,1995.0,4.0
1.0,1.0,0.0,0.0,23.0,29.6,2025.0,6.0,145.0,1199.0,3.0
1.0,0.0,1.0,0.0,205000.0,9.8,2012.0,6.0,170.0,2275.0,5.0
1.0,1.0,0.0,0.0,14948.0,26.3,2025.0,6.0,136.0,1199.0,3.0
1.0,1.0,0.0,0.0,5.0,27.99,2025.0,6.0,136.0,1199.0,3.0
1.0,1.0,0.0,0.0,13.0,27.89,2025.0,6.0,136.0,1199.0,3.0
1.0,1.0,0.0,0.0,1.0,30.86,2025.0,6.0,136.0,1199.0,3.0
1.0,1.0,0.0,0.0,828.0,35.99,2025.0,6.0,154.0,2275.0,5.0
0.0,0.0,1.0,0.0,178000.0,6.49,2010.0,6.0,200.0,1742.0,4.0
1.0,1.0,0.0,0.0,53020.0,23.99,2021.0,6.0,192.0,2275.0,5.0
1.0,1.0,0.0,0.0,163093.0,16.95,2017.0,6.0,179.0,2143.0,4.0
1.0,1.0,0.0,0.0,43648.0,28.945,2023.0,6.0,181.0,1469.0,4.0
1.0,1.0,0.0,0.0,10.0,26.9,2025.0,6.0,145.0,1199.0,3.0
1.0,1.0,0.0,0.0,10.0,26.99,2025.0,6.0,136.0,1199.0,3.0
1.0,1.0,0.0,0.0,29779.0,26.99,2023.0,6.0,160.0,2275.0,5.0
1.0,1.0,0.0,0.0,11431.0,25.5,2025.0,6.0,145.0,1199.0,3.0
1.0,1.0,0.0,0.0,24000.0,29.9,2023.0,6.0,160.0,2143.0,4.0
1.0,1.0,0.0,0.0,62467.0,20.95,2023.0,6.0,131.0,1598.0,5.0
1.0,1.0,0.0,0.0,15581.0,23.7,2025.0,6.0,137.0,2275.0,5.0
0.0,0.0,1.0,0.0,113383.0,7.5,2010.0,6.0,170.0,14.0,5.0
1.0,1.0,0.0,0.0,1.0,27.49,2025.0,6.0,136.0,1199.0,3.0
1.0,1.0,0.0,0.0,10.0,27.49,2025.0,6.0,145.0,1199.0,3.0
1.0,1.0,0.0,0.0,100.0,28.9,2025.0,6.0,145.0,1199.0,3.0
0.0,1.0,0.0,0.0,17690.0,23.547,2025.0,6.0,136.0,1199.0,3.0
1.0,1.0,0.0,0.0,17621.0,23.6,2025.0,6.0,137.0,2275.0,5.0
1.0,1.0,0.0,0.0,77693.0,25.428,2020.0,6.0,211.0,2275.0,5.0
1.0,0.0,1.0,0.0,54078.0,34.0,2023.0,6.0,209.0,2275.0,5.0
1.0,1.0,0.0,0.0,25441.0,27.899,2023.0,6.0,131.0,1598.0,4.0
1.0,1.0,0.0,0.0,107000.0,22.9,2020.0,6.0,190.0,2143.0,5.0
1.0,1.0,0.0,0.0,5968.0,43.7,2024.0,6.0,209.0,2143.0,4.0
1.0,1.0,0.0,0.0,20.0,27.95,2025.0,6.0,144.0,1199.0,5.0
1.0,1.0,0.0,0.0,20235.0,23.9,2024.0,6.0,137.0,2275.0,5.0
1.0,1.0,0.0,0.0,37000.0,29.9,2023.0,6.0,160.0,2143.0,4.0
1.0,1.0,0.0,0.0,18387.0,22.476,2025.0,6.0,136.0,1199.0,3.0
1.0,1.0,0.0,0.0,22907.0,22.45,2025.0,6.0,136.0,1199.0,3.0
1.0,1.0,0.0,0.0,1.0,26.95,2025.0,6.0,136.0,1199.0,3.0
1.0,1.0,0.0,0.0,38000.0,24.9,2023.0,6.0,131.0,1469.0,4.0
1.0,1.0,0.0,0.0,20.0,31.99,2024.0,6.0,131.0,1598.0,4.0
1.0,1.0,0.0,0.0,96096.0,19.75,2021.0,6.0,160.0,2275.0,5.0
1.0,1.0,0.0,0.0,134561.0,17.4,2019.0,6.0,190.0,2275.0,5.0
1.0,1.0,0.0,0.0,10.0,24.734,2025.0,6.0,136.0,1199.0,3.0
1.0,1.0,0.0,0.0,1.0,26.5,2025.0,6.0,136.0,1199.0,3.0
1.0,1.0,0.0,0.0,24900.0,30.9,2024.0,6.0,160.0,2275.0,5.0
1.0,1.0,0.0,0.0,4392.0,26.9,2025.0,6.0,145.0,1199.0,3.0
1.0,1.0,0.0,0.0,103896.0,19.95,2017.0,6.0,179.0,2143.0,4.0
1.0,0.0,0.0,1.0,10.0,25.99,2025.0,6.0,136.0,1199.0,3.0
1.0,1.0,0.0,0.0,10.0,26.7,2025.0,6.0,136.0,1199.0,3.0
1.0,1.0,0.0,0.0,1.0,27.89,2025.0,6.0,136.0,1199.0,3.0
1.0,1.0,0.0,0.0,10.0,27.9,2025.0,6.0,136.0,1199.0,3.0
1.0,1.0,0.0,0.0,113199.0,19.75,2020.0,6.0,160.0,2275.0,5.0
1.0,1.0,0.0,0.0,10.0,29.99,2025.0,6.0,136.0,1199.0,3.0
0.0,1.0,0.0,0.0,78953.0,22.995,2019.0,6.0,201.0,1995.0,4.0
0.0,1.0,0.0,0.0,100.0,29.49,2025.0,6.0,136.0,1199.0,3.0
1.0,1.0,0.0,0.0,88028.0,25.45,2021.0,6.0,190.0,2275.0,5.0
1.0,1.0,0.0,0.0,10.0,28.9,2025.0,6.0,136.0,1199.0,3.0
1.0,1.0,0.0,0.0,1.0,28.95,2025.0,6.0,145.0,1199.0,3.0
1.0,1.0,0.0,0.0,10.0,27.9,2025.0,6.0,136.0,1199.0,3.0
1.0,1.0,0.0,0.0,74953.0,25.4,2022.0,6.0,160.0,2275.0,5.0
1.0,1.0,0.0,0.0,10.0,29.2,2025.0,6.0,136.0,1199.0,3.0
1.0,1.0,0.0,0.0,19200.0,24.99,2023.0,6.0,131.0,1598.0,5.0
1.0,1.0,0.0,0.0,33650.0,39.9,2023.0,6.0,209.0,2143.0,4.0
1.0,1.0,0.0,0.0,59658.0,23.1,2023.0,6.0,131.0,1598.0,4.0
1.0,1.0,0.0,0.0,32184.0,27.7,2024.0,6.0,160.0,1469.0,4.0
1.0,1.0,0.0,0.0,1.0,26.5,2025.0,6.0,136.0,1199.0,3.0
1.0,0.0,0.0,1.0,30863.0,26.5,2023.0,6.0,131.0,1598.0,4.0
1.0,1.0,0.0,0.0,1.0,26.5,2025.0,6.0,136.0,1199.0,3.0
1.0,0.0,0.0,1.0,1.0,27.95,2025.0,6.0,145.0,1199.0,3.0
1.0,1.0,0.0,0.0,1.0,27.89,2025.0,6.0,136.0,1199.0,3.0
1.0,1.0,0.0,0.0,10.0,29.1,2025.0,6.0,136.0,1199.0,3.0
1.0,1.0,0.0,0.0,1.0,26.5,2025.0,6.0,136.0,1199.0,3.0
1.0,1.0,0.0,0.0,1.0,27.5,2025.0,6.0,136.0,1199.0,3.0
1.0,1.0,0.0,0.0,6700.0,26.9,2024.0,6.0,136.0,1199.0,3.0
1.0,1.0,0.0,0.0,10.0,29.1,2025.0,6.0,136.0,1199.0,3.0
1.0,1.0,0.0,0.0,10.0,29.73,2025.0,6.0,145.0,1199.0,3.0
1.0,0.0,1.0,0.0,223000.0,6.9,2011.0,6.0,105.0,1598.0,4.0
1.0,0.0,0.0,1.0,10.0,36.99,2023.0,6.0,131.0,1598.0,4.0
1.0,1.0,0.0,0.0,31700.0,39.9,2024.0,6.0,209.0,2143.0,4.0
1.0,0.0,0.0,1.0,63000.0,23.5,2023.0,6.0,131.0,1598.0,4.0
1.0,1.0,0.0,0.0,1.0,28.95,2025.0,6.0,136.0,1199.0,3.0
1.0,0.0,0.0,1.0,10.0,31.99,2025.0,6.0,131.0,1469.0,4.0
1.0,1.0,0.0,0.0,107104.0,22.05,2021.0,6.0,190.0,2275.0,5.0
1.0,1.0,0.0,0.0,10.0,28.4,2025.0,6.0,136.0,2275.0,3.0
1.0,1.0,0.0,0.0,1.0,27.9,2025.0,6.0,136.0,1199.0,3.0
1.0,1.0,0.0,0.0,1.0,28.9,2025.0,6.0,145.0,1199.0,3.0
1.0,0.0,1.0,0.0,223000.0,6.9,2011.0,6.0,105.0,1598.0,4.0
1.0,1.0,0.0,0.0,10.0,29.85,2025.0,6.0,136.0,1199.0,3.0
1.0,1.0,0.0,0.0,10.0,29.1,2025.0,6.0,136.0,1199.0,3.0
1.0,1.0,0.0,0.0,1.0,26.5,2025.0,6.0,136.0,1199.0,3.0
1.0,1.0,0.0,0.0,30000.0,31.9,2023.0,6.0,179.0,1332.0,4.0
1.0,1.0,0.0,0.0,25007.0,39.89,2024.0,6.0,209.0,2143.0,4.0
1.0,1.0,0.0,0.0,1.0,32.99,2025.0,6.0,136.0,1199.0,3.0
1.0,0.0,0.0,1.0,10.0,34.99,2025.0,6.0,160.0,1469.0,4.0
1.0,1.0,0.0,0.0,32184.0,27.7,2024.0,6.0,160.0,1469.0,4.0
1.0,0.0,0.0,1.0,37800.0,32.9,2024.0,6.0,131.0,1598.0,4.0
1.0,1.0,0.0,0.0,1.0,27.95,2025.0,6.0,145.0,1199.0,3.0
1.0,1.0,0.0,0.0,1.0,30.9,2025.0,6.0,136.0,1199.0,3.0
1.0,1.0,0.0,0.0,10.0,29.1,2025.0,6.0,136.0,1199.0,3.0
1.0,0.0,0.0,1.0,24000.0,31.7,2024.0,6.0,131.0,1598.0,4.0
1.0,1.0,0.0,0.0,10.0,29.1,2025.0,6.0,136.0,1199.0,3.0
1.0,1.0,0.0,0.0,6233.0,26.9,2024.0,6.0,131.0,2275.0,5.0
1.0,1.0,0.0,0.0,1.0,26.5,2025.0,6.0,136.0,1199.0,3.0
1.0,1.0,0.0,0.0,1.0,30.9,2025.0,6.0,136.0,1199.0,3.0
1.0,1.0,0.0,0.0,1.0,29.2,2025.0,6.0,136.0,1199.0,3.0
1.0,0.0,0.0,1.0,2873.0,28.7,2025.0,6.0,136.0,1199.0,3.0
1.0,1.0,0.0,0.0,1.0,27.99,2025.0,6.0,136.0,1199.0,5.0
1.0,1.0,0.0,0.0,10.0,30.1,2025.0,6.0,145.0,1199.0,3.0
1.0,1.0,0.0,0.0,10.0,28.45,2026.0,6.0,145.0,1199.0,3.0
1.0,1.0,0.0,0.0,1.0,28.9,2025.0,6.0,136.0,1199.0,3.0
1.0,0.0,0.0,1.0,37400.0,26.9,2023.0,6.0,131.0,1469.0,4.0
1.0,1.0,0.0,0.0,1.0,32.9,2025.0,6.0,136.0,1199.0,3.0
1.0,1.0,0.0,0.0,12300.0,41.99,2024.0,6.0,209.0,2143.0,4.0
1.0,1.0,0.0,0.0,1.0,26.5,2025.0,6.0,136.0,1199.0,3.0
1.0,0.0,0.0,1.0,30600.0,27.8,2023.0,6.0,131.0,1598.0,4.0
1.0,1.0,0.0,0.0,10.0,28.7,2024.0,6.0,136.0,1199.0,3.0
1.0,1.0,0.0,0.0,1.0,31.9,2024.0,6.0,136.0,1199.0,3.0
1.0,1.0,0.0,0.0,137307.0,26.45,2019.0,6.0,179.0,2143.0,4.0
1.0,1.0,0.0,0.0,10.0,30.1,2025.0,6.0,145.0,1199.0,3.0
1.0,1.0,0.0,0.0,1.0,29.89,2025.0,6.0,136.0,1199.0,3.0
1.0,1.0,0.0,0.0,10.0,30.1,2025.0,6.0,136.0,1199.0,3.0
1.0,1.0,0.0,0.0,10.0,29.9,2025.0,6.0,136.0,1199.0,3.0
1.0,0.0,0.0,1.0,23845.0,27.59,2023.0,6.0,131.0,1598.0,4.0
1.0,1.0,0.0,0.0,10.0,27.9,2025.0,6.0,136.0,1199.0,3.0
1.0,1.0,0.0,0.0,30000.0,31.9,2023.0,6.0,179.0,1332.0,4.0
1.0,1.0,0.0,0.0,1.0,28.95,2025.0,6.0,145.0,1199.0,3.0
1.0,1.0,0.0,0.0,1.0,28.9,2025.0,6.0,136.0,1199.0,3.0
1.0,0.0,0.0,1.0,20.0,31.393,2025.0,6.0,145.0,1199.0,3.0
1.0,1.0,0.0,0.0,1.0,30.9,2025.0,6.0,136.0,1199.0,3.0
1.0,1.0,0.0,0.0,8000.0,31.9,2024.0,6.0,136.0,1199.0,3.0
1.0,1.0,0.0,0.0,1.0,27.89,2025.0,6.0,136.0,1199.0,3.0
1.0,1.0,0.0,0.0,1.0,28.89,2025.0,6.0,136.0,1199.0,3.0
1.0,1.0,0.0,0.0,1.0,30.9,2025.0,6.0,136.0,1199.0,3.0
1.0,1.0,0.0,0.0,1.0,28.9,2025.0,6.0,136.0,1199.0,3.0
1.0,1.0,0.0,0.0,10.0,30.1,2025.0,6.0,145.0,1199.0,3.0
1.0,1.0,0.0,0.0,10300.0,31.5,2024.0,6.0,131.0,1598.0,4.0
1.0,1.0,0.0,0.0,11055.0,30.9,2023.0,6.0,131.0,1598.0,4.0
1.0,1.0,0.0,0.0,10.0,29.73,2025.0,6.0,145.0,1199.0,3.0
1.0,1.0,0.0,0.0,1.0,29.2,2025.0,6.0,136.0,1199.0,3.0
1.0,1.0,0.0,0.0,1.0,28.89,2025.0,6.0,136.0,1199.0,3.0
1.0,1.0,0.0,0.0,1.0,32.99,2025.0,6.0,136.0,1199.0,3.0
1.0,1.0,0.0,0.0,1.0,28.89,2025.0,6.0,136.0,1199.0,3.0
1.0,1.0,0.0,0.0,10.0,29.9,2025.0,6.0,136.0,1199.0,3.0
1.0,1.0,0.0,0.0,1.0,30.9,2025.0,6.0,136.0,1199.0,3.0
1.0,1.0,0.0,0.0,1.0,30.9,2025.0,6.0,136.0,1199.0,3.0
1.0,1.0,0.0,0.0,1.0,29.2,2025.0,6.0,136.0,1199.0,3.0
1.0,1.0,0.0,0.0,1.0,28.4,2025.0,6.0,136.0,1199.0,3.0
1.0,1.0,0.0,0.0,10.0,28.7,2024.0,6.0,136.0,1199.0,3.0
1.0,1.0,0.0,0.0,1.0,30.9,2025.0,6.0,136.0,1199.0,3.0
1.0,1.0,0.0,0.0,10.0,29.9,2025.0,6.0,136.0,1199.0,3.0
1.0,1.0,0.0,0.0,10.0,29.1,2025.0,6.0,136.0,1199.0,3.0
1.0,1.0,0.0,0.0,1.0,24.9,2025.0,6.0,136.0,1199.0,3.0
1.0,1.0,0.0,0.0,22907.0,22.45,2025.0,6.0,136.0,1199.0,3.0
1.0,1.0,0.0,0.0,1.0,23.95,2025.0,6.0,136.0,1199.0,3.0
0.0,1.0,0.0,0.0,50.0,25.9,2025.0,6.0,136.0,1198.0,5.0
1.0,0.0,0.0,1.0,76000.0,22.9,2023.0,6.0,160.0,1469.0,4.0
1.0,1.0,0.0,0.0,112618.0,29.88,2022.0,6.0,204.0,1968.0,4.0
0.0,0.0,1.0,0.0,48184.0,18.989,2020.0,6.0,116.0,999.0,3.0
0.0,0.0,1.0,0.0,172870.0,12.4,2018.0,6.0,116.0,999.0,3.0
1.0,0.0,1.0,0.0,149900.0,14.498,2016.0,6.0,150.0,1968.0,4.0
1.0,1.0,0.0,0.0,209000.0,12.9,2014.0,6.0,177.0,1968.0,4.0
1.0,1.0,0.0,0.0,194000.0,19.99,2022.0,6.0,204.0,1968.0,5.0
0.0,0.0,1.0,0.0,69965.0,15.19,2016.0,6.0,150.0,1395.0,4.0
1.0,1.0,0.0,0.0,29104.0,21.99,2023.0,6.0,170.0,2275.0,5.0
0.0,1.0,0.0,0.0,76000.0,16.98,2014.0,6.0,179.0,1798.0,4.0
0.0,0.0,1.0,0.0,52698.0,19.945,2019.0,6.0,116.0,999.0,3.0
1.0,1.0,0.0,0.0,181000.0,14.9,2009.0,6.0,239.0,2967.0,5.0
0.0,0.0,1.0,0.0,29412.0,19.45,2022.0,6.0,116.0,999.0,3.0
0.0,1.0,0.0,0.0,140576.0,12.895,2014.0,6.0,179.0,1798.0,4.0
0.0,1.0,0.0,0.0,100493.0,9.95,2010.0,6.0,179.0,1984.0,4.0
0.0,1.0,0.0,0.0,5560.0,39.89,2025.0,6.0,150.0,1498.0,4.0
1.0,1.0,0.0,0.0,14712.0,23.63,2022.0,6.0,150.0,1395.0,4.0
0.0,1.0,0.0,0.0,86100.0,15.99,2017.0,6.0,150.0,1395.0,4.0
0.0,0.0,1.0,0.0,11243.0,18.7,2019.0,6.0,116.0,999.0,3.0
0.0,0.0,1.0,0.0,128901.0,10.885,2014.0,6.0,122.0,1395.0,4.0
0.0,1.0,0.0,0.0,37816.0,22.99,2021.0,6.0,150.0,1498.0,5.0
0.0,0.0,1.0,0.0,145760.0,10.95,2011.0,6.0,211.0,1984.0,4.0
0.0,0.0,1.0,0.0,141999.0,12.45,2013.0,6.0,122.0,1395.0,4.0
1.0,1.0,0.0,0.0,125000.0,18.99,2015.0,6.0,190.0,1968.0,4.0
1.0,1.0,0.0,0.0,144550.0,19.98,2022.0,6.0,163.0,1968.0,4.0
1.0,1.0,0.0,0.0,144100.0,23.999,2022.0,6.0,163.0,1968.0,4.0
0.0,0.0,1.0,0.0,79759.0,16.78,2017.0,6.0,150.0,1395.0,4.0
0.0,0.0,1.0,0.0,36216.0,22.95,2022.0,6.0,150.0,1498.0,4.0
0.0,1.0,0.0,0.0,100038.0,19.999,2020.0,6.0,150.0,1498.0,4.0
0.0,0.0,1.0,0.0,37825.0,16.75,2021.0,6.0,110.0,999.0,5.0
0.0,1.0,0.0,0.0,28000.0,34.89,2024.0,6.0,150.0,1984.0,4.0
0.0,1.0,0.0,0.0,37490.0,30.99,2024.0,6.0,110.0,999.0,3.0
1.0,1.0,0.0,0.0,59000.0,24.89,2022.0,6.0,163.0,1968.0,4.0
0.0,0.0,1.0,0.0,111080.0,10.885,2013.0,6.0,122.0,1395.0,4.0
0.0,1.0,0.0,0.0,15950.0,24.95,2023.0,6.0,150.0,1498.0,5.0
1.0,1.0,0.0,0.0,115200.0,13.699,2014.0,6.0,177.0,1968.0,4.0
0.0,0.0,1.0,0.0,105399.0,14.95,2018.0,6.0,150.0,1395.0,4.0
0.0,0.0,1.0,0.0,93500.0,16.2,2021.0,6.0,110.0,999.0,3.0
0.0,0.0,1.0,0.0,90841.0,15.55,2018.0,6.0,116.0,999.0,3.0
0.0,1.0,0.0,0.0,69000.0,23.95,2018.0,6.0,190.0,1798.0,4.0
1.0,1.0,0.0,0.0,126000.0,23.49,2017.0,6.0,190.0,1968.0,5.0
1.0,1.0,0.0,0.0,84867.0,33.49,2022.0,6.0,163.0,1968.0,4.0
0.0,0.0,1.0,0.0,84250.0,23.99,2021.0,6.0,150.0,1498.0,5.0
0.0,0.0,1.0,0.0,108635.0,14.49,2018.0,6.0,116.0,2275.0,5.0
0.0,1.0,0.0,0.0,36111.0,30.99,2023.0,6.0,150.0,1984.0,4.0
0.0,0.0,1.0,0.0,180413.0,7.499,2012.0,6.0,105.0,1197.0,4.0
1.0,1.0,0.0,0.0,214430.0,10.59,2012.0,6.0,177.0,1968.0,4.0
0.0,1.0,0.0,0.0,93638.0,22.9,2021.0,6.0,110.0,999.0,3.0
0.0,1.0,0.0,0.0,31553.0,22.49,2023.0,6.0,150.0,2275.0,5.0
1.0,1.0,0.0,0.0,115000.0,15.55,2015.0,6.0,150.0,1968.0,4.0
0.0,0.0,1.0,0.0,66000.0,16.98,2018.0,6.0,150.0,1395.0,4.0
1.0,1.0,0.0,0.0,156203.0,22.98,2020.0,6.0,204.0,1968.0,4.0
0.0,0.0,1.0,0.0,35173.0,24.79,2020.0,6.0,150.0,1498.0,5.0
1.0,1.0,0.0,0.0,209636.0,18.499,2021.0,6.0,245.0,1395.0,4.0
0.0,1.0,0.0,0.0,178648.0,11.95,2013.0,6.0,122.0,1395.0,4.0
0.0,1.0,0.0,0.0,60566.0,24.99,2022.0,6.0,110.0,999.0,3.0
1.0,1.0,0.0,0.0,48822.0,23.38,2022.0,6.0,170.0,2275.0,5.0
1.0,1.0,0.0,0.0,79000.0,23.999,2022.0,6.0,163.0,1968.0,4.0
1.0,0.0,1.0,0.0,115687.0,22.775,2022.0,6.0,150.0,1968.0,4.0
0.0,0.0,1.0,0.0,28468.0,16.65,2023.0,6.0,95.0,999.0,5.0
0.0,1.0,0.0,0.0,205200.0,14.999,2012.0,6.0,179.0,1984.0,4.0
0.0,0.0,1.0,0.0,108100.0,13.89,2017.0,6.0,116.0,999.0,3.0
1.0,1.0,0.0,0.0,174300.0,22.99,2022.0,6.0,204.0,1968.0,4.0
1.0,1.0,0.0,0.0,36100.0,27.89,2022.0,6.0,245.0,1395.0,4.0
0.0,1.0,0.0,0.0,1010.0,39.89,2025.0,6.0,150.0,1498.0,4.0
1.0,1.0,0.0,0.0,58000.0,35.99,2023.0,6.0,204.0,1968.0,5.0
0.0,0.0,1.0,0.0,80432.0,24.22,2022.0,6.0,150.0,1498.0,5.0
1.0,0.0,1.0,0.0,150000.0,16.849,2016.0,6.0,150.0,1968.0,4.0
1.0,1.0,0.0,0.0,25571.0,27.48,2021.0,6.0,170.0,2275.0,5.0
0.0,1.0,0.0,0.0,199959.0,12.745,2016.0,6.0,125.0,1395.0,4.0
1.0,1.0,0.0,0.0,80000.0,19.75,2022.0,6.0,204.0,1395.0,4.0
0.0,1.0,0.0,0.0,93338.0,28.99,2021.0,6.0,150.0,1498.0,4.0
0.0,1.0,0.0,0.0,182843.0,18.95,2018.0,6.0,150.0,1395.0,4.0
1.0,1.0,0.0,0.0,150027.0,17.94,2020.0,6.0,136.0,1968.0,4.0
0.0,1.0,0.0,0.0,145243.0,23.95,2022.0,6.0,110.0,999.0,3.0
1.0,0.0,1.0,0.0,74872.0,13.99,2015.0,6.0,110.0,1598.0,4.0
1.0,1.0,0.0,0.0,79986.0,22.98,2022.0,6.0,163.0,1968.0,4.0
1.0,1.0,0.0,0.0,28102.0,49.99,2025.0,6.0,245.0,2967.0,5.0
0.0,1.0,0.0,0.0,58563.0,26.48,2022.0,6.0,150.0,1984.0,4.0
1.0,1.0,0.0,0.0,193060.0,16.95,2020.0,6.0,150.0,1968.0,4.0
1.0,0.0,1.0,0.0,94828.0,14.99,2019.0,6.0,116.0,1598.0,4.0
1.0,1.0,0.0,0.0,47355.0,24.999,2021.0,6.0,170.0,2275.0,5.0
1.0,1.0,0.0,0.0,107646.0,19.85,2021.0,6.0,136.0,1968.0,4.0
1.0,1.0,0.0,0.0,51950.0,25.64,2022.0,6.0,150.0,1968.0,4.0
0.0,1.0,0.0,0.0,25.0,45.98,2025.0,6.0,204.0,1984.0,4.0
0.0,0.0,1.0,0.0,84631.0,17.2,2018.0,6.0,150.0,1395.0,4.0
0.0,1.0,0.0,0.0,128332.0,13.86,2011.0,6.0,211.0,1984.0,4.0
1.0,1.0,0.0,0.0,56900.0,20.88,2022.0,6.0,170.0,2275.0,5.0
0.0,1.0,0.0,0.0,149487.0,14.95,2015.0,6.0,150.0,1395.0,4.0
0.0,0.0,1.0,0.0,37812.0,17.88,2021.0,6.0,95.0,999.0,3.0
0.0,1.0,0.0,0.0,83801.0,21.49,2022.0,6.0,110.0,999.0,3.0
0.0,1.0,0.0,0.0,21950.0,24.875,2023.0,6.0,150.0,1498.0,5.0
0.0,1.0,0.0,0.0,21600.0,23.99,2024.0,6.0,110.0,999.0,5.0
0.0,0.0,1.0,0.0,131000.0,15.47,2017.0,6.0,150.0,1498.0,4.0
1.0,1.0,0.0,0.0,53149.0,25.99,2022.0,6.0,245.0,1395.0,4.0
1.0,1.0,0.0,0.0,172000.0,20.59,2017.0,6.0,190.0,1968.0,4.0
0.0,1.0,0.0,0.0,157666.0,14.95,2014.0,6.0,179.0,1984.0,4.0
0.0,0.0,1.0,0.0,196000.0,11.666,2017.0,6.0,116.0,999.0,3.0
1.0,1.0,0.0,0.0,36900.0,22.99,2023.0,6.0,116.0,2275.0,5.0
1.0,1.0,0.0,0.0,84277.0,33.95,2021.0,6.0,204.0,1968.0,4.0
0.0,1.0,0.0,0.0,92000.0,16.9,2016.0,6.0,150.0,1395.0,4.0
1.0,1.0,0.0,0.0,51060.0,29.89,2022.0,6.0,245.0,1395.0,4.0
0.0,1.0,0.0,0.0,6400.0,32.99,2025.0,6.0,150.0,1498.0,4.0
1.0,1.0,0.0,0.0,135000.0,19.69,2022.0,6.0,150.0,1395.0,4.0
1.0,1.0,0.0,0.0,39998.0,28.45,2022.0,6.0,245.0,1395.0,4.0
1.0,0.0,1.0,0.0,122200.0,14.95,2015.0,6.0,150.0,1968.0,4.0
1.0,1.0,0.0,0.0,86291.0,19.98,2015.0,6.0,184.0,1968.0,5.0
0.0,1.0,0.0,0.0,33600.0,24.99,2023.0,6.0,150.0,1498.0,4.0
0.0,0.0,1.0,0.0,43288.0,21.95,2022.0,6.0,150.0,1498.0,4.0
0.0,0.0,1.0,0.0,17319.0,22.57,2023.0,6.0,110.0,999.0,3.0
1.0,1.0,0.0,0.0,73854.0,29.95,2022.0,6.0,204.0,1968.0,4.0
1.0,1.0,0.0,0.0,100425.0,27.69,2022.0,6.0,204.0,1968.0,4.0
0.0,0.0,1.0,0.0,29500.0,26.209,2020.0,6.0,150.0,1498.0,4.0
0.0,0.0,1.0,0.0,65000.0,29.995,2021.0,6.0,150.0,1498.0,4.0
1.0,1.0,0.0,0.0,144000.0,16.5,2014.0,6.0,177.0,1968.0,4.0
1.0,1.0,0.0,0.0,58800.0,24.5,2023.0,6.0,163.0,1968.0,5.0
1.0,1.0,0.0,0.0,93855.0,28.495,2021.0,6.0,204.0,2275.0,5.0
0.0,0.0,1.0,0.0,16086.0,19.87,2023.0,6.0,95.0,999.0,3.0
0.0,1.0,0.0,0.0,38900.0,25.839,2021.0,6.0,204.0,1984.0,4.0
1.0,1.0,0.0,0.0,24483.0,32.93,2022.0,6.0,150.0,1395.0,4.0
0.0,1.0,0.0,0.0,69945.0,26.39,2019.0,6.0,239.0,1984.0,4.0
1.0,1.0,0.0,0.0,120920.0,26.5,2022.0,6.0,204.0,1968.0,4.0
1.0,1.0,0.0,0.0,57859.0,24.99,2022.0,6.0,204.0,1498.0,4.0
1.0,1.0,0.0,0.0,91000.0,20.53,2022.0,6.0,150.0,1395.0,4.0
0.0,1.0,0.0,0.0,88501.0,17.98,2022.0,6.0,110.0,999.0,3.0
1.0,1.0,0.0,0.0,19300.0,28.99,2023.0,6.0,163.0,1968.0,4.0
1.0,1.0,0.0,0.0,12444.0,26.99,2022.0,6.0,170.0,2275.0,5.0
0.0,0.0,1.0,0.0,65442.0,19.89,2020.0,6.0,150.0,1498.0,4.0
0.0,1.0,0.0,0.0,15000.0,26.5,2024.0,6.0,150.0,2275.0,5.0
1.0,1.0,0.0,0.0,171770.0,14.8,2018.0,6.0,204.0,1395.0,4.0
1.0,1.0,0.0,0.0,145000.0,16.99,2018.0,6.0,120.0,1968.0,4.0
0.0,0.0,1.0,0.0,76503.0,23.99,2023.0,6.0,150.0,1498.0,4.0
0.0,1.0,0.0,0.0,26000.0,34.5,2024.0,6.0,150.0,1498.0,5.0
0.0,1.0,0.0,0.0,60553.0,28.5,2021.0,6.0,150.0,1984.0,4.0
1.0,1.0,0.0,0.0,63744.0,33.45,2022.0,6.0,245.0,1395.0,4.0
1.0,1.0,0.0,0.0,133291.0,31.89,2022.0,6.0,204.0,1968.0,4.0
0.0,1.0,0.0,0.0,50000.0,28.5,2022.0,6.0,150.0,1984.0,5.0
1.0,1.0,0.0,0.0,178333.0,11.95,2015.0,6.0,150.0,1395.0,4.0
0.0,0.0,1.0,0.0,50650.0,17.95,2017.0,6.0,150.0,1395.0,4.0
0.0,0.0,1.0,0.0,26999.0,23.899,2023.0,6.0,150.0,1498.0,5.0
0.0,0.0,1.0,0.0,110000.0,15.99,2020.0,6.0,116.0,999.0,3.0
1.0,1.0,0.0,0.0,200000.0,16.99,2013.0,6.0,177.0,1968.0,5.0
0.0,1.0,0.0,0.0,44000.0,25.79,2020.0,6.0,150.0,1984.0,4.0
0.0,0.0,1.0,0.0,11858.0,23.9,2023.0,6.0,110.0,999.0,3.0
0.0,1.0,0.0,0.0,46700.0,22.95,2022.0,6.0,150.0,1984.0,5.0
0.0,1.0,0.0,0.0,116567.0,16.6,2019.0,6.0,116.0,999.0,3.0
0.0,0.0,1.0,0.0,136318.0,13.94,2018.0,6.0,116.0,999.0,3.0
1.0,0.0,1.0,0.0,87290.0,20.999,2020.0,6.0,150.0,2275.0,4.0
1.0,1.0,0.0,0.0,40944.0,26.99,2022.0,6.0,150.0,1395.0,4.0
0.0,0.0,1.0,0.0,40780.0,20.89,2017.0,6.0,150.0,2275.0,4.0
0.0,0.0,1.0,0.0,63470.0,19.99,2022.0,6.0,110.0,998.0,4.0
1.0,1.0,0.0,0.0,13650.0,29.89,2023.0,6.0,163.0,1968.0,4.0
0.0,1.0,0.0,0.0,49080.0,30.48,2023.0,6.0,150.0,1498.0,4.0
0.0,1.0,0.0,0.0,42300.0,23.79,2022.0,6.0,150.0,1498.0,4.0
1.0,1.0,0.0,0.0,54152.0,25.49,2022.0,6.0,150.0,1395.0,4.0
0.0,1.0,0.0,0.0,32882.0,26.38,2023.0,6.0,150.0,1984.0,5.0
0.0,1.0,0.0,0.0,46080.0,25.49,2023.0,6.0,150.0,1498.0,4.0
1.0,1.0,0.0,0.0,66100.0,33.29,2022.0,6.0,204.0,1968.0,4.0
1.0,1.0,0.0,0.0,106000.0,29.98,2022.0,6.0,204.0,1968.0,4.0
1.0,1.0,0.0,0.0,77768.0,18.75,2022.0,6.0,150.0,1968.0,4.0
0.0,1.0,0.0,0.0,140650.0,12.999,2014.0,6.0,170.0,1798.0,4.0
1.0,1.0,0.0,0.0,78849.0,31.98,2020.0,6.0,190.0,1968.0,5.0
1.0,1.0,0.0,0.0,44950.0,26.38,2022.0,6.0,204.0,2275.0,5.0
0.0,0.0,1.0,0.0,72860.0,21.5,2023.0,6.0,110.0,999.0,3.0
1.0,0.0,1.0,0.0,89945.0,18.4,2016.0,6.0,150.0,1968.0,4.0
1.0,1.0,0.0,0.0,33300.0,32.98,2022.0,6.0,245.0,1395.0,4.0
0.0,1.0,0.0,0.0,9765.0,25.99,2024.0,6.0,116.0,999.0,5.0
1.0,1.0,0.0,0.0,88578.0,29.99,2022.0,6.0,204.0,2275.0,5.0
1.0,1.0,0.0,0.0,75025.0,23.55,2021.0,6.0,150.0,1968.0,4.0
1.0,1.0,0.0,0.0,85000.0,27.999,2020.0,6.0,150.0,1968.0,4.0
1.0,1.0,0.0,0.0,79986.0,24.79,2021.0,6.0,245.0,1395.0,4.0
0.0,1.0,0.0,0.0,58505.0,22.995,2021.0,6.0,110.0,999.0,3.0
0.0,0.0,1.0,0.0,95500.0,18.98,2023.0,6.0,110.0,999.0,3.0
0.0,0.0,1.0,0.0,15058.0,22.88,2024.0,6.0,110.0,999.0,3.0
0.0,0.0,1.0,0.0,118571.0,13.999,2014.0,6.0,224.0,1984.0,4.0
1.0,1.0,0.0,0.0,100605.0,33.44,2022.0,6.0,245.0,2967.0,5.0
1.0,1.0,0.0,0.0,57500.0,28.59,2022.0,6.0,163.0,1968.0,4.0
0.0,1.0,0.0,0.0,119685.0,27.995,2019.0,6.0,245.0,1984.0,4.0
1.0,1.0,0.0,0.0,98899.0,23.95,2020.0,6.0,150.0,1984.0,4.0
1.0,1.0,0.0,0.0,134000.0,28.95,2021.0,6.0,204.0,1968.0,4.0
0.0,0.0,1.0,0.0,106427.0,15.95,2018.0,6.0,116.0,999.0,3.0
1.0,1.0,0.0,0.0,28746.0,28.48,2024.0,6.0,136.0,1968.0,4.0
1.0,1.0,0.0,0.0,26454.0,36.4,2024.0,6.0,245.0,1395.0,4.0
0.0,1.0,0.0,0.0,25989.0,44.49,2024.0,6.0,204.0,1984.0,5.0
1.0,1.0,0.0,0.0,80000.0,41.89,2019.0,6.0,231.0,2967.0,5.0
1.0,1.0,0.0,0.0,55290.0,29.55,2022.0,6.0,204.0,1968.0,4.0
0.0,1.0,0.0,0.0,39000.0,17.99,2014.0,6.0,150.0,1395.0,4.0
0.0,1.0,0.0,0.0,60094.0,23.899,2020.0,6.0,150.0,1498.0,4.0
0.0,1.0,0.0,0.0,55404.0,24.999,2022.0,6.0,150.0,1984.0,4.0
0.0,0.0,1.0,0.0,58340.0,20.59,2020.0,6.0,150.0,1498.0,4.0
0.0,0.0,1.0,0.0,56000.0,19.9,2023.0,6.0,110.0,999.0,3.0
1.0,1.0,0.0,0.0,35000.0,26.9,2023.0,6.0,116.0,2275.0,5.0
1.0,1.0,0.0,0.0,57900.0,23.888,2020.0,6.0,190.0,1968.0,5.0
1.0,1.0,0.0,0.0,109745.0,23.745,2021.0,6.0,110.0,999.0,3.0
0.0,1.0,0.0,0.0,116075.0,16.745,2015.0,6.0,170.0,1798.0,4.0
0.0,1.0,0.0,0.0,39100.0,32.48,2022.0,6.0,204.0,1984.0,4.0
1.0,1.0,0.0,0.0,20903.0,25.29,2023.0,6.0,170.0,2275.0,5.0
1.0,1.0,0.0,0.0,179990.0,15.99,2017.0,6.0,190.0,1995.0,4.0
1.0,0.0,1.0,0.0,164507.0,11.45,2015.0,6.0,143.0,1995.0,4.0
0.0,0.0,1.0,0.0,89214.0,14.999,2017.0,6.0,136.0,1499.0,4.0
1.0,1.0,0.0,0.0,8457.0,39.912,2024.0,6.0,190.0,1995.0,5.0
1.0,0.0,1.0,0.0,183524.0,12.79,2017.0,6.0,190.0,1995.0,4.0
1.0,0.0,1.0,0.0,118103.0,9.99,2016.0,6.0,116.0,1496.0,3.0
0.0,1.0,0.0,0.0,55900.0,12.3,2014.0,6.0,150.0,1995.0,4.0
1.0,1.0,0.0,0.0,149983.0,10.77,2015.0,6.0,190.0,1995.0,5.0
1.0,1.0,0.0,0.0,210500.0,15.899,2017.0,6.0,190.0,1995.0,0.0
0.0,1.0,0.0,0.0,91382.0,10.999,2010.0,6.0,170.0,1995.0,4.0
0.0,0.0,1.0,0.0,206185.0,9.499,2019.0,6.0,136.0,1499.0,3.0
1.0,0.0,1.0,0.0,45222.0,21.39,2020.0,6.0,136.0,1995.0,5.0
0.0,0.0,1.0,0.0,54600.0,22.99,2023.0,6.0,136.0,1499.0,3.0
0.0,1.0,0.0,0.0,71306.0,8.999,2009.0,6.0,122.0,1995.0,4.0
1.0,0.0,1.0,0.0,165000.0,13.39,2015.0,6.0,184.0,1995.0,4.0
0.0,1.0,0.0,0.0,7500.0,29.7,2024.0,6.0,156.0,1998.0,5.0
0.0,0.0,1.0,0.0,154889.0,9.999,2009.0,6.0,143.0,1994.0,4.0
0.0,0.0,1.0,0.0,124402.0,7.75,2013.0,6.0,102.0,1598.0,4.0
0.0,1.0,0.0,0.0,194833.0,8.695,2014.0,6.0,136.0,1598.0,4.0
0.0,1.0,0.0,0.0,182193.0,7.65,2009.0,6.0,170.0,1995.0,4.0
0.0,1.0,0.0,0.0,112702.0,17.895,2017.0,6.0,184.0,1998.0,4.0
0.0,1.0,0.0,0.0,133900.0,19.95,2016.0,6.0,184.0,1997.0,4.0
1.0,1.0,0.0,0.0,129000.0,26.98,2021.0,6.0,190.0,1995.0,4.0
0.0,1.0,0.0,0.0,50000.0,32.55,2023.0,6.0,184.0,1998.0,4.0
1.0,1.0,0.0,0.0,135391.0,17.95,2014.0,6.0,143.0,1995.0,4.0
0.0,1.0,0.0,0.0,153400.0,9.99,2013.0,6.0,136.0,1598.0,4.0
1.0,0.0,1.0,0.0,157181.0,10.39,2013.0,6.0,184.0,1995.0,4.0
1.0,1.0,0.0,0.0,62167.0,22.812,2022.0,6.0,220.0,1499.0,3.0
0.0,1.0,0.0,0.0,183778.0,8.795,2011.0,6.0,143.0,1995.0,4.0
1.0,1.0,0.0,0.0,125000.0,12.9,2018.0,6.0,136.0,1499.0,3.0
0.0,1.0,0.0,0.0,19876.0,24.999,2018.0,6.0,192.0,1998.0,4.0
1.0,1.0,0.0,0.0,150000.0,24.45,2019.0,6.0,190.0,1995.0,4.0
0.0,0.0,1.0,0.0,53732.0,17.9,2021.0,6.0,136.0,1499.0,3.0
1.0,1.0,0.0,0.0,51899.0,23.999,2022.0,6.0,220.0,1499.0,0.0
0.0,1.0,0.0,0.0,60533.0,19.95,2020.0,6.0,140.0,1499.0,3.0
1.0,1.0,0.0,0.0,140401.0,23.74,2016.0,6.0,184.0,1998.0,4.0
0.0,0.0,1.0,0.0,107716.0,14.25,2017.0,6.0,109.0,1499.0,3.0
1.0,1.0,0.0,0.0,63963.0,22.9,2022.0,6.0,125.0,1499.0,3.0
1.0,1.0,0.0,0.0,40716.0,25.499,2022.0,6.0,220.0,1499.0,0.0
1.0,1.0,0.0,0.0,14800.0,25.89,2024.0,6.0,150.0,1995.0,4.0
1.0,0.0,1.0,0.0,170560.0,7.39,2011.0,6.0,184.0,1995.0,4.0
1.0,1.0,0.0,0.0,150000.0,16.4,2014.0,6.0,190.0,1995.0,4.0
1.0,1.0,0.0,0.0,193261.0,19.95,2017.0,6.0,184.0,1998.0,4.0
0.0,1.0,0.0,0.0,32279.0,24.499,2022.0,6.0,136.0,1499.0,3.0
0.0,1.0,0.0,0.0,199478.0,10.95,2012.0,6.0,184.0,1997.0,4.0
0.0,1.0,0.0,0.0,37189.0,26.99,2022.0,6.0,178.0,1998.0,5.0
0.0,1.0,0.0,0.0,146099.0,9.99,2013.0,6.0,184.0,1998.0,4.0
0.0,0.0,1.0,0.0,114239.0,14.89,2017.0,6.0,140.0,1499.0,3.0
0.0,0.0,1.0,0.0,80497.0,18.499,2022.0,6.0,136.0,1499.0,0.0
1.0,1.0,0.0,0.0,64777.0,29.69,2021.0,6.0,190.0,1995.0,4.0
1.0,1.0,0.0,0.0,105940.0,26.7,2020.0,6.0,190.0,1995.0,4.0
0.0,1.0,0.0,0.0,155390.0,16.9,2014.0,6.0,184.0,1997.0,4.0
0.0,0.0,1.0,0.0,116631.0,9.895,2010.0,6.0,150.0,1995.0,4.0
0.0,0.0,1.0,0.0,129000.0,9.9,2018.0,6.0,136.0,1499.0,3.0
1.0,1.0,0.0,0.0,71894.0,21.499,2022.0,6.0,220.0,1499.0,0.0
1.0,0.0,1.0,0.0,94000.0,16.5,2021.0,6.0,116.0,1496.0,3.0
0.0,0.0,1.0,0.0,146202.0,9.999,2011.0,6.0,170.0,1995.0,4.0
1.0,1.0,0.0,0.0,77569.0,25.999,2022.0,6.0,190.0,1995.0,4.0
0.0,0.0,1.0,0.0,50800.0,19.39,2022.0,6.0,136.0,1499.0,5.0
0.0,1.0,0.0,0.0,39900.0,25.89,2021.0,6.0,178.0,1998.0,4.0
1.0,1.0,0.0,0.0,125182.0,22.99,2021.0,6.0,190.0,1995.0,4.0
0.0,1.0,0.0,0.0,135936.0,11.95,2015.0,6.0,136.0,1499.0,3.0
1.0,1.0,0.0,0.0,13301.0,35.89,2024.0,6.0,190.0,1995.0,4.0
1.0,1.0,0.0,0.0,158038.0,9.975,2013.0,6.0,218.0,1995.0,4.0
0.0,1.0,0.0,0.0,11407.0,35.99,2025.0,6.0,156.0,1499.0,3.0
1.0,1.0,0.0,0.0,43885.0,22.999,2022.0,6.0,220.0,1499.0,0.0
0.0,1.0,0.0,0.0,51636.0,25.499,2019.0,6.0,184.0,1998.0,4.0
1.0,1.0,0.0,0.0,97205.0,34.99,2023.0,6.0,190.0,1995.0,4.0
1.0,1.0,0.0,0.0,14642.0,30.74,2022.0,6.0,150.0,1995.0,4.0
1.0,0.0,1.0,0.0,98449.0,22.89,2022.0,6.0,150.0,1995.0,5.0
1.0,1.0,0.0,0.0,68450.0,25.749,2022.0,6.0,220.0,1499.0,3.0
1.0,1.0,0.0,0.0,106262.0,24.912,2022.0,6.0,163.0,1998.0,4.0
0.0,1.0,0.0,0.0,15021.0,23.999,2023.0,6.0,136.0,1499.0,3.0
1.0,1.0,0.0,0.0,17398.0,32.8,2024.0,6.0,150.0,1995.0,5.0
1.0,1.0,0.0,0.0,81079.0,24.945,2021.0,6.0,222.0,1499.0,3.0
0.0,0.0,1.0,0.0,15844.0,23.29,2022.0,6.0,136.0,1499.0,5.0
1.0,0.0,1.0,0.0,86600.0,22.79,2021.0,6.0,150.0,1995.0,4.0
1.0,0.0,1.0,0.0,124358.0,14.9,2020.0,6.0,116.0,1496.0,5.0
0.0,1.0,0.0,0.0,32200.0,25.09,2024.0,6.0,136.0,1499.0,3.0
1.0,1.0,0.0,0.0,113000.0,19.79,2018.0,6.0,150.0,1995.0,4.0
0.0,1.0,0.0,0.0,39800.0,24.799,2024.0,6.0,136.0,1499.0,3.0
1.0,0.0,1.0,0.0,84477.0,22.9,2021.0,6.0,122.0,1995.0,4.0
1.0,1.0,0.0,0.0,10800.0,28.99,2024.0,6.0,150.0,1995.0,4.0
1.0,1.0,0.0,0.0,39711.0,26.89,2022.0,6.0,204.0,1998.0,0.0
1.0,1.0,0.0,0.0,21500.0,39.09,2024.0,6.0,163.0,1995.0,4.0
1.0,1.0,0.0,0.0,42135.0,21.99,2020.0,6.0,116.0,1496.0,3.0
0.0,1.0,0.0,0.0,14083.0,29.99,2024.0,6.0,156.0,1499.0,3.0
1.0,1.0,0.0,0.0,195000.0,12.99,2015.0,6.0,184.0,1995.0,4.0
1.0,1.0,0.0,0.0,25000.0,34.49,2024.0,6.0,150.0,1995.0,4.0
0.0,1.0,0.0,0.0,31160.0,26.999,2022.0,6.0,136.0,1499.0,3.0
1.0,1.0,0.0,0.0,98493.0,21.74,2018.0,6.0,190.0,1995.0,5.0
1.0,1.0,0.0,0.0,101277.0,22.499,2022.0,6.0,190.0,1995.0,0.0
0.0,0.0,1.0,0.0,79900.0,14.89,2018.0,6.0,136.0,1499.0,3.0
0.0,1.0,0.0,0.0,173860.0,10.95,2010.0,6.0,170.0,1995.0,4.0
1.0,1.0,0.0,0.0,35934.0,42.912,2024.0,6.0,197.0,1995.0,4.0
1.0,1.0,0.0,0.0,75151.0,18.5,2021.0,6.0,125.0,1500.0,5.0
1.0,1.0,0.0,0.0,98316.0,17.495,2017.0,6.0,136.0,1995.0,4.0
0.0,1.0,0.0,0.0,25141.0,41.812,2025.0,6.0,190.0,1998.0,4.0
1.0,1.0,0.0,0.0,39000.0,24.89,2021.0,6.0,220.0,1499.0,3.0
1.0,1.0,0.0,0.0,87000.0,18.999,2021.0,6.0,116.0,1496.0,4.0
1.0,1.0,0.0,0.0,95328.0,25.999,2022.0,6.0,190.0,1995.0,0.0
0.0,1.0,0.0,0.0,159788.0,16.9,2016.0,6.0,177.0,1598.0,4.0
1.0,1.0,0.0,0.0,18500.0,39.09,2024.0,6.0,163.0,1995.0,4.0
1.0,1.0,0.0,0.0,25331.0,26.75,2021.0,6.0,220.0,1499.0,3.0
1.0,1.0,0.0,0.0,76562.0,32.95,2023.0,6.0,190.0,1995.0,4.0
0.0,1.0,0.0,0.0,9800.0,29.9,2024.0,6.0,156.0,1998.0,5.0
1.0,1.0,0.0,0.0,64400.0,39.75,2022.0,6.0,190.0,1995.0,5.0
1.0,0.0,1.0,0.0,73380.0,24.999,2022.0,6.0,150.0,1995.0,5.0
0.0,1.0,0.0,0.0,213519.0,9.5,2014.0,6.0,136.0,1598.0,4.0
1.0,1.0,0.0,0.0,66100.0,21.99,2022.0,6.0,220.0,1499.0,5.0
0.0,0.0,1.0,0.0,120000.0,7.9,2008.0,6.0,122.0,1600.0,4.0
0.0,1.0,0.0,0.0,51605.0,22.49,2021.0,6.0,140.0,1499.0,5.0
0.0,1.0,0.0,0.0,223205.0,9.94,2012.0,6.0,136.0,1995.0,4.0
0.0,1.0,0.0,0.0,111427.0,19.99,2021.0,6.0,136.0,1499.0,3.0
1.0,1.0,0.0,0.0,21902.0,19.848,2021.0,6.0,220.0,1499.0,0.0
0.0,1.0,0.0,0.0,49581.0,27.99,2021.0,6.0,156.0,1998.0,4.0
0.0,1.0,0.0,0.0,46000.0,23.489,2020.0,6.0,140.0,2275.0,3.0
0.0,1.0,0.0,0.0,19600.0,45.39,2024.0,6.0,245.0,1998.0,4.0
1.0,0.0,1.0,0.0,33393.0,20.89,2023.0,6.0,116.0,1496.0,3.0
1.0,1.0,0.0,0.0,37200.0,26.69,2022.0,6.0,204.0,1998.0,4.0
0.0,1.0,0.0,0.0,170494.0,8.695,2012.0,6.0,170.0,1598.0,4.0
0.0,0.0,1.0,0.0,189424.0,9.799,2013.0,6.0,170.0,1598.0,4.0
0.0,1.0,0.0,0.0,25593.0,39.999,2022.0,6.0,184.0,1998.0,4.0
0.0,0.0,1.0,0.0,75600.0,18.945,2019.0,6.0,136.0,1499.0,3.0
1.0,1.0,0.0,0.0,63363.0,26.499,2022.0,6.0,204.0,1998.0,4.0
1.0,1.0,0.0,0.0,76266.0,26.999,2020.0,6.0,190.0,1995.0,0.0
0.0,1.0,0.0,0.0,14100.0,27.45,2025.0,6.0,170.0,1499.0,3.0
1.0,0.0,1.0,0.0,121494.0,18.99,2021.0,6.0,136.0,1995.0,4.0
1.0,1.0,0.0,0.0,67300.0,24.89,2022.0,6.0,190.0,1995.0,4.0
0.0,0.0,1.0,0.0,21000.0,22.4,2024.0,6.0,136.0,1499.0,3.0
1.0,1.0,0.0,0.0,10.0,36.19,2025.0,6.0,231.0,2275.0,5.0
1.0,1.0,0.0,0.0,10.0,25.89,2025.0,6.0,177.0,2275.0,5.0
1.0,1.0,0.0,0.0,13.0,26.94,2025.0,6.0,177.0,2275.0,5.0
1.0,1.0,0.0,0.0,10.0,26.5,2025.0,6.0,88.0,2275.0,5.0
1.0,1.0,0.0,0.0,35.0,34.74,2025.0,6.0,218.0,2275.0,5.0
1.0,1.0,0.0,0.0,1500.0,25.99,2025.0,6.0,177.0,2275.0,5.0
1.0,1.0,0.0,0.0,1612.0,33.89,2025.0,6.0,212.0,1498.0,4.0
1.0,1.0,0.0,0.0,9133.0,27.99,2023.0,6.0,204.0,2275.0,5.0
1.0,1.0,0.0,0.0,1010.0,32.888,2025.0,6.0,218.0,1498.0,5.0
1.0,1.0,0.0,0.0,5000.0,32.99,2025.0,6.0,218.0,1498.0,4.0
1.0,1.0,0.0,0.0,1500.0,28.95,2025.0,6.0,177.0,2275.0,5.0
1.0,1.0,0.0,0.0,17843.0,35.99,2025.0,6.0,218.0,2275.0,5.0
1.0,1.0,0.0,0.0,5.0,30.49,2025.0,6.0,204.0,2275.0,5.0
1.0,1.0,0.0,0.0,10.0,25.89,2025.0,6.0,177.0,2275.0,5.0
1.0,1.0,0.0,0.0,9500.0,26.99,2025.0,6.0,204.0,2275.0,5.0
1.0,1.0,0.0,0.0,25.0,35.395,2025.0,6.0,218.0,1498.0,4.0
1.0,1.0,0.0,0.0,20.0,26.94,2025.0,6.0,177.0,2275.0,5.0
1.0,1.0,0.0,0.0,5.0,33.99,2025.0,6.0,218.0,1498.0,4.0
1.0,1.0,0.0,0.0,10000.0,29.97,2025.0,6.0,177.0,2275.0,5.0
1.0,1.0,0.0,0.0,9500.0,26.99,2025.0,6.0,204.0,2275.0,5.0
1.0,1.0,0.0,0.0,10.0,36.19,2025.0,6.0,218.0,1498.0,4.0
1.0,1.0,0.0,0.0,4500.0,33.95,2025.0,6.0,218.0,1497.0,5.0
1.0,1.0,0.0,0.0,50.0,28.95,2025.0,6.0,177.0,2275.0,5.0
1.0,1.0,0.0,0.0,2000.0,31.99,2025.0,6.0,218.0,1498.0,4.0
1.0,1.0,0.0,0.0,10.0,33.029,2025.0,6.0,204.0,2275.0,5.0
1.0,1.0,0.0,0.0,10.0,35.29,2025.0,6.0,197.0,1498.0,4.0
1.0,1.0,0.0,0.0,50.0,38.47,2025.0,6.0,218.0,2275.0,5.0
1.0,1.0,0.0,0.0,10.0,33.8,2025.0,6.0,204.0,2275.0,5.0
1.0,1.0,0.0,0.0,15211.0,29.9,2024.0,6.0,204.0,2275.0,5.0
0.0,1.0,0.0,0.0,100.0,33.921,2025.0,6.0,218.0,1498.0,5.0
1.0,1.0,0.0,0.0,100.0,33.921,2025.0,6.0,218.0,1498.0,5.0
1.0,1.0,0.0,0.0,10.0,34.79,2025.0,6.0,218.0,1498.0,4.0
1.0,1.0,0.0,0.0,1500.0,25.95,2025.0,6.0,156.0,2275.0,5.0
1.0,1.0,0.0,0.0,10.0,36.8,2025.0,6.0,218.0,1498.0,4.0
0.0,1.0,0.0,0.0,100.0,33.921,2025.0,6.0,218.0,1498.0,5.0
1.0,1.0,0.0,0.0,100.0,33.921,2025.0,6.0,218.0,1498.0,5.0
1.0,1.0,0.0,0.0,10000.0,34.9,2024.0,6.0,131.0,2275.0,5.0
1.0,1.0,0.0,0.0,13000.0,35.9,2025.0,6.0,177.0,1497.0,4.0
1.0,1.0,0.0,0.0,50.0,35.95,2025.0,6.0,212.0,1498.0,4.0
1.0,1.0,0.0,0.0,10.0,36.49,2025.0,6.0,218.0,1498.0,4.0
1.0,1.0,0.0,0.0,10.0,36.49,2025.0,6.0,218.0,1498.0,4.0
1.0,1.0,0.0,0.0,150.0,32.98,2025.0,6.0,218.0,2275.0,0.0
1.0,1.0,0.0,0.0,1.0,28.618,2025.0,6.0,220.0,2275.0,5.0
1.0,1.0,0.0,0.0,14925.0,29.512,2024.0,6.0,220.0,1500.0,5.0
1.0,1.0,0.0,0.0,7970.0,24.518,2024.0,6.0,207.0,2275.0,5.0
1.0,1.0,0.0,0.0,1.0,34.99,2025.0,6.0,98.0,1498.0,4.0
1.0,1.0,0.0,0.0,20.0,33.99,2025.0,6.0,218.0,1499.0,5.0
1.0,1.0,0.0,0.0,10.0,29.939,2025.0,6.0,218.0,1498.0,4.0
1.0,1.0,0.0,0.0,10.0,33.99,2025.0,6.0,218.0,1499.0,4.0
1.0,1.0,0.0,0.0,4190.0,25.83,2024.0,6.0,207.0,2275.0,5.0
1.0,1.0,0.0,0.0,33.0,38.47,2025.0,6.0,218.0,2275.0,5.0
1.0,1.0,0.0,0.0,11760.0,26.65,2024.0,6.0,207.0,2275.0,5.0
1.0,1.0,0.0,0.0,17.0,32.97,2025.0,6.0,184.0,1498.0,5.0
1.0,1.0,0.0,0.0,18.0,33.97,2025.0,6.0,184.0,1498.0,5.0
1.0,1.0,0.0,0.0,190.0,32.97,2025.0,6.0,218.0,1498.0,5.0
1.0,1.0,0.0,0.0,11008.0,33.0,2025.0,6.0,98.0,1498.0,4.0
1.0,1.0,0.0,0.0,98.0,38.47,2025.0,6.0,218.0,2275.0,5.0
1.0,1.0,0.0,0.0,12.0,29.97,2025.0,6.0,204.0,2275.0,5.0
1.0,1.0,0.0,0.0,50.0,38.47,2025.0,6.0,218.0,2275.0,5.0
1.0,1.0,0.0,0.0,15.0,30.47,2025.0,6.0,204.0,2275.0,5.0
1.0,1.0,0.0,0.0,16.0,32.97,2025.0,6.0,204.0,2275.0,5.0
1.0,1.0,0.0,0.0,12.0,30.47,2025.0,6.0,204.0,2275.0,5.0
1.0,1.0,0.0,0.0,13.0,30.47,2025.0,6.0,204.0,2275.0,5.0
1.0,1.0,0.0,0.0,15.0,25.89,2025.0,6.0,177.0,2275.0,0.0
1.0,1.0,0.0,0.0,150.0,32.98,2025.0,6.0,218.0,2275.0,0.0
1.0,1.0,0.0,0.0,3000.0,29.29,2025.0,6.0,204.0,2275.0,5.0
1.0,1.0,0.0,0.0,4000.0,24.98,2025.0,6.0,177.0,2275.0,0.0
1.0,1.0,0.0,0.0,500.0,29.99,2025.0,6.0,204.0,2275.0,5.0
1.0,1.0,0.0,0.0,20076.0,28.49,2025.0,6.0,218.0,2275.0,5.0
1.0,1.0,0.0,0.0,150.0,32.98,2025.0,6.0,218.0,2275.0,0.0
1.0,1.0,0.0,0.0,10.0,25.69,2025.0,6.0,88.0,2275.0,5.0
1.0,1.0,0.0,0.0,15.0,29.95,2025.0,6.0,218.0,1497.0,4.0
1.0,1.0,0.0,0.0,1980.0,30.96,2025.0,6.0,218.0,1498.0,4.0
1.0,1.0,0.0,0.0,5.0,29.95,2025.0,6.0,218.0,1498.0,5.0
1.0,0.0,1.0,0.0,7000.0,33.99,2025.0,6.0,218.0,2275.0,5.0
1.0,1.0,0.0,0.0,7.0,31.28,2025.0,6.0,218.0,1498.0,4.0
1.0,1.0,0.0,0.0,375.0,19.9,2025.0,6.0,150.0,2275.0,5.0
1.0,1.0,0.0,0.0,410.0,33.29,2025.0,6.0,220.0,2275.0,5.0
1.0,1.0,0.0,0.0,5.0,33.745,2025.0,6.0,218.0,1500.0,4.0
1.0,1.0,0.0,0.0,23822.0,23.45,2023.0,6.0,204.0,2275.0,5.0
1.0,1.0,0.0,0.0,4000.0,29.78,2025.0,6.0,204.0,2275.0,0.0
1.0,1.0,0.0,0.0,50.0,38.47,2025.0,6.0,218.0,2275.0,5.0
1.0,1.0,0.0,0.0,1001.0,34.77,2025.0,6.0,231.0,2275.0,5.0
1.0,1.0,0.0,0.0,74050.0,22.5,2022.0,6.0,204.0,2275.0,5.0
1.0,1.0,0.0,0.0,15.0,24.79,2025.0,6.0,177.0,2275.0,0.0
1.0,1.0,0.0,0.0,1540.0,35.85,2025.0,6.0,212.0,1498.0,4.0
1.0,1.0,0.0,0.0,43317.0,24.995,2023.0,6.0,204.0,2275.0,5.0
1.0,1.0,0.0,0.0,10000.0,29.97,2025.0,6.0,177.0,2275.0,5.0
1.0,1.0,0.0,0.0,35482.0,34.0,2024.0,6.0,218.0,2275.0,5.0
1.0,1.0,0.0,0.0,21000.0,23.49,2024.0,6.0,204.0,2275.0,1.0
1.0,1.0,0.0,0.0,17.0,38.47,2025.0,6.0,218.0,2275.0,5.0
1.0,1.0,0.0,0.0,1540.0,32.98,2025.0,6.0,218.0,1498.0,4.0
1.0,1.0,0.0,0.0,9900.0,34.49,2025.0,6.0,218.0,2275.0,5.0
1.0,1.0,0.0,0.0,17.0,38.47,2025.0,6.0,218.0,2275.0,5.0
1.0,1.0,0.0,0.0,100.0,26.59,2025.0,6.0,177.0,2275.0,5.0
1.0,1.0,0.0,0.0,12.0,30.47,2025.0,6.0,204.0,2275.0,5.0
1.0,1.0,0.0,0.0,10.0,39.99,2025.0,6.0,218.0,2275.0,5.0
1.0,1.0,0.0,0.0,25500.0,32.0,2024.0,6.0,218.0,2275.0,5.0
1.0,1.0,0.0,0.0,1.0,27.0,2025.0,6.0,190.0,1500.0,4.0
1.0,1.0,0.0,0.0,9500.0,26.99,2025.0,6.0,204.0,2275.0,5.0
1.0,1.0,0.0,0.0,3000.0,41.99,2025.0,6.0,197.0,2275.0,5.0
1.0,1.0,0.0,0.0,13999.0,25.9,2025.0,6.0,204.0,2275.0,5.0
1.0,1.0,0.0,0.0,2.0,34.9,2025.0,6.0,216.0,2275.0,5.0
0.0,1.0,0.0,0.0,50.0,34.68,2025.0,6.0,98.0,1498.0,4.0
1.0,1.0,0.0,0.0,2754.0,37.48,2024.0,6.0,218.0,2275.0,5.0
1.0,1.0,0.0,0.0,5000.0,39.89,2025.0,6.0,113.0,2275.0,5.0
1.0,1.0,0.0,0.0,5.0,29.99,2025.0,6.0,204.0,2275.0,5.0
1.0,1.0,0.0,0.0,3000.0,28.49,2025.0,6.0,88.0,2275.0,5.0
1.0,1.0,0.0,0.0,5.0,34.745,2025.0,6.0,218.0,1500.0,4.0
1.0,1.0,0.0,0.0,9491.0,26.99,2024.0,6.0,204.0,2275.0,5.0
1.0,1.0,0.0,0.0,5.0,32.89,2025.0,6.0,218.0,1498.0,5.0
1.0,1.0,0.0,0.0,98.0,38.47,2025.0,6.0,218.0,2275.0,5.0
1.0,1.0,0.0,0.0,5306.0,35.648,2024.0,6.0,218.0,2275.0,5.0
1.0,1.0,0.0,0.0,10000.0,29.97,2025.0,6.0,177.0,2275.0,5.0
1.0,1.0,0.0,0.0,1680.0,35.99,2025.0,6.0,212.0,1498.0,4.0
1.0,1.0,0.0,0.0,16.0,32.97,2025.0,6.0,204.0,2275.0,5.0
1.0,1.0,0.0,0.0,10.0,32.34,2025.0,6.0,204.0,2275.0,5.0
1.0,1.0,0.0,0.0,5.0,32.89,2025.0,6.0,218.0,1498.0,5.0
1.0,1.0,0.0,0.0,4568.0,28.95,2025.0,6.0,177.0,2275.0,5.0
1.0,1.0,0.0,0.0,3000.0,36.99,2025.0,6.0,218.0,2275.0,5.0
1.0,1.0,0.0,0.0,5527.0,35.648,2024.0,6.0,218.0,2275.0,5.0
1.0,1.0,0.0,0.0,6239.0,37.38,2024.0,6.0,218.0,2275.0,5.0
1.0,1.0,0.0,0.0,6000.0,35.74,2025.0,6.0,177.0,2275.0,5.0
1.0,1.0,0.0,0.0,5.0,33.745,2025.0,6.0,218.0,1500.0,4.0
1.0,1.0,0.0,0.0,7000.0,24.59,2025.0,6.0,179.0,2275.0,5.0
1.0,1.0,0.0,0.0,33.0,38.47,2025.0,6.0,218.0,2275.0,5.0
1.0,1.0,0.0,0.0,16.0,32.97,2025.0,6.0,204.0,2275.0,5.0
1.0,1.0,0.0,0.0,20076.0,28.49,2025.0,6.0,218.0,2275.0,5.0
1.0,1.0,0.0,0.0,4000.0,33.99,2025.0,6.0,212.0,2275.0,5.0
1.0,1.0,0.0,0.0,5.0,30.49,2025.0,6.0,218.0,1498.0,5.0
1.0,1.0,0.0,0.0,23.0,30.47,2025.0,6.0,204.0,2275.0,5.0
1.0,1.0,0.0,0.0,15.0,30.47,2025.0,6.0,204.0,2275.0,5.0
1.0,1.0,0.0,0.0,190.0,32.97,2025.0,6.0,218.0,1498.0,5.0
1.0,1.0,0.0,0.0,16.0,32.97,2025.0,6.0,204.0,2275.0,5.0
1.0,1.0,0.0,0.0,1000.0,25.99,2025.0,6.0,177.0,2275.0,5.0
0.0,1.0,0.0,0.0,30.0,34.68,2025.0,6.0,98.0,1498.0,4.0
1.0,1.0,0.0,0.0,4190.0,25.83,2024.0,6.0,207.0,2275.0,5.0
1.0,1.0,0.0,0.0,73595.0,23.9,2022.0,6.0,204.0,2275.0,5.0
1.0,1.0,0.0,0.0,17.0,38.47,2025.0,6.0,218.0,2275.0,5.0
1.0,1.0,0.0,0.0,6000.0,41.74,2025.0,6.0,204.0,2275.0,5.0
1.0,1.0,0.0,0.0,13.0,30.47,2025.0,6.0,204.0,2275.0,5.0
1.0,1.0,0.0,0.0,10.0,32.151,2025.0,6.0,204.0,2275.0,5.0
1.0,1.0,0.0,0.0,46700.0,23.495,2022.0,6.0,204.0,2275.0,5.0
1.0,1.0,0.0,0.0,2000.0,32.99,2025.0,6.0,212.0,1498.0,4.0
1.0,1.0,0.0,0.0,20.0,34.5,2025.0,6.0,218.0,1498.0,4.0
1.0,1.0,0.0,0.0,23000.0,35.9,2024.0,6.0,218.0,2275.0,5.0
1.0,1.0,0.0,0.0,243.0,30.77,2025.0,6.0,204.0,2275.0,5.0
1.0,1.0,0.0,0.0,28500.0,26.0,2024.0,6.0,204.0,2275.0,5.0
1.0,1.0,0.0,0.0,15999.0,35.9,2025.0,6.0,218.0,1498.0,4.0
1.0,1.0,0.0,0.0,7.0,33.88,2025.0,6.0,218.0,1498.0,4.0
1.0,1.0,0.0,0.0,12.0,29.97,2025.0,6.0,204.0,2275.0,5.0
1.0,1.0,0.0,0.0,340.0,37.95,2025.0,6.0,131.0,1498.0,4.0
1.0,1.0,0.0,0.0,1550.0,25.412,2025.0,6.0,178.0,2275.0,5.0
1.0,1.0,0.0,0.0,4190.0,25.83,2024.0,6.0,207.0,2275.0,5.0
1.0,1.0,0.0,0.0,1000.0,30.49,2025.0,6.0,204.0,2275.0,5.0
1.0,1.0,0.0,0.0,98.0,38.47,2025.0,6.0,218.0,2275.0,5.0
1.0,1.0,0.0,0.0,62851.0,24.4,2022.0,6.0,204.0,2275.0,5.0
1.0,1.0,0.0,0.0,100.0,33.99,2025.0,6.0,218.0,1498.0,5.0
1.0,1.0,0.0,0.0,14089.0,29.63,2025.0,6.0,219.0,2275.0,5.0
1.0,1.0,0.0,0.0,3000.0,34.99,2025.0,6.0,218.0,1498.0,4.0
1.0,1.0,0.0,0.0,15.0,38.47,2025.0,6.0,218.0,2275.0,5.0
1.0,1.0,0.0,0.0,33.0,38.47,2025.0,6.0,218.0,2275.0,5.0
1.0,1.0,0.0,0.0,29.0,34.745,2025.0,6.0,218.0,1500.0,4.0
1.0,1.0,0.0,0.0,500.0,29.79,2025.0,6.0,204.0,2275.0,5.0
1.0,1.0,0.0,0.0,20076.0,28.49,2025.0,6.0,218.0,2275.0,5.0
1.0,1.0,0.0,0.0,15.0,34.995,2025.0,6.0,207.0,2275.0,5.0
1.0,1.0,0.0,0.0,10000.0,34.97,2025.0,6.0,218.0,2275.0,5.0
1.0,1.0,0.0,0.0,10.0,32.922,2025.0,6.0,204.0,2275.0,5.0
1.0,1.0,0.0,0.0,16.0,35.695,2025.0,6.0,218.0,1498.0,4.0
1.0,1.0,0.0,0.0,24627.0,30.99,2024.0,6.0,98.0,1498.0,4.0
1.0,1.0,0.0,0.0,10.0,35.49,2025.0,6.0,197.0,1498.0,4.0
1.0,1.0,0.0,0.0,787.0,30.77,2024.0,6.0,177.0,2275.0,5.0
1.0,1.0,0.0,0.0,25.0,35.395,2025.0,6.0,218.0,1498.0,4.0
1.0,1.0,0.0,0.0,10000.0,25.97,2025.0,6.0,156.0,2275.0,5.0
1.0,1.0,0.0,0.0,5.0,34.745,2025.0,6.0,218.0,1500.0,4.0
1.0,1.0,0.0,0.0,190.0,32.97,2025.0,6.0,218.0,1498.0,5.0
1.0,1.0,0.0,0.0,6000.0,34.97,2025.0,6.0,218.0,1500.0,5.0
1.0,1.0,0.0,0.0,100.0,42.999,2025.0,6.0,231.0,2275.0,5.0
1.0,1.0,0.0,0.0,15000.0,23.9,2023.0,6.0,88.0,2275.0,5.0
1.0,1.0,0.0,0.0,18100.0,33.5,2025.0,6.0,98.0,1498.0,4.0
1.0,1.0,0.0,0.0,5320.0,24.518,2024.0,6.0,207.0,2275.0,5.0
1.0,1.0,0.0,0.0,15.0,30.49,2025.0,6.0,218.0,1497.0,4.0
1.0,1.0,0.0,0.0,10.0,31.5,2025.0,6.0,98.0,1498.0,4.0
1.0,1.0,0.0,0.0,10.0,31.753,2025.0,6.0,204.0,2275.0,5.0
1.0,1.0,0.0,0.0,12349.0,31.9,2025.0,6.0,204.0,2275.0,5.0
1.0,1.0,0.0,0.0,1500.0,23.35,2025.0,6.0,156.0,2275.0,5.0
1.0,1.0,0.0,0.0,15.0,31.97,2025.0,6.0,204.0,2275.0,5.0
1.0,1.0,0.0,0.0,2500.0,35.63,2025.0,6.0,218.0,1497.0,4.0
1.0,1.0,0.0,0.0,5.0,34.745,2025.0,6.0,218.0,1500.0,4.0
1.0,1.0,0.0,0.0,15.0,33.97,2025.0,6.0,184.0,1498.0,5.0
1.0,1.0,0.0,0.0,5.0,34.49,2025.0,6.0,218.0,1500.0,4.0
1.0,1.0,0.0,0.0,15.0,32.97,2025.0,6.0,184.0,1498.0,5.0
1.0,1.0,0.0,0.0,2500.0,26.99,2025.0,6.0,177.0,2275.0,5.0
1.0,1.0,0.0,0.0,16.0,32.97,2025.0,6.0,204.0,2275.0,5.0
1.0,1.0,0.0,0.0,25.0,36.877,2025.0,6.0,218.0,1498.0,4.0
1.0,1.0,0.0,0.0,30.0,40.98,2025.0,6.0,218.0,2275.0,5.0
1.0,1.0,0.0,0.0,22000.0,29.5,2024.0,6.0,204.0,2275.0,5.0
1.0,1.0,0.0,0.0,50.0,35.499,2025.0,6.0,218.0,1498.0,5.0
1.0,1.0,0.0,0.0,410.0,33.29,2025.0,6.0,220.0,2275.0,5.0
1.0,1.0,0.0,0.0,1.0,28.618,2025.0,6.0,220.0,2275.0,5.0
1.0,1.0,0.0,0.0,19000.0,36.9,2025.0,6.0,218.0,1498.0,4.0
1.0,1.0,0.0,0.0,15.0,32.99,2025.0,6.0,212.0,1498.0,4.0
1.0,1.0,0.0,0.0,1001.0,32.888,2025.0,6.0,218.0,1498.0,5.0
1.0,1.0,0.0,0.0,10000.0,25.97,2025.0,6.0,156.0,2275.0,5.0
1.0,1.0,0.0,0.0,20770.0,27.495,2023.0,6.0,207.0,2275.0,5.0
1.0,1.0,0.0,0.0,16.0,32.97,2025.0,6.0,204.0,2275.0,5.0
1.0,1.0,0.0,0.0,3500.0,44.95,2025.0,6.0,212.0,1498.0,4.0
1.0,1.0,0.0,0.0,40.0,33.4,2025.0,6.0,98.0,1498.0,4.0
1.0,1.0,0.0,0.0,18.0,33.97,2025.0,6.0,184.0,1498.0,5.0
1.0,1.0,0.0,0.0,8500.0,36.49,2025.0,6.0,218.0,1498.0,5.0
1.0,1.0,0.0,0.0,3000.0,33.99,2025.0,6.0,212.0,2275.0,0.0
1.0,1.0,0.0,0.0,5.0,35.49,2025.0,6.0,212.0,1498.0,4.0
1.0,1.0,0.0,0.0,15.0,30.47,2025.0,6.0,204.0,2275.0,5.0
0.0,1.0,0.0,0.0,30.0,34.68,2025.0,6.0,98.0,1498.0,4.0
1.0,1.0,0.0,0.0,3000.0,27.98,2025.0,6.0,204.0,2275.0,0.0
1.0,1.0,0.0,0.0,10.0,26.45,2025.0,6.0,156.0,2275.0,5.0
1.0,1.0,0.0,0.0,31447.0,25.33,2023.0,6.0,204.0,2275.0,5.0
1.0,1.0,0.0,0.0,20.0,30.995,2025.0,6.0,179.0,2275.0,5.0
1.0,1.0,0.0,0.0,7.0,34.49,2025.0,6.0,212.0,1498.0,4.0
1.0,1.0,0.0,0.0,7500.0,35.33,2025.0,6.0,218.0,1498.0,4.0
1.0,1.0,0.0,0.0,10.0,34.995,2025.0,6.0,207.0,2275.0,5.0
1.0,1.0,0.0,0.0,10000.0,29.97,2025.0,6.0,177.0,2275.0,5.0
1.0,1.0,0.0,0.0,5.0,35.745,2025.0,6.0,218.0,1500.0,4.0
1.0,1.0,0.0,0.0,15.0,32.99,2025.0,6.0,212.0,1498.0,4.0
1.0,1.0,0.0,0.0,17.0,32.97,2025.0,6.0,184.0,1498.0,5.0
1.0,1.0,0.0,0.0,10.0,36.089,2025.0,6.0,218.0,4.0,4.0
1.0,1.0,0.0,0.0,6453.0,27.59,2023.0,6.0,204.0,2275.0,5.0
1.0,1.0,0.0,0.0,15.0,30.47,2025.0,6.0,204.0,2275.0,5.0
1.0,1.0,0.0,0.0,13.0,30.47,2025.0,6.0,204.0,2275.0,5.0
1.0,1.0,0.0,0.0,1.0,28.618,2025.0,6.0,220.0,2275.0,5.0
1.0,1.0,0.0,0.0,5.0,32.99,2025.0,6.0,218.0,1498.0,5.0
1.0,1.0,0.0,0.0,2500.0,35.99,2025.0,6.0,98.0,1498.0,5.0
1.0,1.0,0.0,0.0,3000.0,26.99,2025.0,6.0,177.0,2275.0,5.0
1.0,1.0,0.0,0.0,25.0,35.33,2025.0,6.0,218.0,1498.0,4.0
1.0,1.0,0.0,0.0,4000.0,43.4,2025.0,6.0,218.0,1498.0,4.0
1.0,1.0,0.0,0.0,25.0,35.945,2025.0,6.0,218.0,1498.0,4.0
0.0,1.0,0.0,0.0,30.0,39.995,2025.0,6.0,131.0,1498.0,4.0
1.0,1.0,0.0,0.0,26161.0,23.99,2024.0,6.0,204.0,2275.0,5.0
1.0,1.0,0.0,0.0,243.0,30.77,2025.0,6.0,204.0,2275.0,5.0
1.0,1.0,0.0,0.0,7.0,31.28,2025.0,6.0,218.0,1498.0,4.0
1.0,1.0,0.0,0.0,17110.0,26.99,2023.0,6.0,204.0,2275.0,5.0
1.0,1.0,0.0,0.0,16.0,32.97,2025.0,6.0,204.0,2275.0,5.0
1.0,1.0,0.0,0.0,18.0,36.98,2025.0,6.0,218.0,1498.0,5.0
1.0,1.0,0.0,0.0,200.0,42.95,2025.0,6.0,212.0,1498.0,4.0
1.0,1.0,0.0,0.0,243.0,30.77,2025.0,6.0,204.0,2275.0,5.0
1.0,1.0,0.0,0.0,9500.0,24.99,2025.0,6.0,204.0,2275.0,5.0
1.0,1.0,0.0,0.0,100.0,31.899,2025.0,6.0,184.0,1498.0,4.0
1.0,1.0,0.0,0.0,12000.0,42.49,2025.0,6.0,218.0,2275.0,5.0
1.0,1.0,0.0,0.0,8400.0,27.9,2024.0,6.0,204.0,2275.0,5.0
1.0,1.0,0.0,0.0,30.0,36.5,2025.0,6.0,218.0,1498.0,4.0
1.0,1.0,0.0,0.0,15.0,32.99,2025.0,6.0,212.0,1498.0,4.0
0.0,0.0,1.0,0.0,213850.0,2.499,2012.0,6.0,65.0,995.0,4.0
0.0,0.0,1.0,0.0,125543.0,6.98,2013.0,6.0,140.0,1364.0,4.0
0.0,0.0,1.0,0.0,134610.0,1.594,2010.0,6.0,52.0,796.0,3.0
1.0,0.0,1.0,0.0,117000.0,9.5,2014.0,6.0,131.0,2275.0,5.0
1.0,0.0,1.0,0.0,192772.0,3.25,2012.0,6.0,65.0,995.0,4.0
0.0,0.0,1.0,0.0,147784.0,1.45,2010.0,6.0,94.0,1399.0,4.0
0.0,0.0,1.0,0.0,173313.0,2.949,2011.0,6.0,141.0,1796.0,4.0
1.0,0.0,1.0,0.0,136000.0,2.99,2013.0,6.0,163.0,1998.0,5.0
0.0,0.0,1.0,0.0,66638.0,0.499,2008.0,6.0,72.0,1150.0,4.0
0.0,0.0,1.0,0.0,222238.0,1.495,2010.0,6.0,68.0,995.0,4.0
1.0,0.0,1.0,0.0,145688.0,3.65,2012.0,6.0,95.0,1248.0,4.0
0.0,0.0,1.0,0.0,59190.0,1.999,2009.0,6.0,52.0,796.0,3.0
0.0,1.0,0.0,0.0,101438.0,3.99,2008.0,6.0,121.0,1796.0,5.0
0.0,0.0,1.0,0.0,143000.0,7.99,2013.0,6.0,140.0,1364.0,4.0
0.0,0.0,1.0,0.0,141474.0,2.95,2011.0,6.0,68.0,995.0,4.0
0.0,0.0,1.0,0.0,125000.0,2.99,2008.0,6.0,72.0,1150.0,5.0
0.0,0.0,1.0,0.0,73000.0,4.998,2012.0,6.0,82.0,1206.0,4.0
0.0,0.0,1.0,0.0,74790.0,4.19,2013.0,6.0,68.0,995.0,5.0
0.0,0.0,1.0,0.0,64449.0,5.499,2010.0,6.0,82.0,1206.0,4.0
1.0,0.0,1.0,0.0,189755.0,1.599,2012.0,6.0,131.0,1686.0,4.0
0.0,0.0,1.0,0.0,180000.0,1.2,2011.0,6.0,136.0,2405.0,4.0
1.0,0.0,1.0,0.0,192000.0,0.5,2012.0,6.0,131.0,1686.0,4.0
0.0,0.0,1.0,0.0,82200.0,1.69,2012.0,6.0,82.0,1206.0,4.0
0.0,0.0,1.0,0.0,106900.0,0.35,2009.0,6.0,95.0,1399.0,4.0
0.0,0.0,1.0,0.0,170599.0,2.699,2012.0,6.0,101.0,1398.0,4.0
0.0,0.0,1.0,0.0,97728.0,2.99,2011.0,6.0,68.0,2275.0,5.0
0.0,0.0,1.0,0.0,70208.0,4.945,2010.0,6.0,113.0,1598.0,4.0
0.0,0.0,1.0,0.0,65000.0,5.999,2012.0,6.0,124.0,1598.0,4.0
0.0,0.0,1.0,0.0,173000.0,3.45,2012.0,6.0,124.0,2275.0,5.0
0.0,0.0,1.0,0.0,131112.0,0.399,2010.0,6.0,84.0,1206.0,5.0
0.0,0.0,1.0,0.0,151960.0,1.95,2010.0,6.0,101.0,1399.0,4.0
0.0,0.0,1.0,0.0,74000.0,0.4,2009.0,6.0,67.0,995.0,4.0
0.0,0.0,1.0,0.0,175607.0,2.399,2013.0,6.0,140.0,1364.0,5.0
1.0,0.0,1.0,0.0,202754.0,2.25,2012.0,6.0,95.0,1248.0,4.0
0.0,1.0,0.0,0.0,176581.0,4.445,2010.0,6.0,141.0,1796.0,4.0
0.0,0.0,1.0,0.0,119694.0,0.899,2008.0,6.0,121.0,1796.0,5.0
0.0,0.0,1.0,0.0,183877.0,0.999,2010.0,6.0,84.0,1206.0,4.0
0.0,0.0,1.0,0.0,169508.0,1.0,2008.0,6.0,94.0,1399.0,4.0
1.0,1.0,0.0,0.0,207000.0,3.5,2011.0,6.0,120.0,2275.0,5.0
0.0,0.0,1.0,0.0,132311.0,2.95,2011.0,6.0,82.0,1206.0,4.0
0.0,0.0,1.0,0.0,181412.0,0.799,2008.0,6.0,52.0,796.0,3.0
0.0,0.0,1.0,0.0,137499.0,2.0,2010.0,6.0,68.0,995.0,4.0
1.0,1.0,0.0,0.0,161878.0,12.995,2017.0,6.0,151.0,1398.0,4.0
1.0,0.0,1.0,0.0,209402.0,2.25,2012.0,6.0,68.0,995.0,4.0
0.0,0.0,1.0,0.0,138832.0,0.69,2008.0,6.0,52.0,796.0,5.0
0.0,0.0,1.0,0.0,97564.0,1.25,2009.0,6.0,67.0,995.0,4.0
1.0,1.0,0.0,0.0,102980.0,3.199,2008.0,6.0,101.0,1399.0,4.0
0.0,1.0,0.0,0.0,108112.0,3.95,2009.0,6.0,101.0,1399.0,4.0
0.0,0.0,1.0,0.0,206855.0,1.45,2010.0,6.0,84.0,1206.0,4.0
0.0,0.0,1.0,0.0,99000.0,1.49,2009.0,6.0,67.0,995.0,5.0
0.0,0.0,1.0,0.0,139027.0,2.99,2010.0,6.0,82.0,1206.0,4.0
0.0,0.0,1.0,0.0,106120.0,6.99,2011.0,6.0,136.0,2405.0,4.0
1.0,0.0,1.0,0.0,75000.0,3.95,2013.0,6.0,72.0,1199.0,5.0
0.0,0.0,1.0,0.0,7700.0,5.5,2010.0,6.0,68.0,2275.0,5.0
1.0,0.0,1.0,0.0,215651.0,1.95,2012.0,6.0,95.0,1248.0,4.0
0.0,0.0,1.0,0.0,218383.0,0.995,2009.0,6.0,101.0,1399.0,4.0
1.0,0.0,1.0,0.0,196722.0,1.999,2011.0,6.0,68.0,995.0,4.0
0.0,0.0,1.0,0.0,100000.0,1.888,2009.0,6.0,52.0,796.0,5.0
0.0,0.0,1.0,0.0,98553.0,2.95,2012.0,6.0,65.0,995.0,4.0
0.0,0.0,1.0,0.0,86817.0,2.999,2012.0,6.0,68.0,995.0,4.0
0.0,0.0,1.0,0.0,99800.0,0.8,2009.0,6.0,52.0,796.0,3.0
1.0,0.0,1.0,0.0,136092.0,2.85,2012.0,6.0,68.0,995.0,4.0
0.0,0.0,1.0,0.0,149176.0,4.69,2012.0,6.0,124.0,1598.0,4.0
0.0,0.0,1.0,0.0,76100.0,2.89,2009.0,6.0,109.0,1598.0,5.0
0.0,0.0,1.0,0.0,119100.0,2.79,2012.0,6.0,68.0,995.0,4.0
0.0,0.0,1.0,0.0,176100.0,2.95,2011.0,6.0,86.0,2275.0,5.0
0.0,0.0,1.0,0.0,143000.0,4.31,2013.0,6.0,124.0,1598.0,5.0
1.0,0.0,1.0,0.0,143800.0,5.499,2012.0,6.0,132.0,2275.0,5.0
1.0,0.0,1.0,0.0,210000.0,5.999,2014.0,6.0,141.0,1997.0,4.0
0.0,0.0,1.0,0.0,28775.0,10.45,2022.0,6.0,83.0,1199.0,5.0
0.0,0.0,1.0,0.0,4664.0,13.99,2025.0,6.0,101.0,1199.0,5.0
1.0,0.0,0.0,1.0,178000.0,4.9,2010.0,6.0,156.0,2179.0,4.0
0.0,0.0,1.0,0.0,10154.0,10.77,2022.0,6.0,82.0,1199.0,5.0
1.0,0.0,1.0,0.0,199991.0,8.25,2017.0,6.0,95.0,1560.0,4.0
1.0,0.0,1.0,0.0,200000.0,3.7,2013.0,6.0,111.0,1560.0,5.0
1.0,0.0,1.0,0.0,130000.0,4.999,2014.0,6.0,150.0,1997.0,4.0
0.0,0.0,1.0,0.0,1.0,16.9,2025.0,6.0,101.0,1199.0,3.0
0.0,0.0,1.0,0.0,48659.0,15.84,2023.0,6.0,131.0,1199.0,3.0
0.0,0.0,1.0,0.0,3230.0,14.99,2025.0,6.0,101.0,1199.0,3.0
0.0,0.0,1.0,0.0,1748.0,16.29,2025.0,6.0,101.0,1199.0,3.0
0.0,0.0,1.0,0.0,24999.0,10.85,2022.0,6.0,83.0,1199.0,5.0
1.0,0.0,1.0,0.0,185102.0,8.95,2020.0,6.0,102.0,1499.0,4.0
0.0,0.0,1.0,0.0,10.0,18.995,2025.0,6.0,101.0,1199.0,3.0
0.0,0.0,1.0,0.0,1.0,18.9,2025.0,6.0,101.0,1199.0,3.0
0.0,1.0,0.0,0.0,139735.0,7.499,2014.0,6.0,82.0,1199.0,3.0
0.0,0.0,1.0,0.0,51.0,14.99,2025.0,6.0,101.0,1199.0,3.0
0.0,0.0,1.0,0.0,30289.0,12.99,2022.0,6.0,101.0,1199.0,5.0
0.0,0.0,1.0,0.0,82012.0,6.999,2016.0,6.0,110.0,1199.0,3.0
0.0,0.0,1.0,0.0,99990.0,4.99,2010.0,6.0,120.0,1598.0,4.0
0.0,0.0,1.0,0.0,1.0,14.9,2025.0,6.0,101.0,1199.0,3.0
0.0,0.0,1.0,0.0,18000.0,13.9,2024.0,6.0,110.0,1199.0,3.0
1.0,0.0,1.0,0.0,100500.0,10.98,2017.0,6.0,120.0,1560.0,4.0
0.0,0.0,1.0,0.0,1434.0,14.999,2025.0,6.0,102.0,1199.0,3.0
0.0,0.0,1.0,0.0,4200.0,14.8,2025.0,6.0,101.0,1199.0,3.0
0.0,0.0,1.0,0.0,118206.0,4.895,2013.0,6.0,120.0,1598.0,4.0
0.0,0.0,1.0,0.0,6133.0,11.95,2024.0,6.0,83.0,1199.0,3.0
0.0,0.0,1.0,0.0,100.0,18.99,2025.0,6.0,101.0,1199.0,5.0
0.0,0.0,1.0,0.0,34276.0,17.98,2023.0,6.0,131.0,1199.0,5.0
0.0,0.0,1.0,0.0,114484.0,5.749,2014.0,6.0,82.0,1199.0,3.0
0.0,0.0,1.0,0.0,52300.0,11.89,2023.0,6.0,82.0,1199.0,3.0
0.0,1.0,0.0,0.0,598.0,24.95,2024.0,6.0,136.0,1199.0,3.0
0.0,0.0,1.0,0.0,1.0,18.5,2025.0,6.0,101.0,1199.0,3.0
0.0,0.0,1.0,0.0,8000.0,16.99,2025.0,6.0,101.0,1199.0,3.0
0.0,0.0,1.0,0.0,20.0,16.99,2025.0,6.0,101.0,1199.0,3.0
0.0,0.0,1.0,0.0,1.0,15.7,2025.0,6.0,101.0,1199.0,3.0
0.0,0.0,1.0,0.0,142074.0,4.89,2009.0,6.0,90.0,1587.0,4.0
0.0,0.0,1.0,0.0,10.0,13.9,2025.0,6.0,101.0,2275.0,3.0
1.0,1.0,0.0,0.0,1.0,23.9,2025.0,6.0,136.0,1199.0,3.0
0.0,0.0,1.0,0.0,29924.0,11.44,2023.0,6.0,83.0,1199.0,3.0
1.0,0.0,1.0,0.0,122103.0,6.895,2015.0,6.0,99.0,1560.0,4.0
0.0,0.0,1.0,0.0,31659.0,14.99,2023.0,6.0,101.0,1199.0,3.0
0.0,0.0,1.0,0.0,60065.0,13.95,2022.0,6.0,131.0,2275.0,5.0
1.0,1.0,0.0,0.0,63200.0,19.9,2022.0,6.0,222.0,1598.0,4.0
0.0,0.0,1.0,0.0,7325.0,14.887,2025.0,6.0,101.0,1199.0,5.0
0.0,0.0,1.0,0.0,58981.0,10.99,2020.0,6.0,110.0,1199.0,3.0
0.0,0.0,1.0,0.0,50072.0,10.95,2020.0,6.0,83.0,1199.0,3.0
0.0,0.0,1.0,0.0,14436.0,13.9,2024.0,6.0,110.0,1199.0,3.0
0.0,0.0,1.0,0.0,51.0,14.99,2025.0,6.0,101.0,1199.0,3.0
0.0,1.0,0.0,0.0,109322.0,7.999,2011.0,6.0,156.0,1598.0,4.0
1.0,1.0,0.0,0.0,10.0,22.9,2025.0,6.0,136.0,1199.0,3.0
1.0,1.0,0.0,0.0,66700.0,16.99,2022.0,6.0,131.0,1499.0,4.0
1.0,1.0,0.0,0.0,39009.0,18.15,2022.0,6.0,136.0,1499.0,5.0
1.0,0.0,1.0,0.0,139000.0,6.9,2011.0,6.0,111.0,1560.0,5.0
0.0,0.0,1.0,0.0,9.0,16.35,2024.0,6.0,131.0,1199.0,3.0
0.0,1.0,0.0,0.0,11799.0,15.62,2023.0,6.0,131.0,1199.0,3.0
1.0,1.0,0.0,0.0,23694.0,21.9,2024.0,6.0,131.0,1199.0,3.0
0.0,0.0,1.0,0.0,9000.0,18.99,2025.0,6.0,101.0,1199.0,3.0
1.0,1.0,0.0,0.0,10.0,23.44,2025.0,6.0,145.0,1199.0,5.0
1.0,1.0,0.0,0.0,13667.0,23.99,2025.0,6.0,136.0,1199.0,3.0
0.0,1.0,0.0,0.0,35.0,21.47,2025.0,6.0,131.0,1199.0,5.0
1.0,1.0,0.0,0.0,28480.0,14.99,2022.0,6.0,136.0,2275.0,5.0
0.0,1.0,0.0,0.0,3979.0,20.85,2025.0,6.0,145.0,1199.0,3.0
0.0,1.0,0.0,0.0,32544.0,14.48,2024.0,6.0,110.0,1199.0,3.0
1.0,1.0,0.0,0.0,500.0,24.98,2025.0,6.0,145.0,1199.0,3.0
0.0,0.0,1.0,0.0,5100.0,16.98,2024.0,6.0,131.0,1199.0,3.0
0.0,1.0,0.0,0.0,148499.0,3.999,2008.0,6.0,88.0,1360.0,4.0
1.0,1.0,0.0,0.0,10.0,25.43,2025.0,6.0,145.0,1199.0,3.0
0.0,1.0,0.0,0.0,135221.0,8.799,2017.0,6.0,110.0,1199.0,3.0
0.0,0.0,1.0,0.0,20877.0,15.99,2025.0,6.0,101.0,1199.0,5.0
0.0,0.0,1.0,0.0,1.0,18.5,2025.0,6.0,101.0,1199.0,3.0
0.0,0.0,1.0,0.0,17495.0,14.887,2024.0,6.0,110.0,1199.0,3.0
1.0,0.0,1.0,0.0,34733.0,14.79,2020.0,6.0,131.0,1499.0,5.0
1.0,1.0,0.0,0.0,10.0,35.9,2025.0,6.0,145.0,1199.0,3.0
1.0,1.0,0.0,0.0,10.0,25.43,2025.0,6.0,145.0,1199.0,3.0
0.0,0.0,1.0,0.0,17957.0,13.99,2024.0,6.0,110.0,1199.0,3.0
1.0,1.0,0.0,0.0,10.0,20.44,2025.0,6.0,136.0,2275.0,5.0
0.0,0.0,1.0,0.0,10.0,13.377,2025.0,6.0,101.0,1199.0,3.0
0.0,0.0,1.0,0.0,28659.0,12.49,2023.0,6.0,110.0,1199.0,3.0
0.0,0.0,1.0,0.0,96200.0,13.79,2019.0,6.0,131.0,1199.0,3.0
1.0,1.0,0.0,0.0,33019.0,19.95,2023.0,6.0,136.0,2275.0,5.0
0.0,0.0,1.0,0.0,9588.0,16.49,2025.0,6.0,101.0,1199.0,5.0
0.0,0.0,1.0,0.0,88700.0,9.95,2018.0,6.0,110.0,1199.0,3.0
0.0,0.0,1.0,0.0,14998.0,14.98,2024.0,6.0,110.0,1199.0,3.0
1.0,1.0,0.0,0.0,500.0,25.98,2025.0,6.0,145.0,1199.0,3.0
0.0,0.0,1.0,0.0,8990.0,15.79,2023.0,6.0,110.0,1199.0,5.0
0.0,0.0,1.0,0.0,15700.0,14.98,2024.0,6.0,110.0,1199.0,3.0
0.0,1.0,0.0,0.0,18701.0,16.9,2024.0,6.0,131.0,1199.0,5.0
0.0,0.0,1.0,0.0,14449.0,16.75,2025.0,6.0,101.0,1199.0,5.0
0.0,0.0,1.0,0.0,17000.0,14.8,2023.0,6.0,101.0,1199.0,3.0
1.0,1.0,0.0,0.0,210000.0,2.902,2013.0,6.0,163.0,1997.0,4.0
0.0,1.0,0.0,0.0,15000.0,18.99,2024.0,6.0,131.0,1199.0,5.0
1.0,1.0,0.0,0.0,42912.0,21.29,2024.0,6.0,131.0,1499.0,4.0
0.0,0.0,1.0,0.0,26.0,15.99,2025.0,6.0,101.0,1199.0,3.0
1.0,1.0,0.0,0.0,61938.0,14.35,2022.0,6.0,136.0,2275.0,5.0
0.0,0.0,1.0,0.0,36000.0,13.98,2021.0,6.0,110.0,1199.0,3.0
0.0,0.0,1.0,0.0,128854.0,10.495,2019.0,6.0,131.0,1199.0,5.0
0.0,0.0,1.0,0.0,10.0,17.9,2025.0,6.0,101.0,1199.0,3.0
1.0,1.0,0.0,0.0,10.0,20.44,2025.0,6.0,136.0,2275.0,5.0
0.0,0.0,1.0,0.0,19690.0,16.3,2022.0,6.0,131.0,1199.0,5.0
0.0,0.0,1.0,0.0,111699.0,7.445,2015.0,6.0,82.0,1199.0,3.0
0.0,0.0,1.0,0.0,41585.0,14.99,2021.0,6.0,131.0,1199.0,5.0
0.0,0.0,1.0,0.0,9663.0,12.99,2023.0,6.0,110.0,1199.0,3.0
0.0,0.0,1.0,0.0,29254.0,19.45,2023.0,6.0,131.0,1199.0,3.0
1.0,1.0,0.0,0.0,11.0,22.9,2023.0,6.0,136.0,2275.0,5.0
1.0,1.0,0.0,0.0,11368.0,17.25,2023.0,6.0,136.0,2275.0,5.0
0.0,1.0,0.0,0.0,7327.0,19.99,2025.0,6.0,101.0,1199.0,5.0
1.0,1.0,0.0,0.0,13700.0,21.9,2025.0,6.0,136.0,1199.0,3.0
0.0,1.0,0.0,0.0,17100.0,16.99,2023.0,6.0,131.0,1199.0,3.0
0.0,0.0,1.0,0.0,18410.0,19.49,2024.0,6.0,131.0,1199.0,3.0
0.0,1.0,0.0,0.0,16588.0,15.99,2023.0,6.0,131.0,1199.0,5.0
0.0,0.0,1.0,0.0,17759.0,23.95,2024.0,6.0,110.0,1199.0,5.0
0.0,0.0,1.0,0.0,18237.0,14.123,2025.0,6.0,101.0,1199.0,3.0
0.0,0.0,1.0,0.0,1.0,15.7,2025.0,6.0,101.0,1199.0,3.0
1.0,1.0,0.0,0.0,10.0,25.9,2025.0,6.0,136.0,1200.0,3.0
0.0,0.0,1.0,0.0,1500.0,16.28,2025.0,6.0,101.0,1199.0,3.0
1.0,1.0,0.0,0.0,2955.0,25.85,2025.0,6.0,131.0,1499.0,4.0
0.0,0.0,1.0,0.0,96000.0,12.99,2019.0,6.0,131.0,1199.0,3.0
0.0,0.0,1.0,0.0,16960.0,14.29,2024.0,6.0,110.0,1199.0,3.0
0.0,0.0,1.0,0.0,75500.0,5.999,2014.0,6.0,68.0,998.0,3.0
1.0,1.0,0.0,0.0,10.0,22.8,2025.0,6.0,110.0,1199.0,3.0
0.0,0.0,1.0,0.0,1.0,17.5,2025.0,6.0,101.0,1199.0,3.0
0.0,0.0,1.0,0.0,31386.0,22.289,2024.0,6.0,110.0,1199.0,5.0
0.0,0.0,1.0,0.0,5500.0,15.999,2025.0,6.0,101.0,1199.0,5.0
0.0,1.0,0.0,0.0,31096.0,15.24,2024.0,6.0,110.0,1199.0,3.0
0.0,1.0,0.0,0.0,500.0,24.98,2025.0,6.0,136.0,1199.0,3.0
1.0,1.0,0.0,0.0,30.0,24.95,2025.0,6.0,145.0,1199.0,3.0
1.0,0.0,1.0,0.0,82170.0,16.4,2021.0,6.0,131.0,1499.0,4.0
0.0,0.0,1.0,0.0,5700.0,16.98,2024.0,6.0,131.0,1199.0,3.0
0.0,0.0,1.0,0.0,18337.0,15.95,2024.0,6.0,131.0,2275.0,3.0
0.0,0.0,1.0,0.0,148058.0,7.49,2015.0,6.0,131.0,1199.0,3.0
1.0,1.0,0.0,0.0,15200.0,21.9,2025.0,6.0,136.0,1199.0,3.0
1.0,0.0,1.0,0.0,64000.0,16.9,2022.0,6.0,110.0,1499.0,4.0
0.0,1.0,0.0,0.0,2500.0,24.49,2025.0,6.0,136.0,1199.0,5.0
0.0,0.0,1.0,0.0,8732.0,12.49,2024.0,6.0,110.0,1199.0,3.0
0.0,0.0,1.0,0.0,69417.0,8.9,2017.0,6.0,82.0,1199.0,5.0
0.0,0.0,1.0,0.0,1.0,16.9,2025.0,6.0,101.0,1199.0,3.0
1.0,1.0,0.0,0.0,20915.0,13.884,2021.0,6.0,120.0,1499.0,4.0
0.0,1.0,0.0,0.0,23438.0,16.25,2023.0,6.0,131.0,1199.0,5.0
0.0,0.0,1.0,0.0,33335.0,17.5,2021.0,6.0,110.0,1199.0,3.0
1.0,1.0,0.0,0.0,74711.0,11.99,2016.0,6.0,120.0,1560.0,5.0
0.0,0.0,1.0,0.0,82975.0,10.95,2021.0,6.0,110.0,1199.0,3.0
0.0,0.0,1.0,0.0,17472.0,14.99,2024.0,6.0,110.0,1199.0,3.0
0.0,1.0,0.0,0.0,29999.0,14.59,2024.0,6.0,110.0,1199.0,5.0
0.0,1.0,0.0,0.0,22000.0,11.49,2024.0,6.0,110.0,1199.0,3.0
1.0,0.0,1.0,0.0,4500.0,17.899,2025.0,6.0,102.0,1499.0,4.0
0.0,0.0,1.0,0.0,53000.0,11.95,2022.0,6.0,110.0,1199.0,3.0
0.0,0.0,1.0,0.0,20040.0,13.99,2023.0,6.0,110.0,1199.0,5.0
0.0,0.0,1.0,0.0,80000.0,11.99,2022.0,6.0,110.0,1199.0,3.0
0.0,0.0,1.0,0.0,29000.0,9.99,2024.0,6.0,110.0,1199.0,3.0
0.0,0.0,1.0,0.0,1.0,13.9,2025.0,6.0,101.0,1199.0,3.0
1.0,0.0,1.0,0.0,106440.0,10.79,2019.0,6.0,102.0,1499.0,4.0
0.0,0.0,1.0,0.0,141598.0,7.2,2013.0,6.0,156.0,1598.0,4.0
0.0,0.0,1.0,0.0,12048.0,15.94,2024.0,6.0,110.0,1199.0,3.0
1.0,1.0,0.0,0.0,5.0,23.44,2025.0,6.0,145.0,1199.0,5.0
0.0,1.0,0.0,0.0,22000.0,11.49,2024.0,6.0,110.0,1199.0,3.0
0.0,0.0,1.0,0.0,5.0,16.5,2025.0,6.0,101.0,1199.0,3.0
0.0,0.0,1.0,0.0,111.0,16.89,2025.0,6.0,101.0,2275.0,3.0
0.0,0.0,1.0,0.0,16108.0,17.95,2024.0,6.0,101.0,1199.0,3.0
1.0,1.0,0.0,0.0,3311.0,25.85,2025.0,6.0,145.0,1199.0,3.0
1.0,1.0,0.0,0.0,28232.0,15.98,2021.0,6.0,136.0,2275.0,5.0
1.0,1.0,0.0,0.0,22079.0,25.49,2024.0,6.0,145.0,1199.0,5.0
0.0,1.0,0.0,0.0,999.0,23.99,2025.0,6.0,136.0,1199.0,3.0
0.0,0.0,1.0,0.0,18337.0,15.95,2024.0,6.0,131.0,2275.0,3.0
0.0,0.0,1.0,0.0,164409.0,5.95,2015.0,6.0,110.0,1199.0,3.0
0.0,0.0,1.0,0.0,5.0,16.75,2025.0,6.0,101.0,1199.0,3.0
1.0,1.0,0.0,0.0,6922.0,25.25,2025.0,6.0,131.0,1499.0,4.0
0.0,0.0,1.0,0.0,17040.0,18.9,2025.0,6.0,101.0,1199.0,3.0
1.0,1.0,0.0,0.0,6652.0,24.44,2025.0,6.0,145.0,1199.0,3.0
0.0,0.0,1.0,0.0,27625.0,16.95,2024.0,6.0,131.0,2275.0,3.0
0.0,0.0,1.0,0.0,10.0,18.3,2025.0,6.0,101.0,1199.0,3.0
0.0,0.0,1.0,0.0,19500.0,13.49,2024.0,6.0,110.0,1199.0,3.0
0.0,0.0,1.0,0.0,32300.0,13.99,2024.0,6.0,110.0,1199.0,3.0
0.0,0.0,1.0,0.0,20000.0,13.8,2024.0,6.0,110.0,1199.0,3.0
0.0,0.0,1.0,0.0,14492.0,16.79,2025.0,6.0,101.0,1199.0,3.0
0.0,0.0,1.0,0.0,73000.0,11.8,2022.0,6.0,110.0,1199.0,3.0
1.0,1.0,0.0,0.0,70963.0,19.5,2022.0,6.0,181.0,1598.0,4.0
1.0,1.0,0.0,0.0,9850.0,25.712,2024.0,6.0,136.0,1199.0,3.0
0.0,0.0,1.0,0.0,69290.0,8.29,2015.0,6.0,82.0,1199.0,3.0
0.0,0.0,1.0,0.0,13292.0,16.69,2025.0,6.0,101.0,1199.0,3.0
1.0,1.0,0.0,0.0,104597.0,9.75,2016.0,6.0,120.0,1560.0,4.0
0.0,0.0,1.0,0.0,70039.0,16.95,2021.0,6.0,131.0,1199.0,3.0
1.0,1.0,0.0,0.0,10.0,20.85,2025.0,6.0,113.0,2275.0,5.0
1.0,1.0,0.0,0.0,10.0,26.995,2025.0,6.0,136.0,1199.0,5.0
0.0,0.0,1.0,0.0,15237.0,16.69,2025.0,6.0,101.0,1199.0,3.0
0.0,0.0,1.0,0.0,10.0,16.9,2025.0,6.0,101.0,1199.0,3.0
0.0,1.0,0.0,0.0,8173.0,18.95,2023.0,6.0,131.0,1199.0,3.0
1.0,0.0,1.0,0.0,120000.0,6.999,2017.0,6.0,82.0,2275.0,5.0
0.0,0.0,1.0,0.0,675.0,16.29,2025.0,6.0,101.0,1199.0,3.0
0.0,1.0,0.0,0.0,20821.0,21.99,2023.0,6.0,131.0,1199.0,5.0
0.0,0.0,1.0,0.0,1.0,17.5,2025.0,6.0,101.0,1199.0,3.0
1.0,1.0,0.0,0.0,6758.0,25.25,2025.0,6.0,131.0,1499.0,4.0
0.0,0.0,1.0,0.0,1.0,15.7,2025.0,6.0,101.0,1199.0,3.0
1.0,1.0,0.0,0.0,25000.0,32.99,2023.0,6.0,181.0,1598.0,5.0
1.0,1.0,0.0,0.0,4500.0,24.98,2025.0,6.0,156.0,2275.0,5.0
1.0,1.0,0.0,0.0,50400.0,21.98,2023.0,6.0,131.0,1499.0,4.0
1.0,1.0,0.0,0.0,25367.0,24.921,2024.0,6.0,131.0,1499.0,5.0
0.0,0.0,1.0,0.0,1.0,15.7,2025.0,6.0,101.0,1199.0,3.0
0.0,0.0,1.0,0.0,128252.0,8.385,2018.0,6.0,82.0,1199.0,3.0
0.0,0.0,1.0,0.0,150832.0,1.75,2011.0,6.0,60.0,1124.0,4.0
0.0,1.0,0.0,0.0,17102.0,21.99,2025.0,6.0,145.0,1199.0,3.0
0.0,0.0,1.0,0.0,14250.0,20.95,2023.0,6.0,110.0,1199.0,3.0
0.0,0.0,1.0,0.0,1.0,15.7,2025.0,6.0,101.0,1199.0,3.0
0.0,0.0,1.0,0.0,1.0,14.927,2025.0,6.0,101.0,1199.0,3.0
0.0,1.0,0.0,0.0,3500.0,39.6,2025.0,6.0,136.0,1199.0,3.0
1.0,1.0,0.0,0.0,55701.0,15.48,2022.0,6.0,120.0,1499.0,5.0
0.0,0.0,1.0,0.0,114130.0,16.999,2023.0,6.0,131.0,1199.0,3.0
0.0,0.0,1.0,0.0,14340.0,11.99,2023.0,6.0,110.0,1199.0,3.0
0.0,0.0,1.0,0.0,17050.0,23.45,2024.0,6.0,110.0,1199.0,5.0
0.0,0.0,1.0,0.0,44891.0,11.45,2020.0,6.0,83.0,1199.0,3.0
0.0,0.0,1.0,0.0,3500.0,25.35,2025.0,6.0,110.0,1199.0,3.0
0.0,0.0,1.0,0.0,10.0,17.49,2025.0,6.0,101.0,1199.0,3.0
0.0,0.0,1.0,0.0,98795.0,9.95,2017.0,6.0,131.0,1199.0,3.0
0.0,0.0,1.0,0.0,8.0,18.65,2025.0,6.0,101.0,1199.0,5.0
1.0,1.0,0.0,0.0,8900.0,23.65,2022.0,6.0,224.0,1598.0,4.0
0.0,0.0,1.0,0.0,33000.0,9.99,2023.0,6.0,83.0,1199.0,3.0
0.0,0.0,1.0,0.0,162433.0,3.999,2009.0,6.0,120.0,1598.0,4.0
0.0,1.0,0.0,0.0,119933.0,15.445,2020.0,6.0,131.0,1199.0,3.0
0.0,0.0,1.0,0.0,8042.0,13.95,2024.0,6.0,110.0,1199.0,3.0
0.0,0.0,1.0,0.0,3500.0,19.69,2025.0,6.0,101.0,1199.0,3.0
0.0,1.0,0.0,0.0,25900.0,15.48,2024.0,6.0,110.0,1199.0,3.0
0.0,0.0,1.0,0.0,13661.0,15.95,2022.0,6.0,110.0,1199.0,3.0
1.0,0.0,1.0,0.0,24105.0,11.99,2022.0,6.0,102.0,1499.0,4.0
0.0,0.0,1.0,0.0,75391.0,9.9,2022.0,6.0,83.0,1199.0,3.0
1.0,1.0,0.0,0.0,1.0,20.5,2025.0,6.0,101.0,1199.0,3.0
0.0,0.0,1.0,0.0,3.0,16.35,2025.0,6.0,101.0,1199.0,3.0
1.0,0.0,1.0,0.0,63432.0,14.99,2022.0,6.0,110.0,1499.0,4.0
0.0,0.0,1.0,0.0,14601.0,16.912,2023.0,6.0,131.0,1199.0,3.0
1.0,1.0,0.0,0.0,45413.0,11.89,2020.0,6.0,67.0,2275.0,5.0
0.0,0.0,1.0,0.0,3000.0,21.8,2025.0,6.0,101.0,1199.0,3.0
0.0,0.0,1.0,0.0,31000.0,13.8,2022.0,6.0,110.0,1199.0,3.0
1.0,1.0,0.0,0.0,52700.0,21.48,2023.0,6.0,131.0,1499.0,4.0
1.0,1.0,0.0,0.0,10.0,24.9,2025.0,6.0,136.0,1200.0,3.0
1.0,1.0,0.0,0.0,2.0,26.44,2025.0,6.0,131.0,1499.0,4.0
0.0,0.0,1.0,0.0,18237.0,14.123,2025.0,6.0,101.0,1199.0,3.0
0.0,0.0,1.0,0.0,16210.0,24.45,2024.0,6.0,131.0,1199.0,3.0
0.0,0.0,1.0,0.0,159537.0,7.95,2012.0,6.0,200.0,1598.0,4.0
0.0,0.0,1.0,0.0,50.0,14.9,2025.0,6.0,101.0,1199.0,3.0
1.0,1.0,0.0,0.0,1.0,20.85,2025.0,6.0,147.0,2275.0,5.0
0.0,1.0,0.0,0.0,20000.0,12.99,2024.0,6.0,110.0,1199.0,3.0
1.0,1.0,0.0,0.0,2.0,26.44,2025.0,6.0,131.0,1499.0,4.0
0.0,0.0,1.0,0.0,14426.0,15.83,2024.0,6.0,110.0,1199.0,3.0
0.0,0.0,1.0,0.0,12663.0,12.49,2024.0,6.0,110.0,1199.0,3.0
0.0,1.0,0.0,0.0,10.0,28.49,2025.0,6.0,145.0,1199.0,3.0
1.0,1.0,0.0,0.0,29999.0,15.49,2024.0,6.0,110.0,1199.0,3.0
0.0,0.0,1.0,0.0,74315.0,12.9,2021.0,6.0,131.0,1199.0,3.0
0.0,0.0,1.0,0.0,120000.0,5.99,2018.0,6.0,82.0,1199.0,5.0
0.0,0.0,1.0,0.0,15237.0,16.69,2025.0,6.0,101.0,1199.0,3.0
1.0,0.0,1.0,0.0,84827.0,12.396,2023.0,6.0,102.0,2275.0,5.0
0.0,1.0,0.0,0.0,26811.0,16.9,2021.0,6.0,111.0,1199.0,3.0
1.0,1.0,0.0,0.0,51500.0,16.98,2021.0,6.0,136.0,2275.0,5.0
0.0,0.0,1.0,0.0,20486.0,16.99,2023.0,6.0,101.0,1199.0,5.0
0.0,1.0,0.0,0.0,40000.0,13.99,2019.0,6.0,110.0,1199.0,5.0
0.0,0.0,1.0,0.0,20922.0,18.845,2022.0,6.0,131.0,1199.0,3.0
0.0,1.0,0.0,0.0,99758.0,11.69,2019.0,6.0,110.0,1199.0,5.0
0.0,0.0,1.0,0.0,102621.0,13.4,2020.0,6.0,110.0,1199.0,3.0
0.0,0.0,1.0,0.0,101000.0,5.9,2016.0,6.0,110.0,2275.0,5.0
0.0,0.0,1.0,0.0,61583.0,11.4,2021.0,6.0,110.0,1199.0,3.0
0.0,0.0,1.0,0.0,64570.0,14.3,2022.0,6.0,110.0,1199.0,3.0
0.0,1.0,0.0,0.0,22000.0,15.59,2023.0,6.0,131.0,1199.0,3.0
0.0,1.0,0.0,0.0,17157.0,16.3,2022.0,6.0,131.0,1199.0,5.0
1.0,1.0,0.0,0.0,5622.0,15.9,2025.0,6.0,114.0,2275.0,5.0
1.0,1.0,0.0,0.0,20915.0,13.884,2021.0,6.0,120.0,1499.0,4.0
0.0,0.0,1.0,0.0,9655.0,15.712,2021.0,6.0,131.0,1199.0,3.0
0.0,0.0,1.0,0.0,159401.0,5.35,2011.0,6.0,120.0,1598.0,4.0
1.0,1.0,0.0,0.0,17500.0,22.99,2024.0,6.0,136.0,1199.0,3.0
1.0,1.0,0.0,0.0,10.0,26.995,2025.0,6.0,136.0,1199.0,5.0
0.0,1.0,0.0,0.0,50.0,24.9,2025.0,6.0,136.0,1199.0,3.0
0.0,1.0,0.0,0.0,168044.0,10.299,2018.0,6.0,110.0,1199.0,3.0
1.0,0.0,1.0,0.0,31534.0,22.712,2022.0,6.0,131.0,1499.0,4.0
0.0,0.0,1.0,0.0,6003.0,14.5,2024.0,6.0,131.0,1199.0,3.0
0.0,0.0,1.0,0.0,12522.0,14.5,2024.0,6.0,110.0,1199.0,3.0
1.0,1.0,0.0,0.0,121620.0,7.95,2014.0,6.0,92.0,1560.0,4.0
0.0,0.0,1.0,0.0,32303.0,11.69,2024.0,6.0,110.0,1199.0,3.0
0.0,0.0,1.0,0.0,59543.0,11.9,2022.0,6.0,110.0,1200.0,3.0
0.0,0.0,1.0,0.0,13148.0,12.49,2024.0,6.0,110.0,1199.0,3.0
0.0,0.0,1.0,0.0,39500.0,14.99,2019.0,6.0,131.0,1199.0,5.0
0.0,1.0,0.0,0.0,4400.0,16.9,2023.0,6.0,131.0,1199.0,3.0
0.0,0.0,1.0,0.0,182058.0,4.95,2012.0,6.0,120.0,1598.0,4.0
0.0,0.0,1.0,0.0,12282.0,16.49,2024.0,6.0,110.0,1199.0,5.0
0.0,0.0,1.0,0.0,1.0,19.49,2025.0,6.0,101.0,1199.0,3.0
0.0,1.0,0.0,0.0,10900.0,17.945,2023.0,6.0,110.0,1199.0,3.0
0.0,0.0,1.0,0.0,29374.0,11.49,2023.0,6.0,110.0,1199.0,3.0
0.0,0.0,1.0,0.0,72889.0,8.6,2022.0,6.0,83.0,2275.0,5.0
1.0,0.0,1.0,0.0,48173.0,12.25,2024.0,6.0,101.0,2275.0,5.0
0.0,0.0,1.0,0.0,8500.0,21.99,2024.0,6.0,131.0,1199.0,3.0
0.0,0.0,1.0,0.0,14999.0,15.999,2025.0,6.0,101.0,1199.0,3.0
0.0,0.0,1.0,0.0,61388.0,12.45,2022.0,6.0,83.0,1199.0,3.0
0.0,0.0,1.0,0.0,78000.0,10.9,2021.0,6.0,110.0,1199.0,3.0
0.0,0.0,1.0,0.0,142418.0,7.25,2017.0,6.0,82.0,1199.0,3.0
0.0,1.0,0.0,0.0,16600.0,24.99,2024.0,6.0,150.0,1498.0,4.0
1.0,1.0,0.0,0.0,29300.0,22.79,2023.0,6.0,204.0,2275.0,5.0
0.0,1.0,0.0,0.0,57037.0,21.99,2021.0,6.0,150.0,1498.0,4.0
1.0,1.0,0.0,0.0,27450.0,24.95,2022.0,6.0,245.0,1395.0,4.0
1.0,1.0,0.0,0.0,38527.0,23.27,2023.0,6.0,204.0,1395.0,4.0
0.0,1.0,0.0,0.0,34345.0,25.95,2023.0,6.0,150.0,1498.0,4.0
0.0,0.0,1.0,0.0,26751.0,22.487,2024.0,6.0,150.0,1500.0,4.0
0.0,1.0,0.0,0.0,27283.0,26.49,2023.0,6.0,150.0,1498.0,4.0
1.0,1.0,0.0,0.0,100000.0,24.95,2021.0,6.0,245.0,1395.0,4.0
1.0,1.0,0.0,0.0,101066.0,23.94,2022.0,6.0,204.0,1395.0,4.0
0.0,1.0,0.0,0.0,25879.0,25.48,2021.0,6.0,245.0,1395.0,4.0
0.0,1.0,0.0,0.0,12500.0,30.75,2025.0,6.0,150.0,1498.0,4.0
0.0,1.0,0.0,0.0,6300.0,29.99,2023.0,6.0,245.0,1984.0,4.0
1.0,1.0,0.0,0.0,77000.0,20.85,2022.0,6.0,150.0,1395.0,4.0
0.0,1.0,0.0,0.0,13343.0,27.99,2023.0,6.0,150.0,1498.0,4.0
1.0,1.0,0.0,0.0,7095.0,23.97,2024.0,6.0,204.0,2275.0,5.0
0.0,0.0,1.0,0.0,20900.0,21.98,2022.0,6.0,150.0,1498.0,5.0
1.0,1.0,0.0,0.0,43635.0,24.85,2022.0,6.0,245.0,1395.0,4.0
1.0,1.0,0.0,0.0,29700.0,26.99,2022.0,6.0,245.0,1395.0,4.0
1.0,1.0,0.0,0.0,10800.0,27.91,2024.0,6.0,204.0,1395.0,4.0
1.0,1.0,0.0,0.0,52693.0,23.35,2022.0,6.0,204.0,1395.0,4.0
1.0,1.0,0.0,0.0,61657.0,17.95,2024.0,6.0,150.0,1968.0,4.0
1.0,1.0,0.0,0.0,81100.0,21.59,2022.0,6.0,245.0,1395.0,4.0
1.0,1.0,0.0,0.0,38755.0,23.47,2022.0,6.0,204.0,1395.0,4.0
1.0,1.0,0.0,0.0,34300.0,25.99,2022.0,6.0,245.0,1395.0,4.0
1.0,1.0,0.0,0.0,19250.0,23.85,2022.0,6.0,204.0,2275.0,5.0
1.0,1.0,0.0,0.0,56164.0,21.94,2022.0,6.0,150.0,1395.0,4.0
1.0,1.0,0.0,0.0,43600.0,20.99,2022.0,6.0,204.0,1395.0,4.0
1.0,1.0,0.0,0.0,24470.0,24.95,2022.0,6.0,245.0,1395.0,4.0
1.0,1.0,0.0,0.0,33215.0,26.48,2022.0,6.0,245.0,1395.0,4.0
0.0,0.0,1.0,0.0,18126.0,23.95,2023.0,6.0,150.0,1498.0,4.0
0.0,0.0,1.0,0.0,24092.0,22.98,2024.0,6.0,150.0,1498.0,4.0
1.0,1.0,0.0,0.0,6135.0,26.4,2023.0,6.0,204.0,1395.0,4.0
1.0,1.0,0.0,0.0,19812.0,27.45,2023.0,6.0,231.0,2275.0,5.0
0.0,1.0,0.0,0.0,45292.0,23.99,2022.0,6.0,150.0,1498.0,4.0
0.0,1.0,0.0,0.0,6405.0,34.49,2024.0,6.0,150.0,1498.0,4.0
1.0,1.0,0.0,0.0,64592.0,23.49,2022.0,6.0,204.0,2275.0,5.0
0.0,1.0,0.0,0.0,23900.0,26.99,2023.0,6.0,150.0,1498.0,4.0
1.0,0.0,1.0,0.0,91020.0,22.79,2023.0,6.0,150.0,1968.0,4.0
1.0,1.0,0.0,0.0,45159.0,25.48,2021.0,6.0,245.0,1395.0,4.0
1.0,1.0,0.0,0.0,11428.0,23.917,2023.0,6.0,204.0,2275.0,5.0
1.0,1.0,0.0,0.0,52650.0,21.49,2022.0,6.0,150.0,1395.0,4.0
0.0,1.0,0.0,0.0,16699.0,24.98,2023.0,6.0,150.0,1498.0,4.0
0.0,1.0,0.0,0.0,10752.0,36.98,2024.0,6.0,150.0,1498.0,4.0
1.0,1.0,0.0,0.0,53584.0,29.75,2023.0,6.0,245.0,1395.0,4.0
1.0,1.0,0.0,0.0,7500.0,28.99,2023.0,6.0,245.0,1395.0,4.0
1.0,1.0,0.0,0.0,30857.0,28.499,2021.0,6.0,245.0,1395.0,4.0
0.0,0.0,1.0,0.0,18300.0,23.88,2024.0,6.0,150.0,1498.0,4.0
1.0,1.0,0.0,0.0,12484.0,27.99,2024.0,6.0,150.0,1395.0,4.0
1.0,1.0,0.0,0.0,9900.0,29.88,2025.0,6.0,150.0,1498.0,4.0
1.0,1.0,0.0,0.0,62035.0,26.745,2021.0,6.0,245.0,1395.0,4.0
1.0,1.0,0.0,0.0,49630.0,25.45,2022.0,6.0,245.0,1395.0,4.0
0.0,1.0,0.0,0.0,9400.0,28.998,2024.0,6.0,150.0,1498.0,4.0
1.0,1.0,0.0,0.0,63458.0,23.93,2022.0,6.0,204.0,1395.0,4.0
1.0,1.0,0.0,0.0,17312.0,22.9,2024.0,6.0,150.0,1498.0,4.0
1.0,1.0,0.0,0.0,80850.0,22.89,2022.0,6.0,204.0,1395.0,4.0
1.0,1.0,0.0,0.0,93783.0,19.49,2022.0,6.0,150.0,1395.0,4.0
0.0,0.0,1.0,0.0,22299.0,21.47,2023.0,6.0,150.0,1498.0,4.0
0.0,1.0,0.0,0.0,19466.0,31.888,2025.0,6.0,150.0,1498.0,4.0
0.0,1.0,0.0,0.0,35140.0,25.845,2023.0,6.0,150.0,1498.0,4.0
1.0,1.0,0.0,0.0,117500.0,19.375,2021.0,6.0,204.0,1395.0,4.0
1.0,1.0,0.0,0.0,58851.0,24.99,2022.0,6.0,204.0,1395.0,4.0
1.0,1.0,0.0,0.0,21571.0,25.985,2023.0,6.0,150.0,1395.0,5.0
1.0,1.0,0.0,0.0,22400.0,26.55,2022.0,6.0,245.0,1395.0,4.0
0.0,1.0,0.0,0.0,64715.0,23.9,2022.0,6.0,150.0,1498.0,4.0
0.0,1.0,0.0,0.0,1001.0,36.785,2025.0,6.0,150.0,1498.0,5.0
1.0,1.0,0.0,0.0,40195.0,23.14,2022.0,6.0,150.0,1395.0,4.0
1.0,1.0,0.0,0.0,26791.0,24.79,2022.0,6.0,150.0,1395.0,4.0
0.0,1.0,0.0,0.0,26111.0,27.9,2023.0,6.0,150.0,1498.0,4.0
0.0,1.0,0.0,0.0,38340.0,24.29,2022.0,6.0,150.0,1498.0,4.0
1.0,1.0,0.0,0.0,43009.0,29.5,2023.0,6.0,245.0,1395.0,4.0
1.0,1.0,0.0,0.0,56370.0,22.45,2022.0,6.0,245.0,1395.0,4.0
0.0,1.0,0.0,0.0,13177.0,35.39,2025.0,6.0,150.0,1498.0,4.0
0.0,0.0,1.0,0.0,35996.0,21.99,2024.0,6.0,150.0,1498.0,4.0
1.0,1.0,0.0,0.0,85577.0,22.944,2021.0,6.0,150.0,1395.0,4.0
1.0,1.0,0.0,0.0,44750.0,25.212,2022.0,6.0,245.0,1395.0,5.0
1.0,0.0,1.0,0.0,70343.0,23.895,2023.0,6.0,150.0,1968.0,4.0
1.0,1.0,0.0,0.0,18216.0,28.343,2024.0,6.0,150.0,1968.0,4.0
0.0,1.0,0.0,0.0,10.0,37.49,2025.0,6.0,150.0,1498.0,4.0
1.0,1.0,0.0,0.0,31900.0,26.88,2022.0,6.0,245.0,1395.0,4.0
0.0,0.0,1.0,0.0,22299.0,21.47,2023.0,6.0,150.0,1498.0,4.0
1.0,1.0,0.0,0.0,15740.0,31.77,2025.0,6.0,231.0,2275.0,5.0
1.0,1.0,0.0,0.0,22132.0,27.99,2024.0,6.0,231.0,2275.0,5.0
0.0,1.0,0.0,0.0,44650.0,25.945,2023.0,6.0,150.0,1498.0,4.0
1.0,1.0,0.0,0.0,53658.0,23.681,2022.0,6.0,245.0,1395.0,4.0
0.0,1.0,0.0,0.0,101512.0,27.95,2021.0,6.0,150.0,1498.0,4.0
1.0,1.0,0.0,0.0,63302.0,24.242,2021.0,6.0,245.0,1395.0,5.0
1.0,1.0,0.0,0.0,35900.0,25.99,2022.0,6.0,245.0,1395.0,4.0
1.0,1.0,0.0,0.0,16000.0,28.98,2024.0,6.0,245.0,1395.0,4.0
1.0,1.0,0.0,0.0,32000.0,26.99,2022.0,6.0,245.0,1395.0,4.0
0.0,0.0,1.0,0.0,13300.0,23.798,2023.0,6.0,150.0,1498.0,4.0
1.0,1.0,0.0,0.0,21000.0,28.95,2022.0,6.0,245.0,1395.0,4.0
1.0,1.0,0.0,0.0,43569.0,26.98,2023.0,6.0,150.0,1395.0,5.0
1.0,1.0,0.0,0.0,44750.0,25.212,2022.0,6.0,245.0,1395.0,5.0
0.0,1.0,0.0,0.0,41622.0,23.99,2022.0,6.0,150.0,1498.0,4.0
0.0,1.0,0.0,0.0,14191.0,29.98,2025.0,6.0,150.0,1498.0,4.0
1.0,1.0,0.0,0.0,43400.0,21.6,2022.0,6.0,204.0,2275.0,5.0
1.0,1.0,0.0,0.0,26686.0,35.9,2025.0,6.0,150.0,1498.0,4.0
0.0,0.0,1.0,0.0,1.0,31.9,2025.0,6.0,150.0,1498.0,4.0
0.0,1.0,0.0,0.0,26450.0,31.905,2025.0,6.0,150.0,1498.0,4.0
1.0,1.0,0.0,0.0,30450.0,26.49,2022.0,6.0,245.0,1395.0,4.0
1.0,1.0,0.0,0.0,34650.0,26.894,2022.0,6.0,245.0,1395.0,4.0
1.0,1.0,0.0,0.0,26096.0,20.931,2022.0,6.0,150.0,1395.0,4.0
1.0,1.0,0.0,0.0,58235.0,23.95,2022.0,6.0,204.0,1395.0,4.0
0.0,1.0,0.0,0.0,1051.0,36.785,2025.0,6.0,150.0,1498.0,5.0
0.0,0.0,1.0,0.0,13300.0,23.95,2023.0,6.0,150.0,1498.0,4.0
0.0,1.0,0.0,0.0,41724.0,24.99,2022.0,6.0,150.0,1498.0,4.0
0.0,1.0,0.0,0.0,50.0,35.99,2024.0,6.0,150.0,1498.0,4.0
1.0,1.0,0.0,0.0,15200.0,32.99,2024.0,6.0,150.0,1395.0,4.0
1.0,1.0,0.0,0.0,58981.0,25.475,2023.0,6.0,204.0,1395.0,4.0
1.0,1.0,0.0,0.0,47038.0,30.995,2021.0,6.0,245.0,1395.0,4.0
0.0,0.0,1.0,0.0,23000.0,23.45,2024.0,6.0,150.0,1498.0,4.0
1.0,1.0,0.0,0.0,104460.0,19.92,2022.0,6.0,204.0,1395.0,4.0
0.0,0.0,1.0,0.0,65000.0,22.699,2022.0,6.0,150.0,1498.0,4.0
1.0,1.0,0.0,0.0,29000.0,22.45,2022.0,6.0,204.0,1395.0,4.0
1.0,1.0,0.0,0.0,13837.0,37.35,2024.0,6.0,245.0,1395.0,4.0
1.0,1.0,0.0,0.0,12259.0,38.45,2025.0,6.0,204.0,1498.0,4.0
1.0,1.0,0.0,0.0,147009.0,19.945,2021.0,6.0,245.0,1395.0,4.0
1.0,1.0,0.0,0.0,63070.0,27.95,2021.0,6.0,150.0,1395.0,4.0
0.0,0.0,1.0,0.0,0.0,25.595,2025.0,6.0,150.0,1498.0,4.0
1.0,1.0,0.0,0.0,12650.0,42.95,2025.0,6.0,204.0,1498.0,4.0
1.0,1.0,0.0,0.0,93825.0,23.75,2022.0,6.0,245.0,1395.0,4.0
1.0,1.0,0.0,0.0,7750.0,29.95,2024.0,6.0,204.0,1395.0,4.0
1.0,1.0,0.0,0.0,9794.0,41.4,2025.0,6.0,150.0,1498.0,4.0
1.0,1.0,0.0,0.0,29502.0,25.85,2024.0,6.0,247.0,1400.0,5.0
0.0,0.0,1.0,0.0,18400.0,20.499,2023.0,6.0,150.0,1498.0,4.0
0.0,0.0,1.0,0.0,10819.0,28.5,2024.0,6.0,150.0,1498.0,4.0
1.0,1.0,0.0,0.0,56300.0,23.59,2022.0,6.0,204.0,1395.0,4.0
1.0,1.0,0.0,0.0,33636.0,26.95,2022.0,6.0,245.0,1395.0,4.0
0.0,0.0,1.0,0.0,58031.0,21.9,2024.0,6.0,151.0,2275.0,5.0
1.0,1.0,0.0,0.0,71806.0,23.999,2022.0,6.0,245.0,1395.0,4.0
1.0,1.0,0.0,0.0,2500.0,36.99,2025.0,6.0,231.0,2275.0,5.0
0.0,1.0,0.0,0.0,12615.0,30.875,2024.0,6.0,150.0,1498.0,4.0
1.0,1.0,0.0,0.0,6553.0,39.7,2024.0,6.0,121.0,2275.0,5.0
0.0,0.0,1.0,0.0,20.0,28.99,2025.0,6.0,150.0,1498.0,4.0
1.0,1.0,0.0,0.0,14751.0,33.95,2022.0,6.0,150.0,1395.0,4.0
1.0,1.0,0.0,0.0,33375.0,33.15,2023.0,6.0,245.0,1395.0,4.0
1.0,1.0,0.0,0.0,49941.0,21.59,2022.0,6.0,245.0,1395.0,4.0
1.0,1.0,0.0,0.0,72482.0,24.99,2022.0,6.0,245.0,1395.0,4.0
1.0,1.0,0.0,0.0,32000.0,23.75,2022.0,6.0,204.0,2275.0,5.0
0.0,0.0,1.0,0.0,91123.0,19.95,2023.0,6.0,150.0,1500.0,4.0
0.0,1.0,0.0,0.0,50.0,37.475,2025.0,6.0,150.0,1498.0,4.0
0.0,1.0,0.0,0.0,59065.0,23.945,2022.0,6.0,150.0,1498.0,4.0
1.0,1.0,0.0,0.0,10.0,37.799,2025.0,6.0,150.0,1498.0,4.0
0.0,0.0,1.0,0.0,20.0,26.59,2025.0,6.0,150.0,1498.0,4.0
0.0,0.0,1.0,0.0,20789.0,26.6,2024.0,6.0,150.0,1498.0,4.0
0.0,0.0,1.0,0.0,74215.0,18.6,2021.0,6.0,151.0,2275.0,5.0
1.0,1.0,0.0,0.0,26492.0,27.997,2024.0,6.0,204.0,2275.0,5.0
1.0,1.0,0.0,0.0,27661.0,24.88,2023.0,6.0,204.0,1395.0,4.0
0.0,1.0,0.0,0.0,50.0,37.475,2025.0,6.0,150.0,1498.0,4.0
0.0,0.0,1.0,0.0,19147.0,24.99,2023.0,6.0,150.0,1498.0,4.0
1.0,1.0,0.0,0.0,26841.0,28.98,2025.0,6.0,150.0,1968.0,5.0
1.0,1.0,0.0,0.0,149886.0,19.945,2021.0,6.0,150.0,1395.0,4.0
0.0,1.0,0.0,0.0,12000.0,35.99,2024.0,6.0,150.0,1498.0,5.0
1.0,1.0,0.0,0.0,60433.0,27.45,2021.0,6.0,150.0,1395.0,4.0
1.0,1.0,0.0,0.0,24900.0,32.7,2024.0,6.0,204.0,1498.0,4.0
1.0,0.0,1.0,0.0,62771.0,22.47,2023.0,6.0,150.0,1968.0,4.0
1.0,1.0,0.0,0.0,160017.0,18.499,2022.0,6.0,204.0,2275.0,5.0
0.0,0.0,1.0,0.0,0.0,27.525,2025.0,6.0,150.0,1498.0,4.0
1.0,1.0,0.0,0.0,17836.0,23.93,2022.0,6.0,204.0,2275.0,5.0
1.0,1.0,0.0,0.0,25755.0,23.499,2022.0,6.0,204.0,1395.0,4.0
0.0,1.0,0.0,0.0,38865.0,25.845,2023.0,6.0,150.0,1498.0,4.0
1.0,1.0,0.0,0.0,30923.0,23.8,2021.0,6.0,204.0,2275.0,0.0
1.0,1.0,0.0,0.0,6500.0,26.0,2024.0,6.0,204.0,1395.0,4.0
1.0,1.0,0.0,0.0,60088.0,26.95,2021.0,6.0,245.0,1395.0,5.0
0.0,1.0,0.0,0.0,10.0,29.97,2025.0,6.0,150.0,1498.0,4.0
1.0,1.0,0.0,0.0,42500.0,26.99,2021.0,6.0,245.0,1395.0,4.0
1.0,1.0,0.0,0.0,32435.0,23.43,2022.0,6.0,204.0,1395.0,4.0
1.0,1.0,0.0,0.0,46398.0,22.817,2022.0,6.0,150.0,1395.0,4.0
1.0,1.0,0.0,0.0,7548.0,27.911,2023.0,6.0,231.0,2275.0,5.0
0.0,0.0,1.0,0.0,70455.0,20.75,2023.0,6.0,151.0,2275.0,5.0
1.0,1.0,0.0,0.0,42421.0,28.85,2023.0,6.0,245.0,1395.0,4.0
1.0,1.0,0.0,0.0,3425.0,35.999,2025.0,6.0,204.0,1498.0,4.0
1.0,1.0,0.0,0.0,5000.0,32.161,2023.0,6.0,245.0,1395.0,5.0
0.0,0.0,1.0,0.0,23995.0,22.917,2024.0,6.0,150.0,1498.0,4.0
0.0,0.0,1.0,0.0,67202.0,20.6,2023.0,6.0,151.0,2275.0,5.0
1.0,1.0,0.0,0.0,53112.0,30.95,2023.0,6.0,245.0,1395.0,4.0
0.0,0.0,1.0,0.0,24054.0,28.2,2024.0,6.0,150.0,1498.0,4.0
1.0,1.0,0.0,0.0,13293.0,39.93,2025.0,6.0,204.0,1498.0,4.0
0.0,0.0,0.0,1.0,100000.0,21.5,2022.0,6.0,150.0,1498.0,4.0
0.0,1.0,0.0,0.0,6568.0,35.79,2025.0,6.0,190.0,1984.0,4.0
0.0,1.0,0.0,0.0,10500.0,30.4,2024.0,6.0,150.0,1498.0,4.0
0.0,0.0,1.0,0.0,19154.0,28.9,2024.0,6.0,150.0,1498.0,4.0
0.0,1.0,0.0,0.0,21913.0,33.16,2025.0,6.0,150.0,1498.0,4.0
0.0,0.0,1.0,0.0,18859.0,23.69,2024.0,6.0,150.0,1498.0,4.0
1.0,1.0,0.0,0.0,42504.0,27.95,2021.0,6.0,245.0,1395.0,4.0
1.0,1.0,0.0,0.0,16000.0,25.4,2023.0,6.0,204.0,1395.0,4.0
1.0,1.0,0.0,0.0,62673.0,26.95,2022.0,6.0,245.0,1395.0,4.0
0.0,1.0,0.0,0.0,14500.0,27.191,2023.0,6.0,150.0,1498.0,5.0
1.0,1.0,0.0,0.0,29502.0,25.85,2024.0,6.0,247.0,1400.0,5.0
1.0,1.0,0.0,0.0,107556.0,23.9,2022.0,6.0,150.0,1395.0,4.0
1.0,1.0,0.0,0.0,11478.0,29.99,2024.0,6.0,204.0,1498.0,4.0
1.0,1.0,0.0,0.0,55414.0,25.44,2021.0,6.0,245.0,1395.0,4.0
1.0,1.0,0.0,0.0,57884.0,28.89,2022.0,6.0,245.0,1395.0,4.0
1.0,1.0,0.0,0.0,7204.0,40.9,2025.0,6.0,204.0,1498.0,4.0
1.0,1.0,0.0,0.0,77252.0,26.95,2021.0,6.0,245.0,1395.0,5.0
1.0,1.0,0.0,0.0,79731.0,21.48,2021.0,6.0,245.0,1395.0,4.0
0.0,1.0,0.0,0.0,24499.0,32.28,2025.0,6.0,150.0,1498.0,4.0
1.0,1.0,0.0,0.0,24500.0,25.96,2021.0,6.0,204.0,1395.0,4.0
1.0,1.0,0.0,0.0,122816.0,18.845,2022.0,6.0,204.0,2275.0,5.0
1.0,1.0,0.0,0.0,48651.0,26.69,2021.0,6.0,245.0,1395.0,4.0
0.0,1.0,0.0,0.0,100.0,37.99,2025.0,6.0,150.0,1498.0,4.0
1.0,1.0,0.0,0.0,97313.0,19.645,2022.0,6.0,204.0,2275.0,5.0
0.0,1.0,0.0,0.0,16586.0,32.1,2025.0,6.0,150.0,1498.0,4.0
0.0,0.0,1.0,0.0,17526.0,26.69,2024.0,6.0,150.0,1498.0,4.0
0.0,1.0,0.0,0.0,12017.0,35.98,2024.0,6.0,150.0,1498.0,4.0
0.0,1.0,0.0,0.0,11500.0,36.98,2024.0,6.0,150.0,1498.0,4.0
1.0,1.0,0.0,0.0,4900.0,41.98,2025.0,6.0,150.0,1498.0,5.0
0.0,1.0,0.0,0.0,23954.0,29.1,2024.0,6.0,150.0,1498.0,4.0
1.0,0.0,1.0,0.0,100720.0,21.455,2022.0,6.0,150.0,1968.0,4.0
1.0,1.0,0.0,0.0,53340.0,25.3,2022.0,6.0,150.0,1968.0,4.0
1.0,1.0,0.0,0.0,78869.0,24.949,2022.0,6.0,231.0,2275.0,5.0
0.0,0.0,1.0,0.0,35068.0,23.49,2022.0,6.0,151.0,2275.0,5.0
1.0,1.0,0.0,0.0,40225.0,33.999,2022.0,6.0,245.0,1395.0,4.0
0.0,1.0,0.0,0.0,25.0,34.99,2025.0,6.0,150.0,1498.0,4.0
0.0,1.0,0.0,0.0,43030.0,23.74,2023.0,6.0,150.0,1498.0,4.0
1.0,1.0,0.0,0.0,87511.0,25.75,2022.0,6.0,150.0,1395.0,4.0
1.0,0.0,1.0,0.0,126000.0,22.5,2022.0,6.0,150.0,1968.0,4.0
1.0,1.0,0.0,0.0,81400.0,23.99,2022.0,6.0,245.0,1395.0,4.0
0.0,0.0,1.0,0.0,13900.0,28.9,2024.0,6.0,150.0,1498.0,4.0
1.0,1.0,0.0,0.0,107597.0,18.95,2021.0,6.0,204.0,2275.0,5.0
1.0,1.0,0.0,0.0,122529.0,25.75,2022.0,6.0,245.0,1395.0,4.0
1.0,1.0,0.0,0.0,146958.0,24.25,2022.0,6.0,245.0,1395.0,4.0
1.0,1.0,0.0,0.0,18627.0,34.888,2023.0,6.0,245.0,1395.0,4.0
0.0,1.0,0.0,0.0,9810.0,32.19,2025.0,6.0,150.0,1498.0,4.0
1.0,1.0,0.0,0.0,1.0,37.49,2025.0,6.0,204.0,1498.0,4.0
1.0,1.0,0.0,0.0,137.0,39.5,2024.0,6.0,150.0,1498.0,4.0
0.0,0.0,1.0,0.0,47302.0,7.49,2015.0,6.0,90.0,898.0,5.0
1.0,0.0,1.0,0.0,125000.0,7.999,2012.0,6.0,110.0,1461.0,4.0
1.0,0.0,1.0,0.0,4128.0,12.9,2024.0,6.0,65.0,2275.0,5.0
0.0,0.0,1.0,0.0,17152.0,15.99,2023.0,6.0,91.0,999.0,3.0
0.0,0.0,1.0,0.0,13000.0,12.49,2024.0,6.0,67.0,999.0,3.0
0.0,0.0,1.0,0.0,11901.0,19.9,2024.0,6.0,131.0,1199.0,3.0
0.0,0.0,1.0,0.0,10.0,18.99,2025.0,6.0,101.0,999.0,3.0
0.0,0.0,1.0,0.0,7281.0,13.45,2022.0,6.0,101.0,999.0,5.0
0.0,1.0,0.0,0.0,2150.0,31.99,2025.0,6.0,156.0,1799.0,5.0
1.0,0.0,1.0,0.0,69157.0,14.9,2021.0,6.0,116.0,1461.0,4.0
1.0,0.0,1.0,0.0,50.0,21.9,2025.0,6.0,101.0,999.0,3.0
1.0,0.0,1.0,0.0,110052.0,12.69,2020.0,6.0,116.0,1461.0,4.0
0.0,0.0,1.0,0.0,80153.0,5.95,2011.0,6.0,84.0,1598.0,4.0
0.0,0.0,1.0,0.0,12056.0,15.99,2022.0,6.0,131.0,1332.0,4.0
0.0,0.0,1.0,0.0,108600.0,7.99,2020.0,6.0,90.0,898.0,3.0
0.0,0.0,1.0,0.0,10.0,19.99,2025.0,6.0,110.0,999.0,3.0
0.0,0.0,1.0,0.0,91293.0,12.99,2022.0,6.0,91.0,999.0,3.0
1.0,0.0,1.0,0.0,41390.0,12.9,2022.0,6.0,101.0,999.0,3.0
0.0,0.0,1.0,0.0,135000.0,8.99,2016.0,6.0,125.0,1197.0,4.0
1.0,1.0,0.0,0.0,100.0,33.99,2025.0,6.0,155.0,2275.0,4.0
0.0,1.0,0.0,0.0,16170.0,13.9,2024.0,6.0,91.0,999.0,3.0
0.0,0.0,1.0,0.0,150.0,15.94,2025.0,6.0,101.0,999.0,3.0
0.0,0.0,1.0,0.0,50201.0,9.995,2019.0,6.0,90.0,898.0,3.0
0.0,0.0,1.0,0.0,1718.0,17.29,2023.0,6.0,110.0,999.0,5.0
0.0,0.0,1.0,0.0,30649.0,10.5,2021.0,6.0,91.0,999.0,5.0
0.0,1.0,0.0,0.0,7087.0,19.99,2023.0,6.0,150.0,1332.0,5.0
0.0,0.0,1.0,0.0,12879.0,12.88,2024.0,6.0,67.0,999.0,3.0
1.0,0.0,1.0,0.0,38102.0,19.499,2023.0,6.0,116.0,1461.0,4.0
0.0,0.0,1.0,0.0,10958.0,21.8,2024.0,6.0,131.0,1199.0,3.0
0.0,0.0,1.0,0.0,54400.0,16.1,2022.0,6.0,110.0,2275.0,3.0
0.0,0.0,1.0,0.0,54585.0,11.85,2018.0,6.0,114.0,1598.0,4.0
0.0,0.0,1.0,0.0,44716.0,13.99,2020.0,6.0,131.0,1332.0,4.0
1.0,0.0,1.0,0.0,89184.0,13.99,2021.0,6.0,95.0,1461.0,5.0
1.0,0.0,1.0,0.0,10.0,16.3,2025.0,6.0,91.0,999.0,3.0
1.0,0.0,1.0,0.0,10.0,15.9,2025.0,6.0,101.0,999.0,3.0
1.0,0.0,1.0,0.0,48095.0,14.85,2022.0,6.0,101.0,999.0,3.0
1.0,0.0,1.0,0.0,4500.0,25.4,2025.0,6.0,140.0,2275.0,5.0
1.0,1.0,0.0,0.0,41057.0,8.294,2020.0,6.0,45.0,898.0,3.0
0.0,0.0,1.0,0.0,1512.0,23.99,2025.0,6.0,131.0,1199.0,3.0
0.0,0.0,1.0,0.0,50.0,21.7,2024.0,6.0,131.0,1199.0,3.0
1.0,0.0,1.0,0.0,50.0,20.9,2025.0,6.0,101.0,999.0,3.0
1.0,0.0,1.0,0.0,77430.0,14.5,2023.0,6.0,101.0,999.0,3.0
1.0,0.0,1.0,0.0,26900.0,16.99,2022.0,6.0,101.0,999.0,3.0
0.0,0.0,1.0,0.0,5100.0,26.95,2025.0,6.0,140.0,1199.0,3.0
1.0,0.0,1.0,0.0,29454.0,17.5,2024.0,6.0,101.0,999.0,3.0
0.0,0.0,1.0,0.0,78235.0,11.5,2021.0,6.0,91.0,999.0,3.0
0.0,0.0,1.0,0.0,58500.0,13.7,2021.0,6.0,101.0,999.0,5.0
0.0,0.0,1.0,0.0,23000.0,13.9,2023.0,6.0,91.0,999.0,3.0
0.0,0.0,1.0,0.0,4150.0,17.46,2023.0,6.0,101.0,999.0,3.0
1.0,1.0,0.0,0.0,5479.0,26.6,2024.0,6.0,141.0,1598.0,4.0
0.0,1.0,0.0,0.0,9900.0,18.99,2024.0,6.0,91.0,999.0,5.0
1.0,0.0,1.0,0.0,10.0,17.69,2025.0,6.0,91.0,999.0,3.0
1.0,0.0,1.0,0.0,10.0,27.99,2025.0,6.0,131.0,1199.0,3.0
0.0,0.0,1.0,0.0,67650.0,11.99,2021.0,6.0,91.0,999.0,3.0
0.0,0.0,1.0,0.0,4880.0,18.87,2022.0,6.0,131.0,1332.0,4.0
1.0,0.0,1.0,0.0,6400.0,19.48,2025.0,6.0,101.0,999.0,3.0
1.0,0.0,1.0,0.0,700.0,22.5,2024.0,6.0,131.0,1199.0,3.0
1.0,0.0,1.0,0.0,48537.0,15.9,2023.0,6.0,101.0,999.0,3.0
1.0,1.0,0.0,0.0,10.0,42.99,2025.0,6.0,158.0,1798.0,4.0
0.0,0.0,1.0,0.0,42694.0,15.95,2022.0,6.0,131.0,1332.0,4.0
0.0,0.0,1.0,0.0,69700.0,11.99,2017.0,6.0,114.0,2275.0,5.0
0.0,0.0,1.0,0.0,468.0,24.249,2025.0,6.0,131.0,1199.0,3.0
1.0,0.0,1.0,0.0,38000.0,18.99,2023.0,6.0,101.0,999.0,3.0
0.0,0.0,1.0,0.0,48095.0,14.85,2022.0,6.0,101.0,999.0,3.0
1.0,0.0,1.0,0.0,1.0,25.5,2025.0,6.0,131.0,1199.0,3.0
0.0,0.0,1.0,0.0,45672.0,14.872,2020.0,6.0,131.0,1332.0,4.0
1.0,1.0,0.0,0.0,26926.0,9.888,2022.0,6.0,45.0,2275.0,5.0
0.0,0.0,1.0,0.0,40863.0,16.75,2022.0,6.0,131.0,1332.0,4.0
1.0,0.0,1.0,0.0,100.0,21.99,2025.0,6.0,101.0,999.0,3.0
0.0,0.0,1.0,0.0,0.0,24.249,2025.0,6.0,131.0,1199.0,3.0
0.0,0.0,1.0,0.0,50065.0,10.99,2021.0,6.0,101.0,999.0,3.0
1.0,0.0,1.0,0.0,7000.0,17.499,2023.0,6.0,101.0,999.0,3.0
1.0,1.0,0.0,0.0,0.0,32.99,2025.0,6.0,156.0,1799.0,4.0
0.0,0.0,1.0,0.0,69166.0,11.99,2021.0,6.0,91.0,999.0,3.0
0.0,0.0,1.0,0.0,10.0,23.4,2025.0,6.0,131.0,1199.0,3.0
1.0,0.0,1.0,0.0,33934.0,16.995,2023.0,6.0,101.0,999.0,3.0
0.0,0.0,1.0,0.0,10.0,25.7,2025.0,6.0,131.0,1199.0,3.0
1.0,0.0,1.0,0.0,38260.0,15.5,2019.0,6.0,116.0,1461.0,5.0
0.0,0.0,1.0,0.0,33718.0,16.9,2023.0,6.0,131.0,1332.0,4.0
1.0,0.0,1.0,0.0,29400.0,15.95,2022.0,6.0,101.0,999.0,3.0
1.0,0.0,1.0,0.0,39557.0,19.998,2023.0,6.0,116.0,1461.0,4.0
0.0,1.0,0.0,0.0,18824.0,16.81,2022.0,6.0,91.0,999.0,3.0
0.0,1.0,0.0,0.0,24150.0,15.2,2021.0,6.0,91.0,999.0,3.0
0.0,1.0,0.0,0.0,17185.0,13.9,2024.0,6.0,91.0,999.0,3.0
0.0,1.0,0.0,0.0,39706.0,11.886,2017.0,6.0,90.0,898.0,4.0
0.0,0.0,1.0,0.0,18181.0,16.88,2024.0,6.0,91.0,999.0,3.0
1.0,0.0,1.0,0.0,61000.0,15.5,2023.0,6.0,101.0,999.0,3.0
0.0,0.0,1.0,0.0,10.0,22.995,2025.0,6.0,131.0,1199.0,3.0
1.0,0.0,1.0,0.0,66689.0,16.25,2022.0,6.0,116.0,1500.0,5.0
1.0,1.0,0.0,0.0,150.0,24.85,2025.0,6.0,141.0,1598.0,4.0
1.0,1.0,0.0,0.0,150.0,24.85,2025.0,6.0,141.0,1598.0,4.0
0.0,0.0,1.0,0.0,81065.0,11.99,2019.0,6.0,102.0,1332.0,5.0
1.0,0.0,1.0,0.0,59000.0,18.49,2023.0,6.0,116.0,2275.0,4.0
0.0,1.0,0.0,0.0,29555.0,14.4,2024.0,6.0,91.0,999.0,3.0
0.0,0.0,1.0,0.0,47460.0,15.2,2023.0,6.0,91.0,999.0,3.0
1.0,1.0,0.0,0.0,39000.0,21.98,2023.0,6.0,141.0,1598.0,4.0
0.0,0.0,1.0,0.0,67200.0,9.98,2017.0,6.0,116.0,1197.0,4.0
0.0,0.0,1.0,0.0,33066.0,18.9,2022.0,6.0,131.0,1332.0,4.0
1.0,0.0,1.0,0.0,6880.0,22.9,2025.0,6.0,101.0,999.0,3.0
1.0,0.0,1.0,0.0,68442.0,13.99,2022.0,6.0,101.0,999.0,3.0
0.0,0.0,1.0,0.0,69278.0,12.75,2020.0,6.0,102.0,1332.0,5.0
1.0,1.0,0.0,0.0,4500.0,32.78,2025.0,6.0,156.0,1798.0,5.0
1.0,0.0,1.0,0.0,106453.0,18.444,2024.0,6.0,116.0,1461.0,4.0
1.0,0.0,1.0,0.0,20600.0,18.49,2023.0,6.0,103.0,999.0,3.0
1.0,0.0,1.0,0.0,30384.0,19.97,2023.0,6.0,116.0,1461.0,4.0
1.0,0.0,1.0,0.0,20.0,22.9,2025.0,6.0,91.0,999.0,3.0
1.0,0.0,1.0,0.0,10.0,17.65,2025.0,6.0,91.0,999.0,3.0
0.0,0.0,1.0,0.0,63248.0,15.388,2021.0,6.0,131.0,1332.0,4.0
0.0,0.0,1.0,0.0,54116.0,14.95,2018.0,6.0,125.0,1197.0,4.0
1.0,0.0,1.0,0.0,1200.0,15.912,2023.0,6.0,91.0,999.0,3.0
0.0,0.0,1.0,0.0,1000.0,28.72,2025.0,6.0,140.0,1199.0,3.0
0.0,0.0,1.0,0.0,12182.0,21.39,2025.0,6.0,131.0,1199.0,3.0
1.0,1.0,0.0,0.0,10.0,24.445,2025.0,6.0,141.0,1598.0,5.0
0.0,0.0,1.0,0.0,5.0,35.411,2025.0,6.0,131.0,1199.0,3.0
1.0,0.0,1.0,0.0,16064.0,16.7,2025.0,6.0,101.0,999.0,3.0
0.0,1.0,0.0,0.0,43021.0,15.985,2023.0,6.0,91.0,999.0,3.0
0.0,1.0,0.0,0.0,10.0,24.75,2025.0,6.0,150.0,1332.0,4.0
1.0,0.0,1.0,0.0,63840.0,10.988,2022.0,6.0,101.0,999.0,3.0
1.0,0.0,1.0,0.0,39204.0,15.99,2022.0,6.0,101.0,999.0,3.0
1.0,0.0,1.0,0.0,70124.0,9.85,2019.0,6.0,90.0,898.0,3.0
0.0,0.0,1.0,0.0,34300.0,16.888,2023.0,6.0,91.0,999.0,3.0
0.0,0.0,1.0,0.0,69958.0,13.89,2019.0,6.0,114.0,1598.0,5.0
1.0,0.0,1.0,0.0,29985.0,15.48,2019.0,6.0,95.0,1461.0,4.0
1.0,0.0,1.0,0.0,6500.0,26.85,2024.0,6.0,131.0,1199.0,3.0
1.0,1.0,0.0,0.0,9500.0,33.99,2025.0,6.0,158.0,1799.0,4.0
1.0,0.0,1.0,0.0,96400.0,12.5,2022.0,6.0,101.0,999.0,5.0
0.0,0.0,1.0,0.0,10.0,24.249,2025.0,6.0,131.0,1199.0,3.0
1.0,0.0,1.0,0.0,8200.0,16.4,2025.0,6.0,101.0,2275.0,5.0
0.0,0.0,1.0,0.0,43266.0,18.5,2024.0,6.0,131.0,1332.0,4.0
1.0,1.0,0.0,0.0,11000.0,28.9,2025.0,6.0,141.0,1598.0,4.0
1.0,1.0,0.0,0.0,10.0,24.945,2025.0,6.0,141.0,1598.0,5.0
0.0,0.0,1.0,0.0,23200.0,14.249,2023.0,6.0,67.0,999.0,5.0
0.0,0.0,1.0,0.0,134739.0,7.75,2019.0,6.0,73.0,2275.0,5.0
0.0,0.0,1.0,0.0,10.0,18.445,2025.0,6.0,110.0,999.0,5.0
0.0,0.0,1.0,0.0,22235.0,16.99,2024.0,6.0,110.0,999.0,3.0
0.0,1.0,0.0,0.0,1750.0,26.28,2025.0,6.0,154.0,1332.0,4.0
0.0,0.0,1.0,0.0,35491.0,18.5,2024.0,6.0,131.0,1332.0,4.0
1.0,0.0,1.0,0.0,18447.0,15.9,2022.0,6.0,91.0,999.0,3.0
0.0,0.0,1.0,0.0,58776.0,13.5,2019.0,6.0,131.0,1332.0,4.0
1.0,0.0,1.0,0.0,2500.0,15.48,2024.0,6.0,101.0,999.0,3.0
0.0,0.0,1.0,0.0,50.0,27.96,2025.0,6.0,140.0,1199.0,5.0
0.0,0.0,1.0,0.0,150.0,32.902,2025.0,6.0,131.0,1199.0,3.0
0.0,0.0,1.0,0.0,15.0,21.73,2025.0,6.0,110.0,999.0,3.0
1.0,1.0,0.0,0.0,10.0,24.445,2025.0,6.0,141.0,1598.0,5.0
1.0,0.0,1.0,0.0,57545.0,14.65,2020.0,6.0,95.0,1461.0,5.0
1.0,0.0,1.0,0.0,46860.0,16.28,2022.0,6.0,101.0,999.0,5.0
1.0,1.0,0.0,0.0,3122.0,33.99,2025.0,6.0,154.0,1799.0,4.0
0.0,1.0,0.0,0.0,18478.0,13.9,2024.0,6.0,91.0,999.0,3.0
1.0,0.0,1.0,0.0,67190.0,18.99,2021.0,6.0,116.0,1461.0,4.0
1.0,1.0,0.0,0.0,50.0,32.99,2025.0,6.0,156.0,1799.0,4.0
0.0,0.0,1.0,0.0,100.0,15.95,2025.0,6.0,101.0,999.0,3.0
1.0,0.0,1.0,0.0,33932.0,14.79,2024.0,6.0,91.0,999.0,5.0
1.0,0.0,1.0,0.0,10.0,20.845,2025.0,6.0,101.0,999.0,3.0
1.0,0.0,1.0,0.0,174000.0,11.6,2019.0,6.0,116.0,1461.0,4.0
1.0,0.0,1.0,0.0,15011.0,15.616,2025.0,6.0,101.0,999.0,5.0
1.0,0.0,1.0,0.0,1.0,24.3,2025.0,6.0,101.0,999.0,3.0
1.0,0.0,1.0,0.0,5711.0,22.99,2024.0,6.0,101.0,999.0,3.0
0.0,0.0,1.0,0.0,8500.0,28.99,2024.0,6.0,131.0,1199.0,3.0
1.0,1.0,0.0,0.0,10.0,34.99,2025.0,6.0,155.0,1799.0,4.0
0.0,0.0,1.0,0.0,32244.0,11.99,2021.0,6.0,101.0,999.0,3.0
1.0,0.0,1.0,0.0,10.0,19.245,2025.0,6.0,101.0,999.0,5.0
0.0,0.0,1.0,0.0,201785.0,3.1,2012.0,6.0,75.0,1149.0,4.0
1.0,0.0,1.0,0.0,10.0,19.945,2025.0,6.0,101.0,999.0,3.0
0.0,0.0,1.0,0.0,10.0,24.939,2025.0,6.0,131.0,1199.0,3.0
0.0,0.0,1.0,0.0,83953.0,10.95,2016.0,6.0,125.0,1197.0,4.0
1.0,0.0,1.0,0.0,112500.0,11.49,2015.0,6.0,110.0,1461.0,5.0
0.0,0.0,1.0,0.0,3836.0,24.8,2025.0,6.0,131.0,1199.0,5.0
0.0,0.0,1.0,0.0,124905.0,9.89,2019.0,6.0,131.0,1332.0,4.0
1.0,0.0,1.0,0.0,22.0,28.95,2025.0,6.0,131.0,1199.0,5.0
1.0,1.0,0.0,0.0,200.0,25.99,2025.0,6.0,94.0,1598.0,4.0
1.0,0.0,1.0,0.0,53309.0,14.082,2021.0,6.0,116.0,1461.0,4.0
1.0,0.0,1.0,0.0,29869.0,25.421,2023.0,6.0,114.0,1461.0,4.0
1.0,0.0,1.0,0.0,100.0,23.97,2025.0,6.0,131.0,1199.0,3.0
1.0,0.0,1.0,0.0,10.0,17.445,2025.0,6.0,101.0,999.0,3.0
0.0,0.0,1.0,0.0,10.0,21.445,2025.0,6.0,110.0,999.0,3.0
0.0,0.0,1.0,0.0,10.0,23.45,2025.0,6.0,131.0,1199.0,3.0
0.0,0.0,1.0,0.0,12523.0,17.99,2024.0,6.0,110.0,999.0,3.0
0.0,1.0,0.0,0.0,10.0,19.945,2025.0,6.0,90.0,999.0,3.0
1.0,1.0,0.0,0.0,4872.0,14.95,2025.0,6.0,65.0,2275.0,5.0
0.0,0.0,1.0,0.0,5000.0,20.63,2025.0,6.0,110.0,999.0,3.0
0.0,0.0,1.0,0.0,10.0,21.445,2025.0,6.0,110.0,999.0,3.0
1.0,0.0,1.0,0.0,47.0,15.9,2025.0,6.0,101.0,999.0,3.0
1.0,0.0,1.0,0.0,192000.0,10.99,2022.0,6.0,116.0,1461.0,4.0
1.0,0.0,1.0,0.0,117554.0,15.99,2020.0,6.0,116.0,1461.0,5.0
1.0,1.0,0.0,0.0,10.0,34.99,2025.0,6.0,155.0,1799.0,4.0
0.0,1.0,0.0,0.0,20000.0,22.99,2024.0,6.0,150.0,1332.0,4.0
0.0,0.0,1.0,0.0,25000.0,11.9,2020.0,6.0,73.0,998.0,3.0
1.0,0.0,1.0,0.0,131000.0,12.599,2022.0,6.0,101.0,2275.0,3.0
0.0,0.0,1.0,0.0,15000.0,19.9,2023.0,6.0,110.0,999.0,3.0
1.0,0.0,1.0,0.0,68316.0,17.99,2020.0,6.0,116.0,1461.0,5.0
0.0,0.0,1.0,0.0,13353.0,8.49,2018.0,6.0,73.0,998.0,3.0
0.0,1.0,0.0,0.0,19984.0,13.9,2024.0,6.0,91.0,999.0,3.0
0.0,0.0,1.0,0.0,10.0,18.445,2025.0,6.0,110.0,999.0,5.0
0.0,0.0,1.0,0.0,100.0,25.74,2025.0,6.0,140.0,1199.0,3.0
1.0,0.0,1.0,0.0,1.0,17.99,2025.0,6.0,91.0,999.0,3.0
1.0,0.0,1.0,0.0,1.0,26.9,2025.0,6.0,131.0,1199.0,3.0
1.0,0.0,1.0,0.0,77000.0,13.9,2022.0,6.0,101.0,999.0,5.0
1.0,0.0,1.0,0.0,165.0,16.6,2025.0,6.0,101.0,2275.0,5.0
1.0,0.0,1.0,0.0,167000.0,7.5,2011.0,6.0,109.0,1461.0,5.0
1.0,0.0,1.0,0.0,175.0,24.9,2025.0,6.0,141.0,2275.0,5.0
1.0,0.0,1.0,0.0,99988.0,17.98,2020.0,6.0,116.0,1461.0,5.0
0.0,1.0,0.0,0.0,2300.0,17.88,2024.0,6.0,91.0,999.0,3.0
1.0,0.0,1.0,0.0,14900.0,21.77,2024.0,6.0,114.0,1461.0,4.0
0.0,0.0,1.0,0.0,5.0,26.99,2025.0,6.0,131.0,1200.0,3.0
0.0,0.0,1.0,0.0,25.0,33.229,2025.0,6.0,131.0,1199.0,5.0
1.0,1.0,0.0,0.0,1510.0,32.98,2025.0,6.0,156.0,1799.0,4.0
1.0,0.0,1.0,0.0,1.0,17.99,2025.0,6.0,91.0,999.0,3.0
0.0,0.0,1.0,0.0,38900.0,13.99,2023.0,6.0,110.0,2275.0,5.0
1.0,1.0,0.0,0.0,21811.0,8.9,2022.0,6.0,45.0,2275.0,5.0
0.0,0.0,1.0,0.0,79500.0,7.98,2020.0,6.0,73.0,998.0,3.0
1.0,0.0,1.0,0.0,89528.0,12.89,2019.0,6.0,116.0,1461.0,4.0
1.0,0.0,1.0,0.0,23075.0,14.9,2023.0,6.0,101.0,999.0,3.0
1.0,0.0,1.0,0.0,10.0,18.445,2025.0,6.0,101.0,999.0,3.0
1.0,0.0,1.0,0.0,3282.0,16.69,2024.0,6.0,101.0,999.0,3.0
1.0,0.0,1.0,0.0,10.0,20.685,2025.0,6.0,101.0,999.0,3.0
0.0,1.0,0.0,0.0,6200.0,16.5,2024.0,6.0,91.0,999.0,3.0
0.0,0.0,1.0,0.0,53980.0,10.88,2022.0,6.0,67.0,999.0,5.0
0.0,0.0,1.0,0.0,115986.0,8.995,2018.0,6.0,90.0,898.0,3.0
0.0,0.0,1.0,0.0,55000.0,14.99,2023.0,6.0,110.0,999.0,5.0
0.0,1.0,0.0,0.0,19513.0,19.987,2023.0,6.0,150.0,1332.0,4.0
1.0,0.0,1.0,0.0,110152.0,14.6,2021.0,6.0,116.0,1461.0,4.0
0.0,0.0,1.0,0.0,10.0,20.001,2024.0,6.0,131.0,1199.0,3.0
0.0,1.0,0.0,0.0,36942.0,20.99,2022.0,6.0,150.0,1332.0,5.0
0.0,0.0,1.0,0.0,93909.0,8.45,2015.0,6.0,125.0,1197.0,4.0
1.0,0.0,1.0,0.0,49502.0,20.99,2022.0,6.0,114.0,1461.0,4.0
0.0,1.0,0.0,0.0,61021.0,11.69,2022.0,6.0,91.0,999.0,3.0
1.0,0.0,1.0,0.0,33010.0,13.26,2022.0,6.0,101.0,999.0,3.0
1.0,0.0,1.0,0.0,38203.0,13.49,2022.0,6.0,101.0,999.0,3.0
1.0,1.0,0.0,0.0,1500.0,33.9,2025.0,6.0,156.0,1799.0,4.0
0.0,0.0,1.0,0.0,40595.0,9.479,2021.0,6.0,67.0,999.0,3.0
0.0,1.0,0.0,0.0,18773.0,23.112,2023.0,6.0,150.0,1332.0,4.0
1.0,0.0,1.0,0.0,73000.0,15.49,2023.0,6.0,101.0,999.0,3.0
1.0,0.0,1.0,0.0,1.0,21.87,2025.0,6.0,101.0,999.0,3.0
1.0,0.0,1.0,0.0,96865.0,12.9,2022.0,6.0,116.0,1461.0,4.0
1.0,0.0,1.0,0.0,8000.0,20.97,2024.0,6.0,101.0,999.0,3.0
0.0,0.0,1.0,0.0,100500.0,10.99,2020.0,6.0,131.0,1332.0,4.0
1.0,0.0,1.0,0.0,89000.0,14.5,2022.0,6.0,101.0,999.0,3.0
1.0,0.0,1.0,0.0,41911.0,16.99,2023.0,6.0,101.0,999.0,3.0
0.0,0.0,1.0,0.0,10.0,21.445,2025.0,6.0,110.0,999.0,3.0
1.0,0.0,1.0,0.0,1.0,17.99,2025.0,6.0,91.0,999.0,3.0
1.0,0.0,1.0,0.0,5.0,17.48,2024.0,6.0,91.0,999.0,3.0
1.0,0.0,1.0,0.0,40.0,21.8,2025.0,6.0,101.0,999.0,3.0
0.0,0.0,1.0,0.0,10.0,32.169,2025.0,6.0,140.0,1199.0,4.0
0.0,0.0,1.0,0.0,431.0,17.39,2025.0,6.0,91.0,2275.0,3.0
0.0,0.0,1.0,0.0,38380.0,12.29,2021.0,6.0,67.0,999.0,5.0
0.0,0.0,1.0,0.0,17500.0,17.99,2023.0,6.0,110.0,999.0,3.0
1.0,0.0,1.0,0.0,115351.0,17.99,2021.0,6.0,114.0,1461.0,5.0
1.0,0.0,1.0,0.0,31568.0,13.7,2022.0,6.0,101.0,999.0,3.0
0.0,0.0,1.0,0.0,10.0,18.945,2025.0,6.0,110.0,999.0,5.0
0.0,0.0,1.0,0.0,24503.0,18.987,2023.0,6.0,110.0,999.0,3.0
0.0,0.0,1.0,0.0,10.0,21.445,2025.0,6.0,110.0,999.0,3.0
1.0,0.0,1.0,0.0,34300.0,16.385,2022.0,6.0,101.0,999.0,3.0
1.0,1.0,0.0,0.0,9550.0,23.78,2025.0,6.0,141.0,1598.0,4.0
1.0,0.0,1.0,0.0,77788.0,13.99,2022.0,6.0,101.0,999.0,3.0
0.0,1.0,0.0,0.0,2500.0,21.49,2025.0,6.0,91.0,999.0,3.0
0.0,0.0,1.0,0.0,10.0,30.345,2025.0,6.0,140.0,1199.0,5.0
1.0,1.0,0.0,0.0,6500.0,22.5,2025.0,6.0,140.0,1598.0,4.0
1.0,0.0,1.0,0.0,60856.0,15.99,2022.0,6.0,116.0,1461.0,4.0
1.0,0.0,1.0,0.0,21460.0,18.95,2025.0,6.0,101.0,999.0,3.0
1.0,0.0,1.0,0.0,8678.0,22.7,2024.0,6.0,131.0,1199.0,3.0
1.0,0.0,1.0,0.0,88500.0,12.89,2018.0,6.0,109.0,1461.0,4.0
1.0,0.0,1.0,0.0,99000.0,10.9,2023.0,6.0,101.0,999.0,3.0
1.0,0.0,1.0,0.0,56136.0,16.9,2023.0,6.0,101.0,999.0,3.0
0.0,0.0,1.0,0.0,36345.0,16.99,2024.0,6.0,91.0,999.0,5.0
1.0,0.0,1.0,0.0,40.0,21.8,2025.0,6.0,101.0,999.0,3.0
1.0,0.0,1.0,0.0,56853.0,12.9,2022.0,6.0,101.0,999.0,5.0
0.0,0.0,1.0,0.0,30492.0,16.95,2023.0,6.0,91.0,999.0,5.0
0.0,0.0,1.0,0.0,500.0,22.49,2025.0,6.0,131.0,1199.0,5.0
1.0,0.0,1.0,0.0,102902.0,14.45,2021.0,6.0,91.0,999.0,3.0
1.0,0.0,1.0,0.0,21820.0,15.3,2023.0,6.0,101.0,999.0,3.0
1.0,1.0,0.0,0.0,16441.0,10.9,2021.0,6.0,45.0,2275.0,5.0
0.0,0.0,1.0,0.0,100.0,24.97,2025.0,6.0,131.0,1199.0,5.0
1.0,0.0,1.0,0.0,19036.0,16.9,2022.0,6.0,101.0,999.0,5.0
1.0,1.0,0.0,0.0,10.0,31.5,2025.0,6.0,156.0,1799.0,4.0
0.0,0.0,1.0,0.0,9500.0,15.99,2025.0,6.0,91.0,999.0,3.0
1.0,0.0,1.0,0.0,500.0,18.99,2025.0,6.0,91.0,999.0,5.0
1.0,0.0,1.0,0.0,43468.0,16.273,2022.0,6.0,101.0,999.0,3.0
1.0,0.0,1.0,0.0,1.0,17.99,2025.0,6.0,91.0,999.0,3.0
1.0,0.0,1.0,0.0,49190.0,16.3,2023.0,6.0,101.0,999.0,5.0
1.0,0.0,1.0,0.0,50.0,31.95,2025.0,6.0,140.0,1199.0,3.0
0.0,0.0,1.0,0.0,3508.0,17.57,2025.0,6.0,91.0,999.0,5.0
1.0,0.0,1.0,0.0,1.0,21.2,2025.0,6.0,101.0,999.0,3.0
1.0,1.0,0.0,0.0,54450.0,8.5,2022.0,6.0,45.0,2275.0,5.0
0.0,0.0,1.0,0.0,13052.0,15.9,2024.0,6.0,110.0,999.0,3.0
0.0,0.0,1.0,0.0,10.0,18.895,2025.0,6.0,110.0,999.0,5.0
1.0,0.0,1.0,0.0,59978.0,12.9,2022.0,6.0,101.0,999.0,3.0
0.0,1.0,0.0,0.0,130.0,22.94,2024.0,6.0,150.0,1332.0,4.0
1.0,0.0,1.0,0.0,0.0,27.489,2025.0,6.0,140.0,1398.0,3.0
0.0,1.0,0.0,0.0,16500.0,18.89,2024.0,6.0,150.0,1333.0,4.0
1.0,0.0,1.0,0.0,78000.0,12.79,2021.0,6.0,101.0,999.0,5.0
0.0,0.0,1.0,0.0,818.0,25.67,2024.0,6.0,101.0,999.0,3.0
0.0,0.0,1.0,0.0,150.0,32.5,2025.0,6.0,131.0,1799.0,5.0
0.0,0.0,1.0,0.0,2147.0,17.9,2025.0,6.0,90.0,999.0,5.0
1.0,0.0,1.0,0.0,93333.0,6.89,2014.0,6.0,75.0,1149.0,4.0
1.0,0.0,1.0,0.0,5297.0,25.5,2025.0,6.0,140.0,1199.0,3.0
1.0,0.0,1.0,0.0,42500.0,24.9,2023.0,6.0,114.0,1461.0,4.0
1.0,0.0,1.0,0.0,64000.0,13.5,2022.0,6.0,101.0,999.0,3.0
1.0,0.0,1.0,0.0,41098.0,14.5,2023.0,6.0,101.0,999.0,3.0
0.0,0.0,1.0,0.0,9000.0,22.8,2025.0,6.0,131.0,1199.0,3.0
0.0,0.0,1.0,0.0,27000.0,16.9,2023.0,6.0,91.0,999.0,3.0
1.0,0.0,1.0,0.0,7500.0,21.845,2024.0,6.0,101.0,999.0,3.0
0.0,0.0,1.0,0.0,9295.0,22.641,2025.0,6.0,131.0,1199.0,3.0
0.0,0.0,1.0,0.0,35590.0,16.19,2023.0,6.0,110.0,999.0,3.0
1.0,0.0,1.0,0.0,117584.0,13.0,2021.0,6.0,116.0,1461.0,4.0
0.0,0.0,1.0,0.0,100.0,24.07,2025.0,6.0,110.0,999.0,3.0
0.0,1.0,0.0,0.0,61750.0,13.98,2021.0,6.0,91.0,999.0,3.0
0.0,0.0,1.0,0.0,10.0,21.135,2025.0,6.0,110.0,999.0,3.0
0.0,0.0,1.0,0.0,15.0,20.354,2025.0,6.0,110.0,999.0,5.0
1.0,0.0,1.0,0.0,10.0,20.9,2024.0,6.0,101.0,999.0,3.0
1.0,0.0,1.0,0.0,90612.0,15.95,2018.0,6.0,116.0,1461.0,5.0
1.0,1.0,0.0,0.0,9997.0,34.95,2025.0,6.0,156.0,1793.0,4.0
0.0,0.0,1.0,0.0,2000.0,16.75,2025.0,6.0,91.0,999.0,3.0
0.0,0.0,1.0,0.0,10.0,23.275,2025.0,6.0,110.0,999.0,3.0
1.0,0.0,1.0,0.0,11400.0,31.0,2025.0,6.0,131.0,1199.0,3.0
0.0,0.0,1.0,0.0,100.0,23.68,2025.0,6.0,131.0,1199.0,5.0
1.0,1.0,0.0,0.0,10218.0,29.5,2025.0,6.0,109.0,1799.0,4.0
0.0,0.0,1.0,0.0,59700.0,10.98,2021.0,6.0,91.0,999.0,3.0
1.0,0.0,1.0,0.0,31613.0,14.95,2022.0,6.0,101.0,999.0,3.0
1.0,1.0,0.0,0.0,3900.0,17.9,2025.0,6.0,91.0,2275.0,5.0
1.0,0.0,1.0,0.0,80661.0,12.99,2022.0,6.0,101.0,999.0,3.0
1.0,0.0,1.0,0.0,2850.0,19.745,2025.0,6.0,101.0,999.0,5.0
0.0,0.0,1.0,0.0,16.0,26.97,2025.0,6.0,140.0,1199.0,3.0
1.0,0.0,1.0,0.0,1.0,18.47,2025.0,6.0,101.0,999.0,3.0
1.0,0.0,1.0,0.0,52077.0,15.6,2022.0,6.0,101.0,999.0,3.0
0.0,0.0,1.0,0.0,41216.0,13.491,2022.0,6.0,101.0,1300.0,5.0
0.0,0.0,1.0,0.0,10.0,24.975,2025.0,6.0,131.0,1199.0,3.0
0.0,0.0,1.0,0.0,9145.0,18.454,2025.0,6.0,110.0,999.0,3.0
1.0,0.0,1.0,0.0,27751.0,13.987,2021.0,6.0,101.0,999.0,3.0
1.0,0.0,1.0,0.0,65383.0,13.98,2019.0,6.0,102.0,1598.0,4.0
1.0,0.0,1.0,0.0,40.0,22.9,2025.0,6.0,101.0,999.0,3.0
1.0,0.0,1.0,0.0,10.0,23.1,2025.0,6.0,91.0,999.0,5.0
0.0,0.0,1.0,0.0,10.0,20.695,2025.0,6.0,110.0,999.0,3.0
1.0,0.0,1.0,0.0,20.0,18.5,2025.0,6.0,101.0,999.0,5.0
1.0,0.0,1.0,0.0,21963.0,17.99,2024.0,6.0,101.0,2275.0,3.0
1.0,0.0,1.0,0.0,98496.0,10.99,2010.0,6.0,141.0,1968.0,5.0
1.0,1.0,0.0,0.0,146000.0,8.99,2009.0,6.0,177.0,2777.0,5.0
0.0,0.0,1.0,0.0,217000.0,6.9,2010.0,6.0,170.0,2359.0,4.0
1.0,1.0,0.0,0.0,220000.0,2.0,2009.0,6.0,140.0,1968.0,4.0
1.0,1.0,0.0,0.0,176000.0,8.48,2008.0,6.0,177.0,2777.0,4.0
0.0,0.0,1.0,0.0,69836.0,7.499,2008.0,6.0,170.0,2359.0,4.0
1.0,0.0,1.0,0.0,215000.0,4.5,2009.0,6.0,177.0,2800.0,4.0
1.0,1.0,0.0,0.0,154000.0,4.7,2010.0,6.0,140.0,1968.0,4.0
0.0,0.0,1.0,0.0,147000.0,4.999,2009.0,6.0,170.0,2360.0,4.0
1.0,1.0,0.0,0.0,188000.0,19.85,2014.0,6.0,243.0,2988.0,5.0
1.0,1.0,0.0,0.0,190517.0,7.49,2008.0,6.0,140.0,2275.0,5.0
1.0,1.0,0.0,0.0,176000.0,6.499,2010.0,6.0,140.0,1968.0,4.0
1.0,0.0,1.0,0.0,154000.0,5.29,2010.0,6.0,120.0,1968.0,5.0
0.0,1.0,0.0,0.0,105279.0,13.999,2017.0,6.0,175.0,2360.0,5.0
1.0,1.0,0.0,0.0,150000.0,25.0,2015.0,6.0,241.0,2275.0,6.0
1.0,0.0,1.0,0.0,197300.0,3.0,2008.0,6.0,140.0,1968.0,4.0
1.0,1.0,0.0,0.0,1.0,17.9,2025.0,6.0,101.0,1199.0,3.0
0.0,0.0,1.0,0.0,114638.0,2.95,2012.0,6.0,86.0,900.0,2.0
0.0,1.0,0.0,0.0,10.0,17.9,2025.0,6.0,99.0,1198.0,5.0
1.0,0.0,1.0,0.0,173000.0,6.45,2020.0,6.0,120.0,1598.0,4.0
0.0,0.0,1.0,0.0,83634.0,5.75,2013.0,6.0,140.0,1368.0,4.0
0.0,0.0,1.0,0.0,162952.0,3.895,2009.0,6.0,77.0,1368.0,4.0
1.0,1.0,0.0,0.0,1.0,15.372,2025.0,6.0,101.0,1199.0,3.0
1.0,1.0,0.0,0.0,1.0,15.49,2025.0,6.0,110.0,1199.0,3.0
0.0,0.0,1.0,0.0,30000.0,11.9,2022.0,6.0,101.0,999.0,3.0
1.0,0.0,1.0,0.0,47243.0,8.2,2021.0,6.0,69.0,1000.0,5.0
0.0,0.0,1.0,0.0,126286.0,4.795,2013.0,6.0,86.0,875.0,2.0
0.0,0.0,1.0,0.0,142368.0,2.75,2008.0,6.0,65.0,1242.0,4.0
1.0,1.0,0.0,0.0,1.0,15.49,2025.0,6.0,110.0,1199.0,3.0
0.0,1.0,0.0,0.0,5.0,20.995,2025.0,6.0,110.0,1199.0,3.0
1.0,0.0,1.0,0.0,110000.0,15.9,2021.0,6.0,129.0,1598.0,4.0
0.0,0.0,1.0,0.0,48559.0,10.49,2021.0,6.0,95.0,1368.0,5.0
0.0,0.0,1.0,0.0,59500.0,10.99,2020.0,6.0,95.0,1368.0,4.0
0.0,1.0,0.0,0.0,50000.0,11.45,2021.0,6.0,150.0,1332.0,4.0
1.0,1.0,0.0,0.0,6349.0,21.95,2024.0,6.0,136.0,1199.0,5.0
0.0,0.0,1.0,0.0,52057.0,15.45,2020.0,6.0,114.0,999.0,3.0
1.0,0.0,1.0,0.0,144538.0,16.95,2018.0,6.0,125.0,1598.0,5.0
0.0,0.0,1.0,0.0,109180.0,6.95,2014.0,6.0,105.0,875.0,2.0
1.0,1.0,0.0,0.0,25533.0,17.923,2025.0,6.0,101.0,1199.0,3.0
1.0,1.0,0.0,0.0,20723.0,18.221,2025.0,6.0,136.0,1199.0,3.0
0.0,0.0,1.0,0.0,119694.0,7.999,2016.0,6.0,95.0,1368.0,4.0
0.0,0.0,1.0,0.0,57541.0,14.99,2021.0,6.0,120.0,999.0,3.0
1.0,0.0,1.0,0.0,105000.0,12.0,2021.0,6.0,131.0,1598.0,4.0
1.0,1.0,0.0,0.0,121637.0,9.799,2012.0,6.0,90.0,1598.0,4.0
0.0,0.0,1.0,0.0,50725.0,12.8,2018.0,6.0,140.0,1368.0,4.0
1.0,1.0,0.0,0.0,26235.0,18.123,2025.0,6.0,136.0,1199.0,3.0
1.0,1.0,0.0,0.0,50.0,18.45,2025.0,6.0,101.0,1199.0,3.0
0.0,1.0,0.0,0.0,5000.0,22.49,2025.0,6.0,101.0,1199.0,3.0
0.0,0.0,1.0,0.0,65922.0,10.6,2017.0,6.0,110.0,1598.0,4.0
0.0,0.0,1.0,0.0,17160.0,10.555,2020.0,6.0,71.0,999.0,5.0
0.0,1.0,0.0,0.0,64622.0,15.99,2021.0,6.0,150.0,1332.0,4.0
1.0,0.0,1.0,0.0,10.0,25.89,2025.0,6.0,131.0,1499.0,4.0
0.0,0.0,1.0,0.0,92000.0,9.95,2020.0,6.0,95.0,1368.0,4.0
1.0,1.0,0.0,0.0,24885.0,20.9,2024.0,6.0,136.0,1199.0,3.0
1.0,0.0,1.0,0.0,60000.0,16.95,2021.0,6.0,129.0,1598.0,4.0
1.0,0.0,1.0,0.0,16900.0,11.9,2023.0,6.0,69.0,999.0,3.0
1.0,1.0,0.0,0.0,4501.0,20.9,2025.0,6.0,113.0,2275.0,0.0
0.0,1.0,0.0,0.0,45535.0,13.888,2021.0,6.0,150.0,1332.0,4.0
1.0,1.0,0.0,0.0,8907.0,17.9,2023.0,6.0,118.0,2275.0,5.0
0.0,0.0,1.0,0.0,74000.0,12.0,2023.0,6.0,120.0,999.0,3.0
1.0,0.0,1.0,0.0,84700.0,16.5,2023.0,6.0,95.0,1248.0,4.0
0.0,0.0,1.0,0.0,110395.0,9.9,2020.0,6.0,95.0,1368.0,4.0
1.0,0.0,1.0,0.0,113932.0,9.4,2018.0,6.0,120.0,1598.0,4.0
1.0,1.0,0.0,0.0,10.0,20.89,2025.0,6.0,101.0,1199.0,3.0
1.0,0.0,1.0,0.0,97962.0,10.9,2019.0,6.0,120.0,2275.0,5.0
1.0,0.0,1.0,0.0,5.0,22.19,2025.0,6.0,101.0,1499.0,4.0
1.0,0.0,1.0,0.0,30600.0,15.8,2023.0,6.0,95.0,1248.0,4.0
0.0,0.0,1.0,0.0,59000.0,11.9,2019.0,6.0,95.0,1368.0,4.0
1.0,0.0,1.0,0.0,20.0,20.49,2025.0,6.0,102.0,1499.0,4.0
0.0,0.0,1.0,0.0,1.0,23.79,2024.0,6.0,120.0,999.0,3.0
1.0,1.0,0.0,0.0,4422.0,23.49,2023.0,6.0,156.0,2275.0,5.0
0.0,0.0,1.0,0.0,74000.0,13.9,2023.0,6.0,120.0,999.0,3.0
1.0,0.0,1.0,0.0,52894.0,9.9,2022.0,6.0,69.0,999.0,3.0
0.0,1.0,0.0,0.0,13500.0,20.995,2025.0,6.0,101.0,1199.0,3.0
0.0,0.0,1.0,0.0,73302.0,8.19,2017.0,6.0,79.0,1242.0,5.0
0.0,1.0,0.0,0.0,2990.0,22.98,2025.0,6.0,110.0,1199.0,3.0
0.0,0.0,1.0,0.0,74889.0,12.5,2021.0,6.0,101.0,999.0,5.0
1.0,0.0,1.0,0.0,147073.0,8.49,2019.0,6.0,120.0,1598.0,4.0
0.0,1.0,0.0,0.0,6000.0,21.785,2025.0,6.0,110.0,1199.0,3.0
1.0,0.0,1.0,0.0,1.0,14.29,2023.0,6.0,69.0,999.0,3.0
1.0,1.0,0.0,0.0,200.0,18.99,2025.0,6.0,110.0,1199.0,5.0
0.0,1.0,0.0,0.0,18500.0,19.99,2024.0,6.0,101.0,1199.0,3.0
0.0,1.0,0.0,0.0,85196.0,12.89,2016.0,6.0,140.0,1368.0,5.0
1.0,0.0,1.0,0.0,15520.0,12.49,2025.0,6.0,69.0,999.0,5.0
1.0,0.0,1.0,0.0,169000.0,8.5,2018.0,6.0,120.0,2275.0,5.0
0.0,0.0,1.0,0.0,32.0,13.48,2025.0,6.0,69.0,999.0,5.0
1.0,1.0,0.0,0.0,32621.0,19.99,2022.0,6.0,131.0,1469.0,5.0
0.0,1.0,0.0,0.0,19650.0,20.45,2022.0,6.0,150.0,1332.0,4.0
1.0,1.0,0.0,0.0,1.0,23.9,2025.0,6.0,101.0,1199.0,3.0
0.0,0.0,1.0,0.0,34390.0,15.5,2022.0,6.0,120.0,999.0,3.0
1.0,1.0,0.0,0.0,20.0,22.95,2025.0,6.0,101.0,1199.0,3.0
0.0,1.0,0.0,0.0,10.0,26.95,2025.0,6.0,145.0,1199.0,3.0
0.0,0.0,1.0,0.0,93528.0,13.4,2018.0,6.0,140.0,1368.0,4.0
1.0,0.0,1.0,0.0,131000.0,8.9,2018.0,6.0,77.0,1368.0,4.0
1.0,1.0,0.0,0.0,10.0,20.89,2025.0,6.0,101.0,1199.0,3.0
1.0,1.0,0.0,0.0,16830.0,18.283,2025.0,6.0,101.0,1199.0,3.0
1.0,1.0,0.0,0.0,5.0,25.99,2025.0,6.0,156.0,2275.0,5.0
1.0,0.0,1.0,0.0,64242.0,15.9,2021.0,6.0,129.0,1598.0,4.0
0.0,1.0,0.0,0.0,44398.0,13.888,2021.0,6.0,150.0,1332.0,4.0
0.0,0.0,1.0,0.0,6000.0,17.975,2025.0,6.0,69.0,999.0,3.0
0.0,0.0,1.0,0.0,68947.0,12.8,2022.0,6.0,120.0,1000.0,5.0
1.0,1.0,0.0,0.0,50.0,24.0,2025.0,6.0,101.0,1199.0,3.0
1.0,0.0,1.0,0.0,63006.0,15.5,2022.0,6.0,131.0,1600.0,5.0
0.0,1.0,0.0,0.0,39874.0,13.144,2021.0,6.0,150.0,1332.0,4.0
1.0,0.0,1.0,0.0,1.0,13.9,2025.0,6.0,69.0,999.0,3.0
1.0,0.0,1.0,0.0,26290.0,11.98,2024.0,6.0,69.0,999.0,3.0
0.0,0.0,1.0,0.0,20980.0,13.5,2021.0,6.0,95.0,1368.0,4.0
0.0,0.0,1.0,0.0,110000.0,8.45,2016.0,6.0,120.0,1368.0,4.0
1.0,1.0,0.0,0.0,1.0,23.49,2025.0,6.0,136.0,1199.0,3.0
1.0,1.0,0.0,0.0,5.0,23.99,2025.0,6.0,110.0,1199.0,3.0
0.0,1.0,0.0,0.0,48607.0,13.888,2021.0,6.0,150.0,1332.0,4.0
1.0,1.0,0.0,0.0,1.0,26.5,2024.0,6.0,131.0,2275.0,5.0
0.0,0.0,1.0,0.0,59869.0,14.5,2021.0,6.0,120.0,999.0,3.0
1.0,1.0,0.0,0.0,68020.0,21.301,2023.0,6.0,131.0,1499.0,5.0
1.0,0.0,1.0,0.0,59000.0,16.99,2021.0,6.0,129.0,1598.0,4.0
1.0,0.0,1.0,0.0,144088.0,8.6,2021.0,6.0,131.0,2275.0,5.0
1.0,1.0,0.0,0.0,59246.0,12.2,2021.0,6.0,58.0,2275.0,5.0
1.0,1.0,0.0,0.0,224000.0,7.1,2015.0,6.0,140.0,1998.0,4.0
1.0,0.0,1.0,0.0,11956.0,13.99,2023.0,6.0,69.0,999.0,5.0
1.0,0.0,1.0,0.0,107906.0,3.5,2013.0,6.0,84.0,1248.0,4.0
1.0,0.0,1.0,0.0,1.0,17.2,2025.0,6.0,131.0,2275.0,5.0
1.0,1.0,0.0,0.0,13835.0,20.49,2024.0,6.0,101.0,1199.0,3.0
0.0,0.0,1.0,0.0,36000.0,14.19,2022.0,6.0,120.0,999.0,3.0
1.0,1.0,0.0,0.0,73904.0,12.45,2018.0,6.0,120.0,1598.0,4.0
0.0,0.0,1.0,0.0,91520.0,15.5,2023.0,6.0,120.0,999.0,3.0
1.0,1.0,0.0,0.0,14800.0,19.9,2025.0,6.0,101.0,1199.0,3.0
0.0,0.0,1.0,0.0,82931.0,4.999,2013.0,6.0,65.0,998.0,3.0
0.0,0.0,1.0,0.0,124143.0,6.943,2015.0,6.0,125.0,999.0,3.0
0.0,0.0,1.0,0.0,139215.0,7.443,2016.0,6.0,125.0,999.0,3.0
1.0,0.0,1.0,0.0,165300.0,6.9,2016.0,6.0,75.0,1499.0,4.0
0.0,0.0,1.0,0.0,140523.0,4.943,2013.0,6.0,125.0,998.0,3.0
0.0,0.0,1.0,0.0,151026.0,6.743,2015.0,6.0,125.0,999.0,3.0
0.0,0.0,1.0,0.0,115000.0,7.988,2017.0,6.0,125.0,998.0,3.0
0.0,0.0,1.0,0.0,192003.0,1.99,2013.0,6.0,125.0,998.0,3.0
0.0,0.0,1.0,0.0,145200.0,5.85,2016.0,6.0,125.0,998.0,3.0
1.0,0.0,1.0,0.0,130938.0,5.95,2017.0,6.0,75.0,1499.0,4.0
1.0,1.0,0.0,0.0,138000.0,21.95,2020.0,6.0,238.0,1995.0,4.0
1.0,0.0,1.0,0.0,98000.0,6.5,2013.0,6.0,116.0,2275.0,5.0
0.0,0.0,1.0,0.0,133220.0,11.88,2018.0,6.0,160.0,1498.0,4.0
1.0,1.0,0.0,0.0,128000.0,6.402,2013.0,6.0,163.0,1997.0,4.0
1.0,1.0,0.0,0.0,147000.0,7.9,2014.0,6.0,150.0,1997.0,4.0
0.0,0.0,1.0,0.0,34100.0,14.49,2021.0,6.0,125.0,999.0,3.0
0.0,0.0,1.0,0.0,45000.0,13.99,2018.0,6.0,160.0,2275.0,5.0
0.0,0.0,1.0,0.0,43169.0,12.99,2021.0,6.0,101.0,998.0,3.0
1.0,1.0,0.0,0.0,63000.0,17.9,2017.0,6.0,209.0,1997.0,4.0
1.0,1.0,0.0,0.0,60350.0,19.75,2020.0,6.0,190.0,1995.0,4.0
1.0,0.0,1.0,0.0,77250.0,19.992,2021.0,6.0,131.0,1995.0,4.0
0.0,0.0,1.0,0.0,102093.0,13.49,2019.0,6.0,165.0,1498.0,4.0
0.0,1.0,0.0,0.0,146582.0,9.95,2021.0,6.0,125.0,998.0,3.0
1.0,0.0,1.0,0.0,45006.0,13.95,2020.0,6.0,101.0,1499.0,4.0
0.0,0.0,1.0,0.0,36000.0,15.989,2022.0,6.0,125.0,999.0,3.0
1.0,1.0,0.0,0.0,217000.0,9.89,2016.0,6.0,179.0,1997.0,4.0
1.0,0.0,1.0,0.0,16351.0,11.8,2020.0,6.0,86.0,1500.0,5.0
1.0,0.0,1.0,0.0,84634.0,13.711,2020.0,6.0,101.0,1499.0,4.0
1.0,0.0,1.0,0.0,91378.0,13.79,2022.0,6.0,125.0,999.0,3.0
1.0,1.0,0.0,0.0,66700.0,18.499,2019.0,6.0,190.0,2000.0,4.0
0.0,0.0,1.0,0.0,86818.0,16.899,2019.0,6.0,200.0,1496.0,3.0
0.0,0.0,1.0,0.0,97705.0,8.99,2018.0,6.0,99.0,998.0,3.0
1.0,0.0,1.0,0.0,10.0,18.384,2025.0,6.0,125.0,999.0,3.0
0.0,0.0,1.0,0.0,38442.0,14.99,2021.0,6.0,125.0,999.0,3.0
1.0,0.0,1.0,0.0,61813.0,13.99,2020.0,6.0,101.0,1499.0,4.0
1.0,0.0,1.0,0.0,13404.0,16.39,2022.0,6.0,125.0,999.0,3.0
0.0,1.0,0.0,0.0,91855.0,13.5,2019.0,6.0,125.0,998.0,3.0
1.0,1.0,0.0,0.0,81970.0,16.95,2022.0,6.0,224.0,2488.0,4.0
0.0,0.0,1.0,0.0,29011.0,18.67,2023.0,6.0,125.0,999.0,3.0
0.0,0.0,1.0,0.0,34025.0,16.95,2021.0,6.0,155.0,999.0,5.0
0.0,0.0,1.0,0.0,107008.0,14.792,2018.0,6.0,160.0,1498.0,4.0
1.0,0.0,1.0,0.0,38000.0,13.9,2021.0,6.0,125.0,998.0,3.0
1.0,1.0,0.0,0.0,54300.0,29.75,2020.0,6.0,212.0,1996.0,4.0
1.0,0.0,1.0,0.0,100000.0,14.38,2018.0,6.0,185.0,1997.0,4.0
0.0,0.0,1.0,0.0,6500.0,25.99,2024.0,6.0,125.0,998.0,3.0
0.0,0.0,1.0,0.0,59845.0,10.95,2019.0,6.0,101.0,998.0,3.0
0.0,0.0,1.0,0.0,99850.0,12.95,2023.0,6.0,125.0,999.0,3.0
1.0,1.0,0.0,0.0,89412.0,13.39,2021.0,6.0,120.0,1499.0,4.0
0.0,0.0,1.0,0.0,49592.0,8.95,2015.0,6.0,125.0,998.0,5.0
0.0,0.0,1.0,0.0,95500.0,10.95,2019.0,6.0,125.0,998.0,3.0
0.0,0.0,1.0,0.0,108884.0,14.95,2019.0,6.0,125.0,999.0,3.0
0.0,0.0,1.0,0.0,116461.0,8.745,2015.0,6.0,150.0,1498.0,4.0
0.0,0.0,1.0,0.0,58120.0,11.4,2018.0,6.0,125.0,998.0,3.0
0.0,1.0,0.0,0.0,61169.0,16.18,2019.0,6.0,150.0,1498.0,4.0
0.0,1.0,0.0,0.0,29281.0,12.19,2010.0,6.0,203.0,1999.0,4.0
1.0,0.0,1.0,0.0,87617.0,15.65,2021.0,6.0,125.0,999.0,3.0
0.0,0.0,1.0,0.0,119776.0,12.5,2020.0,6.0,125.0,999.0,3.0
0.0,0.0,1.0,0.0,171227.0,5.88,2018.0,6.0,150.0,1498.0,4.0
0.0,0.0,1.0,0.0,94552.0,10.49,2018.0,6.0,101.0,998.0,3.0
1.0,0.0,1.0,0.0,148976.0,12.14,2016.0,6.0,150.0,1997.0,4.0
0.0,0.0,1.0,0.0,40262.0,10.98,2020.0,6.0,75.0,1084.0,3.0
1.0,1.0,0.0,0.0,92300.0,12.95,2021.0,6.0,120.0,1499.0,4.0
0.0,0.0,1.0,0.0,85300.0,12.45,2019.0,6.0,120.0,1498.0,4.0
0.0,0.0,1.0,0.0,92200.0,11.81,2021.0,6.0,125.0,999.0,5.0
0.0,0.0,1.0,0.0,76000.0,15.495,2019.0,6.0,150.0,1498.0,4.0
0.0,0.0,1.0,0.0,9328.0,16.69,2021.0,6.0,125.0,998.0,3.0
1.0,0.0,1.0,0.0,88782.0,13.98,2021.0,6.0,120.0,1499.0,4.0
1.0,0.0,1.0,0.0,79993.0,12.5,2020.0,6.0,125.0,999.0,3.0
0.0,0.0,1.0,0.0,102055.0,13.75,2016.0,6.0,182.0,1596.0,4.0
0.0,0.0,1.0,0.0,31320.0,14.99,2022.0,6.0,101.0,998.0,3.0
0.0,0.0,1.0,0.0,96100.0,9.9,2019.0,6.0,86.0,998.0,3.0
1.0,0.0,1.0,0.0,115000.0,13.65,2022.0,6.0,120.0,1499.0,4.0
1.0,1.0,0.0,0.0,37950.0,21.88,2021.0,6.0,224.0,2488.0,4.0
1.0,0.0,1.0,0.0,116827.0,11.4,2022.0,6.0,125.0,999.0,3.0
0.0,0.0,1.0,0.0,58254.0,14.99,2021.0,6.0,125.0,999.0,3.0
0.0,0.0,1.0,0.0,17600.0,17.48,2024.0,6.0,125.0,999.0,3.0
0.0,0.0,1.0,0.0,39937.0,18.5,2021.0,6.0,151.0,1496.0,3.0
0.0,0.0,1.0,0.0,123335.0,7.9,2015.0,6.0,101.0,999.0,3.0
0.0,1.0,0.0,0.0,9623.0,25.785,2025.0,6.0,125.0,999.0,5.0
1.0,0.0,1.0,0.0,42153.0,16.49,2022.0,6.0,124.0,999.0,5.0
0.0,0.0,1.0,0.0,63330.0,10.777,2019.0,6.0,101.0,998.0,3.0
1.0,1.0,0.0,0.0,101450.0,13.49,2016.0,6.0,150.0,1997.0,4.0
1.0,0.0,1.0,0.0,49257.0,20.989,2020.0,6.0,150.0,1995.0,4.0
0.0,0.0,1.0,0.0,74878.0,18.545,2020.0,6.0,150.0,1496.0,3.0
0.0,0.0,1.0,0.0,14232.0,15.95,2022.0,6.0,125.0,999.0,3.0
0.0,0.0,1.0,0.0,22500.0,15.98,2021.0,6.0,125.0,998.0,3.0
0.0,0.0,1.0,0.0,125531.0,13.5,2019.0,6.0,150.0,1498.0,5.0
1.0,1.0,0.0,0.0,38957.0,13.9,2023.0,6.0,120.0,999.0,3.0
1.0,1.0,0.0,0.0,123171.0,9.999,2015.0,6.0,137.0,1999.0,4.0
0.0,0.0,1.0,0.0,156834.0,6.95,2015.0,6.0,126.0,998.0,3.0
0.0,1.0,0.0,0.0,47450.0,11.95,2017.0,6.0,101.0,998.0,3.0
0.0,0.0,1.0,0.0,5.0,26.6,2025.0,6.0,126.0,999.0,3.0
0.0,0.0,1.0,0.0,98424.0,15.999,2020.0,6.0,126.0,999.0,3.0
0.0,0.0,1.0,0.0,101690.0,12.889,2021.0,6.0,155.0,999.0,3.0
1.0,1.0,0.0,0.0,56220.0,25.9,2019.0,6.0,238.0,1996.0,4.0
0.0,0.0,1.0,0.0,84080.0,12.12,2022.0,6.0,125.0,998.0,3.0
0.0,0.0,1.0,0.0,82743.0,13.99,2022.0,6.0,125.0,998.0,3.0
1.0,1.0,0.0,0.0,20.0,28.19,2025.0,6.0,179.0,2488.0,4.0
0.0,0.0,1.0,0.0,112384.0,11.9,2022.0,6.0,95.0,999.0,3.0
1.0,0.0,1.0,0.0,149000.0,16.5,2016.0,6.0,160.0,2200.0,5.0
1.0,1.0,0.0,0.0,73146.0,18.49,2022.0,6.0,224.0,2488.0,4.0
0.0,0.0,1.0,0.0,27600.0,21.888,2025.0,6.0,150.0,1496.0,3.0
0.0,0.0,1.0,0.0,4900.0,21.98,2025.0,6.0,125.0,999.0,3.0
0.0,0.0,1.0,0.0,67000.0,12.99,2018.0,6.0,125.0,998.0,3.0
0.0,0.0,1.0,0.0,3261.0,23.221,2025.0,6.0,125.0,999.0,3.0
0.0,0.0,1.0,0.0,28880.0,13.47,2019.0,6.0,101.0,998.0,3.0
1.0,1.0,0.0,0.0,151128.0,16.112,2018.0,6.0,179.0,1997.0,4.0
1.0,1.0,0.0,0.0,34694.0,23.95,2024.0,6.0,125.0,999.0,3.0
0.0,0.0,1.0,0.0,71815.0,15.912,2019.0,6.0,150.0,1498.0,4.0
0.0,0.0,1.0,0.0,51299.0,8.9,2014.0,6.0,125.0,998.0,3.0
0.0,0.0,1.0,0.0,13085.0,24.9,2022.0,6.0,200.0,1496.0,3.0
0.0,0.0,1.0,0.0,105373.0,8.995,2017.0,6.0,101.0,998.0,3.0
1.0,1.0,0.0,0.0,147697.0,14.899,2021.0,6.0,140.0,1999.0,4.0
0.0,1.0,0.0,0.0,212431.0,11.9,2019.0,6.0,150.0,1496.0,3.0
1.0,1.0,0.0,0.0,27600.0,45.93,2023.0,6.0,212.0,1996.0,4.0
0.0,1.0,0.0,0.0,9.0,29.97,2025.0,6.0,186.0,1496.0,5.0
1.0,0.0,1.0,0.0,62550.0,17.495,2021.0,6.0,125.0,999.0,3.0
0.0,0.0,1.0,0.0,16239.0,24.45,2023.0,6.0,150.0,1500.0,3.0
0.0,0.0,1.0,0.0,175450.0,6.8,2011.0,6.0,182.0,1596.0,5.0
0.0,0.0,1.0,0.0,130000.0,6.99,2018.0,6.0,125.0,998.0,3.0
1.0,0.0,1.0,0.0,88900.0,13.95,2021.0,6.0,120.0,1499.0,5.0
0.0,0.0,1.0,0.0,80936.0,10.945,2018.0,6.0,125.0,999.0,3.0
0.0,0.0,1.0,0.0,57605.0,15.95,2021.0,6.0,125.0,999.0,3.0
0.0,1.0,0.0,0.0,6727.0,25.785,2025.0,6.0,125.0,999.0,5.0
1.0,0.0,1.0,0.0,99753.0,10.0,2018.0,6.0,99.0,1499.0,4.0
0.0,0.0,1.0,0.0,40700.0,17.45,2021.0,6.0,125.0,1000.0,3.0
1.0,0.0,1.0,0.0,72000.0,13.5,2016.0,6.0,120.0,1997.0,4.0
0.0,0.0,1.0,0.0,24818.0,25.39,2024.0,6.0,150.0,1496.0,3.0
0.0,0.0,1.0,0.0,156850.0,10.9,2018.0,6.0,125.0,998.0,5.0
0.0,0.0,1.0,0.0,38571.0,14.99,2022.0,6.0,101.0,1000.0,3.0
1.0,0.0,1.0,0.0,140000.0,13.555,2020.0,6.0,120.0,1499.0,4.0
0.0,0.0,1.0,0.0,85000.0,7.49,2015.0,6.0,101.0,998.0,3.0
0.0,0.0,1.0,0.0,87600.0,13.89,2023.0,6.0,125.0,2275.0,3.0
1.0,1.0,0.0,0.0,49600.0,20.999,2022.0,6.0,224.0,2488.0,4.0
0.0,0.0,1.0,0.0,128283.0,8.999,2017.0,6.0,101.0,998.0,3.0
1.0,1.0,0.0,0.0,39983.0,20.09,2021.0,6.0,224.0,2488.0,4.0
0.0,0.0,1.0,0.0,40700.0,15.99,2019.0,6.0,131.0,1498.0,4.0
0.0,0.0,1.0,0.0,108000.0,14.59,2017.0,6.0,150.0,1498.0,4.0
0.0,1.0,0.0,0.0,4596.0,29.99,2025.0,6.0,186.0,1496.0,5.0
1.0,0.0,1.0,0.0,132800.0,7.9,2013.0,6.0,140.0,1997.0,4.0
0.0,0.0,1.0,0.0,53551.0,13.979,2019.0,6.0,120.0,1498.0,4.0
0.0,0.0,1.0,0.0,31941.0,13.6,2021.0,6.0,95.0,999.0,3.0
0.0,1.0,0.0,0.0,58210.0,18.49,2019.0,6.0,150.0,1498.0,4.0
1.0,0.0,1.0,0.0,72602.0,13.99,2019.0,6.0,101.0,1499.0,4.0
0.0,0.0,1.0,0.0,92879.0,7.6,2016.0,6.0,101.0,998.0,3.0
0.0,0.0,1.0,0.0,96986.0,10.95,2021.0,6.0,125.0,999.0,3.0
0.0,0.0,1.0,0.0,48756.0,16.39,2021.0,6.0,125.0,999.0,3.0
1.0,1.0,0.0,0.0,50234.0,21.47,2022.0,6.0,150.0,1995.0,5.0
0.0,0.0,1.0,0.0,166213.0,6.449,2016.0,6.0,125.0,999.0,3.0
0.0,1.0,0.0,0.0,23757.0,19.95,2021.0,6.0,125.0,999.0,3.0
0.0,0.0,1.0,0.0,5530.0,22.99,2025.0,6.0,125.0,999.0,3.0
0.0,0.0,1.0,0.0,3140.0,24.88,2025.0,6.0,125.0,998.0,3.0
0.0,1.0,0.0,0.0,22611.0,23.14,2024.0,6.0,125.0,998.0,3.0
0.0,0.0,1.0,0.0,189437.0,6.949,2014.0,6.0,150.0,1596.0,4.0
0.0,0.0,1.0,0.0,105758.0,10.995,2019.0,6.0,101.0,999.0,3.0
0.0,0.0,1.0,0.0,39141.0,18.43,2020.0,6.0,155.0,999.0,3.0
1.0,1.0,0.0,0.0,20.0,28.95,2025.0,6.0,179.0,2488.0,4.0
1.0,1.0,0.0,0.0,59000.0,24.99,2022.0,6.0,190.0,1995.0,4.0
1.0,1.0,0.0,0.0,76421.0,18.95,2021.0,6.0,141.0,1999.0,4.0
0.0,0.0,1.0,0.0,115300.0,5.45,2009.0,6.0,125.0,1798.0,4.0
0.0,0.0,1.0,0.0,110370.0,11.95,2018.0,6.0,101.0,999.0,3.0
1.0,0.0,1.0,0.0,29183.0,16.12,2022.0,6.0,125.0,999.0,3.0
1.0,0.0,1.0,0.0,28277.0,15.12,2022.0,6.0,125.0,999.0,3.0
0.0,0.0,1.0,0.0,20759.0,15.94,2021.0,6.0,125.0,999.0,3.0
1.0,1.0,0.0,0.0,26680.0,23.49,2023.0,6.0,224.0,2488.0,4.0
0.0,0.0,1.0,0.0,14.0,21.95,2023.0,6.0,150.0,1496.0,3.0
1.0,0.0,1.0,0.0,83000.0,15.98,2021.0,6.0,120.0,1499.0,4.0
0.0,0.0,1.0,0.0,33366.0,14.89,2021.0,6.0,95.0,999.0,3.0
0.0,0.0,1.0,0.0,62456.0,15.995,2021.0,6.0,125.0,999.0,3.0
0.0,1.0,0.0,0.0,48560.0,17.78,2020.0,6.0,150.0,1496.0,3.0
1.0,1.0,0.0,0.0,95432.0,15.699,2018.0,6.0,150.0,1997.0,4.0
0.0,0.0,1.0,0.0,16990.0,20.69,2021.0,6.0,125.0,999.0,3.0
0.0,1.0,0.0,0.0,15000.0,33.48,2025.0,6.0,170.0,999.0,3.0
0.0,0.0,1.0,0.0,45700.0,5.89,2009.0,6.0,60.0,1242.0,5.0
0.0,0.0,1.0,0.0,119841.0,13.9,2018.0,6.0,150.0,1498.0,4.0
1.0,1.0,0.0,0.0,148000.0,13.69,2015.0,6.0,150.0,1997.0,4.0
1.0,1.0,0.0,0.0,51.0,27.9,2025.0,6.0,179.0,2488.0,4.0
0.0,0.0,1.0,0.0,16125.0,20.9,2022.0,6.0,150.0,1500.0,5.0
1.0,0.0,1.0,0.0,12445.0,17.4,2022.0,6.0,125.0,999.0,3.0
0.0,0.0,1.0,0.0,33500.0,14.8,2018.0,6.0,101.0,999.0,3.0
0.0,0.0,1.0,0.0,84998.0,11.9,2018.0,6.0,125.0,998.0,3.0
0.0,0.0,1.0,0.0,10.0,24.99,2025.0,6.0,125.0,999.0,3.0
0.0,0.0,1.0,0.0,38138.0,15.29,2019.0,6.0,125.0,998.0,3.0
0.0,0.0,1.0,0.0,86927.0,12.9,2021.0,6.0,125.0,999.0,3.0
1.0,0.0,1.0,0.0,68674.0,16.87,2018.0,6.0,150.0,1997.0,5.0
0.0,1.0,0.0,0.0,64309.0,14.995,2014.0,6.0,152.0,1600.0,4.0
1.0,1.0,0.0,0.0,63879.0,16.98,2023.0,6.0,116.0,1499.0,4.0
1.0,0.0,1.0,0.0,10.0,21.9,2025.0,6.0,125.0,999.0,3.0
0.0,0.0,1.0,0.0,40871.0,13.45,2021.0,6.0,125.0,999.0,3.0
1.0,1.0,0.0,0.0,37347.0,27.9,2023.0,6.0,190.0,2488.0,4.0
0.0,0.0,1.0,0.0,89000.0,15.99,2018.0,6.0,150.0,1498.0,4.0
1.0,1.0,0.0,0.0,91053.0,23.49,2021.0,6.0,190.0,1995.0,4.0
0.0,1.0,0.0,0.0,133768.0,6.25,2008.0,6.0,145.0,1998.0,4.0
0.0,0.0,1.0,0.0,32099.0,17.0,2022.0,6.0,125.0,998.0,3.0
0.0,0.0,1.0,0.0,35290.0,17.777,2024.0,6.0,125.0,999.0,3.0
0.0,0.0,1.0,0.0,10292.0,17.9,2022.0,6.0,125.0,999.0,3.0
1.0,1.0,0.0,0.0,51888.0,19.811,2020.0,6.0,140.0,1999.0,4.0
1.0,1.0,0.0,0.0,73283.0,19.712,2022.0,6.0,152.0,2488.0,4.0
1.0,1.0,0.0,0.0,78200.0,24.65,2021.0,6.0,224.0,2488.0,5.0
0.0,0.0,1.0,0.0,52980.0,16.49,2021.0,6.0,155.0,999.0,3.0
0.0,0.0,1.0,0.0,110372.0,11.999,2017.0,6.0,101.0,998.0,3.0
0.0,0.0,1.0,0.0,84500.0,8.99,2014.0,6.0,125.0,1000.0,3.0
1.0,0.0,1.0,0.0,18000.0,16.999,2023.0,6.0,125.0,999.0,3.0
1.0,0.0,1.0,0.0,78575.0,15.25,2023.0,6.0,125.0,999.0,3.0
0.0,0.0,1.0,0.0,82650.0,13.79,2023.0,6.0,125.0,999.0,3.0
0.0,0.0,1.0,0.0,47737.0,13.99,2021.0,6.0,95.0,998.0,3.0
0.0,0.0,1.0,0.0,115595.0,8.75,2017.0,6.0,125.0,998.0,3.0
0.0,1.0,0.0,0.0,12901.0,17.995,2019.0,6.0,150.0,1498.0,4.0
0.0,0.0,1.0,0.0,42087.0,16.5,2021.0,6.0,125.0,999.0,3.0
1.0,1.0,0.0,0.0,51140.0,23.9,2021.0,6.0,190.0,2488.0,4.0
1.0,0.0,1.0,0.0,168000.0,9.99,2019.0,6.0,120.0,1499.0,4.0
0.0,0.0,1.0,0.0,13149.0,22.499,2024.0,6.0,125.0,998.0,3.0
0.0,0.0,1.0,0.0,95074.0,5.999,2011.0,6.0,60.0,1242.0,4.0
1.0,0.0,1.0,0.0,79895.0,11.968,2020.0,6.0,86.0,1499.0,4.0
0.0,0.0,1.0,0.0,57980.0,11.29,2018.0,6.0,125.0,2275.0,5.0
0.0,0.0,1.0,0.0,17600.0,17.48,2024.0,6.0,125.0,999.0,3.0
0.0,0.0,1.0,0.0,79847.0,7.48,2014.0,6.0,86.0,1596.0,4.0
0.0,0.0,1.0,0.0,7883.0,23.785,2025.0,6.0,125.0,999.0,5.0
1.0,1.0,0.0,0.0,82740.0,17.492,2019.0,6.0,120.0,1499.0,4.0
1.0,1.0,0.0,0.0,35575.0,19.95,2021.0,6.0,224.0,2488.0,4.0
0.0,1.0,0.0,0.0,12800.0,34.15,2024.0,6.0,182.0,2488.0,4.0
1.0,0.0,1.0,0.0,158121.0,7.29,2015.0,6.0,120.0,1499.0,4.0
0.0,0.0,1.0,0.0,39500.0,15.5,2020.0,6.0,125.0,999.0,3.0
1.0,1.0,0.0,0.0,51100.0,19.481,2021.0,6.0,224.0,2488.0,4.0
0.0,0.0,1.0,0.0,59120.0,14.499,2022.0,6.0,125.0,998.0,3.0
0.0,0.0,1.0,0.0,212470.0,4.7,2012.0,6.0,105.0,1596.0,4.0
1.0,1.0,0.0,0.0,89990.0,21.69,2021.0,6.0,190.0,1995.0,4.0
0.0,0.0,1.0,0.0,81257.0,8.975,2016.0,6.0,125.0,998.0,3.0
0.0,0.0,1.0,0.0,59468.0,19.98,2022.0,6.0,151.0,1496.0,3.0
1.0,1.0,0.0,0.0,13995.0,21.9,2022.0,6.0,224.0,2488.0,4.0
1.0,1.0,0.0,0.0,35068.0,29.85,2022.0,6.0,190.0,1995.0,4.0
1.0,1.0,0.0,0.0,32990.0,21.44,2022.0,6.0,224.0,2488.0,4.0
1.0,1.0,0.0,0.0,36990.0,19.9,2022.0,6.0,224.0,2488.0,4.0
0.0,0.0,1.0,0.0,76088.0,12.52,2022.0,6.0,125.0,998.0,3.0
1.0,1.0,0.0,0.0,47250.0,23.29,2020.0,6.0,224.0,2488.0,4.0
0.0,0.0,1.0,0.0,81152.0,13.99,2022.0,6.0,125.0,998.0,3.0
0.0,0.0,1.0,0.0,8214.0,23.785,2025.0,6.0,125.0,999.0,5.0
1.0,0.0,1.0,0.0,25100.0,20.98,2021.0,6.0,120.0,1499.0,4.0
0.0,1.0,0.0,0.0,95480.0,16.8,2019.0,6.0,175.0,1498.0,4.0
1.0,0.0,1.0,0.0,18300.0,19.9,2025.0,6.0,125.0,999.0,3.0
1.0,0.0,1.0,0.0,88710.0,16.9,2023.0,6.0,125.0,999.0,3.0
1.0,1.0,0.0,0.0,69414.0,21.399,2021.0,6.0,224.0,2488.0,4.0
1.0,0.0,1.0,0.0,40666.0,22.79,2023.0,6.0,102.0,1968.0,4.0
1.0,1.0,0.0,0.0,7260.0,29.99,2024.0,6.0,190.0,2488.0,4.0
0.0,1.0,0.0,0.0,77800.0,17.95,2018.0,6.0,242.0,1999.0,5.0
0.0,0.0,1.0,0.0,57500.0,13.799,2021.0,6.0,125.0,2275.0,3.0
0.0,0.0,1.0,0.0,107000.0,14.98,2019.0,6.0,120.0,1499.0,4.0
1.0,0.0,1.0,0.0,78700.0,16.8,2020.0,6.0,120.0,1499.0,4.0
0.0,0.0,1.0,0.0,135308.0,9.98,2019.0,6.0,101.0,998.0,3.0
0.0,0.0,1.0,0.0,19697.0,17.19,2022.0,6.0,125.0,999.0,3.0
0.0,0.0,1.0,0.0,81145.0,13.99,2022.0,6.0,125.0,998.0,3.0
0.0,0.0,1.0,0.0,49203.0,16.89,2021.0,6.0,125.0,999.0,3.0
1.0,0.0,1.0,0.0,169800.0,10.9,2013.0,6.0,150.0,2199.0,4.0
1.0,1.0,0.0,0.0,26500.0,24.99,2024.0,6.0,107.0,1498.0,4.0
0.0,0.0,1.0,0.0,79952.0,16.45,2018.0,6.0,182.0,1498.0,4.0
1.0,1.0,0.0,0.0,195077.0,6.777,2011.0,6.0,116.0,1339.0,4.0
0.0,0.0,1.0,0.0,77365.0,11.49,2012.0,6.0,150.0,1997.0,5.0
0.0,0.0,1.0,0.0,99100.0,12.79,2016.0,6.0,131.0,1498.0,4.0
1.0,1.0,0.0,0.0,32574.0,23.645,2022.0,6.0,131.0,1498.0,4.0
1.0,1.0,0.0,0.0,10.0,29.834,2025.0,6.0,131.0,1498.0,5.0
1.0,1.0,0.0,0.0,7700.0,32.98,2025.0,6.0,184.0,1993.0,4.0
0.0,0.0,1.0,0.0,97207.0,4.99,2010.0,6.0,90.0,1198.0,4.0
1.0,1.0,0.0,0.0,56210.0,16.73,2022.0,6.0,109.0,1498.0,4.0
1.0,1.0,0.0,0.0,25547.0,26.2,2024.0,6.0,107.0,1498.0,4.0
0.0,0.0,1.0,0.0,34500.0,14.97,2018.0,6.0,129.0,988.0,3.0
1.0,1.0,0.0,0.0,6409.0,27.9,2023.0,6.0,107.0,1498.0,4.0
0.0,1.0,0.0,0.0,86550.0,16.29,2019.0,6.0,126.0,988.0,3.0
0.0,1.0,0.0,0.0,33328.0,23.95,2022.0,6.0,107.0,1498.0,5.0
0.0,0.0,1.0,0.0,29125.0,18.89,2019.0,6.0,131.0,1498.0,4.0
1.0,1.0,0.0,0.0,97210.0,7.98,2009.0,6.0,95.0,1339.0,4.0
0.0,1.0,0.0,0.0,29100.0,24.99,2022.0,6.0,131.0,1498.0,4.0
0.0,0.0,1.0,0.0,141885.0,7.95,2013.0,6.0,99.0,1339.0,4.0
1.0,1.0,0.0,0.0,19321.0,18.489,2023.0,6.0,98.0,1498.0,4.0
1.0,1.0,0.0,0.0,49800.0,19.9,2021.0,6.0,109.0,1498.0,5.0
0.0,1.0,0.0,0.0,46970.0,17.33,2022.0,6.0,109.0,1498.0,4.0
1.0,1.0,0.0,0.0,69519.0,30.7,2022.0,6.0,145.0,1993.0,4.0
1.0,1.0,0.0,0.0,169883.0,23.999,2023.0,6.0,143.0,1993.0,4.0
0.0,0.0,1.0,0.0,101625.0,11.95,2015.0,6.0,99.0,1339.0,4.0
0.0,0.0,1.0,0.0,84190.0,15.98,2018.0,6.0,131.0,1498.0,4.0
1.0,1.0,0.0,0.0,10.0,28.0,2025.0,6.0,107.0,1498.0,4.0
1.0,1.0,0.0,0.0,6900.0,43.85,2025.0,6.0,184.0,1993.0,4.0
1.0,1.0,0.0,0.0,42105.0,29.5,2023.0,6.0,145.0,1993.0,4.0
1.0,1.0,0.0,0.0,145144.0,5.88,2009.0,6.0,98.0,1339.0,4.0
0.0,1.0,0.0,0.0,96453.0,13.95,2016.0,6.0,131.0,1498.0,4.0
1.0,1.0,0.0,0.0,10.0,31.78,2025.0,6.0,184.0,1993.0,4.0
0.0,0.0,1.0,0.0,122453.0,12.45,2013.0,6.0,155.0,1997.0,4.0
0.0,0.0,1.0,0.0,55600.0,10.78,2017.0,6.0,102.0,1318.0,4.0
1.0,1.0,0.0,0.0,20.0,35.79,2025.0,6.0,184.0,1993.0,4.0
1.0,1.0,0.0,0.0,80000.0,35.4,2024.0,6.0,148.0,1993.0,4.0
1.0,1.0,0.0,0.0,42105.0,29.5,2023.0,6.0,145.0,1993.0,4.0
1.0,1.0,0.0,0.0,22500.0,43.5,2024.0,6.0,148.0,1993.0,4.0
1.0,1.0,0.0,0.0,10.0,30.0,2025.0,6.0,107.0,1498.0,4.0
1.0,1.0,0.0,0.0,10.0,26.99,2025.0,6.0,107.0,1498.0,4.0
1.0,1.0,0.0,0.0,10000.0,22.99,2025.0,6.0,107.0,1498.0,5.0
1.0,0.0,1.0,0.0,95000.0,15.99,2016.0,6.0,120.0,1597.0,4.0
0.0,1.0,0.0,0.0,150000.0,5.98,2009.0,6.0,99.0,1339.0,4.0
1.0,0.0,1.0,0.0,66146.0,15.4,2016.0,6.0,160.0,1597.0,4.0
0.0,0.0,1.0,0.0,77225.0,12.9,2017.0,6.0,131.0,1498.0,5.0
1.0,1.0,0.0,0.0,6999.0,37.79,2025.0,6.0,184.0,1993.0,4.0
1.0,1.0,0.0,0.0,3780.0,21.65,2025.0,6.0,107.0,1498.0,4.0
1.0,1.0,0.0,0.0,6000.0,49.99,2025.0,6.0,148.0,1993.0,5.0
1.0,1.0,0.0,0.0,139123.0,14.99,2016.0,6.0,162.0,1600.0,5.0
0.0,0.0,1.0,0.0,73500.0,19.98,2019.0,6.0,182.0,1498.0,4.0
1.0,1.0,0.0,0.0,3000.0,37.9,2025.0,6.0,184.0,1993.0,4.0
1.0,1.0,0.0,0.0,2450.0,31.47,2025.0,6.0,184.0,1993.0,4.0
1.0,1.0,0.0,0.0,9.0,38.59,2025.0,6.0,143.0,1993.0,4.0
0.0,1.0,0.0,0.0,8400.0,29.89,2024.0,6.0,107.0,1498.0,5.0
0.0,0.0,1.0,0.0,53500.0,15.99,2017.0,6.0,131.0,5.0,4.0
0.0,1.0,0.0,0.0,45692.0,17.249,2019.0,6.0,102.0,1318.0,4.0
1.0,1.0,0.0,0.0,26500.0,32.98,2023.0,6.0,184.0,1996.0,5.0
0.0,1.0,0.0,0.0,1.0,28.9,2024.0,6.0,131.0,1500.0,5.0
1.0,1.0,0.0,0.0,139123.0,14.99,2016.0,6.0,162.0,1600.0,5.0
1.0,0.0,1.0,0.0,80958.0,20.3,2020.0,6.0,120.0,1597.0,4.0
0.0,0.0,1.0,0.0,91964.0,14.85,2014.0,6.0,141.0,1798.0,4.0
1.0,1.0,0.0,0.0,128419.0,25.95,2020.0,6.0,145.0,1993.0,4.0
1.0,1.0,0.0,0.0,55800.0,26.98,2021.0,6.0,184.0,1993.0,4.0
1.0,1.0,0.0,0.0,4000.0,32.9,2025.0,6.0,184.0,1993.0,4.0
0.0,0.0,1.0,0.0,125000.0,7.499,2011.0,6.0,99.0,2275.0,5.0
0.0,1.0,0.0,0.0,44700.0,23.95,2018.0,6.0,193.0,1498.0,4.0
0.0,0.0,1.0,0.0,132525.0,14.444,2014.0,6.0,141.0,1798.0,4.0
1.0,1.0,0.0,0.0,27000.0,29.9,2025.0,6.0,107.0,1498.0,4.0
1.0,1.0,0.0,0.0,1800.0,46.98,2025.0,6.0,184.0,1993.0,4.0
1.0,1.0,0.0,0.0,62935.0,15.9,2021.0,6.0,98.0,1498.0,5.0
0.0,1.0,0.0,0.0,47533.0,20.875,2019.0,6.0,131.0,1498.0,4.0
1.0,1.0,0.0,0.0,16033.0,23.9,2022.0,6.0,82.0,1.0,5.0
1.0,1.0,0.0,0.0,10.0,34.23,2025.0,6.0,131.0,1498.0,4.0
1.0,1.0,0.0,0.0,79000.0,16.99,2021.0,6.0,98.0,1498.0,4.0
1.0,1.0,0.0,0.0,74000.0,16.99,2021.0,6.0,98.0,1498.0,4.0
1.0,1.0,0.0,0.0,14000.0,30.995,2023.0,6.0,184.0,1993.0,4.0
1.0,1.0,0.0,0.0,1.0,23.3,2025.0,6.0,122.0,1498.0,4.0
1.0,1.0,0.0,0.0,101657.0,25.5,2022.0,6.0,145.0,2275.0,5.0
1.0,1.0,0.0,0.0,6968.0,33.9,2023.0,6.0,82.0,2275.0,5.0
1.0,1.0,0.0,0.0,480.0,25.9,2024.0,6.0,107.0,1498.0,4.0
1.0,1.0,0.0,0.0,111365.0,24.99,2019.0,6.0,145.0,5.0,4.0
1.0,1.0,0.0,0.0,5.0,34.99,2025.0,6.0,107.0,1498.0,4.0
1.0,1.0,0.0,0.0,64567.0,18.9,2021.0,6.0,98.0,1498.0,4.0
1.0,1.0,0.0,0.0,5488.0,34.49,2023.0,6.0,107.0,1498.0,4.0
1.0,1.0,0.0,0.0,5.0,29.99,2025.0,6.0,107.0,1498.0,4.0
1.0,1.0,0.0,0.0,19241.0,38.9,2023.0,6.0,143.0,1993.0,4.0
1.0,1.0,0.0,0.0,19554.0,34.49,2023.0,6.0,132.0,1498.0,4.0
1.0,1.0,0.0,0.0,55000.0,42.99,2022.0,6.0,145.0,1998.0,4.0
1.0,1.0,0.0,0.0,3201.0,20.9,2025.0,6.0,107.0,1498.0,4.0
1.0,1.0,0.0,0.0,17000.0,27.0,2023.0,6.0,184.0,1993.0,5.0
1.0,1.0,0.0,0.0,10.0,35.0,2025.0,6.0,143.0,1993.0,4.0
1.0,0.0,1.0,0.0,181999.0,9.499,2013.0,6.0,121.0,2275.0,5.0
1.0,0.0,1.0,0.0,180200.0,11.99,2015.0,6.0,160.0,2275.0,5.0
0.0,0.0,1.0,0.0,141500.0,16.48,2018.0,6.0,182.0,2275.0,4.0
1.0,0.0,1.0,0.0,129663.0,13.99,2018.0,6.0,121.0,2275.0,5.0
0.0,0.0,1.0,0.0,162000.0,16.99,2019.0,6.0,182.0,2275.0,5.0
0.0,0.0,1.0,0.0,35000.0,18.98,2019.0,6.0,131.0,2275.0,4.0
0.0,1.0,0.0,0.0,106493.0,10.99,2009.0,6.0,141.0,2275.0,5.0
1.0,0.0,1.0,0.0,184000.0,10.99,2013.0,6.0,151.0,2275.0,5.0
0.0,0.0,1.0,0.0,97900.0,19.9,2019.0,6.0,182.0,2275.0,5.0
1.0,1.0,0.0,0.0,109579.0,18.999,2018.0,6.0,162.0,1597.0,5.0
0.0,0.0,1.0,0.0,159100.0,15.48,2018.0,6.0,182.0,1498.0,4.0
1.0,1.0,0.0,0.0,45500.0,34.25,2023.0,6.0,143.0,2275.0,5.0
1.0,1.0,0.0,0.0,51900.0,26.999,2021.0,6.0,147.0,1993.0,5.0
1.0,1.0,0.0,0.0,1820.0,40.98,2025.0,6.0,184.0,1993.0,4.0
1.0,0.0,1.0,0.0,76911.0,19.499,2019.0,6.0,122.0,1597.0,5.0
1.0,1.0,0.0,0.0,1690.0,40.78,2025.0,6.0,184.0,1993.0,4.0
0.0,1.0,0.0,0.0,76500.0,18.78,2022.0,6.0,109.0,1498.0,5.0
1.0,1.0,0.0,0.0,5000.0,29.98,2025.0,6.0,204.0,2275.0,5.0
1.0,1.0,0.0,0.0,10140.0,33.999,2025.0,6.0,109.0,1498.0,5.0
0.0,1.0,0.0,0.0,73500.0,16.0,2014.0,6.0,194.0,2275.0,5.0
0.0,1.0,0.0,0.0,223000.0,5.1,2011.0,6.0,88.0,1339.0,5.0
1.0,0.0,1.0,0.0,187000.0,4.499,2011.0,6.0,150.0,2199.0,4.0
1.0,0.0,1.0,0.0,146654.0,9.99,2013.0,6.0,150.0,2199.0,5.0
0.0,1.0,0.0,0.0,113322.0,6.999,2012.0,6.0,99.0,1339.0,4.0
0.0,1.0,0.0,0.0,59000.0,22.95,2020.0,6.0,193.0,1498.0,4.0
0.0,1.0,0.0,0.0,100000.0,12.49,2010.0,6.0,201.0,2354.0,4.0
0.0,0.0,1.0,0.0,163387.0,5.65,2009.0,6.0,99.0,1339.0,4.0
0.0,1.0,0.0,0.0,199504.0,6.99,2008.0,6.0,156.0,1998.0,4.0
1.0,0.0,1.0,0.0,212200.0,5.95,2009.0,6.0,150.0,2200.0,4.0
0.0,0.0,1.0,0.0,181445.0,6.9,2011.0,6.0,140.0,1799.0,4.0
0.0,1.0,0.0,0.0,65640.0,19.9,2017.0,6.0,155.0,1997.0,4.0
0.0,0.0,1.0,0.0,176387.0,8.25,2008.0,6.0,150.0,1997.0,4.0
0.0,0.0,1.0,0.0,46136.0,12.999,2009.0,6.0,150.0,1997.0,4.0
0.0,1.0,0.0,0.0,219292.0,7.499,2008.0,6.0,150.0,1998.0,4.0
0.0,1.0,0.0,0.0,40999.0,17.69,2021.0,6.0,98.0,1497.0,5.0
1.0,1.0,0.0,0.0,185896.0,14.9,2015.0,6.0,160.0,1597.0,5.0
0.0,1.0,0.0,0.0,59500.0,15.9,2010.0,6.0,166.0,2354.0,4.0
0.0,0.0,1.0,0.0,91000.0,8.95,2012.0,6.0,99.0,1339.0,4.0
0.0,1.0,0.0,0.0,70000.0,23.8,2020.0,6.0,193.0,1498.0,4.0
1.0,1.0,0.0,0.0,38850.0,38.29,2024.0,6.0,184.0,1993.0,4.0
0.0,1.0,0.0,0.0,106145.0,13.795,2016.0,6.0,131.0,1498.0,4.0
0.0,0.0,1.0,0.0,169504.0,11.95,2013.0,6.0,155.0,1997.0,4.0
1.0,1.0,0.0,0.0,2703.0,28.3,2025.0,6.0,131.0,1498.0,4.0
1.0,1.0,0.0,0.0,65844.0,24.49,2019.0,6.0,184.0,1993.0,4.0
0.0,0.0,1.0,0.0,21567.0,18.2,2018.0,6.0,131.0,1498.0,4.0
0.0,0.0,1.0,0.0,88243.0,13.6,2016.0,6.0,131.0,1498.0,4.0
1.0,1.0,0.0,0.0,49041.0,11.5,2009.0,6.0,99.0,1339.0,4.0
0.0,1.0,0.0,0.0,95900.0,13.99,2018.0,6.0,102.0,1318.0,4.0
0.0,1.0,0.0,0.0,82428.0,18.25,2018.0,6.0,129.0,988.0,3.0
1.0,0.0,1.0,0.0,200000.0,9.0,2014.0,6.0,120.0,1600.0,4.0
0.0,0.0,1.0,0.0,82500.0,5.49,2010.0,6.0,90.0,1198.0,4.0
1.0,1.0,0.0,0.0,64206.0,28.75,2020.0,6.0,184.0,1993.0,4.0
0.0,0.0,1.0,0.0,149000.0,4.99,2010.0,6.0,90.0,1198.0,4.0
1.0,1.0,0.0,0.0,50668.0,20.75,2021.0,6.0,109.0,1498.0,4.0
1.0,1.0,0.0,0.0,20830.0,25.25,2025.0,6.0,122.0,1498.0,4.0
1.0,1.0,0.0,0.0,50281.0,17.95,2022.0,6.0,98.0,1498.0,4.0
1.0,1.0,0.0,0.0,6600.0,29.85,2024.0,6.0,107.0,1498.0,4.0
0.0,1.0,0.0,0.0,7000.0,37.85,2023.0,6.0,184.0,1993.0,4.0
0.0,1.0,0.0,0.0,3500.0,27.69,2024.0,6.0,107.0,1498.0,1.0
1.0,1.0,0.0,0.0,10.0,39.99,2025.0,6.0,184.0,1993.0,4.0
1.0,1.0,0.0,0.0,63249.0,17.95,2022.0,6.0,98.0,1498.0,4.0
1.0,1.0,0.0,0.0,8000.0,25.8,2024.0,6.0,107.0,1498.0,4.0
1.0,1.0,0.0,0.0,15.0,38.35,2025.0,6.0,143.0,1993.0,4.0
1.0,1.0,0.0,0.0,5000.0,25.85,2024.0,6.0,107.0,1498.0,4.0
0.0,1.0,0.0,0.0,61000.0,7.5,2016.0,6.0,102.0,1318.0,4.0
0.0,1.0,0.0,0.0,101754.0,9.4,2019.0,6.0,126.0,1000.0,3.0
0.0,1.0,0.0,0.0,56780.0,17.0,2016.0,6.0,31.0,2275.0,5.0
0.0,1.0,0.0,0.0,221433.0,7.9,2018.0,6.0,129.0,988.0,3.0
0.0,0.0,1.0,0.0,63270.0,13.98,2015.0,6.0,155.0,1997.0,4.0
0.0,0.0,1.0,0.0,139676.0,10.869,2018.0,6.0,129.0,988.0,3.0
0.0,1.0,0.0,0.0,59600.0,8.5,2016.0,6.0,102.0,1318.0,4.0
0.0,0.0,1.0,0.0,179988.0,5.999,2009.0,6.0,150.0,1997.0,4.0
0.0,0.0,1.0,0.0,83000.0,14.791,2018.0,6.0,129.0,2275.0,5.0
0.0,0.0,1.0,0.0,155650.0,9.999,2017.0,6.0,131.0,1498.0,4.0
1.0,0.0,1.0,0.0,166581.0,13.98,2017.0,6.0,160.0,1597.0,4.0
0.0,1.0,0.0,0.0,127200.0,7.9,2010.0,6.0,201.0,2354.0,4.0
0.0,1.0,0.0,0.0,110087.0,13.49,2018.0,6.0,132.0,2275.0,5.0
0.0,1.0,0.0,0.0,158845.0,8.95,2009.0,6.0,156.0,1997.0,4.0
0.0,0.0,1.0,0.0,89073.0,9.251,2017.0,6.0,102.0,1318.0,4.0
1.0,1.0,0.0,0.0,500.0,39.002,2023.0,6.0,148.0,1993.0,4.0
0.0,0.0,1.0,0.0,71000.0,5.95,2012.0,6.0,99.0,1339.0,4.0
1.0,1.0,0.0,0.0,10500.0,31.89,2024.0,6.0,184.0,1993.0,4.0
0.0,0.0,1.0,0.0,15653.0,5.9,2023.0,6.0,57.0,2275.0,5.0
1.0,1.0,0.0,0.0,100895.0,20.445,2019.0,6.0,145.0,1993.0,4.0
0.0,1.0,0.0,0.0,191242.0,7.999,2010.0,6.0,156.0,1997.0,4.0
1.0,0.0,1.0,0.0,96963.0,16.5,2021.0,6.0,107.0,1600.0,4.0
0.0,0.0,1.0,0.0,96475.0,6.295,2013.0,6.0,90.0,1198.0,4.0
0.0,1.0,0.0,0.0,35400.0,15.69,2016.0,6.0,131.0,1498.0,4.0
1.0,1.0,0.0,0.0,4513.0,28.98,2025.0,6.0,131.0,1498.0,4.0
1.0,0.0,1.0,0.0,190000.0,8.499,2013.0,6.0,150.0,2199.0,4.0
1.0,1.0,0.0,0.0,35465.0,25.48,2023.0,6.0,145.0,1993.0,4.0
1.0,1.0,0.0,0.0,111900.0,12.99,2013.0,6.0,150.0,2199.0,4.0
0.0,0.0,1.0,0.0,62950.0,7.2,2014.0,6.0,90.0,1198.0,4.0
0.0,0.0,1.0,0.0,58000.0,17.79,2020.0,6.0,182.0,2275.0,5.0
1.0,1.0,0.0,0.0,34000.0,22.5,2022.0,6.0,107.0,1498.0,4.0
0.0,0.0,1.0,0.0,219000.0,4.0,2009.0,6.0,90.0,1396.0,4.0
1.0,0.0,1.0,0.0,199998.0,12.999,2017.0,6.0,160.0,1597.0,5.0
0.0,0.0,1.0,0.0,40560.0,13.9,2011.0,6.0,156.0,1998.0,4.0
1.0,1.0,0.0,0.0,89269.0,17.7,2017.0,6.0,160.0,2275.0,5.0
0.0,0.0,1.0,0.0,149400.0,4.99,2012.0,6.0,90.0,1198.0,4.0
1.0,1.0,0.0,0.0,32000.0,23.5,2022.0,6.0,131.0,1498.0,4.0
1.0,0.0,1.0,0.0,160000.0,7.7,2012.0,6.0,150.0,2199.0,4.0
0.0,0.0,1.0,0.0,157984.0,6.95,2012.0,6.0,135.0,1591.0,4.0
0.0,0.0,1.0,0.0,147783.0,9.9,2015.0,6.0,166.0,1999.0,4.0
0.0,0.0,1.0,0.0,143472.0,4.245,2012.0,6.0,86.0,1248.0,4.0
0.0,0.0,1.0,0.0,164160.0,9.743,2018.0,6.0,120.0,998.0,3.0
1.0,1.0,0.0,0.0,17000.0,15.499,2020.0,6.0,136.0,2275.0,5.0
0.0,0.0,1.0,0.0,10.0,13.95,2025.0,6.0,79.0,1198.0,5.0
0.0,0.0,1.0,0.0,10.0,15.95,2025.0,6.0,79.0,1198.0,5.0
1.0,1.0,0.0,0.0,22635.0,17.98,2020.0,6.0,163.0,2275.0,5.0
0.0,0.0,1.0,0.0,40000.0,14.49,2023.0,6.0,99.0,998.0,3.0
0.0,0.0,1.0,0.0,33400.0,13.9,2020.0,6.0,110.0,1498.0,5.0
1.0,1.0,0.0,0.0,203000.0,10.77,2016.0,6.0,136.0,1995.0,4.0
1.0,0.0,1.0,0.0,38400.0,20.99,2022.0,6.0,150.0,2497.0,4.0
0.0,1.0,0.0,0.0,22250.0,16.999,2021.0,6.0,120.0,998.0,3.0
0.0,0.0,1.0,0.0,39983.0,8.99,2020.0,6.0,67.0,998.0,3.0
0.0,0.0,1.0,0.0,42800.0,13.79,2011.0,6.0,213.0,1998.0,4.0
0.0,0.0,1.0,0.0,160525.0,3.999,2012.0,6.0,90.0,1396.0,4.0
0.0,0.0,1.0,0.0,116998.0,10.99,2019.0,6.0,120.0,998.0,3.0
0.0,0.0,1.0,0.0,9612.0,23.77,2023.0,6.0,150.0,1598.0,5.0
1.0,1.0,0.0,0.0,25000.0,35.89,2024.0,6.0,215.0,1598.0,4.0
0.0,0.0,1.0,0.0,54869.0,10.47,2022.0,6.0,84.0,1197.0,5.0
1.0,1.0,0.0,0.0,94049.0,12.999,2018.0,6.0,105.0,1580.0,4.0
1.0,1.0,0.0,0.0,27000.0,19.98,2023.0,6.0,141.0,1580.0,4.0
0.0,0.0,1.0,0.0,10.0,19.95,2025.0,6.0,101.0,999.0,5.0
0.0,0.0,1.0,0.0,167550.0,4.49,2009.0,6.0,141.0,1975.0,4.0
0.0,0.0,1.0,0.0,193872.0,6.45,2013.0,6.0,135.0,1591.0,4.0
0.0,0.0,1.0,0.0,39022.0,12.19,2021.0,6.0,101.0,998.0,5.0
0.0,0.0,1.0,0.0,90854.0,6.499,2011.0,6.0,90.0,1396.0,4.0
0.0,0.0,1.0,0.0,10.0,22.48,2023.0,6.0,120.0,998.0,3.0
0.0,0.0,1.0,0.0,139341.0,8.9,2012.0,6.0,135.0,1591.0,4.0
1.0,1.0,0.0,0.0,37835.0,23.97,2022.0,6.0,235.0,2275.0,5.0
0.0,0.0,1.0,0.0,67000.0,21.49,2021.0,6.0,179.0,1598.0,4.0
0.0,0.0,1.0,0.0,163924.0,2.45,2008.0,6.0,97.0,1399.0,4.0
1.0,0.0,1.0,0.0,83783.0,17.42,2019.0,6.0,136.0,1598.0,4.0
0.0,0.0,1.0,0.0,90000.0,11.79,2019.0,6.0,120.0,2275.0,3.0
0.0,1.0,0.0,0.0,62786.0,21.9,2021.0,6.0,150.0,1591.0,5.0
0.0,0.0,1.0,0.0,40879.0,15.5,2023.0,6.0,99.0,998.0,5.0
0.0,1.0,0.0,0.0,10.0,30.99,2025.0,6.0,150.0,1598.0,4.0
0.0,0.0,1.0,0.0,85260.0,14.412,2020.0,6.0,120.0,998.0,5.0
0.0,1.0,0.0,0.0,1526.0,22.97,2023.0,6.0,199.0,1598.0,5.0
0.0,1.0,0.0,0.0,10.0,15.97,2025.0,6.0,63.0,998.0,3.0
0.0,0.0,1.0,0.0,64450.0,23.99,2022.0,6.0,204.0,1598.0,4.0
0.0,1.0,0.0,0.0,23843.0,16.99,2022.0,6.0,101.0,2275.0,5.0
0.0,0.0,1.0,0.0,10.0,16.55,2024.0,6.0,101.0,998.0,3.0
0.0,0.0,1.0,0.0,84992.0,12.99,2020.0,6.0,99.0,1368.0,4.0
1.0,0.0,1.0,0.0,5265.0,21.89,2025.0,6.0,99.0,998.0,3.0
0.0,0.0,1.0,0.0,145591.0,11.8,2018.0,6.0,132.0,1591.0,4.0
0.0,1.0,0.0,0.0,33600.0,16.995,2022.0,6.0,101.0,998.0,3.0
0.0,1.0,0.0,0.0,10.0,15.98,2025.0,6.0,63.0,998.0,3.0
1.0,1.0,0.0,0.0,21258.0,22.99,2023.0,6.0,170.0,2275.0,5.0
0.0,0.0,1.0,0.0,24484.0,10.99,2020.0,6.0,101.0,2275.0,5.0
0.0,0.0,1.0,0.0,201496.0,6.495,2011.0,6.0,163.0,1998.0,4.0
0.0,1.0,0.0,0.0,18695.0,20.99,2022.0,6.0,199.0,1598.0,4.0
1.0,1.0,0.0,0.0,61538.0,14.345,2020.0,6.0,136.0,2275.0,5.0
0.0,0.0,1.0,0.0,91417.0,14.48,2017.0,6.0,177.0,1591.0,4.0
1.0,1.0,0.0,0.0,38588.0,36.98,2023.0,6.0,230.0,1598.0,4.0
1.0,1.0,0.0,0.0,21258.0,22.99,2023.0,6.0,170.0,2275.0,5.0
1.0,1.0,0.0,0.0,30350.0,15.99,2021.0,6.0,136.0,2275.0,5.0
0.0,0.0,1.0,0.0,85944.0,16.9,2020.0,6.0,132.0,1591.0,4.0
0.0,1.0,0.0,0.0,71000.0,24.99,2022.0,6.0,150.0,1598.0,4.0
0.0,0.0,1.0,0.0,131500.0,11.49,2018.0,6.0,140.0,1353.0,5.0
0.0,0.0,1.0,0.0,38325.0,7.99,2019.0,6.0,67.0,998.0,3.0
1.0,1.0,0.0,0.0,11613.0,49.888,2025.0,6.0,215.0,1598.0,4.0
1.0,0.0,1.0,0.0,53763.0,17.9,2019.0,6.0,116.0,1598.0,5.0
0.0,0.0,1.0,0.0,182149.0,10.999,2015.0,6.0,132.0,1591.0,4.0
1.0,1.0,0.0,0.0,70334.0,23.99,2021.0,6.0,179.0,1598.0,4.0
0.0,1.0,0.0,0.0,132123.0,9.949,2011.0,6.0,163.0,1998.0,4.0
0.0,0.0,1.0,0.0,110856.0,11.4,2018.0,6.0,120.0,998.0,5.0
0.0,0.0,1.0,0.0,64612.0,13.99,2022.0,6.0,120.0,998.0,3.0
0.0,0.0,1.0,0.0,110400.0,8.299,2016.0,6.0,101.0,1368.0,5.0
0.0,0.0,1.0,0.0,8000.0,15.801,2025.0,6.0,101.0,998.0,3.0
0.0,0.0,1.0,0.0,113021.0,16.95,2019.0,6.0,177.0,1591.0,4.0
0.0,0.0,1.0,0.0,64612.0,13.99,2022.0,6.0,120.0,998.0,3.0
0.0,0.0,1.0,0.0,40000.0,15.99,2020.0,6.0,140.0,1353.0,4.0
0.0,1.0,0.0,0.0,44000.0,15.99,2022.0,6.0,101.0,998.0,3.0
0.0,1.0,0.0,0.0,23820.0,10.99,2018.0,6.0,67.0,998.0,3.0
1.0,1.0,0.0,0.0,71084.0,15.95,2022.0,6.0,101.0,998.0,3.0
1.0,1.0,0.0,0.0,105000.0,16.9,2018.0,6.0,141.0,1685.0,4.0
0.0,0.0,1.0,0.0,121000.0,15.99,2018.0,6.0,177.0,1599.0,4.0
0.0,1.0,0.0,0.0,10.0,34.32,2025.0,6.0,239.0,1598.0,4.0
0.0,0.0,1.0,0.0,57801.0,16.99,2019.0,6.0,132.0,1591.0,4.0
1.0,1.0,0.0,0.0,43491.0,21.49,2021.0,6.0,170.0,2275.0,5.0
0.0,0.0,1.0,0.0,10.0,25.98,2025.0,6.0,160.0,1598.0,5.0
0.0,0.0,1.0,0.0,5.0,19.91,2025.0,6.0,101.0,998.0,5.0
1.0,1.0,0.0,0.0,25836.0,20.99,2022.0,6.0,204.0,2275.0,5.0
1.0,1.0,0.0,0.0,38000.0,20.9,2021.0,6.0,159.0,1482.0,4.0
0.0,1.0,0.0,0.0,28376.0,21.94,2024.0,6.0,140.0,1482.0,5.0
0.0,0.0,1.0,0.0,57166.0,11.45,2019.0,6.0,75.0,1248.0,5.0
0.0,0.0,1.0,0.0,34282.0,14.37,2023.0,6.0,101.0,998.0,3.0
1.0,1.0,0.0,0.0,27723.0,24.47,2022.0,6.0,218.0,2275.0,5.0
0.0,0.0,1.0,0.0,81914.0,12.89,2022.0,6.0,120.0,998.0,3.0
1.0,1.0,0.0,0.0,99.0,25.895,2023.0,6.0,141.0,1580.0,4.0
1.0,0.0,1.0,0.0,132952.0,9.95,2013.0,6.0,136.0,1995.0,5.0
1.0,1.0,0.0,0.0,22061.0,30.27,2023.0,6.0,228.0,2275.0,5.0
1.0,1.0,0.0,0.0,60000.0,23.99,2021.0,6.0,136.0,2275.0,5.0
0.0,0.0,1.0,0.0,65418.0,16.95,2020.0,6.0,120.0,998.0,3.0
0.0,1.0,0.0,0.0,12900.0,21.9,2024.0,6.0,101.0,998.0,3.0
1.0,1.0,0.0,0.0,44590.0,22.22,2022.0,6.0,235.0,2275.0,5.0
1.0,1.0,0.0,0.0,33686.0,28.67,2023.0,6.0,228.0,2275.0,5.0
0.0,0.0,1.0,0.0,10.0,26.9,2024.0,6.0,150.0,1598.0,4.0
1.0,1.0,0.0,0.0,129400.0,20.985,2021.0,6.0,136.0,1598.0,4.0
1.0,1.0,0.0,0.0,23000.0,22.9,2023.0,6.0,204.0,2275.0,5.0
1.0,1.0,0.0,0.0,39208.0,23.9,2022.0,6.0,170.0,2275.0,5.0
1.0,1.0,0.0,0.0,10.0,36.89,2025.0,6.0,215.0,1598.0,4.0
0.0,0.0,1.0,0.0,72415.0,14.49,2021.0,6.0,120.0,2275.0,5.0
0.0,1.0,0.0,0.0,10.0,30.99,2025.0,6.0,159.0,1598.0,4.0
0.0,0.0,1.0,0.0,82407.0,13.875,2022.0,6.0,120.0,998.0,3.0
0.0,0.0,1.0,0.0,14500.0,23.444,2024.0,6.0,140.0,1482.0,5.0
0.0,0.0,1.0,0.0,9000.0,22.65,2024.0,6.0,120.0,999.0,5.0
0.0,0.0,1.0,0.0,31000.0,13.99,2022.0,6.0,101.0,998.0,3.0
0.0,0.0,1.0,0.0,62067.0,12.99,2021.0,6.0,101.0,998.0,5.0
1.0,1.0,0.0,0.0,5.0,37.92,2025.0,6.0,215.0,1598.0,4.0
0.0,0.0,1.0,0.0,28828.0,12.49,2022.0,6.0,67.0,2275.0,5.0
0.0,0.0,1.0,0.0,54000.0,15.99,2023.0,6.0,120.0,998.0,3.0
0.0,0.0,1.0,0.0,29971.0,15.8,2022.0,6.0,101.0,998.0,4.0
1.0,1.0,0.0,0.0,40531.0,19.99,2019.0,6.0,204.0,2275.0,5.0
1.0,1.0,0.0,0.0,183007.0,19.98,2019.0,6.0,200.0,2199.0,5.0
1.0,1.0,0.0,0.0,20.0,38.55,2025.0,6.0,215.0,1598.0,4.0
0.0,0.0,1.0,0.0,19489.0,16.98,2024.0,6.0,120.0,998.0,3.0
0.0,0.0,1.0,0.0,10.0,16.88,2025.0,6.0,97.0,1498.0,5.0
1.0,1.0,0.0,0.0,57536.0,19.4,2020.0,6.0,141.0,1580.0,4.0
1.0,0.0,1.0,0.0,43358.0,22.4,2023.0,6.0,136.0,1598.0,4.0
0.0,0.0,1.0,0.0,57138.0,11.99,2021.0,6.0,84.0,1197.0,5.0
1.0,1.0,0.0,0.0,1000.0,24.99,2025.0,6.0,141.0,1580.0,5.0
1.0,0.0,1.0,0.0,183000.0,2.99,2009.0,6.0,90.0,1582.0,4.0
0.0,1.0,0.0,0.0,9013.0,24.99,2024.0,6.0,120.0,998.0,5.0
0.0,0.0,1.0,0.0,51226.0,12.39,2023.0,6.0,101.0,998.0,3.0
0.0,1.0,0.0,0.0,8200.0,30.89,2024.0,6.0,215.0,1598.0,4.0
0.0,1.0,0.0,0.0,10.0,31.99,2025.0,6.0,160.0,1598.0,4.0
0.0,0.0,1.0,0.0,10.0,16.55,2025.0,6.0,101.0,998.0,5.0
0.0,0.0,1.0,0.0,10.0,23.49,2025.0,6.0,137.0,1598.0,4.0
1.0,0.0,0.0,1.0,95776.0,17.444,2020.0,6.0,105.0,1580.0,4.0
0.0,1.0,0.0,0.0,0.0,29.69,2025.0,6.0,160.0,1598.0,5.0
1.0,1.0,0.0,0.0,15000.0,48.9,2024.0,6.0,215.0,1598.0,4.0
1.0,1.0,0.0,0.0,63075.0,19.95,2022.0,6.0,136.0,2275.0,5.0
0.0,0.0,1.0,0.0,2952.0,16.99,2025.0,6.0,79.0,1198.0,3.0
0.0,1.0,0.0,0.0,60000.0,26.99,2022.0,6.0,150.0,1598.0,4.0
1.0,1.0,0.0,0.0,12600.0,22.98,2023.0,6.0,163.0,2275.0,5.0
0.0,0.0,1.0,0.0,81500.0,11.9,2018.0,6.0,99.0,1368.0,4.0
1.0,1.0,0.0,0.0,53756.0,24.9,2023.0,6.0,230.0,1598.0,4.0
1.0,1.0,0.0,0.0,34500.0,18.99,2020.0,6.0,204.0,2275.0,5.0
0.0,0.0,1.0,0.0,32048.0,15.48,2024.0,6.0,101.0,998.0,3.0
1.0,1.0,0.0,0.0,90192.0,16.7,2021.0,6.0,204.0,2275.0,5.0
1.0,1.0,0.0,0.0,10.0,32.29,2025.0,6.0,239.0,1598.0,4.0
0.0,0.0,1.0,0.0,117000.0,10.99,2017.0,6.0,101.0,1396.0,4.0
1.0,0.0,1.0,0.0,10.0,16.99,2025.0,6.0,77.0,1197.0,4.0
0.0,1.0,0.0,0.0,27300.0,13.99,2020.0,6.0,84.0,1197.0,4.0
0.0,1.0,0.0,0.0,162242.0,17.8,2021.0,6.0,150.0,1598.0,4.0
0.0,0.0,1.0,0.0,94218.0,15.999,2018.0,6.0,132.0,1591.0,4.0
0.0,0.0,1.0,0.0,76715.0,22.49,2021.0,6.0,179.0,1598.0,4.0
0.0,0.0,1.0,0.0,21420.0,18.67,2021.0,6.0,120.0,998.0,3.0
0.0,0.0,1.0,0.0,22247.0,12.99,2022.0,6.0,67.0,2275.0,5.0
1.0,1.0,0.0,0.0,29604.0,26.89,2023.0,6.0,179.0,1598.0,5.0
1.0,1.0,0.0,0.0,39131.0,29.989,2023.0,6.0,228.0,2275.0,5.0
0.0,0.0,1.0,0.0,38698.0,14.29,2023.0,6.0,101.0,998.0,3.0
1.0,1.0,0.0,0.0,19650.0,37.95,2025.0,6.0,215.0,1598.0,4.0
0.0,0.0,1.0,0.0,139639.0,9.65,2016.0,6.0,135.0,1591.0,5.0
1.0,1.0,0.0,0.0,10.0,30.48,2023.0,6.0,230.0,1598.0,4.0
0.0,0.0,1.0,0.0,97915.0,19.98,2021.0,6.0,150.0,1598.0,4.0
1.0,1.0,0.0,0.0,10.0,36.29,2025.0,6.0,215.0,1598.0,4.0
0.0,0.0,1.0,0.0,101700.0,13.49,2018.0,6.0,120.0,998.0,3.0
0.0,0.0,1.0,0.0,10.0,26.885,2025.0,6.0,140.0,1482.0,4.0
0.0,0.0,1.0,0.0,194625.0,9.95,2017.0,6.0,131.0,2275.0,5.0
1.0,1.0,0.0,0.0,10.0,32.29,2025.0,6.0,239.0,1598.0,4.0
0.0,0.0,1.0,0.0,40100.0,22.598,2023.0,6.0,150.0,1598.0,4.0
1.0,1.0,0.0,0.0,59710.0,19.444,2021.0,6.0,141.0,1580.0,4.0
1.0,1.0,0.0,0.0,15744.0,33.989,2024.0,6.0,215.0,1598.0,5.0
0.0,1.0,0.0,0.0,68000.0,17.99,2019.0,6.0,140.0,1368.0,4.0
0.0,0.0,1.0,0.0,10.0,26.98,2025.0,6.0,160.0,1598.0,5.0
1.0,1.0,0.0,0.0,80.0,28.99,2025.0,6.0,92.0,1580.0,4.0
0.0,0.0,1.0,0.0,20.0,26.77,2025.0,6.0,160.0,1598.0,5.0
0.0,1.0,0.0,0.0,48400.0,25.99,2021.0,6.0,179.0,1598.0,4.0
1.0,1.0,0.0,0.0,46.0,31.99,2025.0,6.0,215.0,1598.0,4.0
1.0,1.0,0.0,0.0,60917.0,21.9,2021.0,6.0,230.0,1598.0,4.0
1.0,1.0,0.0,0.0,10.0,34.99,2024.0,6.0,136.0,1598.0,5.0
1.0,1.0,0.0,0.0,23609.0,33.989,2024.0,6.0,215.0,1598.0,5.0
0.0,0.0,1.0,0.0,149816.0,3.95,2010.0,6.0,101.0,1396.0,4.0
1.0,0.0,1.0,0.0,118604.0,8.9,2011.0,6.0,116.0,1685.0,5.0
1.0,1.0,0.0,0.0,162242.0,17.8,2021.0,6.0,150.0,1598.0,4.0
1.0,1.0,0.0,0.0,86074.0,16.999,2020.0,6.0,204.0,2275.0,5.0
1.0,1.0,0.0,0.0,10.0,29.89,2025.0,6.0,137.0,1580.0,5.0
1.0,1.0,0.0,0.0,37409.0,25.8,2022.0,6.0,230.0,1598.0,4.0
1.0,1.0,0.0,0.0,2500.0,37.48,2025.0,6.0,228.0,2275.0,5.0
1.0,1.0,0.0,0.0,39131.0,29.99,2023.0,6.0,228.0,2275.0,5.0
1.0,1.0,0.0,0.0,77000.0,21.49,2021.0,6.0,179.0,1598.0,4.0
0.0,0.0,1.0,0.0,9463.0,16.295,2024.0,6.0,101.0,998.0,3.0
0.0,0.0,1.0,0.0,54049.0,18.25,2021.0,6.0,120.0,998.0,3.0
0.0,0.0,1.0,0.0,10.0,22.23,2025.0,6.0,101.0,998.0,5.0
0.0,0.0,1.0,0.0,12.0,17.99,2025.0,6.0,101.0,998.0,3.0
1.0,0.0,1.0,0.0,79393.0,13.98,2018.0,6.0,105.0,1580.0,4.0
0.0,1.0,0.0,0.0,136701.0,17.95,2018.0,6.0,177.0,1591.0,4.0
0.0,0.0,1.0,0.0,19260.0,16.589,2024.0,6.0,120.0,998.0,3.0
0.0,0.0,1.0,0.0,75500.0,10.5,2016.0,6.0,101.0,1368.0,4.0
1.0,1.0,0.0,0.0,10.0,31.99,2025.0,6.0,239.0,1598.0,4.0
0.0,1.0,0.0,0.0,10.0,29.426,2025.0,6.0,160.0,1598.0,5.0
0.0,1.0,0.0,0.0,106265.0,14.88,2016.0,6.0,165.0,1999.0,5.0
0.0,0.0,1.0,0.0,10.0,17.99,2025.0,6.0,101.0,998.0,3.0
0.0,1.0,0.0,0.0,16412.0,26.9,2023.0,6.0,150.0,1598.0,4.0
1.0,1.0,0.0,0.0,106132.0,29.99,2022.0,6.0,230.0,1598.0,4.0
0.0,0.0,1.0,0.0,12.0,17.99,2025.0,6.0,101.0,998.0,3.0
1.0,1.0,0.0,0.0,13100.0,24.76,2023.0,6.0,141.0,1580.0,4.0
0.0,1.0,0.0,0.0,21800.0,14.99,2022.0,6.0,84.0,1197.0,4.0
0.0,0.0,1.0,0.0,53214.0,10.5,2019.0,6.0,120.0,998.0,5.0
0.0,0.0,1.0,0.0,1871.0,17.333,2025.0,6.0,101.0,998.0,3.0
0.0,0.0,1.0,0.0,10.0,17.52,2025.0,6.0,97.0,1498.0,5.0
1.0,1.0,0.0,0.0,48713.0,18.9,2021.0,6.0,141.0,1580.0,4.0
1.0,1.0,0.0,0.0,9250.0,33.99,2024.0,6.0,228.0,2275.0,5.0
0.0,0.0,1.0,0.0,91000.0,15.47,2017.0,6.0,177.0,1591.0,5.0
0.0,1.0,0.0,0.0,100675.0,10.95,2012.0,6.0,163.0,1998.0,4.0
0.0,0.0,1.0,0.0,38343.0,18.69,2021.0,6.0,120.0,998.0,3.0
1.0,0.0,1.0,0.0,83601.0,8.29,2015.0,6.0,90.0,1396.0,5.0
0.0,0.0,1.0,0.0,20510.0,14.95,2023.0,6.0,101.0,998.0,3.0
1.0,1.0,0.0,0.0,10.0,36.17,2025.0,6.0,238.0,1598.0,4.0
0.0,1.0,0.0,0.0,5400.0,24.9,2024.0,6.0,140.0,1482.0,5.0
1.0,1.0,0.0,0.0,10.0,29.33,2025.0,6.0,179.0,1598.0,5.0
0.0,0.0,1.0,0.0,29100.0,14.99,2022.0,6.0,101.0,998.0,3.0
1.0,1.0,0.0,0.0,32500.0,27.444,2022.0,6.0,218.0,2275.0,5.0
1.0,1.0,0.0,0.0,10.0,43.98,2025.0,6.0,215.0,1598.0,4.0
0.0,0.0,1.0,0.0,71105.0,15.39,2019.0,6.0,177.0,1591.0,5.0
1.0,1.0,0.0,0.0,47995.0,26.29,2021.0,6.0,230.0,1598.0,4.0
0.0,0.0,1.0,0.0,107736.0,12.59,2021.0,6.0,101.0,998.0,3.0
1.0,1.0,0.0,0.0,10.0,38.98,2025.0,6.0,239.0,1598.0,4.0
1.0,0.0,1.0,0.0,54800.0,18.5,2021.0,6.0,116.0,1598.0,4.0
1.0,1.0,0.0,0.0,35738.0,19.48,2020.0,6.0,204.0,2275.0,5.0
0.0,0.0,1.0,0.0,15.0,19.89,2024.0,6.0,101.0,998.0,3.0
0.0,0.0,1.0,0.0,104092.0,17.955,2023.0,6.0,150.0,1598.0,4.0
1.0,1.0,0.0,0.0,45771.0,29.99,2023.0,6.0,136.0,1598.0,5.0
1.0,1.0,0.0,0.0,101204.0,15.9,2020.0,6.0,204.0,2275.0,5.0
0.0,1.0,0.0,0.0,63000.0,13.9,2023.0,6.0,67.0,998.0,3.0
0.0,0.0,1.0,0.0,83500.0,13.875,2022.0,6.0,120.0,998.0,3.0
1.0,1.0,0.0,0.0,45625.0,25.42,2022.0,6.0,179.0,1598.0,4.0
0.0,1.0,0.0,0.0,28614.0,14.39,2022.0,6.0,67.0,998.0,5.0
0.0,0.0,1.0,0.0,30948.0,15.48,2024.0,6.0,101.0,998.0,3.0
0.0,0.0,1.0,0.0,10.0,27.74,2025.0,6.0,160.0,1598.0,5.0
0.0,0.0,1.0,0.0,5.0,20.41,2025.0,6.0,101.0,998.0,5.0
0.0,0.0,1.0,0.0,68000.0,25.8,2022.0,6.0,204.0,1598.0,4.0
1.0,1.0,0.0,0.0,64457.0,13.99,2015.0,6.0,163.0,2179.0,5.0
1.0,0.0,1.0,0.0,130000.0,14.785,2018.0,6.0,150.0,1999.0,4.0
1.0,0.0,1.0,0.0,98465.0,18.6,2021.0,6.0,163.0,1997.0,4.0
1.0,0.0,1.0,0.0,76622.0,19.9,2021.0,6.0,163.0,1998.0,4.0
0.0,1.0,0.0,0.0,38600.0,18.985,2018.0,6.0,200.0,1999.0,4.0
1.0,1.0,0.0,0.0,139800.0,16.985,2020.0,6.0,150.0,1999.0,4.0
1.0,1.0,0.0,0.0,94008.0,27.9,2021.0,6.0,204.0,1998.0,5.0
1.0,0.0,1.0,0.0,156000.0,16.0,2018.0,6.0,150.0,1999.0,4.0
1.0,1.0,0.0,0.0,120000.0,18.585,2020.0,6.0,150.0,1999.0,4.0
1.0,1.0,0.0,0.0,89445.0,33.5,2023.0,6.0,204.0,1997.0,5.0
1.0,1.0,0.0,0.0,121910.0,21.99,2017.0,6.0,241.0,1999.0,4.0
0.0,1.0,0.0,0.0,119793.0,10.44,2011.0,6.0,238.0,2967.0,6.0
1.0,1.0,0.0,0.0,53000.0,18.9,2019.0,6.0,181.0,1999.0,5.0
1.0,0.0,1.0,0.0,111815.0,17.9,2020.0,6.0,150.0,1998.0,4.0
1.0,1.0,0.0,0.0,120142.0,24.85,2022.0,6.0,204.0,1998.0,4.0
0.0,1.0,0.0,0.0,189041.0,14.95,2018.0,6.0,200.0,1997.0,4.0
1.0,1.0,0.0,0.0,142521.0,12.999,2018.0,6.0,163.0,1999.0,4.0
1.0,1.0,0.0,0.0,33639.0,36.5,2023.0,6.0,163.0,1998.0,5.0
1.0,1.0,0.0,0.0,200000.0,11.0,2015.0,6.0,203.0,2275.0,5.0
1.0,1.0,0.0,0.0,21669.0,28.832,2020.0,6.0,179.0,1999.0,4.0
1.0,1.0,0.0,0.0,100533.0,32.9,2023.0,6.0,204.0,1997.0,5.0
1.0,1.0,0.0,0.0,62361.0,27.5,2021.0,6.0,163.0,1998.0,5.0
1.0,1.0,0.0,0.0,99978.0,24.5,2021.0,6.0,163.0,1998.0,5.0
1.0,0.0,1.0,0.0,120472.0,18.2,2020.0,6.0,150.0,1999.0,4.0
1.0,1.0,0.0,0.0,117421.0,31.9,2023.0,6.0,204.0,1997.0,5.0
1.0,1.0,0.0,0.0,61000.0,21.99,2018.0,6.0,239.0,2275.0,5.0
1.0,1.0,0.0,0.0,86000.0,17.99,2017.0,6.0,179.0,2275.0,5.0
1.0,1.0,0.0,0.0,124397.0,17.974,2020.0,6.0,150.0,2275.0,5.0
0.0,1.0,0.0,0.0,89000.0,20.99,2016.0,6.0,200.0,2275.0,5.0
0.0,1.0,0.0,0.0,139510.0,11.95,2009.0,6.0,238.0,2967.0,6.0
1.0,0.0,1.0,0.0,32479.0,26.9,2021.0,6.0,150.0,1999.0,4.0
1.0,1.0,0.0,0.0,93169.0,27.5,2022.0,6.0,163.0,1998.0,5.0
1.0,1.0,0.0,0.0,56685.0,34.99,2022.0,6.0,200.0,1498.0,5.0
1.0,1.0,0.0,0.0,63996.0,33.124,2021.0,6.0,179.0,1999.0,4.0
1.0,0.0,1.0,0.0,92265.0,21.8,2019.0,6.0,150.0,1999.0,4.0
1.0,0.0,1.0,0.0,58587.0,26.85,2021.0,6.0,150.0,1999.0,4.0
1.0,0.0,1.0,0.0,90200.0,23.1,2019.0,6.0,150.0,1999.0,4.0
1.0,0.0,1.0,0.0,52212.0,35.5,2021.0,6.0,150.0,1999.0,5.0
1.0,1.0,0.0,0.0,158000.0,24.986,2019.0,6.0,179.0,1999.0,5.0
1.0,1.0,0.0,0.0,130000.0,14.99,2018.0,6.0,151.0,2275.0,5.0
1.0,1.0,0.0,0.0,193000.0,11.49,2017.0,6.0,163.0,1999.0,5.0
1.0,1.0,0.0,0.0,51935.0,12.999,2011.0,6.0,211.0,2275.0,5.0
1.0,1.0,0.0,0.0,182000.0,16.99,2016.0,6.0,179.0,1999.0,5.0
1.0,1.0,0.0,0.0,179505.0,16.99,2019.0,6.0,179.0,2275.0,5.0
1.0,0.0,1.0,0.0,57167.0,16.49,2019.0,6.0,151.0,2.0,5.0
1.0,1.0,0.0,0.0,116302.0,12.99,2008.0,6.0,209.0,2720.0,5.0
1.0,1.0,0.0,0.0,220000.0,7.0,2009.0,6.0,208.0,2275.0,5.0
1.0,1.0,0.0,0.0,90000.0,19.99,2017.0,6.0,239.0,2275.0,5.0
1.0,1.0,0.0,0.0,87845.0,22.99,2019.0,6.0,182.0,1999.0,5.0
1.0,1.0,0.0,0.0,152850.0,16.49,2017.0,6.0,179.0,2275.0,5.0
1.0,0.0,1.0,0.0,119000.0,13.99,2015.0,6.0,181.0,2275.0,5.0
1.0,0.0,1.0,0.0,105000.0,16.49,2019.0,6.0,151.0,2275.0,5.0
1.0,1.0,0.0,0.0,83500.0,19.49,2015.0,6.0,222.0,2275.0,5.0
1.0,1.0,0.0,0.0,158200.0,18.9,2020.0,6.0,181.0,2275.0,5.0
1.0,0.0,1.0,0.0,90142.0,18.99,2018.0,6.0,152.0,1999.0,5.0
1.0,1.0,0.0,0.0,117080.0,19.99,2018.0,6.0,182.0,1999.0,5.0
1.0,1.0,0.0,0.0,120500.0,19.99,2018.0,6.0,181.0,2275.0,5.0
1.0,1.0,0.0,0.0,100000.0,32.475,2021.0,6.0,204.0,1998.0,4.0
0.0,1.0,0.0,0.0,78500.0,29.99,2022.0,6.0,200.0,2275.0,5.0
1.0,1.0,0.0,0.0,22400.0,48.999,2024.0,6.0,207.0,1997.0,5.0
1.0,1.0,0.0,0.0,101000.0,21.98,2017.0,6.0,179.0,2275.0,5.0
0.0,1.0,0.0,0.0,104500.0,14.99,2013.0,6.0,241.0,2275.0,5.0
1.0,1.0,0.0,0.0,85500.0,25.99,2018.0,6.0,241.0,2275.0,5.0
0.0,1.0,0.0,0.0,66156.0,27.99,2021.0,6.0,203.0,1997.0,5.0
1.0,1.0,0.0,0.0,128880.0,20.99,2018.0,6.0,182.0,1999.0,5.0
1.0,1.0,0.0,0.0,74300.0,29.9,2019.0,6.0,182.0,1999.0,5.0
1.0,1.0,0.0,0.0,79678.0,28.999,2021.0,6.0,166.0,1997.0,5.0
1.0,1.0,0.0,0.0,91500.0,29.9,2020.0,6.0,182.0,1999.0,5.0
1.0,0.0,1.0,0.0,10000.0,33.9,2022.0,6.0,163.0,1997.0,4.0
1.0,1.0,0.0,0.0,124800.0,14.875,2018.0,6.0,179.0,1999.0,4.0
1.0,1.0,0.0,0.0,87000.0,19.99,2018.0,6.0,179.0,1999.0,4.0
1.0,1.0,0.0,0.0,172000.0,9.788,2015.0,6.0,179.0,1999.0,4.0
1.0,1.0,0.0,0.0,89000.0,15.99,2017.0,6.0,179.0,1999.0,4.0
1.0,1.0,0.0,0.0,89400.0,21.95,2019.0,6.0,179.0,1999.0,4.0
1.0,1.0,0.0,0.0,123500.0,19.99,2019.0,6.0,241.0,1999.0,4.0
0.0,1.0,0.0,0.0,160000.0,9.99,2013.0,6.0,241.0,1999.0,4.0
1.0,0.0,1.0,0.0,117305.0,17.49,2019.0,6.0,150.0,1999.0,4.0
1.0,1.0,0.0,0.0,173377.0,8.47,2013.0,6.0,200.0,2179.0,4.0
0.0,1.0,0.0,0.0,52838.0,24.49,2020.0,6.0,200.0,1997.0,4.0
1.0,1.0,0.0,0.0,152748.0,11.99,2016.0,6.0,163.0,1999.0,4.0
0.0,0.0,1.0,0.0,109000.0,16.29,2019.0,6.0,150.0,2275.0,5.0
1.0,1.0,0.0,0.0,165000.0,20.299,2019.0,6.0,241.0,1999.0,5.0
1.0,1.0,0.0,0.0,17864.0,40.8,2023.0,6.0,204.0,1998.0,4.0
1.0,1.0,0.0,0.0,127700.0,23.999,2018.0,6.0,241.0,1999.0,4.0
1.0,1.0,0.0,0.0,36000.0,32.99,2021.0,6.0,200.0,1498.0,5.0
1.0,1.0,0.0,0.0,75500.0,24.9,2020.0,6.0,179.0,1999.0,4.0
1.0,1.0,0.0,0.0,224903.0,1.188,2010.0,6.0,145.0,2198.0,4.0
1.0,1.0,0.0,0.0,209000.0,8.98,2019.0,6.0,241.0,1999.0,4.0
1.0,1.0,0.0,0.0,202114.0,6.85,2014.0,6.0,163.0,2178.0,5.0
1.0,1.0,0.0,0.0,224903.0,1.188,2010.0,6.0,145.0,2198.0,4.0
1.0,1.0,0.0,0.0,145000.0,5.5,2010.0,6.0,145.0,2198.0,4.0
0.0,0.0,1.0,0.0,7000.0,15.38,2024.0,6.0,101.0,1199.0,3.0
0.0,0.0,1.0,0.0,19757.0,16.985,2023.0,6.0,101.0,1199.0,3.0
0.0,0.0,1.0,0.0,9.0,18.9,2025.0,6.0,101.0,1199.0,3.0
0.0,1.0,0.0,0.0,172217.0,17.0,2015.0,6.0,204.0,2275.0,5.0
0.0,0.0,1.0,0.0,10.0,18.99,2025.0,6.0,99.0,1198.0,5.0
0.0,0.0,1.0,0.0,1.0,19.5,2025.0,6.0,101.0,1199.0,3.0
0.0,0.0,1.0,0.0,53219.0,15.445,2023.0,6.0,101.0,1199.0,3.0
0.0,0.0,1.0,0.0,18900.0,18.95,2024.0,6.0,101.0,1199.0,3.0
0.0,0.0,1.0,0.0,10.0,18.99,2025.0,6.0,99.0,1198.0,5.0
0.0,0.0,1.0,0.0,64925.0,13.33,2021.0,6.0,120.0,999.0,5.0
0.0,1.0,0.0,0.0,10.0,22.995,2025.0,6.0,101.0,1199.0,3.0
1.0,1.0,0.0,0.0,58964.0,20.349,2024.0,6.0,190.0,1332.0,4.0
0.0,1.0,0.0,0.0,121649.0,27.0,2015.0,6.0,204.0,2275.0,5.0
1.0,1.0,0.0,0.0,10000.0,24.99,2024.0,6.0,156.0,2275.0,5.0
1.0,1.0,0.0,0.0,10.0,24.9,2025.0,6.0,110.0,1199.0,3.0
0.0,0.0,1.0,0.0,10.0,23.1,2025.0,6.0,101.0,1199.0,3.0
0.0,1.0,0.0,0.0,136000.0,11.99,2017.0,6.0,140.0,1368.0,4.0
0.0,0.0,1.0,0.0,48564.0,14.8,2021.0,6.0,120.0,999.0,3.0
1.0,1.0,0.0,0.0,36156.0,18.9,2022.0,6.0,179.0,1332.0,4.0
1.0,0.0,1.0,0.0,1.0,28.99,2023.0,6.0,131.0,1598.0,4.0
1.0,1.0,0.0,0.0,80818.0,18.98,2022.0,6.0,131.0,1332.0,4.0
1.0,1.0,0.0,0.0,52000.0,18.99,2023.0,6.0,131.0,1332.0,4.0
0.0,0.0,1.0,0.0,6176.0,18.8,2023.0,6.0,101.0,1199.0,3.0
0.0,0.0,1.0,0.0,16821.0,18.8,2024.0,6.0,101.0,1199.0,3.0
0.0,0.0,1.0,0.0,100.0,22.6,2025.0,6.0,101.0,1199.0,3.0
1.0,1.0,0.0,0.0,29000.0,21.9,2024.0,6.0,101.0,1199.0,3.0
0.0,0.0,1.0,0.0,60480.0,17.95,2021.0,6.0,131.0,1332.0,5.0
0.0,0.0,1.0,0.0,15279.0,19.95,2024.0,6.0,101.0,1199.0,5.0
0.0,1.0,0.0,0.0,20709.0,19.888,2021.0,6.0,150.0,1332.0,4.0
1.0,0.0,1.0,0.0,58671.0,16.9,2022.0,6.0,131.0,1598.0,4.0
0.0,0.0,1.0,0.0,15717.0,18.8,2024.0,6.0,101.0,1199.0,3.0
0.0,0.0,1.0,0.0,10.0,21.49,2025.0,6.0,101.0,1199.0,3.0
0.0,0.0,1.0,0.0,39998.0,16.985,2023.0,6.0,101.0,1199.0,3.0
0.0,0.0,1.0,0.0,16250.0,19.95,2023.0,6.0,101.0,1199.0,3.0
1.0,1.0,0.0,0.0,10.0,22.39,2025.0,6.0,101.0,1199.0,3.0
0.0,0.0,1.0,0.0,24727.0,20.9,2023.0,6.0,101.0,1199.0,3.0
1.0,1.0,0.0,0.0,10.0,25.9,2025.0,6.0,155.0,2275.0,5.0
1.0,1.0,0.0,0.0,45000.0,19.75,2020.0,6.0,179.0,1332.0,4.0
1.0,1.0,0.0,0.0,85000.0,16.89,2021.0,6.0,131.0,1332.0,4.0
1.0,0.0,1.0,0.0,140000.0,16.4,2022.0,6.0,131.0,1598.0,4.0
0.0,0.0,1.0,0.0,10.0,23.9,2025.0,6.0,101.0,1199.0,3.0
0.0,0.0,1.0,0.0,16481.0,18.95,2024.0,6.0,101.0,1199.0,3.0
1.0,1.0,0.0,0.0,54000.0,16.9,2023.0,6.0,131.0,1469.0,4.0
0.0,1.0,0.0,0.0,10.0,22.995,2025.0,6.0,101.0,1199.0,3.0
0.0,0.0,1.0,0.0,39450.0,21.49,2024.0,6.0,101.0,1199.0,3.0
1.0,1.0,0.0,0.0,85000.0,20.9,2022.0,6.0,179.0,1332.0,4.0
0.0,0.0,1.0,0.0,15101.0,22.895,2025.0,6.0,101.0,1199.0,3.0
0.0,1.0,0.0,0.0,10.0,24.49,2025.0,6.0,110.0,1199.0,5.0
1.0,0.0,0.0,1.0,10.0,21.99,2025.0,6.0,109.0,1199.0,3.0
0.0,0.0,1.0,0.0,5.0,19.49,2023.0,6.0,120.0,999.0,3.0
1.0,0.0,1.0,0.0,159979.0,11.5,2019.0,6.0,120.0,2275.0,5.0
1.0,1.0,0.0,0.0,88665.0,22.99,2023.0,6.0,131.0,1332.0,4.0
1.0,1.0,0.0,0.0,14306.0,25.5,2025.0,6.0,101.0,1199.0,3.0
1.0,1.0,0.0,0.0,19987.0,24.99,2023.0,6.0,241.0,1332.0,5.0
0.0,0.0,1.0,0.0,39100.0,20.2,2023.0,6.0,101.0,1199.0,3.0
1.0,1.0,0.0,0.0,14356.0,24.8,2023.0,6.0,190.0,1332.0,4.0
0.0,0.0,1.0,0.0,61435.0,12.99,2018.0,6.0,136.0,1368.0,5.0
0.0,1.0,0.0,0.0,96655.0,22.95,2021.0,6.0,150.0,1332.0,4.0
0.0,0.0,1.0,0.0,10.0,21.89,2024.0,6.0,101.0,1199.0,3.0
1.0,1.0,0.0,0.0,40761.0,23.9,2022.0,6.0,131.0,1332.0,5.0
1.0,1.0,0.0,0.0,79907.0,20.99,2023.0,6.0,241.0,1332.0,4.0
0.0,0.0,1.0,0.0,21622.0,17.697,2024.0,6.0,101.0,1199.0,3.0
1.0,1.0,0.0,0.0,132692.0,18.999,2019.0,6.0,194.0,2184.0,4.0
1.0,1.0,0.0,0.0,64224.0,24.95,2022.0,6.0,241.0,1332.0,5.0
1.0,1.0,0.0,0.0,8700.0,24.98,2022.0,6.0,190.0,1332.0,4.0
0.0,0.0,1.0,0.0,19392.0,19.45,2024.0,6.0,101.0,1199.0,3.0
0.0,0.0,1.0,0.0,9216.0,22.43,2024.0,6.0,101.0,1199.0,5.0
1.0,1.0,0.0,0.0,81468.0,18.987,2023.0,6.0,179.0,1332.0,4.0
1.0,1.0,0.0,0.0,38398.0,23.99,2023.0,6.0,156.0,2275.0,5.0
1.0,1.0,0.0,0.0,66700.0,18.9,2021.0,6.0,131.0,1332.0,4.0
1.0,1.0,0.0,0.0,10.0,26.45,2026.0,6.0,110.0,1199.0,3.0
1.0,0.0,1.0,0.0,99800.0,19.99,2022.0,6.0,131.0,1598.0,4.0
0.0,0.0,1.0,0.0,51921.0,14.41,2019.0,6.0,120.0,999.0,5.0
0.0,1.0,0.0,0.0,72002.0,19.9,2021.0,6.0,150.0,1332.0,4.0
0.0,0.0,1.0,0.0,26400.0,20.9,2023.0,6.0,101.0,1199.0,3.0
0.0,0.0,1.0,0.0,2.0,17.99,2025.0,6.0,101.0,1199.0,3.0
1.0,1.0,0.0,0.0,86000.0,19.99,2021.0,6.0,241.0,1332.0,5.0
0.0,1.0,0.0,0.0,79450.0,18.98,2021.0,6.0,150.0,1332.0,5.0
1.0,0.0,1.0,0.0,83403.0,16.15,2022.0,6.0,131.0,1598.0,4.0
1.0,1.0,0.0,0.0,27590.0,22.29,2024.0,6.0,131.0,1469.0,5.0
1.0,1.0,0.0,0.0,1.0,21.9,2025.0,6.0,101.0,1199.0,3.0
0.0,0.0,1.0,0.0,65549.0,15.1,2023.0,6.0,101.0,1199.0,3.0
0.0,1.0,0.0,0.0,68165.0,14.499,2018.0,6.0,140.0,1368.0,4.0
0.0,0.0,1.0,0.0,65167.0,15.45,2023.0,6.0,101.0,1199.0,3.0
0.0,0.0,1.0,0.0,41257.0,17.99,2021.0,6.0,131.0,1332.0,4.0
0.0,0.0,1.0,0.0,113591.0,13.499,2018.0,6.0,140.0,1400.0,4.0
1.0,1.0,0.0,0.0,63207.0,16.9,2022.0,6.0,131.0,1332.0,4.0
0.0,1.0,0.0,0.0,65522.0,16.89,2019.0,6.0,151.0,1332.0,5.0
0.0,0.0,1.0,0.0,8286.0,21.9,2024.0,6.0,69.0,999.0,3.0
0.0,0.0,1.0,0.0,37498.0,18.99,2024.0,6.0,101.0,1199.0,3.0
1.0,1.0,0.0,0.0,73486.0,22.89,2023.0,6.0,239.0,1332.0,5.0
1.0,1.0,0.0,0.0,10.0,30.45,2025.0,6.0,145.0,1199.0,3.0
1.0,1.0,0.0,0.0,96300.0,14.9,2021.0,6.0,131.0,1332.0,4.0
0.0,0.0,1.0,0.0,10.0,23.2,2025.0,6.0,101.0,1199.0,3.0
1.0,1.0,0.0,0.0,1.0,35.9,2025.0,6.0,179.0,1332.0,4.0
0.0,0.0,1.0,0.0,21622.0,17.697,2024.0,6.0,101.0,1199.0,3.0
1.0,0.0,1.0,0.0,55200.0,22.9,2022.0,6.0,131.0,1598.0,4.0
0.0,0.0,1.0,0.0,24190.0,16.99,2024.0,6.0,101.0,1199.0,3.0
0.0,1.0,0.0,0.0,88647.0,18.72,2021.0,6.0,150.0,1332.0,4.0
0.0,1.0,0.0,0.0,45500.0,20.9,2021.0,6.0,150.0,1332.0,4.0
1.0,1.0,0.0,0.0,1.0,24.8,2025.0,6.0,101.0,1199.0,3.0
1.0,1.0,0.0,0.0,19366.0,26.49,2022.0,6.0,241.0,1332.0,4.0
1.0,1.0,0.0,0.0,8701.0,23.999,2022.0,6.0,131.0,1332.0,5.0
1.0,1.0,0.0,0.0,40900.0,24.88,2022.0,6.0,179.0,1332.0,5.0
1.0,1.0,0.0,0.0,10.0,26.45,2025.0,6.0,110.0,1199.0,3.0
1.0,1.0,0.0,0.0,85137.0,20.99,2023.0,6.0,241.0,1332.0,4.0
0.0,0.0,1.0,0.0,65121.0,15.355,2022.0,6.0,131.0,1332.0,4.0
0.0,0.0,1.0,0.0,10.0,26.7,2025.0,6.0,101.0,1199.0,3.0
1.0,0.0,1.0,0.0,59300.0,16.9,2017.0,6.0,140.0,1956.0,4.0
0.0,0.0,1.0,0.0,4500.0,22.9,2024.0,6.0,101.0,1199.0,3.0
0.0,0.0,1.0,0.0,68336.0,17.49,2023.0,6.0,131.0,1332.0,4.0
1.0,1.0,0.0,0.0,1.0,25.9,2025.0,6.0,101.0,1199.0,3.0
1.0,1.0,0.0,0.0,100.0,34.95,2025.0,6.0,239.0,1332.0,4.0
1.0,1.0,0.0,0.0,29000.0,25.9,2022.0,6.0,179.0,1332.0,4.0
1.0,0.0,1.0,0.0,80000.0,16.9,2021.0,6.0,131.0,1598.0,5.0
1.0,1.0,0.0,0.0,10149.0,31.5,2024.0,6.0,239.0,1332.0,4.0
0.0,0.0,1.0,0.0,10.0,21.98,2025.0,6.0,101.0,1199.0,3.0
1.0,1.0,0.0,0.0,30544.0,24.99,2023.0,6.0,156.0,2275.0,5.0
0.0,0.0,1.0,0.0,64800.0,15.7,2020.0,6.0,120.0,999.0,3.0
1.0,1.0,0.0,0.0,10.0,26.44,2025.0,6.0,101.0,1199.0,5.0
1.0,1.0,0.0,0.0,14000.0,24.48,2024.0,6.0,155.0,2275.0,5.0
0.0,0.0,1.0,0.0,17000.0,20.5,2024.0,6.0,101.0,1199.0,3.0
0.0,0.0,1.0,0.0,10.0,21.49,2025.0,6.0,101.0,1199.0,3.0
1.0,0.0,1.0,0.0,89454.0,16.89,2022.0,6.0,131.0,1598.0,5.0
1.0,0.0,1.0,0.0,77000.0,20.99,2021.0,6.0,131.0,1598.0,4.0
1.0,1.0,0.0,0.0,10.0,25.98,2025.0,6.0,155.0,2275.0,5.0
0.0,0.0,1.0,0.0,29601.0,18.25,2024.0,6.0,101.0,1199.0,3.0
1.0,0.0,0.0,1.0,6.0,26.9,2025.0,6.0,131.0,1469.0,4.0
0.0,0.0,1.0,0.0,10.0,22.9,2025.0,6.0,101.0,1199.0,3.0
1.0,1.0,0.0,0.0,85985.0,20.99,2023.0,6.0,241.0,1332.0,4.0
1.0,1.0,0.0,0.0,30541.0,30.541,2024.0,6.0,131.0,1598.0,4.0
0.0,1.0,0.0,0.0,10.0,22.995,2025.0,6.0,101.0,1199.0,3.0
0.0,1.0,0.0,0.0,10.0,22.989,2025.0,6.0,110.0,1199.0,3.0
0.0,0.0,1.0,0.0,10.0,23.09,2025.0,6.0,101.0,1199.0,3.0
0.0,0.0,1.0,0.0,26500.0,18.89,2025.0,6.0,101.0,1199.0,3.0
1.0,0.0,1.0,0.0,1.0,28.99,2023.0,6.0,131.0,1598.0,4.0
0.0,0.0,1.0,0.0,1.0,19.99,2025.0,6.0,101.0,1199.0,3.0
1.0,0.0,1.0,0.0,51000.0,22.9,2021.0,6.0,131.0,1598.0,4.0
1.0,1.0,0.0,0.0,59439.0,19.5,2021.0,6.0,131.0,1332.0,4.0
1.0,0.0,1.0,0.0,1.0,28.99,2023.0,6.0,131.0,1598.0,4.0
0.0,0.0,1.0,0.0,15000.0,20.86,2024.0,6.0,101.0,1199.0,3.0
0.0,0.0,1.0,0.0,8701.0,17.99,2023.0,6.0,101.0,1199.0,3.0
0.0,0.0,1.0,0.0,17148.0,22.3,2024.0,6.0,101.0,1199.0,5.0
0.0,0.0,1.0,0.0,1.0,23.9,2025.0,6.0,101.0,1199.0,3.0
0.0,1.0,0.0,0.0,70000.0,19.5,2021.0,6.0,150.0,1300.0,4.0
0.0,1.0,0.0,0.0,35831.0,26.88,2022.0,6.0,241.0,1332.0,5.0
0.0,0.0,1.0,0.0,11490.0,21.99,2023.0,6.0,101.0,1199.0,5.0
1.0,1.0,0.0,0.0,10.0,26.98,2025.0,6.0,101.0,1199.0,5.0
0.0,0.0,1.0,0.0,1.0,22.4,2025.0,6.0,101.0,1200.0,3.0
1.0,0.0,1.0,0.0,100000.0,21.5,2021.0,6.0,131.0,1598.0,5.0
1.0,0.0,1.0,0.0,46363.0,13.48,2015.0,6.0,140.0,1956.0,4.0
1.0,0.0,1.0,0.0,90068.0,15.44,2022.0,6.0,131.0,1598.0,4.0
0.0,0.0,1.0,0.0,38081.0,15.45,2023.0,6.0,101.0,1199.0,3.0
0.0,0.0,1.0,0.0,41632.0,15.49,2024.0,6.0,101.0,1199.0,3.0
1.0,1.0,0.0,0.0,50.0,34.45,2025.0,6.0,145.0,1199.0,4.0
1.0,1.0,0.0,0.0,59153.0,17.5,2021.0,6.0,190.0,1332.0,4.0
1.0,1.0,0.0,0.0,21.0,28.99,2025.0,6.0,110.0,1199.0,3.0
0.0,0.0,1.0,0.0,10.0,21.9,2025.0,6.0,101.0,1199.0,3.0
0.0,0.0,1.0,0.0,31150.0,15.39,2024.0,6.0,101.0,1199.0,3.0
0.0,0.0,1.0,0.0,93232.0,15.48,2020.0,6.0,131.0,1332.0,4.0
1.0,1.0,0.0,0.0,4990.0,33.9,2025.0,6.0,136.0,1199.0,4.0
0.0,0.0,1.0,0.0,10.0,21.98,2025.0,6.0,101.0,1199.0,3.0
1.0,1.0,0.0,0.0,51517.0,21.59,2023.0,6.0,239.0,1332.0,4.0
1.0,0.0,1.0,0.0,144000.0,16.7,2021.0,6.0,131.0,1598.0,4.0
1.0,0.0,1.0,0.0,74395.0,14.49,2015.0,6.0,140.0,2275.0,5.0
0.0,0.0,1.0,0.0,37745.0,17.9,2023.0,6.0,101.0,1199.0,3.0
1.0,1.0,0.0,0.0,105900.0,18.09,2022.0,6.0,179.0,1332.0,4.0
1.0,1.0,0.0,0.0,10.0,0.001,2025.0,6.0,101.0,1199.0,3.0
0.0,1.0,0.0,0.0,25.0,35.9,2025.0,6.0,136.0,1199.0,3.0
1.0,1.0,0.0,0.0,68025.0,22.44,2021.0,6.0,129.0,1332.0,5.0
0.0,0.0,1.0,0.0,68336.0,17.49,2023.0,6.0,131.0,1332.0,4.0
0.0,0.0,1.0,0.0,63163.0,15.25,2023.0,6.0,101.0,1199.0,3.0
0.0,0.0,1.0,0.0,31150.0,15.39,2024.0,6.0,101.0,1199.0,3.0
1.0,1.0,0.0,0.0,18460.0,23.79,2024.0,6.0,101.0,1199.0,4.0
1.0,1.0,0.0,0.0,82275.0,24.445,2023.0,6.0,241.0,1332.0,4.0
1.0,1.0,0.0,0.0,17000.0,26.95,2024.0,6.0,131.0,1469.0,4.0
1.0,0.0,1.0,0.0,13800.0,23.9,2024.0,6.0,131.0,1598.0,4.0
1.0,1.0,0.0,0.0,79579.0,21.999,2023.0,6.0,179.0,1332.0,4.0
1.0,0.0,0.0,1.0,19300.0,19.99,2024.0,6.0,131.0,1469.0,4.0
0.0,0.0,1.0,0.0,10.0,21.2,2025.0,6.0,101.0,1199.0,3.0
1.0,1.0,0.0,0.0,6534.0,29.9,2022.0,6.0,179.0,1300.0,4.0
1.0,0.0,1.0,0.0,85175.0,16.55,2022.0,6.0,120.0,1598.0,4.0
0.0,0.0,1.0,0.0,10.0,22.95,2025.0,6.0,101.0,1199.0,3.0
0.0,0.0,1.0,0.0,25947.0,15.49,2024.0,6.0,101.0,1199.0,3.0
0.0,0.0,1.0,0.0,24751.0,22.7,2025.0,6.0,101.0,1199.0,3.0
0.0,0.0,1.0,0.0,10.0,22.99,2023.0,6.0,120.0,999.0,3.0
0.0,0.0,1.0,0.0,20035.0,17.1,2024.0,6.0,101.0,1199.0,3.0
1.0,1.0,0.0,0.0,19150.0,20.9,2023.0,6.0,156.0,2275.0,5.0
1.0,0.0,1.0,0.0,15000.0,20.8,2024.0,6.0,101.0,1199.0,3.0
0.0,0.0,1.0,0.0,7000.0,19.49,2025.0,6.0,101.0,1199.0,3.0
1.0,1.0,0.0,0.0,89544.0,16.951,2021.0,6.0,190.0,2275.0,5.0
0.0,0.0,1.0,0.0,10.0,23.9,2025.0,6.0,101.0,1199.0,3.0
0.0,0.0,1.0,0.0,17300.0,24.9,2023.0,6.0,131.0,1332.0,4.0
0.0,0.0,1.0,0.0,1.0,20.9,2024.0,6.0,101.0,1199.0,3.0
1.0,1.0,0.0,0.0,10.0,0.001,2025.0,6.0,101.0,1199.0,3.0
1.0,1.0,0.0,0.0,40250.0,28.395,2022.0,6.0,179.0,1332.0,4.0
1.0,1.0,0.0,0.0,5859.0,23.5,2025.0,6.0,101.0,1199.0,3.0
0.0,0.0,1.0,0.0,6315.0,18.97,2023.0,6.0,101.0,1199.0,3.0
0.0,0.0,1.0,0.0,82294.0,13.895,2016.0,6.0,141.0,1368.0,4.0
0.0,0.0,1.0,0.0,10.0,22.85,2024.0,6.0,101.0,1199.0,3.0
0.0,0.0,1.0,0.0,13000.0,18.99,2024.0,6.0,101.0,1199.0,3.0
1.0,1.0,0.0,0.0,37748.0,25.65,2022.0,6.0,241.0,1332.0,4.0
0.0,0.0,1.0,0.0,35457.0,16.05,2023.0,6.0,101.0,1199.0,3.0
0.0,0.0,1.0,0.0,8100.0,20.9,2023.0,6.0,101.0,1199.0,3.0
1.0,1.0,0.0,0.0,99000.0,16.9,2022.0,6.0,131.0,1332.0,4.0
1.0,1.0,0.0,0.0,10.0,26.45,2025.0,6.0,110.0,1199.0,3.0
1.0,0.0,1.0,0.0,83334.0,20.69,2023.0,6.0,131.0,1598.0,4.0
1.0,0.0,1.0,0.0,9602.0,24.0,2023.0,6.0,131.0,1598.0,4.0
0.0,0.0,1.0,0.0,29403.0,15.49,2024.0,6.0,101.0,1199.0,3.0
0.0,1.0,0.0,0.0,21056.0,19.073,2021.0,6.0,150.0,1332.0,4.0
0.0,0.0,1.0,0.0,50.0,22.9,2025.0,6.0,101.0,1199.0,3.0
0.0,0.0,1.0,0.0,13900.0,20.9,2024.0,6.0,101.0,1199.0,3.0
0.0,0.0,1.0,0.0,159223.0,15.444,2021.0,6.0,131.0,1332.0,4.0
1.0,1.0,0.0,0.0,97.0,29.99,2022.0,6.0,190.0,1332.0,5.0
1.0,1.0,0.0,0.0,10.0,20.832,2025.0,6.0,101.0,1199.0,3.0
1.0,1.0,0.0,0.0,9228.0,21.0,2022.0,6.0,190.0,1332.0,4.0
1.0,1.0,0.0,0.0,7000.0,28.5,2024.0,6.0,131.0,1469.0,4.0
0.0,0.0,1.0,0.0,29714.0,21.9,2024.0,6.0,101.0,1199.0,3.0
1.0,1.0,0.0,0.0,81468.0,18.987,2023.0,6.0,179.0,1332.0,4.0
0.0,0.0,1.0,0.0,0.0,22.9,2025.0,6.0,101.0,1199.0,3.0
0.0,0.0,1.0,0.0,10.0,20.59,2025.0,6.0,101.0,1199.0,3.0
0.0,0.0,1.0,0.0,100.0,23.99,2024.0,6.0,101.0,2275.0,3.0
1.0,1.0,0.0,0.0,10.0,23.99,2025.0,6.0,101.0,1199.0,3.0
0.0,0.0,1.0,0.0,62000.0,13.99,2021.0,6.0,120.0,999.0,3.0
1.0,0.0,1.0,0.0,53000.0,25.3,2024.0,6.0,131.0,1598.0,4.0
1.0,0.0,1.0,0.0,15604.0,17.4,2024.0,6.0,111.0,1199.0,5.0
1.0,1.0,0.0,0.0,1.0,25.95,2025.0,6.0,110.0,1199.0,3.0
0.0,0.0,1.0,0.0,19020.0,15.89,2024.0,6.0,101.0,1199.0,3.0
0.0,0.0,1.0,0.0,10.0,21.9,2025.0,6.0,101.0,1199.0,3.0
0.0,0.0,1.0,0.0,34894.0,18.9,2024.0,6.0,101.0,1199.0,3.0
0.0,0.0,1.0,0.0,7342.0,20.9,2024.0,6.0,101.0,1199.0,3.0
1.0,1.0,0.0,0.0,100.0,28.9,2025.0,6.0,109.0,1199.0,3.0
1.0,0.0,1.0,0.0,24981.0,19.4,2024.0,6.0,131.0,1598.0,5.0
1.0,0.0,1.0,0.0,28541.0,16.9,2024.0,6.0,111.0,1199.0,5.0
1.0,1.0,0.0,0.0,66500.0,20.9,2022.0,6.0,131.0,1332.0,4.0
1.0,1.0,0.0,0.0,70598.0,33.8,2018.0,6.0,203.0,2275.0,5.0
0.0,0.0,1.0,0.0,1.0,26.2,2025.0,6.0,101.0,1199.0,3.0
1.0,1.0,0.0,0.0,34733.0,44.8,2020.0,6.0,200.0,2143.0,5.0
0.0,0.0,1.0,0.0,16300.0,20.4,2023.0,6.0,101.0,1199.0,3.0
0.0,0.0,1.0,0.0,1.0,22.79,2024.0,6.0,101.0,1199.0,3.0
0.0,0.0,1.0,0.0,24393.0,22.9,2025.0,6.0,101.0,1199.0,3.0
1.0,1.0,0.0,0.0,10.0,26.9,2025.0,6.0,101.0,1199.0,3.0
0.0,0.0,1.0,0.0,18648.0,23.9,2024.0,6.0,101.0,1199.0,3.0
1.0,1.0,0.0,0.0,10.0,30.45,2025.0,6.0,145.0,1199.0,3.0
0.0,0.0,1.0,0.0,10.0,21.99,2025.0,6.0,101.0,1199.0,3.0
0.0,1.0,0.0,0.0,30400.0,22.6,2022.0,6.0,150.0,1332.0,4.0
0.0,0.0,1.0,0.0,149685.0,13.99,2021.0,6.0,131.0,1300.0,5.0
0.0,0.0,1.0,0.0,10.0,21.9,2025.0,6.0,101.0,1199.0,3.0
0.0,0.0,1.0,0.0,24073.0,15.89,2024.0,6.0,101.0,1199.0,3.0
1.0,0.0,0.0,1.0,1.0,26.8,2025.0,6.0,109.0,1199.0,3.0
0.0,0.0,1.0,0.0,10.0,22.25,2025.0,6.0,101.0,1199.0,3.0
1.0,1.0,0.0,0.0,10.0,29.95,2023.0,6.0,131.0,1300.0,4.0
0.0,0.0,1.0,0.0,11951.0,20.89,2024.0,6.0,101.0,1199.0,3.0
0.0,0.0,1.0,0.0,39050.0,20.9,2024.0,6.0,101.0,1199.0,3.0
0.0,0.0,1.0,0.0,10.0,25.4,2024.0,6.0,101.0,1199.0,3.0
0.0,0.0,1.0,0.0,39618.0,15.19,2024.0,6.0,101.0,1199.0,3.0
1.0,1.0,0.0,0.0,42000.0,25.8,2023.0,6.0,179.0,1332.0,4.0
0.0,0.0,1.0,0.0,15300.0,20.5,2023.0,6.0,101.0,1199.0,3.0
1.0,1.0,0.0,0.0,1000.0,22.9,2025.0,6.0,101.0,1199.0,3.0
0.0,0.0,1.0,0.0,1.0,26.8,2025.0,6.0,101.0,1199.0,3.0
0.0,0.0,1.0,0.0,32000.0,17.9,2024.0,6.0,101.0,1199.0,3.0
0.0,0.0,1.0,0.0,10.0,22.95,2025.0,6.0,101.0,1199.0,3.0
0.0,0.0,1.0,0.0,1.0,21.9,2025.0,6.0,101.0,1199.0,3.0
0.0,1.0,0.0,0.0,13345.0,19.99,2025.0,6.0,101.0,1199.0,3.0
1.0,1.0,0.0,0.0,10.0,20.832,2025.0,6.0,101.0,1199.0,3.0
0.0,0.0,0.0,1.0,65000.0,19.9,2022.0,6.0,150.0,1332.0,4.0
0.0,1.0,0.0,0.0,3.0,22.97,2025.0,6.0,101.0,1199.0,5.0
1.0,1.0,0.0,0.0,10.0,25.9,2025.0,6.0,110.0,1199.0,3.0
1.0,0.0,1.0,0.0,123000.0,19.9,2023.0,6.0,131.0,1598.0,4.0
0.0,0.0,1.0,0.0,7396.0,19.89,2024.0,6.0,101.0,1199.0,5.0
0.0,1.0,0.0,0.0,99200.0,19.499,2020.0,6.0,170.0,1368.0,4.0
0.0,0.0,1.0,0.0,10.0,22.9,2025.0,6.0,101.0,1199.0,3.0
0.0,0.0,1.0,0.0,63344.0,14.1,2020.0,6.0,120.0,999.0,3.0
0.0,0.0,1.0,0.0,32388.0,20.6,2024.0,6.0,101.0,1199.0,3.0
0.0,0.0,1.0,0.0,10.0,21.49,2024.0,6.0,101.0,1199.0,3.0
0.0,0.0,1.0,0.0,1.0,24.9,2025.0,6.0,101.0,1199.0,3.0
0.0,0.0,1.0,0.0,1.0,25.5,2024.0,6.0,101.0,1199.0,3.0
0.0,0.0,1.0,0.0,10.0,22.48,2025.0,6.0,101.0,1199.0,3.0
0.0,0.0,1.0,0.0,10.0,22.85,2024.0,6.0,101.0,1199.0,3.0
0.0,0.0,1.0,0.0,22000.0,19.8,2023.0,6.0,101.0,1199.0,3.0
0.0,0.0,1.0,0.0,21616.0,17.5,2024.0,6.0,101.0,2275.0,5.0
0.0,0.0,1.0,0.0,10.0,22.0,2025.0,6.0,101.0,1199.0,3.0
1.0,1.0,0.0,0.0,65450.0,24.9,2023.0,6.0,179.0,1332.0,4.0
0.0,0.0,1.0,0.0,1.0,25.7,2024.0,6.0,101.0,1199.0,3.0
1.0,1.0,0.0,0.0,34327.0,26.95,2021.0,6.0,239.0,1332.0,4.0
1.0,1.0,0.0,0.0,65351.0,16.1,2023.0,6.0,131.0,1469.0,4.0
0.0,0.0,1.0,0.0,34110.0,17.282,2024.0,6.0,101.0,1199.0,3.0
0.0,0.0,1.0,0.0,10.0,21.2,2025.0,6.0,101.0,1199.0,3.0
1.0,1.0,0.0,0.0,62000.0,21.0,2022.0,6.0,131.0,1332.0,4.0
1.0,1.0,0.0,0.0,6.0,25.5,2025.0,6.0,110.0,1199.0,3.0
0.0,0.0,1.0,0.0,28380.0,19.75,2023.0,6.0,101.0,1199.0,3.0
0.0,0.0,1.0,0.0,36590.0,20.9,2024.0,6.0,101.0,1199.0,3.0
0.0,0.0,1.0,0.0,13245.0,17.9,2024.0,6.0,101.0,1199.0,3.0
1.0,1.0,0.0,0.0,34550.0,18.89,2020.0,6.0,150.0,1332.0,5.0
0.0,0.0,1.0,0.0,1.0,22.4,2025.0,6.0,101.0,1199.0,3.0
0.0,1.0,0.0,0.0,5.0,31.995,2025.0,6.0,145.0,1199.0,4.0
1.0,1.0,0.0,0.0,20150.0,20.9,2024.0,6.0,131.0,1469.0,4.0
0.0,0.0,1.0,0.0,18584.0,17.5,2024.0,6.0,101.0,2275.0,5.0
0.0,0.0,1.0,0.0,4.0,24.0,2025.0,6.0,101.0,1199.0,3.0
0.0,0.0,1.0,0.0,17700.0,18.49,2024.0,6.0,101.0,1199.0,3.0
0.0,0.0,1.0,0.0,10.0,25.4,2025.0,6.0,101.0,1199.0,3.0
0.0,0.0,1.0,0.0,10.0,25.5,2025.0,6.0,101.0,1199.0,3.0
0.0,1.0,0.0,0.0,88000.0,15.99,2020.0,6.0,150.0,1332.0,5.0
0.0,0.0,1.0,0.0,10.0,24.7,2024.0,6.0,101.0,1199.0,3.0
1.0,1.0,0.0,0.0,73000.0,22.9,2022.0,6.0,179.0,1332.0,4.0
0.0,0.0,1.0,0.0,55567.0,16.0,2023.0,6.0,101.0,1199.0,3.0
0.0,0.0,1.0,0.0,10.0,22.7,2024.0,6.0,101.0,1199.0,3.0
1.0,1.0,0.0,0.0,114016.0,17.75,2022.0,6.0,190.0,1332.0,4.0
0.0,0.0,1.0,0.0,1.0,23.47,2024.0,6.0,101.0,1199.0,3.0
1.0,1.0,0.0,0.0,56280.0,19.9,2022.0,6.0,179.0,1332.0,4.0
0.0,0.0,1.0,0.0,1.0,26.0,2025.0,6.0,101.0,1199.0,3.0
0.0,0.0,1.0,0.0,1.0,23.9,2025.0,6.0,101.0,1199.0,3.0
0.0,0.0,1.0,0.0,37800.0,18.9,2023.0,6.0,101.0,1199.0,3.0
0.0,0.0,1.0,0.0,30234.0,22.2,2024.0,6.0,101.0,1199.0,3.0
0.0,0.0,1.0,0.0,15.0,24.9,2024.0,6.0,101.0,1199.0,3.0
0.0,0.0,1.0,0.0,26350.0,19.99,2024.0,6.0,101.0,1199.0,3.0
0.0,0.0,1.0,0.0,6121.0,23.5,2024.0,6.0,101.0,1199.0,3.0
0.0,0.0,1.0,0.0,21164.0,22.9,2025.0,6.0,101.0,1199.0,3.0
1.0,1.0,0.0,0.0,68904.0,20.5,2022.0,6.0,131.0,1332.0,5.0
0.0,0.0,1.0,0.0,2752.0,22.5,2025.0,6.0,101.0,1199.0,3.0
0.0,0.0,1.0,0.0,10.0,20.49,2025.0,6.0,101.0,1199.0,3.0
1.0,1.0,0.0,0.0,12500.0,24.85,2024.0,6.0,101.0,1199.0,3.0
1.0,0.0,0.0,1.0,10.0,25.9,2025.0,6.0,109.0,1199.0,3.0
1.0,0.0,0.0,1.0,10.0,28.2,2025.0,6.0,109.0,1199.0,3.0
0.0,0.0,1.0,0.0,1.0,25.5,2024.0,6.0,101.0,1199.0,3.0
0.0,0.0,1.0,0.0,79095.0,13.79,2021.0,6.0,120.0,999.0,3.0
0.0,0.0,1.0,0.0,37000.0,20.49,2024.0,6.0,101.0,1199.0,3.0
0.0,0.0,1.0,0.0,1.0,23.4,2025.0,6.0,101.0,1199.0,3.0
0.0,0.0,1.0,0.0,8584.0,24.6,2025.0,6.0,101.0,1199.0,4.0
0.0,0.0,1.0,0.0,50.0,23.79,2025.0,6.0,101.0,1199.0,5.0
0.0,0.0,1.0,0.0,20640.0,20.95,2024.0,6.0,101.0,1199.0,3.0
1.0,0.0,1.0,0.0,19242.0,28.9,2024.0,6.0,131.0,1598.0,4.0
1.0,0.0,1.0,0.0,30481.0,25.85,2024.0,6.0,131.0,1598.0,4.0
0.0,0.0,1.0,0.0,22000.0,20.99,2024.0,6.0,101.0,1199.0,3.0
1.0,1.0,0.0,0.0,1.0,26.49,2025.0,6.0,110.0,1199.0,3.0
1.0,1.0,0.0,0.0,10.0,25.9,2025.0,6.0,110.0,1199.0,3.0
1.0,0.0,1.0,0.0,1.0,15.98,2025.0,6.0,114.0,998.0,3.0
0.0,0.0,1.0,0.0,220000.0,2.5,2008.0,6.0,141.0,1975.0,4.0
0.0,0.0,1.0,0.0,198821.0,7.25,2013.0,6.0,135.0,1591.0,4.0
0.0,1.0,0.0,0.0,39991.0,13.99,2022.0,6.0,101.0,998.0,5.0
1.0,0.0,1.0,0.0,1.0,15.98,2025.0,6.0,114.0,998.0,3.0
0.0,0.0,1.0,0.0,199510.0,6.89,2012.0,6.0,135.0,1591.0,4.0
0.0,0.0,1.0,0.0,10.0,19.2,2025.0,6.0,101.0,998.0,3.0
0.0,0.0,1.0,0.0,1.0,14.98,2025.0,6.0,99.0,998.0,3.0
0.0,0.0,1.0,0.0,124283.0,3.99,2009.0,6.0,109.0,1396.0,4.0
1.0,0.0,1.0,0.0,50.0,26.9,2025.0,6.0,147.0,1598.0,4.0
0.0,0.0,1.0,0.0,41450.0,14.45,2018.0,6.0,132.0,1591.0,4.0
0.0,0.0,1.0,0.0,171517.0,5.499,2011.0,6.0,86.0,1248.0,4.0
0.0,0.0,1.0,0.0,6.0,26.97,2025.0,6.0,150.0,1598.0,5.0
1.0,0.0,0.0,1.0,47009.0,16.2,2020.0,6.0,140.0,1580.0,4.0
1.0,1.0,0.0,0.0,250.0,6.99,2017.0,6.0,143.0,2275.0,5.0
0.0,0.0,1.0,0.0,161000.0,4.29,2012.0,6.0,86.0,1248.0,4.0
0.0,0.0,1.0,0.0,57133.0,21.99,2022.0,6.0,150.0,1598.0,5.0
1.0,1.0,0.0,0.0,106306.0,20.99,2022.0,6.0,230.0,1598.0,4.0
1.0,1.0,0.0,0.0,10.0,27.988,2025.0,6.0,204.0,2275.0,5.0
0.0,0.0,1.0,0.0,6000.0,17.77,2025.0,6.0,79.0,1197.0,4.0
0.0,0.0,1.0,0.0,80964.0,15.91,2020.0,6.0,140.0,1353.0,4.0
0.0,0.0,1.0,0.0,47747.0,19.47,2023.0,6.0,150.0,1598.0,5.0
0.0,0.0,1.0,0.0,152202.0,2.95,2010.0,6.0,63.0,999.0,4.0
0.0,0.0,1.0,0.0,50.0,22.98,2025.0,6.0,101.0,998.0,3.0
0.0,0.0,1.0,0.0,48187.0,13.499,2019.0,6.0,101.0,1368.0,4.0
0.0,0.0,1.0,0.0,18621.0,17.65,2023.0,6.0,120.0,1000.0,3.0
1.0,1.0,0.0,0.0,116182.0,14.494,2017.0,6.0,141.0,1580.0,4.0
0.0,1.0,0.0,0.0,96289.0,8.9,2013.0,6.0,86.0,1248.0,4.0
1.0,0.0,1.0,0.0,127792.0,13.99,2018.0,6.0,116.0,1685.0,5.0
1.0,1.0,0.0,0.0,18026.0,21.79,2022.0,6.0,105.0,1580.0,4.0
1.0,0.0,1.0,0.0,54047.0,20.47,2022.0,6.0,136.0,1598.0,5.0
0.0,0.0,1.0,0.0,40472.0,13.29,2022.0,6.0,120.0,998.0,3.0
1.0,1.0,0.0,0.0,111645.0,13.41,2018.0,6.0,105.0,1580.0,5.0
0.0,0.0,1.0,0.0,29024.0,22.85,2024.0,6.0,150.0,1598.0,5.0
1.0,1.0,0.0,0.0,20000.0,24.45,2023.0,6.0,204.0,2275.0,0.0
0.0,0.0,1.0,0.0,107213.0,7.499,2019.0,6.0,67.0,998.0,3.0
0.0,0.0,1.0,0.0,26347.0,23.45,2024.0,6.0,150.0,1598.0,5.0
1.0,1.0,0.0,0.0,8000.0,25.9,2024.0,6.0,92.0,1580.0,4.0
0.0,0.0,1.0,0.0,190731.0,5.249,2012.0,6.0,99.0,1396.0,4.0
0.0,0.0,1.0,0.0,146407.0,11.95,2017.0,6.0,132.0,1591.0,5.0
1.0,1.0,0.0,0.0,68200.0,24.99,2023.0,6.0,230.0,2275.0,4.0
0.0,0.0,1.0,0.0,72456.0,14.99,2022.0,6.0,136.0,1598.0,5.0
0.0,0.0,1.0,0.0,5000.0,17.689,2024.0,6.0,101.0,998.0,3.0
0.0,0.0,1.0,0.0,57507.0,14.79,2022.0,6.0,101.0,998.0,3.0
1.0,1.0,0.0,0.0,19950.0,26.98,2024.0,6.0,136.0,1598.0,4.0
1.0,1.0,0.0,0.0,46000.0,19.45,2021.0,6.0,140.0,1600.0,4.0
1.0,1.0,0.0,0.0,43020.0,18.99,2021.0,6.0,204.0,2275.0,5.0
1.0,0.0,1.0,0.0,96000.0,10.4,2014.0,6.0,128.0,1582.0,4.0
0.0,0.0,1.0,0.0,65500.0,11.69,2018.0,6.0,99.0,1368.0,4.0
1.0,1.0,0.0,0.0,61079.0,26.9,2024.0,6.0,136.0,1598.0,4.0
0.0,1.0,0.0,0.0,10.0,31.995,2025.0,6.0,150.0,1598.0,4.0
1.0,1.0,0.0,0.0,30341.0,13.29,2022.0,6.0,136.0,2275.0,5.0
0.0,1.0,0.0,0.0,5000.0,26.865,2025.0,6.0,140.0,1482.0,4.0
1.0,1.0,0.0,0.0,63118.0,16.32,2020.0,6.0,105.0,1580.0,4.0
1.0,1.0,0.0,0.0,61164.0,20.5,2022.0,6.0,141.0,1600.0,4.0
1.0,1.0,0.0,0.0,999.0,31.88,2025.0,6.0,204.0,2275.0,5.0
1.0,1.0,0.0,0.0,10.0,27.988,2025.0,6.0,204.0,2275.0,5.0
1.0,0.0,1.0,0.0,105000.0,14.45,2022.0,6.0,136.0,1598.0,4.0
0.0,0.0,1.0,0.0,2000.0,29.991,2025.0,6.0,150.0,1598.0,5.0
0.0,0.0,1.0,0.0,89013.0,20.79,2022.0,6.0,150.0,1598.0,5.0
1.0,1.0,0.0,0.0,32300.0,25.9,2023.0,6.0,179.0,1598.0,4.0
0.0,0.0,1.0,0.0,99524.0,14.899,2019.0,6.0,132.0,1600.0,4.0
0.0,0.0,1.0,0.0,42386.0,15.97,2022.0,6.0,120.0,998.0,3.0
0.0,1.0,0.0,0.0,5.0,28.97,2025.0,6.0,150.0,1598.0,5.0
1.0,1.0,0.0,0.0,69859.0,16.97,2021.0,6.0,141.0,1580.0,5.0
1.0,0.0,1.0,0.0,100707.0,13.95,2021.0,6.0,136.0,1598.0,4.0
1.0,1.0,0.0,0.0,81283.0,25.99,2021.0,6.0,228.0,2275.0,5.0
0.0,0.0,1.0,0.0,185570.0,2.95,2008.0,6.0,97.0,1399.0,4.0
0.0,0.0,1.0,0.0,95154.0,16.495,2022.0,6.0,120.0,998.0,3.0
1.0,1.0,0.0,0.0,10.0,24.9,2025.0,6.0,143.0,1580.0,4.0
1.0,1.0,0.0,0.0,114787.0,17.995,2021.0,6.0,105.0,1580.0,4.0
0.0,1.0,0.0,0.0,82523.0,25.7,2022.0,6.0,150.0,1598.0,5.0
1.0,1.0,0.0,0.0,50.0,35.99,2024.0,6.0,184.0,1580.0,4.0
0.0,1.0,0.0,0.0,27134.0,18.99,2021.0,6.0,160.0,1482.0,4.0
0.0,0.0,1.0,0.0,32000.0,23.49,2022.0,6.0,150.0,1598.0,4.0
1.0,1.0,0.0,0.0,26800.0,24.9,2023.0,6.0,105.0,1580.0,4.0
1.0,0.0,1.0,0.0,119275.0,8.28,2011.0,6.0,116.0,1685.0,4.0
0.0,0.0,1.0,0.0,15602.0,17.99,2022.0,6.0,101.0,998.0,3.0
1.0,1.0,0.0,0.0,8443.0,24.45,2024.0,6.0,141.0,1580.0,5.0
0.0,1.0,0.0,0.0,11553.0,20.7,2025.0,6.0,101.0,998.0,3.0
1.0,0.0,1.0,0.0,52697.0,16.5,2022.0,6.0,117.0,998.0,3.0
1.0,1.0,0.0,0.0,34000.0,21.49,2022.0,6.0,105.0,1580.0,4.0
0.0,0.0,1.0,0.0,63302.0,14.99,2022.0,6.0,101.0,998.0,3.0
1.0,0.0,1.0,0.0,49000.0,20.4,2022.0,6.0,150.0,1598.0,4.0
0.0,1.0,0.0,0.0,26762.0,25.99,2024.0,6.0,140.0,1482.0,4.0
0.0,1.0,0.0,0.0,13950.0,27.5,2024.0,6.0,140.0,1482.0,4.0
1.0,1.0,0.0,0.0,9441.0,36.47,2024.0,6.0,228.0,2275.0,5.0
0.0,1.0,0.0,0.0,5.0,31.995,2025.0,6.0,150.0,1598.0,4.0
0.0,0.0,1.0,0.0,44300.0,10.499,2018.0,6.0,84.0,1248.0,4.0
0.0,1.0,0.0,0.0,20791.0,21.68,2025.0,6.0,140.0,1482.0,4.0
1.0,0.0,1.0,0.0,141176.0,16.9,2022.0,6.0,136.0,1598.0,4.0
1.0,1.0,0.0,0.0,107654.0,19.9,2017.0,6.0,200.0,2199.0,4.0
0.0,1.0,0.0,0.0,22197.0,26.97,2025.0,6.0,160.0,1598.0,4.0
0.0,0.0,1.0,0.0,103994.0,15.99,2022.0,6.0,160.0,1482.0,4.0
1.0,1.0,0.0,0.0,77000.0,15.48,2020.0,6.0,141.0,1580.0,4.0
1.0,1.0,0.0,0.0,56000.0,27.99,2023.0,6.0,179.0,1598.0,4.0
0.0,0.0,1.0,0.0,57000.0,20.89,2019.0,6.0,204.0,1591.0,4.0
0.0,1.0,0.0,0.0,66800.0,22.95,2021.0,6.0,177.0,1591.0,4.0
0.0,0.0,1.0,0.0,187288.0,4.25,2013.0,6.0,69.0,998.0,3.0
0.0,0.0,1.0,0.0,110517.0,15.0,2022.0,6.0,120.0,998.0,3.0
0.0,0.0,1.0,0.0,10.0,27.22,2024.0,6.0,160.0,1598.0,4.0
0.0,0.0,1.0,0.0,4950.0,17.98,2024.0,6.0,101.0,998.0,3.0
0.0,0.0,1.0,0.0,79665.0,12.545,2019.0,6.0,135.0,1591.0,4.0
0.0,0.0,1.0,0.0,5000.0,17.69,2025.0,6.0,101.0,998.0,3.0
0.0,0.0,1.0,0.0,51269.0,16.89,2019.0,6.0,132.0,1591.0,5.0
1.0,1.0,0.0,0.0,8600.0,29.95,2024.0,6.0,160.0,1598.0,4.0
1.0,0.0,1.0,0.0,48448.0,22.5,2023.0,6.0,150.0,1598.0,4.0
0.0,0.0,1.0,0.0,153131.0,12.95,2014.0,6.0,204.0,1591.0,4.0
1.0,0.0,1.0,0.0,34564.0,19.9,2023.0,6.0,160.0,1482.0,4.0
1.0,1.0,0.0,0.0,99550.0,29.99,2020.0,6.0,200.0,2199.0,5.0
0.0,0.0,1.0,0.0,129735.0,9.99,2018.0,6.0,84.0,1248.0,4.0
0.0,0.0,1.0,0.0,11000.0,24.995,2022.0,6.0,150.0,1598.0,4.0
1.0,1.0,0.0,0.0,14922.0,20.488,2022.0,6.0,140.0,1580.0,4.0
0.0,0.0,1.0,0.0,144108.0,10.94,2017.0,6.0,120.0,998.0,3.0
1.0,0.0,1.0,0.0,84183.0,13.999,2016.0,6.0,141.0,1700.0,4.0
1.0,1.0,0.0,0.0,79104.0,16.945,2018.0,6.0,105.0,1580.0,4.0
0.0,0.0,1.0,0.0,20846.0,23.35,2024.0,6.0,150.0,1598.0,5.0
0.0,0.0,1.0,0.0,182033.0,8.4,2011.0,6.0,163.0,1998.0,4.0
0.0,0.0,1.0,0.0,189550.0,3.5,2014.0,6.0,86.0,1248.0,4.0
1.0,1.0,0.0,0.0,54500.0,18.58,2020.0,6.0,105.0,1580.0,4.0
0.0,0.0,1.0,0.0,84551.0,10.89,2014.0,6.0,135.0,1591.0,4.0
0.0,1.0,0.0,0.0,9343.0,21.77,2025.0,6.0,140.0,1482.0,4.0
0.0,0.0,1.0,0.0,221174.0,7.995,2014.0,6.0,135.0,1591.0,4.0
0.0,1.0,0.0,0.0,15.0,30.99,2025.0,6.0,150.0,1598.0,4.0
1.0,0.0,1.0,0.0,1.0,26.9,2025.0,6.0,147.0,1598.0,4.0
1.0,1.0,0.0,0.0,15.0,39.99,2025.0,6.0,239.0,1598.0,5.0
1.0,0.0,1.0,0.0,20561.0,24.29,2023.0,6.0,116.0,1598.0,4.0
1.0,1.0,0.0,0.0,50.0,47.18,2025.0,6.0,228.0,2275.0,5.0
1.0,1.0,0.0,0.0,30945.0,24.84,2023.0,6.0,204.0,2275.0,5.0
0.0,1.0,0.0,0.0,10.0,31.995,2025.0,6.0,150.0,1598.0,4.0
0.0,1.0,0.0,0.0,5.0,31.995,2025.0,6.0,150.0,1598.0,4.0
0.0,0.0,1.0,0.0,55000.0,17.79,2021.0,6.0,132.0,1591.0,4.0
1.0,1.0,0.0,0.0,15416.0,31.89,2024.0,6.0,141.0,1580.0,4.0
1.0,0.0,1.0,0.0,84583.0,20.5,2022.0,6.0,136.0,1598.0,4.0
0.0,0.0,1.0,0.0,8.0,18.99,2024.0,6.0,79.0,1197.0,4.0
1.0,0.0,1.0,0.0,80800.0,15.99,2021.0,6.0,136.0,1598.0,4.0
0.0,0.0,1.0,0.0,59859.0,13.75,2018.0,6.0,99.0,1368.0,5.0
1.0,1.0,0.0,0.0,77000.0,15.48,2020.0,6.0,141.0,1580.0,4.0
1.0,1.0,0.0,0.0,17550.0,34.65,2024.0,6.0,204.0,2275.0,5.0
1.0,0.0,1.0,0.0,41202.0,24.87,2023.0,6.0,136.0,1598.0,4.0
0.0,0.0,1.0,0.0,115019.0,14.75,2017.0,6.0,132.0,1591.0,4.0
0.0,1.0,0.0,0.0,10.0,31.995,2025.0,6.0,150.0,1598.0,4.0
1.0,1.0,0.0,0.0,32658.0,23.8,2022.0,6.0,136.0,1600.0,4.0
1.0,1.0,0.0,0.0,500.0,42.99,2025.0,6.0,163.0,2275.0,5.0
0.0,1.0,0.0,0.0,94300.0,8.9,2021.0,6.0,67.0,998.0,3.0
1.0,1.0,0.0,0.0,84400.0,29.99,2020.0,6.0,200.0,2199.0,4.0
0.0,0.0,1.0,0.0,15330.0,17.99,2025.0,6.0,99.0,998.0,3.0
0.0,1.0,0.0,0.0,149584.0,14.888,2014.0,6.0,192.0,2359.0,4.0
1.0,1.0,0.0,0.0,71268.0,11.99,2018.0,6.0,111.0,2275.0,5.0
1.0,1.0,0.0,0.0,78267.0,19.99,2022.0,6.0,140.0,1580.0,4.0
0.0,0.0,1.0,0.0,29465.0,22.85,2024.0,6.0,150.0,1598.0,5.0
0.0,0.0,1.0,0.0,104488.0,16.999,2021.0,6.0,120.0,998.0,3.0
1.0,1.0,0.0,0.0,15.0,43.89,2025.0,6.0,218.0,2275.0,5.0
0.0,1.0,0.0,0.0,74600.0,18.98,2023.0,6.0,160.0,1482.0,3.0
1.0,1.0,0.0,0.0,18600.0,21.98,2022.0,6.0,105.0,1580.0,4.0
0.0,1.0,0.0,0.0,10.0,30.99,2025.0,6.0,150.0,1598.0,4.0
1.0,1.0,0.0,0.0,10.0,33.38,2025.0,6.0,204.0,2275.0,5.0
1.0,0.0,0.0,1.0,52326.0,14.9,2019.0,6.0,105.0,1580.0,4.0
0.0,1.0,0.0,0.0,10.0,30.99,2025.0,6.0,150.0,1598.0,4.0
1.0,1.0,0.0,0.0,74081.0,19.999,2021.0,6.0,204.0,2275.0,5.0
0.0,0.0,1.0,0.0,97890.0,11.99,2019.0,6.0,99.0,1368.0,5.0
1.0,1.0,0.0,0.0,15.0,30.49,2025.0,6.0,204.0,1.0,5.0
0.0,1.0,0.0,0.0,15319.0,28.77,2025.0,6.0,160.0,1598.0,4.0
1.0,1.0,0.0,0.0,69260.0,20.99,2020.0,6.0,141.0,1580.0,4.0
1.0,1.0,0.0,0.0,10.0,35.4,2025.0,6.0,179.0,1598.0,4.0
1.0,0.0,1.0,0.0,39254.0,26.9,2022.0,6.0,136.0,1598.0,4.0
1.0,1.0,0.0,0.0,76500.0,17.89,2021.0,6.0,141.0,1580.0,4.0
1.0,0.0,1.0,0.0,90600.0,12.9,2021.0,6.0,101.0,998.0,3.0
1.0,1.0,0.0,0.0,53332.0,24.995,2022.0,6.0,143.0,1580.0,4.0
1.0,0.0,1.0,0.0,140036.0,14.7,2021.0,6.0,136.0,1598.0,4.0
0.0,0.0,1.0,0.0,103994.0,15.99,2022.0,6.0,160.0,1482.0,4.0
1.0,0.0,1.0,0.0,25000.0,20.995,2024.0,6.0,116.0,1598.0,4.0
0.0,0.0,1.0,0.0,61515.0,17.89,2022.0,6.0,101.0,998.0,3.0
0.0,0.0,1.0,0.0,12915.0,20.29,2024.0,6.0,137.0,998.0,3.0
1.0,1.0,0.0,0.0,48500.0,21.9,2022.0,6.0,140.0,1580.0,4.0
0.0,0.0,1.0,0.0,32842.0,16.969,2022.0,6.0,101.0,998.0,3.0
1.0,0.0,1.0,0.0,31100.0,15.9,2022.0,6.0,101.0,998.0,3.0
0.0,1.0,0.0,0.0,5.0,31.995,2025.0,6.0,150.0,1598.0,4.0
0.0,1.0,0.0,0.0,77730.0,10.79,2022.0,6.0,67.0,998.0,3.0
0.0,0.0,1.0,0.0,47469.0,18.24,2022.0,6.0,101.0,998.0,3.0
1.0,1.0,0.0,0.0,105844.0,14.475,2020.0,6.0,141.0,1580.0,5.0
1.0,1.0,0.0,0.0,8091.0,27.9,2024.0,6.0,136.0,1598.0,4.0
0.0,0.0,1.0,0.0,56414.0,16.95,2022.0,6.0,99.0,998.0,5.0
0.0,0.0,1.0,0.0,52550.0,17.28,2022.0,6.0,160.0,1482.0,4.0
0.0,0.0,1.0,0.0,30195.0,22.85,2024.0,6.0,150.0,1598.0,5.0
1.0,1.0,0.0,0.0,61050.0,29.995,2022.0,6.0,230.0,2275.0,0.0
1.0,1.0,0.0,0.0,72874.0,15.72,2025.0,6.0,141.0,2275.0,5.0
0.0,0.0,1.0,0.0,10.0,27.99,2025.0,6.0,160.0,1598.0,4.0
0.0,1.0,0.0,0.0,105911.0,8.85,2010.0,6.0,125.0,1591.0,4.0
1.0,1.0,0.0,0.0,29292.0,19.9,2022.0,6.0,141.0,1580.0,4.0
1.0,1.0,0.0,0.0,109000.0,12.95,2020.0,6.0,141.0,1580.0,4.0
0.0,1.0,0.0,0.0,10.0,31.995,2025.0,6.0,150.0,1598.0,4.0
0.0,0.0,1.0,0.0,28875.0,19.45,2024.0,6.0,160.0,1482.0,5.0
1.0,1.0,0.0,0.0,40000.0,20.55,2022.0,6.0,141.0,1580.0,4.0
0.0,0.0,1.0,0.0,92791.0,17.999,2022.0,6.0,120.0,998.0,3.0
1.0,1.0,0.0,0.0,15637.0,29.49,2023.0,6.0,204.0,2275.0,5.0
0.0,1.0,0.0,0.0,14700.0,29.39,2023.0,6.0,179.0,1598.0,4.0
1.0,1.0,0.0,0.0,15.0,39.99,2025.0,6.0,239.0,1598.0,5.0
1.0,1.0,0.0,0.0,29900.0,17.999,2022.0,6.0,160.0,1482.0,4.0
1.0,1.0,0.0,0.0,52751.0,19.95,2020.0,6.0,105.0,1580.0,4.0
0.0,0.0,1.0,0.0,50300.0,15.99,2021.0,6.0,120.0,998.0,3.0
1.0,0.0,1.0,0.0,86000.0,21.9,2022.0,6.0,150.0,1598.0,4.0
0.0,0.0,1.0,0.0,18881.0,17.59,2023.0,6.0,101.0,998.0,3.0
1.0,0.0,1.0,0.0,20251.0,19.9,2022.0,6.0,117.0,998.0,3.0
1.0,1.0,0.0,0.0,174050.0,12.945,2016.0,6.0,105.0,1580.0,4.0
0.0,1.0,0.0,0.0,16320.0,25.499,2024.0,6.0,204.0,1591.0,4.0
1.0,1.0,0.0,0.0,169960.0,14.99,2019.0,6.0,204.0,2275.0,5.0
1.0,0.0,1.0,0.0,7468.0,16.09,2024.0,6.0,101.0,2275.0,5.0
1.0,1.0,0.0,0.0,69697.0,20.99,2022.0,6.0,140.0,1580.0,4.0
0.0,0.0,1.0,0.0,19987.0,26.89,2024.0,6.0,150.0,1598.0,5.0
1.0,1.0,0.0,0.0,10.0,40.98,2025.0,6.0,204.0,2275.0,5.0
1.0,1.0,0.0,0.0,10.0,28.977,2025.0,6.0,204.0,2275.0,5.0
1.0,1.0,0.0,0.0,3500.0,31.985,2025.0,6.0,204.0,2275.0,5.0
0.0,1.0,0.0,0.0,10436.0,21.46,2025.0,6.0,140.0,1482.0,4.0
1.0,1.0,0.0,0.0,58913.0,20.748,2021.0,6.0,141.0,1580.0,4.0
1.0,1.0,0.0,0.0,15.0,39.99,2025.0,6.0,239.0,1598.0,5.0
0.0,0.0,1.0,0.0,22119.0,23.45,2024.0,6.0,150.0,1598.0,5.0
1.0,0.0,1.0,0.0,121500.0,15.99,2020.0,6.0,116.0,1598.0,4.0
0.0,0.0,1.0,0.0,21041.0,23.35,2024.0,6.0,150.0,1598.0,5.0
0.0,1.0,0.0,0.0,30300.0,24.9,2021.0,6.0,177.0,1591.0,4.0
0.0,0.0,1.0,0.0,127384.0,11.45,2017.0,6.0,120.0,998.0,3.0
1.0,1.0,0.0,0.0,127438.0,13.5,2017.0,6.0,156.0,1999.0,4.0
1.0,0.0,1.0,0.0,10000.0,23.9,2024.0,6.0,160.0,1482.0,4.0
0.0,1.0,0.0,0.0,10.0,31.995,2025.0,6.0,150.0,1598.0,4.0
0.0,1.0,0.0,0.0,54000.0,26.59,2021.0,6.0,204.0,1591.0,4.0
0.0,0.0,1.0,0.0,15629.0,14.95,2024.0,6.0,101.0,998.0,3.0
1.0,0.0,1.0,0.0,1.0,29.9,2025.0,6.0,147.0,2275.0,5.0
1.0,1.0,0.0,0.0,169617.0,15.95,2021.0,6.0,141.0,1580.0,4.0
1.0,1.0,0.0,0.0,71209.0,17.449,2020.0,6.0,204.0,2275.0,5.0
1.0,1.0,0.0,0.0,13170.0,38.7,2024.0,6.0,204.0,2275.0,5.0
1.0,1.0,0.0,0.0,10.0,37.35,2025.0,6.0,179.0,1598.0,4.0
1.0,1.0,0.0,0.0,16500.0,29.35,2024.0,6.0,136.0,1598.0,4.0
0.0,1.0,0.0,0.0,12849.0,20.85,2025.0,6.0,101.0,998.0,3.0
1.0,1.0,0.0,0.0,50.0,30.99,2025.0,6.0,141.0,1580.0,5.0
1.0,1.0,0.0,0.0,46836.0,29.95,2022.0,6.0,171.0,1580.0,4.0
1.0,1.0,0.0,0.0,103715.0,18.749,2021.0,6.0,105.0,1580.0,4.0
0.0,1.0,0.0,0.0,54000.0,26.59,2021.0,6.0,204.0,1591.0,4.0
1.0,1.0,0.0,0.0,67451.0,16.99,2021.0,6.0,141.0,1580.0,4.0
0.0,1.0,0.0,0.0,3124.0,17.79,2024.0,6.0,84.0,1197.0,5.0
1.0,1.0,0.0,0.0,2900.0,33.5,2025.0,6.0,204.0,2275.0,5.0
0.0,1.0,0.0,0.0,53650.0,19.9,2021.0,6.0,177.0,1591.0,5.0
0.0,1.0,0.0,0.0,61280.0,23.79,2022.0,6.0,177.0,1591.0,4.0
1.0,1.0,0.0,0.0,8316.0,47.995,2024.0,6.0,179.0,1598.0,4.0
1.0,1.0,0.0,0.0,25615.0,20.9,2020.0,6.0,141.0,1580.0,4.0
0.0,0.0,1.0,0.0,19900.0,21.39,2023.0,6.0,160.0,1482.0,4.0
0.0,0.0,1.0,0.0,50.0,23.95,2025.0,6.0,140.0,1482.0,4.0
0.0,0.0,1.0,0.0,24405.0,23.35,2024.0,6.0,150.0,1598.0,5.0
0.0,0.0,1.0,0.0,8029.0,21.95,2024.0,6.0,120.0,998.0,5.0
1.0,1.0,0.0,0.0,6.0,36.98,2024.0,6.0,136.0,1598.0,4.0
0.0,0.0,1.0,0.0,69173.0,12.0,2023.0,6.0,84.0,2275.0,5.0
0.0,1.0,0.0,0.0,13000.0,22.499,2023.0,6.0,120.0,998.0,3.0
0.0,0.0,1.0,0.0,8570.0,17.99,2024.0,6.0,101.0,998.0,5.0
0.0,1.0,0.0,0.0,10.0,23.85,2025.0,6.0,140.0,1482.0,5.0
0.0,0.0,1.0,0.0,126400.0,9.39,2025.0,6.0,135.0,1591.0,4.0
1.0,1.0,0.0,0.0,70117.0,31.9,2022.0,6.0,230.0,1598.0,4.0
1.0,0.0,1.0,0.0,59900.0,21.0,2022.0,6.0,150.0,1598.0,4.0
0.0,0.0,1.0,0.0,10.0,16.35,2025.0,6.0,68.0,998.0,5.0
0.0,0.0,1.0,0.0,68683.0,18.95,2023.0,6.0,120.0,998.0,3.0
0.0,0.0,1.0,0.0,20130.0,18.775,2022.0,6.0,160.0,1482.0,4.0
0.0,0.0,1.0,0.0,107292.0,12.75,2018.0,6.0,120.0,998.0,3.0
1.0,1.0,0.0,0.0,49500.0,20.9,2021.0,6.0,141.0,1580.0,4.0
1.0,1.0,0.0,0.0,59200.0,16.182,2021.0,6.0,141.0,1580.0,4.0
0.0,1.0,0.0,0.0,10.0,23.85,2025.0,6.0,140.0,1482.0,5.0
0.0,1.0,0.0,0.0,10.0,25.25,2025.0,6.0,140.0,1482.0,5.0
1.0,1.0,0.0,0.0,91269.0,17.74,2020.0,6.0,140.0,1580.0,4.0
1.0,0.0,1.0,0.0,47170.0,24.9,2023.0,6.0,136.0,1598.0,4.0
0.0,0.0,1.0,0.0,84859.0,17.95,2022.0,6.0,120.0,998.0,3.0
1.0,0.0,1.0,0.0,51092.0,22.9,2022.0,6.0,136.0,1598.0,4.0
1.0,1.0,0.0,0.0,37358.0,39.999,2023.0,6.0,230.0,1598.0,4.0
0.0,0.0,1.0,0.0,22290.0,23.35,2024.0,6.0,150.0,1598.0,5.0
1.0,1.0,0.0,0.0,99400.0,36.88,2021.0,6.0,179.0,1598.0,5.0
0.0,0.0,1.0,0.0,10.0,22.49,2025.0,6.0,101.0,998.0,3.0
1.0,1.0,0.0,0.0,30984.0,30.9,2023.0,6.0,228.0,2275.0,5.0
1.0,0.0,1.0,0.0,48766.0,16.4,2022.0,6.0,120.0,998.0,5.0
1.0,0.0,1.0,0.0,30502.0,23.9,2023.0,6.0,136.0,1598.0,4.0
1.0,1.0,0.0,0.0,78060.0,19.9,2020.0,6.0,204.0,2275.0,5.0
0.0,0.0,1.0,0.0,88793.0,14.9,2021.0,6.0,120.0,998.0,3.0
0.0,0.0,1.0,0.0,15.0,23.99,2025.0,6.0,101.0,998.0,5.0
1.0,1.0,0.0,0.0,15.0,39.99,2025.0,6.0,239.0,1598.0,5.0
1.0,0.0,1.0,0.0,45757.0,22.49,2024.0,6.0,136.0,1598.0,4.0
0.0,0.0,1.0,0.0,82468.0,12.138,2021.0,6.0,132.0,1591.0,4.0
0.0,0.0,1.0,0.0,24000.0,18.499,2022.0,6.0,120.0,998.0,3.0
0.0,1.0,0.0,0.0,10.0,38.45,2025.0,6.0,179.0,1598.0,5.0
0.0,0.0,1.0,0.0,46204.0,23.91,2022.0,6.0,120.0,998.0,3.0
0.0,0.0,1.0,0.0,35708.0,11.998,2023.0,6.0,71.0,999.0,5.0
0.0,0.0,1.0,0.0,210432.0,4.95,2010.0,6.0,200.0,1742.0,4.0
1.0,1.0,0.0,0.0,12.0,23.4,2025.0,6.0,110.0,1199.0,3.0
1.0,1.0,0.0,0.0,1.0,21.5,2025.0,6.0,110.0,1199.0,3.0
1.0,1.0,0.0,0.0,2500.0,20.9,2024.0,6.0,101.0,1199.0,3.0
0.0,0.0,1.0,0.0,202190.0,2.9,2010.0,6.0,120.0,1368.0,4.0
1.0,1.0,0.0,0.0,19515.0,17.932,2025.0,6.0,101.0,1199.0,3.0
1.0,1.0,0.0,0.0,10.0,22.49,2025.0,6.0,101.0,1199.0,3.0
1.0,1.0,0.0,0.0,10.0,17.4,2025.0,6.0,101.0,1199.0,3.0
1.0,1.0,0.0,0.0,11820.0,19.9,2025.0,6.0,101.0,1199.0,3.0
1.0,0.0,1.0,0.0,21711.0,12.9,2024.0,6.0,69.0,999.0,3.0
1.0,0.0,1.0,0.0,66300.0,9.7,2022.0,6.0,69.0,999.0,3.0
0.0,1.0,0.0,0.0,194876.0,5.895,2009.0,6.0,200.0,1742.0,4.0
1.0,0.0,1.0,0.0,59000.0,9.98,2021.0,6.0,69.0,999.0,3.0
1.0,1.0,0.0,0.0,1.0,18.9,2025.0,6.0,101.0,1199.0,3.0
1.0,1.0,0.0,0.0,16644.0,19.9,2025.0,6.0,101.0,1199.0,3.0
1.0,0.0,1.0,0.0,10.0,12.45,2024.0,6.0,69.0,999.0,3.0
1.0,1.0,0.0,0.0,10.0,24.2,2025.0,6.0,101.0,1199.0,3.0
1.0,0.0,1.0,0.0,22956.0,11.79,2023.0,6.0,69.0,999.0,5.0
1.0,0.0,1.0,0.0,21711.0,12.9,2024.0,6.0,69.0,999.0,3.0
1.0,1.0,0.0,0.0,10.0,18.7,2025.0,6.0,110.0,1199.0,3.0
1.0,0.0,1.0,0.0,6000.0,12.9,2024.0,6.0,69.0,999.0,3.0
1.0,0.0,1.0,0.0,29830.0,11.9,2022.0,6.0,69.0,999.0,3.0
1.0,0.0,1.0,0.0,18500.0,11.3,2022.0,6.0,69.0,999.0,3.0
1.0,1.0,0.0,0.0,19400.0,17.5,2024.0,6.0,110.0,1199.0,3.0
1.0,1.0,0.0,0.0,1.0,18.499,2025.0,6.0,101.0,1199.0,3.0
0.0,0.0,1.0,0.0,84908.0,10.5,2022.0,6.0,69.0,999.0,3.0
1.0,1.0,0.0,0.0,8273.0,18.65,2024.0,6.0,101.0,1199.0,3.0
1.0,0.0,1.0,0.0,5730.0,14.5,2024.0,6.0,69.0,999.0,3.0
1.0,0.0,1.0,0.0,33468.0,12.9,2023.0,6.0,69.0,999.0,3.0
1.0,0.0,1.0,0.0,22982.0,13.5,2024.0,6.0,69.0,999.0,3.0
1.0,1.0,0.0,0.0,2500.0,18.5,2024.0,6.0,101.0,1199.0,3.0
1.0,1.0,0.0,0.0,2.0,21.95,2025.0,6.0,101.0,1199.0,3.0
1.0,0.0,1.0,0.0,56000.0,10.29,2023.0,6.0,69.0,999.0,3.0
0.0,0.0,1.0,0.0,18867.0,12.35,2023.0,6.0,69.0,998.0,3.0
1.0,0.0,1.0,0.0,18603.0,12.7,2024.0,6.0,69.0,999.0,3.0
1.0,1.0,0.0,0.0,8000.0,21.9,2024.0,6.0,101.0,1199.0,3.0
1.0,0.0,1.0,0.0,19813.0,12.7,2024.0,6.0,69.0,999.0,3.0
1.0,0.0,1.0,0.0,16009.0,12.178,2024.0,6.0,69.0,999.0,3.0
1.0,0.0,1.0,0.0,21446.0,11.218,2024.0,6.0,69.0,999.0,3.0
1.0,1.0,0.0,0.0,11888.0,22.5,2025.0,6.0,101.0,1199.0,3.0
1.0,1.0,0.0,0.0,10791.0,20.25,2025.0,6.0,101.0,1199.0,3.0
1.0,1.0,0.0,0.0,23952.0,19.95,2025.0,6.0,101.0,1199.0,3.0
1.0,0.0,1.0,0.0,36507.0,13.9,2024.0,6.0,69.0,999.0,3.0
1.0,0.0,1.0,0.0,24181.0,13.9,2024.0,6.0,69.0,999.0,3.0
1.0,1.0,0.0,0.0,23652.0,17.99,2025.0,6.0,101.0,1199.0,3.0
0.0,1.0,0.0,0.0,9025.0,18.19,2024.0,6.0,99.0,1199.0,3.0
1.0,1.0,0.0,0.0,10.0,19.9,2025.0,6.0,101.0,1199.0,5.0
0.0,1.0,0.0,0.0,8300.0,22.5,2025.0,6.0,101.0,1199.0,3.0
1.0,1.0,0.0,0.0,10.0,22.86,2025.0,6.0,110.0,1199.0,3.0
1.0,1.0,0.0,0.0,20000.0,20.9,2024.0,6.0,101.0,1199.0,3.0
1.0,0.0,1.0,0.0,125000.0,8.499,2022.0,6.0,69.0,999.0,3.0
1.0,0.0,1.0,0.0,10000.0,11.8,2022.0,6.0,69.0,999.0,3.0
1.0,0.0,1.0,0.0,74800.0,9.9,2022.0,6.0,69.0,999.0,3.0
1.0,0.0,1.0,0.0,13226.0,14.5,2024.0,6.0,69.0,999.0,3.0
1.0,1.0,0.0,0.0,21000.0,18.95,2024.0,6.0,101.0,1199.0,3.0
1.0,1.0,0.0,0.0,1.0,19.9,2024.0,6.0,101.0,1199.0,3.0
1.0,0.0,1.0,0.0,15432.0,14.95,2024.0,6.0,69.0,999.0,3.0
1.0,1.0,0.0,0.0,50.0,22.99,2025.0,6.0,101.0,1199.0,3.0
1.0,0.0,1.0,0.0,27058.0,14.5,2024.0,6.0,69.0,999.0,3.0
1.0,0.0,1.0,0.0,28270.0,11.899,2024.0,6.0,69.0,999.0,3.0
1.0,0.0,1.0,0.0,11000.0,12.4,2023.0,6.0,69.0,999.0,3.0
1.0,0.0,1.0,0.0,20706.0,14.6,2024.0,6.0,69.0,999.0,3.0
0.0,0.0,1.0,0.0,10793.0,11.9,2020.0,6.0,67.0,1200.0,5.0
1.0,0.0,1.0,0.0,41170.0,13.4,2024.0,6.0,69.0,999.0,3.0
1.0,0.0,1.0,0.0,26161.0,12.047,2024.0,6.0,69.0,999.0,3.0
1.0,0.0,1.0,0.0,19121.0,14.0,2024.0,6.0,69.0,999.0,3.0
1.0,0.0,1.0,0.0,29861.0,13.3,2024.0,6.0,69.0,999.0,3.0
1.0,0.0,1.0,0.0,39149.0,12.9,2024.0,6.0,69.0,999.0,3.0
1.0,0.0,1.0,0.0,20864.0,15.5,2024.0,6.0,69.0,999.0,3.0
1.0,0.0,1.0,0.0,31008.0,13.3,2024.0,6.0,69.0,999.0,3.0
1.0,1.0,0.0,0.0,4297.0,22.9,2024.0,6.0,101.0,1199.0,3.0
1.0,1.0,0.0,0.0,10.0,21.85,2025.0,6.0,101.0,2275.0,3.0
1.0,1.0,0.0,0.0,1.0,21.9,2024.0,6.0,101.0,1199.0,5.0
1.0,0.0,1.0,0.0,36000.0,13.5,2022.0,6.0,69.0,999.0,3.0
1.0,0.0,1.0,0.0,25915.0,12.118,2024.0,6.0,69.0,999.0,3.0
1.0,0.0,1.0,0.0,20748.0,14.9,2024.0,6.0,69.0,999.0,3.0
1.0,0.0,1.0,0.0,26161.0,12.047,2024.0,6.0,69.0,999.0,3.0
1.0,0.0,1.0,0.0,26161.0,12.047,2024.0,6.0,69.0,999.0,3.0
1.0,0.0,1.0,0.0,24234.0,13.9,2024.0,6.0,69.0,999.0,5.0
1.0,0.0,1.0,0.0,30298.0,11.978,2024.0,6.0,69.0,999.0,3.0
1.0,0.0,1.0,0.0,10.0,15.99,2024.0,6.0,69.0,999.0,3.0
1.0,0.0,1.0,0.0,29458.0,12.74,2024.0,6.0,69.0,999.0,3.0
1.0,0.0,1.0,0.0,16500.0,14.9,2024.0,6.0,69.0,999.0,3.0
1.0,1.0,0.0,0.0,10.0,22.4,2025.0,6.0,101.0,2275.0,3.0
1.0,1.0,0.0,0.0,17040.0,19.9,2025.0,6.0,101.0,1199.0,3.0
1.0,0.0,1.0,0.0,30500.0,14.9,2024.0,6.0,69.0,999.0,3.0
1.0,1.0,0.0,0.0,10.0,23.301,2025.0,6.0,101.0,1199.0,3.0
1.0,1.0,0.0,0.0,11461.0,20.9,2025.0,6.0,101.0,1199.0,3.0
1.0,0.0,1.0,0.0,66717.0,13.4,2024.0,6.0,69.0,999.0,3.0
1.0,0.0,1.0,0.0,27308.0,14.49,2024.0,6.0,69.0,999.0,3.0
1.0,0.0,1.0,0.0,11805.0,15.25,2024.0,6.0,69.0,999.0,3.0
1.0,0.0,1.0,0.0,42500.0,7.7,2022.0,6.0,69.0,1242.0,4.0
1.0,1.0,0.0,0.0,9750.0,25.8,2024.0,6.0,101.0,2275.0,3.0
1.0,0.0,1.0,0.0,56800.0,7.9,2023.0,6.0,69.0,999.0,3.0
1.0,1.0,0.0,0.0,18173.0,17.9,2024.0,6.0,101.0,1199.0,3.0
1.0,0.0,1.0,0.0,54573.0,9.5,2023.0,6.0,69.0,1000.0,5.0
1.0,0.0,1.0,0.0,52.0,12.5,2022.0,6.0,69.0,1242.0,4.0
1.0,1.0,0.0,0.0,8279.0,20.9,2025.0,6.0,101.0,2275.0,5.0
1.0,0.0,1.0,0.0,16000.0,12.9,2024.0,6.0,69.0,999.0,3.0
0.0,1.0,0.0,0.0,157647.0,7.99,2009.0,6.0,200.0,1742.0,4.0
0.0,0.0,1.0,0.0,118155.0,2.45,2008.0,6.0,95.0,1368.0,4.0
0.0,0.0,1.0,0.0,146000.0,3.49,2008.0,6.0,150.0,1368.0,4.0
1.0,0.0,1.0,0.0,205860.0,1.1,2009.0,6.0,190.0,2275.0,5.0
1.0,0.0,1.0,0.0,20000.0,10.45,2023.0,6.0,69.0,999.0,3.0
1.0,1.0,0.0,0.0,215000.0,7.5,2013.0,6.0,239.0,2987.0,6.0
1.0,1.0,0.0,0.0,1.0,16.152,2024.0,6.0,101.0,1199.0,3.0
1.0,0.0,1.0,0.0,29000.0,10.9,2022.0,6.0,69.0,999.0,3.0
1.0,0.0,1.0,0.0,68000.0,9.49,2022.0,6.0,69.0,999.0,3.0
1.0,0.0,1.0,0.0,50000.0,8.0,2022.0,6.0,52.0,2275.0,5.0
0.0,1.0,0.0,0.0,59100.0,7.9,2010.0,6.0,95.0,1368.0,4.0
0.0,0.0,1.0,0.0,141442.0,5.75,2012.0,6.0,120.0,1368.0,4.0
1.0,1.0,0.0,0.0,12100.0,17.9,2024.0,6.0,101.0,1199.0,3.0
0.0,0.0,1.0,0.0,114423.0,5.945,2009.0,6.0,150.0,1368.0,4.0
0.0,1.0,0.0,0.0,50.0,17.99,2025.0,6.0,99.0,1198.0,5.0
1.0,0.0,1.0,0.0,142000.0,5.0,2013.0,6.0,69.0,2275.0,5.0
1.0,0.0,1.0,0.0,60569.0,8.645,2022.0,6.0,69.0,999.0,3.0
1.0,0.0,1.0,0.0,75022.0,9.9,2021.0,6.0,69.0,999.0,5.0
0.0,0.0,1.0,0.0,129916.0,2.15,2008.0,6.0,60.0,1242.0,4.0
1.0,0.0,1.0,0.0,51958.0,9.95,2023.0,6.0,69.0,999.0,3.0
1.0,1.0,0.0,0.0,0.0,17.9,2024.0,6.0,101.0,1199.0,5.0
0.0,0.0,1.0,0.0,138000.0,2.6,2010.0,6.0,86.0,1242.0,4.0
1.0,1.0,0.0,0.0,151671.0,13.0,2018.0,6.0,150.0,1999.0,5.0
1.0,0.0,1.0,0.0,130000.0,16.875,2020.0,6.0,150.0,1999.0,4.0
1.0,0.0,1.0,0.0,51402.0,28.487,2022.0,6.0,163.0,1998.0,5.0
1.0,1.0,0.0,0.0,101100.0,19.99,2021.0,6.0,163.0,1998.0,5.0
1.0,0.0,1.0,0.0,141600.0,16.0,2017.0,6.0,179.0,1999.0,4.0
1.0,1.0,0.0,0.0,110000.0,18.99,2013.0,6.0,190.0,2179.0,5.0
1.0,1.0,0.0,0.0,68196.0,23.85,2018.0,6.0,179.0,1999.0,4.0
1.0,1.0,0.0,0.0,48000.0,28.99,2020.0,6.0,150.0,2275.0,5.0
1.0,0.0,1.0,0.0,158066.0,14.6,2018.0,6.0,150.0,2000.0,4.0
1.0,0.0,1.0,0.0,19500.0,36.5,2024.0,6.0,163.0,1999.0,4.0
1.0,1.0,0.0,0.0,70000.0,27.99,2020.0,6.0,241.0,1999.0,4.0
1.0,1.0,0.0,0.0,121386.0,21.85,2017.0,6.0,241.0,1999.0,4.0
1.0,0.0,1.0,0.0,125000.0,13.99,2015.0,6.0,151.0,2275.0,5.0
1.0,0.0,1.0,0.0,160570.0,13.995,2016.0,6.0,150.0,1999.0,4.0
1.0,0.0,1.0,0.0,72357.0,24.95,2020.0,6.0,150.0,1999.0,4.0
1.0,1.0,0.0,0.0,33580.0,39.9,2022.0,6.0,163.0,1998.0,5.0
1.0,0.0,1.0,0.0,49500.0,14.5,2016.0,6.0,150.0,1999.0,4.0
1.0,0.0,1.0,0.0,72137.0,30.9,2022.0,6.0,163.0,2000.0,4.0
1.0,1.0,0.0,0.0,109017.0,19.59,2021.0,6.0,163.0,1998.0,5.0
1.0,0.0,1.0,0.0,144100.0,14.99,2017.0,6.0,150.0,1999.0,5.0
1.0,1.0,0.0,0.0,80300.0,21.5,2019.0,6.0,150.0,2275.0,5.0
1.0,1.0,0.0,0.0,82941.0,23.95,2021.0,6.0,160.0,2275.0,5.0
1.0,1.0,0.0,0.0,138723.0,18.59,2020.0,6.0,151.0,2275.0,5.0
0.0,1.0,0.0,0.0,126508.0,19.94,2013.0,6.0,241.0,1999.0,4.0
1.0,1.0,0.0,0.0,58100.0,23.39,2019.0,6.0,151.0,1999.0,5.0
1.0,1.0,0.0,0.0,94413.0,23.8,2021.0,6.0,200.0,1497.0,5.0
1.0,1.0,0.0,0.0,125256.0,18.99,2019.0,6.0,151.0,2275.0,5.0
1.0,1.0,0.0,0.0,75402.0,24.508,2022.0,6.0,163.0,1998.0,5.0
1.0,1.0,0.0,0.0,92500.0,27.949,2010.0,6.0,245.0,2993.0,6.0
1.0,0.0,1.0,0.0,76813.0,29.9,2022.0,6.0,163.0,2000.0,4.0
1.0,1.0,0.0,0.0,116250.0,16.599,2018.0,6.0,150.0,2275.0,5.0
1.0,1.0,0.0,0.0,45325.0,35.9,2022.0,6.0,163.0,1998.0,5.0
1.0,0.0,1.0,0.0,129500.0,22.79,2020.0,6.0,150.0,1999.0,5.0
1.0,1.0,0.0,0.0,103165.0,19.25,2020.0,6.0,150.0,1999.0,4.0
1.0,1.0,0.0,0.0,154000.0,11.989,2011.0,6.0,190.0,2179.0,4.0
0.0,1.0,0.0,0.0,72741.0,29.95,2018.0,6.0,241.0,1997.0,4.0
1.0,0.0,1.0,0.0,102580.0,40.0,2014.0,6.0,122.0,2198.0,5.0
1.0,0.0,1.0,0.0,198261.0,12.8,2016.0,6.0,150.0,1998.0,4.0
1.0,1.0,0.0,0.0,141200.0,14.99,2016.0,6.0,179.0,1999.0,4.0
1.0,0.0,1.0,0.0,70608.0,29.9,2022.0,6.0,163.0,2000.0,4.0
1.0,0.0,1.0,0.0,173589.0,13.95,2016.0,6.0,150.0,1999.0,4.0
1.0,1.0,0.0,0.0,23683.0,18.899,2017.0,6.0,150.0,2275.0,5.0
1.0,1.0,0.0,0.0,96234.0,33.5,2023.0,6.0,163.0,1998.0,5.0
1.0,1.0,0.0,0.0,39987.0,27.99,2018.0,6.0,242.0,2.0,5.0
1.0,1.0,0.0,0.0,23683.0,18.899,2017.0,6.0,150.0,2275.0,5.0
1.0,1.0,0.0,0.0,56305.0,15.89,2015.0,6.0,136.0,1798.0,5.0
1.0,1.0,0.0,0.0,98096.0,14.495,2016.0,6.0,99.0,1798.0,4.0
1.0,1.0,0.0,0.0,185888.0,15.69,2013.0,6.0,181.0,2494.0,4.0
1.0,1.0,0.0,0.0,32670.0,39.998,2023.0,6.0,218.0,2489.0,4.0
1.0,1.0,0.0,0.0,28292.0,28.97,2023.0,6.0,184.0,1987.0,4.0
1.0,1.0,0.0,0.0,44782.0,22.499,2019.0,6.0,99.0,1798.0,4.0
1.0,1.0,0.0,0.0,35748.0,23.99,2020.0,6.0,184.0,1987.0,4.0
1.0,1.0,0.0,0.0,40500.0,26.9,2023.0,6.0,145.0,1987.0,4.0
1.0,1.0,0.0,0.0,28523.0,30.998,2018.0,6.0,197.0,2494.0,4.0
1.0,1.0,0.0,0.0,35336.0,24.89,2021.0,6.0,204.0,2275.0,5.0
1.0,1.0,0.0,0.0,28000.0,24.4,2021.0,6.0,184.0,1987.0,4.0
1.0,1.0,0.0,0.0,187772.0,10.445,2011.0,6.0,99.0,1798.0,4.0
1.0,1.0,0.0,0.0,35693.0,41.75,2024.0,6.0,218.0,2487.0,4.0
1.0,1.0,0.0,0.0,22338.0,41.89,2021.0,6.0,218.0,2487.0,5.0
1.0,1.0,0.0,0.0,10.0,33.5,2025.0,6.0,199.0,1987.0,4.0
1.0,1.0,0.0,0.0,49696.0,38.89,2023.0,6.0,218.0,2487.0,5.0
1.0,1.0,0.0,0.0,184889.0,19.4,2014.0,6.0,223.0,2494.0,4.0
1.0,1.0,0.0,0.0,44620.0,26.89,2022.0,6.0,152.0,1987.0,4.0
1.0,1.0,0.0,0.0,53047.0,28.95,2021.0,6.0,184.0,1987.0,4.0
1.0,1.0,0.0,0.0,20412.0,35.99,2024.0,6.0,136.0,1490.0,3.0
1.0,1.0,0.0,0.0,185220.0,13.4,2014.0,6.0,136.0,1798.0,4.0
1.0,1.0,0.0,0.0,106260.0,36.9,2022.0,6.0,190.0,2487.0,4.0
1.0,1.0,0.0,0.0,22.0,34.45,2025.0,6.0,204.0,2275.0,5.0
1.0,1.0,0.0,0.0,4480.0,39.91,2025.0,6.0,199.0,1987.0,4.0
1.0,1.0,0.0,0.0,811.0,36.9,2025.0,6.0,136.0,1490.0,3.0
0.0,1.0,0.0,0.0,101000.0,18.99,2018.0,6.0,99.0,1798.0,5.0
1.0,1.0,0.0,0.0,10.0,36.95,2025.0,6.0,136.0,1490.0,3.0
1.0,1.0,0.0,0.0,14000.0,44.0,2024.0,6.0,218.0,2487.0,4.0
1.0,1.0,0.0,0.0,82000.0,21.56,2021.0,6.0,207.0,2275.0,5.0
1.0,1.0,0.0,0.0,38011.0,32.99,2023.0,6.0,184.0,1987.0,4.0
1.0,1.0,0.0,0.0,8420.0,29.99,2023.0,6.0,184.0,1987.0,4.0
1.0,1.0,0.0,0.0,62900.0,31.5,2021.0,6.0,197.0,2494.0,4.0
1.0,1.0,0.0,0.0,62100.0,36.99,2022.0,6.0,218.0,2487.0,4.0
1.0,1.0,0.0,0.0,3450.0,28.64,2025.0,6.0,136.0,1490.0,3.0
1.0,1.0,0.0,0.0,23602.0,35.99,2023.0,6.0,184.0,1987.0,4.0
1.0,1.0,0.0,0.0,41000.0,22.99,2019.0,6.0,178.0,1998.0,4.0
1.0,1.0,0.0,0.0,72370.0,42.4,2020.0,6.0,218.0,2487.0,4.0
0.0,1.0,0.0,0.0,55759.0,23.99,2022.0,6.0,186.0,2275.0,5.0
1.0,1.0,0.0,0.0,169247.0,15.45,2019.0,6.0,99.0,1798.0,4.0
1.0,1.0,0.0,0.0,62128.0,47.9,2022.0,6.0,242.0,2487.0,4.0
1.0,1.0,0.0,0.0,47958.0,23.9,2021.0,6.0,145.0,1987.0,4.0
1.0,1.0,0.0,0.0,43335.0,24.49,2021.0,6.0,184.0,1987.0,4.0
1.0,1.0,0.0,0.0,54005.0,23.9,2021.0,6.0,204.0,2275.0,5.0
1.0,1.0,0.0,0.0,56998.0,39.5,2022.0,6.0,243.0,2487.0,4.0
1.0,1.0,0.0,0.0,55596.0,24.9,2022.0,6.0,204.0,2275.0,5.0
1.0,1.0,0.0,0.0,39894.0,44.9,2023.0,6.0,243.0,2487.0,4.0
1.0,1.0,0.0,0.0,71625.0,32.15,2020.0,6.0,178.0,2487.0,4.0
0.0,1.0,0.0,0.0,54325.0,30.69,2021.0,6.0,197.0,2275.0,5.0
1.0,1.0,0.0,0.0,75015.0,27.25,2018.0,6.0,197.0,2500.0,5.0
1.0,1.0,0.0,0.0,44000.0,33.99,2020.0,6.0,219.0,2275.0,5.0
1.0,1.0,0.0,0.0,38000.0,29.39,2023.0,6.0,184.0,2275.0,5.0
1.0,1.0,0.0,0.0,91613.0,24.25,2021.0,6.0,184.0,2000.0,5.0
1.0,0.0,1.0,0.0,55219.0,22.9,2019.0,6.0,152.0,1987.0,5.0
1.0,1.0,0.0,0.0,27262.0,23.99,2021.0,6.0,204.0,2275.0,5.0
1.0,1.0,0.0,0.0,11601.0,34.513,2025.0,6.0,201.0,2275.0,5.0
1.0,1.0,0.0,0.0,80800.0,23.5,2021.0,6.0,207.0,2275.0,5.0
1.0,1.0,0.0,0.0,62795.0,34.825,2021.0,6.0,218.0,2275.0,5.0
1.0,1.0,0.0,0.0,56998.0,39.5,2022.0,6.0,243.0,2487.0,4.0
1.0,1.0,0.0,0.0,14800.0,30.99,2025.0,6.0,137.0,1490.0,5.0
1.0,1.0,0.0,0.0,6651.0,38.75,2024.0,6.0,136.0,1490.0,3.0
1.0,1.0,0.0,0.0,170773.0,24.9,2021.0,6.0,199.0,2494.0,5.0
1.0,1.0,0.0,0.0,66890.0,23.5,2021.0,6.0,207.0,2275.0,5.0
1.0,1.0,0.0,0.0,26000.0,45.995,2023.0,6.0,219.0,2275.0,5.0
1.0,1.0,0.0,0.0,6720.0,31.99,2025.0,6.0,137.0,1490.0,5.0
1.0,1.0,0.0,0.0,74719.0,26.955,2021.0,6.0,185.0,1987.0,4.0
1.0,1.0,0.0,0.0,11460.0,31.99,2025.0,6.0,137.0,1490.0,5.0
1.0,1.0,0.0,0.0,113000.0,22.99,2020.0,6.0,185.0,1987.0,5.0
1.0,1.0,0.0,0.0,95707.0,32.7,2021.0,6.0,155.0,2275.0,5.0
1.0,1.0,0.0,0.0,120300.0,22.99,2021.0,6.0,185.0,1987.0,5.0
1.0,1.0,0.0,0.0,56350.0,26.995,2022.0,6.0,185.0,1987.0,5.0
1.0,1.0,0.0,0.0,4910.0,34.49,2025.0,6.0,137.0,2275.0,5.0
1.0,1.0,0.0,0.0,39800.0,26.59,2021.0,6.0,186.0,2275.0,5.0
1.0,1.0,0.0,0.0,5000.0,34.49,2025.0,6.0,137.0,1490.0,5.0
1.0,1.0,0.0,0.0,6090.0,34.49,2025.0,6.0,137.0,1490.0,5.0
1.0,1.0,0.0,0.0,1100.0,35.9,2025.0,6.0,137.0,2275.0,5.0
1.0,1.0,0.0,0.0,9430.0,41.615,2025.0,6.0,137.0,2275.0,5.0
1.0,1.0,0.0,0.0,177990.0,16.99,2017.0,6.0,181.0,2275.0,5.0
1.0,1.0,0.0,0.0,39272.0,19.999,2021.0,6.0,207.0,2275.0,5.0
1.0,1.0,0.0,0.0,78000.0,23.99,2015.0,6.0,182.0,2275.0,5.0
1.0,1.0,0.0,0.0,100000.0,38.49,2023.0,6.0,179.0,2275.0,5.0
1.0,1.0,0.0,0.0,107000.0,21.49,2018.0,6.0,156.0,2275.0,5.0
1.0,1.0,0.0,0.0,116000.0,17.99,2015.0,6.0,223.0,2493.0,5.0
1.0,1.0,0.0,0.0,35800.0,27.89,2022.0,6.0,184.0,1987.0,4.0
1.0,1.0,0.0,0.0,69145.0,22.99,2016.0,6.0,197.0,2275.0,5.0
1.0,1.0,0.0,0.0,20970.0,33.074,2025.0,6.0,201.0,2275.0,5.0
1.0,1.0,0.0,0.0,81000.0,21.499,2020.0,6.0,154.0,1987.0,5.0
1.0,1.0,0.0,0.0,135002.0,21.899,2017.0,6.0,158.0,2494.0,5.0
1.0,1.0,0.0,0.0,88328.0,17.99,2020.0,6.0,137.0,1798.0,5.0
1.0,1.0,0.0,0.0,50000.0,23.99,2020.0,6.0,152.0,2275.0,5.0
1.0,1.0,0.0,0.0,58995.0,29.99,2022.0,6.0,184.0,1987.0,4.0
1.0,1.0,0.0,0.0,38091.0,39.999,2023.0,6.0,207.0,2275.0,5.0
1.0,1.0,0.0,0.0,54443.0,23.99,2021.0,6.0,184.0,1987.0,4.0
1.0,1.0,0.0,0.0,50.0,30.99,2025.0,6.0,136.0,1490.0,3.0
1.0,1.0,0.0,0.0,56615.0,27.325,2023.0,6.0,111.0,2275.0,5.0
1.0,1.0,0.0,0.0,79000.0,25.39,2021.0,6.0,184.0,2275.0,5.0
1.0,1.0,0.0,0.0,50.0,36.69,2025.0,6.0,199.0,1987.0,4.0
1.0,1.0,0.0,0.0,10448.0,34.825,2025.0,6.0,199.0,2275.0,5.0
1.0,1.0,0.0,0.0,60059.0,26.999,2019.0,6.0,184.0,2494.0,5.0
1.0,1.0,0.0,0.0,28587.0,29.999,2024.0,6.0,92.0,1490.0,5.0
1.0,1.0,0.0,0.0,38699.0,24.999,2019.0,6.0,148.0,1987.0,5.0
1.0,1.0,0.0,0.0,20.0,30.99,2025.0,6.0,136.0,1490.0,3.0
1.0,1.0,0.0,0.0,117000.0,28.99,2019.0,6.0,197.0,2275.0,5.0
1.0,1.0,0.0,0.0,54677.0,33.999,2020.0,6.0,158.0,2494.0,5.0
1.0,1.0,0.0,0.0,88144.0,27.5,2021.0,6.0,184.0,2000.0,5.0
1.0,0.0,1.0,0.0,57000.0,24.9,2021.0,6.0,184.0,2275.0,5.0
1.0,1.0,0.0,0.0,60199.0,49.999,2023.0,6.0,188.0,2487.0,5.0
1.0,1.0,0.0,0.0,41000.0,28.499,2019.0,6.0,152.0,2275.0,5.0
1.0,1.0,0.0,0.0,52096.0,34.499,2021.0,6.0,158.0,2494.0,5.0
1.0,1.0,0.0,0.0,87300.0,29.0,2018.0,6.0,197.0,2500.0,5.0
1.0,1.0,0.0,0.0,156496.0,28.0,2021.0,6.0,197.0,2500.0,5.0
1.0,1.0,0.0,0.0,9800.0,34.99,2024.0,6.0,154.0,1987.0,5.0
1.0,1.0,0.0,0.0,17034.0,32.29,2024.0,6.0,137.0,2275.0,5.0
1.0,1.0,0.0,0.0,25069.0,46.99,2022.0,6.0,188.0,2487.0,5.0
1.0,1.0,0.0,0.0,12450.0,32.29,2024.0,6.0,137.0,2275.0,5.0
1.0,1.0,0.0,0.0,30350.0,30.799,2024.0,6.0,92.0,1490.0,5.0
1.0,1.0,0.0,0.0,18062.0,32.999,2025.0,6.0,92.0,1490.0,5.0
1.0,1.0,0.0,0.0,9900.0,34.49,2025.0,6.0,92.0,1490.0,5.0
1.0,1.0,0.0,0.0,10000.0,36.49,2025.0,6.0,92.0,1490.0,5.0
1.0,1.0,0.0,0.0,93403.0,26.899,2020.0,6.0,218.0,1987.0,4.0
1.0,1.0,0.0,0.0,100684.0,19.95,2015.0,6.0,223.0,2494.0,4.0
1.0,1.0,0.0,0.0,193499.0,15.95,2015.0,6.0,181.0,2494.0,4.0
1.0,1.0,0.0,0.0,16082.0,25.999,2020.0,6.0,178.0,1998.0,4.0
1.0,1.0,0.0,0.0,40338.0,26.499,2022.0,6.0,184.0,1987.0,4.0
1.0,1.0,0.0,0.0,27815.0,28.0,2021.0,6.0,77.0,2275.0,5.0
1.0,1.0,0.0,0.0,115000.0,29.999,2024.0,6.0,178.0,2487.0,4.0
1.0,1.0,0.0,0.0,151000.0,11.0,2014.0,6.0,99.0,1798.0,4.0
1.0,1.0,0.0,0.0,75976.0,19.75,2020.0,6.0,204.0,2275.0,5.0
1.0,1.0,0.0,0.0,168044.0,16.9,2015.0,6.0,223.0,2494.0,4.0
1.0,1.0,0.0,0.0,149446.0,17.3,2015.0,6.0,199.0,2494.0,5.0
1.0,1.0,0.0,0.0,188564.0,14.95,2013.0,6.0,181.0,2494.0,4.0
1.0,1.0,0.0,0.0,135000.0,12.9,2017.0,6.0,135.0,2275.0,5.0
1.0,1.0,0.0,0.0,37727.0,21.9,2020.0,6.0,136.0,1798.0,4.0
1.0,1.0,0.0,0.0,190374.0,10.999,2014.0,6.0,99.0,1798.0,4.0
1.0,1.0,0.0,0.0,39990.0,20.99,2019.0,6.0,152.0,2275.0,5.0
1.0,1.0,0.0,0.0,90000.0,18.59,2014.0,6.0,181.0,2494.0,4.0
1.0,1.0,0.0,0.0,95201.0,19.999,2019.0,6.0,178.0,1998.0,4.0
0.0,1.0,0.0,0.0,131777.0,16.95,2012.0,6.0,208.0,2499.0,6.0
1.0,1.0,0.0,0.0,87770.0,23.899,2017.0,6.0,197.0,2494.0,4.0
1.0,1.0,0.0,0.0,168882.0,25.9,2021.0,6.0,218.0,2487.0,4.0
1.0,1.0,0.0,0.0,129000.0,17.5,2015.0,6.0,197.0,2275.0,4.0
1.0,1.0,0.0,0.0,143000.0,20.95,2014.0,6.0,155.0,2500.0,4.0
0.0,1.0,0.0,0.0,105000.0,21.9,2013.0,6.0,208.0,2500.0,6.0
1.0,1.0,0.0,0.0,9560.0,28.49,2024.0,6.0,199.0,1987.0,5.0
1.0,1.0,0.0,0.0,163719.0,12.95,2015.0,6.0,136.0,1798.0,4.0
1.0,1.0,0.0,0.0,39762.0,20.95,2020.0,6.0,204.0,2275.0,5.0
1.0,1.0,0.0,0.0,38665.0,21.89,2020.0,6.0,204.0,2275.0,1.0
1.0,1.0,0.0,0.0,68500.0,23.0,2021.0,6.0,152.0,1987.0,4.0
1.0,1.0,0.0,0.0,9290.0,25.9,2022.0,6.0,184.0,1987.0,4.0
1.0,1.0,0.0,0.0,129990.0,18.9,2016.0,6.0,196.0,2275.0,5.0
1.0,1.0,0.0,0.0,126559.0,24.999,2019.0,6.0,181.0,2494.0,4.0
1.0,1.0,0.0,0.0,35449.0,24.99,2017.0,6.0,197.0,2494.0,5.0
1.0,1.0,0.0,0.0,71247.0,24.94,2018.0,6.0,223.0,2494.0,4.0
1.0,1.0,0.0,0.0,52842.0,16.9,2015.0,6.0,136.0,1798.0,4.0
1.0,1.0,0.0,0.0,181349.0,16.94,2015.0,6.0,181.0,2494.0,4.0
1.0,1.0,0.0,0.0,12778.0,29.995,2022.0,6.0,184.0,1987.0,4.0
1.0,1.0,0.0,0.0,134000.0,20.5,2017.0,6.0,200.0,2275.0,4.0
1.0,1.0,0.0,0.0,199895.0,10.95,2015.0,6.0,99.0,1798.0,4.0
1.0,1.0,0.0,0.0,9455.0,38.89,2025.0,6.0,99.0,2275.0,5.0
0.0,1.0,0.0,0.0,122221.0,13.76,2008.0,6.0,209.0,2499.0,6.0
1.0,1.0,0.0,0.0,62701.0,23.895,2019.0,6.0,184.0,1987.0,4.0
1.0,1.0,0.0,0.0,108000.0,22.98,2018.0,6.0,156.0,2275.0,5.0
1.0,1.0,0.0,0.0,160000.0,13.5,2018.0,6.0,99.0,1800.0,5.0
1.0,1.0,0.0,0.0,106012.0,21.5,2020.0,6.0,152.0,1987.0,4.0
1.0,1.0,0.0,0.0,160117.0,10.888,2012.0,6.0,99.0,1798.0,4.0
1.0,1.0,0.0,0.0,128000.0,22.0,2017.0,6.0,155.0,2275.0,5.0
1.0,1.0,0.0,0.0,60132.0,24.995,2020.0,6.0,152.0,1987.0,4.0
1.0,1.0,0.0,0.0,35000.0,25.8,2021.0,6.0,152.0,1987.0,4.0
1.0,1.0,0.0,0.0,168608.0,17.9,2016.0,6.0,223.0,2494.0,4.0
1.0,1.0,0.0,0.0,142838.0,17.909,2020.0,6.0,99.0,1798.0,4.0
1.0,1.0,0.0,0.0,49256.0,21.99,2019.0,6.0,185.0,2275.0,5.0
1.0,1.0,0.0,0.0,147444.0,18.444,2017.0,6.0,223.0,2494.0,4.0
1.0,1.0,0.0,0.0,21786.0,23.99,2020.0,6.0,204.0,2275.0,1.0
1.0,1.0,0.0,0.0,17820.0,34.95,2018.0,6.0,197.0,2494.0,4.0
1.0,1.0,0.0,0.0,65031.0,31.9,2022.0,6.0,218.0,2487.0,4.0
1.0,1.0,0.0,0.0,74300.0,21.49,2020.0,6.0,184.0,2275.0,5.0
1.0,1.0,0.0,0.0,15300.0,49.0,2024.0,6.0,185.0,2487.0,4.0
0.0,1.0,0.0,0.0,114590.0,28.455,2019.0,6.0,178.0,2275.0,5.0
1.0,1.0,0.0,0.0,204035.0,8.45,2011.0,6.0,99.0,1798.0,4.0
1.0,1.0,0.0,0.0,109811.0,13.99,2015.0,6.0,99.0,1798.0,4.0
1.0,1.0,0.0,0.0,188674.0,8.95,2011.0,6.0,99.0,1798.0,4.0
1.0,1.0,0.0,0.0,58463.0,34.95,2020.0,6.0,218.0,2487.0,4.0
1.0,1.0,0.0,0.0,34581.0,29.745,2019.0,6.0,155.0,2494.0,4.0
1.0,1.0,0.0,0.0,43800.0,20.5,2020.0,6.0,184.0,1987.0,4.0
1.0,1.0,0.0,0.0,77845.0,23.999,2021.0,6.0,152.0,1987.0,4.0
1.0,1.0,0.0,0.0,104145.0,23.999,2015.0,6.0,156.0,2275.0,5.0
1.0,1.0,0.0,0.0,26388.0,43.99,2022.0,6.0,243.0,2487.0,4.0
1.0,1.0,0.0,0.0,73400.0,20.49,2020.0,6.0,184.0,2275.0,5.0
1.0,1.0,0.0,0.0,30000.0,42.3,2023.0,6.0,33.0,2275.0,5.0
1.0,0.0,1.0,0.0,209000.0,4.6,2015.0,6.0,150.0,2191.0,5.0
1.0,1.0,0.0,0.0,208000.0,5.999,2014.0,6.0,175.0,2191.0,4.0
0.0,0.0,1.0,0.0,105314.0,14.45,2021.0,6.0,121.0,1998.0,5.0
0.0,0.0,1.0,0.0,44329.0,20.95,2023.0,6.0,165.0,1998.0,4.0
0.0,0.0,1.0,0.0,10.0,23.98,2025.0,6.0,140.0,2488.0,4.0
1.0,1.0,0.0,0.0,116275.0,10.95,2016.0,6.0,150.0,2191.0,4.0
0.0,0.0,1.0,0.0,89788.0,6.99,2014.0,6.0,84.0,1349.0,4.0
1.0,1.0,0.0,0.0,37638.0,12.9,2021.0,6.0,145.0,2275.0,5.0
0.0,0.0,1.0,0.0,72000.0,13.79,2018.0,6.0,120.0,1998.0,4.0
0.0,0.0,1.0,0.0,46792.0,16.37,2021.0,6.0,121.0,1998.0,4.0
1.0,1.0,0.0,0.0,70800.0,17.4,2022.0,6.0,150.0,1998.0,4.0
1.0,1.0,0.0,0.0,56375.0,12.4,2020.0,6.0,144.0,2275.0,5.0
0.0,0.0,1.0,0.0,22900.0,23.95,2021.0,6.0,165.0,1998.0,4.0
1.0,0.0,1.0,0.0,201991.0,9.99,2016.0,6.0,150.0,2191.0,5.0
1.0,0.0,1.0,0.0,10.0,26.5,2025.0,6.0,140.0,2488.0,4.0
0.0,1.0,0.0,0.0,7500.0,32.49,2025.0,6.0,194.0,2488.0,4.0
0.0,1.0,0.0,0.0,89240.0,15.8,2018.0,6.0,120.0,1998.0,4.0
0.0,0.0,1.0,0.0,32015.0,26.59,2022.0,6.0,165.0,1998.0,5.0
1.0,0.0,1.0,0.0,40489.0,22.97,2021.0,6.0,150.0,2191.0,5.0
1.0,1.0,0.0,0.0,8633.0,19.5,2023.0,6.0,145.0,2275.0,5.0
0.0,0.0,1.0,0.0,68288.0,18.95,2023.0,6.0,165.0,1998.0,4.0
0.0,1.0,0.0,0.0,0.0,26.9,2025.0,6.0,140.0,2488.0,5.0
0.0,1.0,0.0,0.0,8106.0,26.99,2025.0,6.0,140.0,2488.0,4.0
0.0,0.0,1.0,0.0,33757.0,19.43,2023.0,6.0,122.0,1998.0,5.0
0.0,0.0,1.0,0.0,37342.0,18.75,2022.0,6.0,145.0,1998.0,4.0
0.0,1.0,0.0,0.0,16264.0,29.9,2023.0,6.0,194.0,2488.0,4.0
1.0,1.0,0.0,0.0,13729.0,31.9,2025.0,6.0,150.0,2191.0,4.0
1.0,1.0,0.0,0.0,5500.0,31.98,2025.0,6.0,186.0,1998.0,5.0
0.0,1.0,0.0,0.0,0.0,26.9,2025.0,6.0,140.0,2488.0,5.0
1.0,1.0,0.0,0.0,156720.0,12.9,2015.0,6.0,175.0,2191.0,4.0
0.0,0.0,1.0,0.0,127801.0,13.85,2015.0,6.0,165.0,1998.0,4.0
0.0,1.0,0.0,0.0,5.0,28.9,2025.0,6.0,140.0,2488.0,5.0
1.0,1.0,0.0,0.0,63397.0,11.9,2020.0,6.0,145.0,2275.0,5.0
0.0,1.0,0.0,0.0,11400.0,29.99,2024.0,6.0,194.0,2488.0,5.0
1.0,0.0,1.0,0.0,29721.0,18.49,2022.0,6.0,110.0,2275.0,5.0
0.0,1.0,0.0,0.0,101500.0,17.9,2019.0,6.0,179.0,1998.0,5.0
0.0,0.0,1.0,0.0,72000.0,13.79,2018.0,6.0,120.0,1998.0,4.0
1.0,1.0,0.0,0.0,46897.0,13.985,2022.0,6.0,145.0,2275.0,5.0
0.0,0.0,1.0,0.0,75274.0,22.499,2021.0,6.0,163.0,1998.0,4.0
0.0,1.0,0.0,0.0,16586.0,27.95,2022.0,6.0,194.0,2488.0,4.0
1.0,1.0,0.0,0.0,88778.0,11.4,2020.0,6.0,144.0,2275.0,5.0
0.0,1.0,0.0,0.0,25006.0,31.999,2024.0,6.0,163.0,1998.0,4.0
1.0,0.0,1.0,0.0,76635.0,18.5,2022.0,6.0,150.0,1998.0,5.0
0.0,1.0,0.0,0.0,32671.0,19.99,2022.0,6.0,150.0,1998.0,4.0
1.0,1.0,0.0,0.0,15395.0,16.48,2023.0,6.0,145.0,2275.0,5.0
0.0,1.0,0.0,0.0,87000.0,15.95,2015.0,6.0,120.0,1998.0,4.0
1.0,0.0,1.0,0.0,45000.0,21.48,2022.0,6.0,186.0,1998.0,5.0
0.0,0.0,1.0,0.0,138424.0,12.98,2012.0,6.0,165.0,1997.0,4.0
1.0,0.0,1.0,0.0,5.0,24.45,2025.0,6.0,140.0,2488.0,5.0
1.0,1.0,0.0,0.0,51882.0,12.4,2020.0,6.0,144.0,2275.0,5.0
1.0,1.0,0.0,0.0,36638.0,32.49,2024.0,6.0,184.0,2191.0,5.0
1.0,1.0,0.0,0.0,56438.0,12.25,2020.0,6.0,145.0,2275.0,5.0
1.0,1.0,0.0,0.0,41000.0,14.47,2022.0,6.0,110.0,2275.0,5.0
0.0,1.0,0.0,0.0,13316.0,22.93,2020.0,6.0,122.0,1998.0,5.0
1.0,0.0,1.0,0.0,10.0,27.0,2025.0,6.0,140.0,2488.0,4.0
0.0,1.0,0.0,0.0,23218.0,22.887,2023.0,6.0,150.0,1998.0,4.0
0.0,0.0,1.0,0.0,82800.0,18.777,2022.0,6.0,150.0,1998.0,4.0
0.0,1.0,0.0,0.0,90971.0,22.99,2021.0,6.0,194.0,2488.0,4.0
0.0,1.0,0.0,0.0,20080.0,26.685,2024.0,6.0,194.0,2488.0,4.0
1.0,1.0,0.0,0.0,0.0,19.4,2025.0,6.0,116.0,1490.0,5.0
1.0,1.0,0.0,0.0,73550.0,19.49,2021.0,6.0,186.0,1998.0,5.0
1.0,0.0,1.0,0.0,5.0,27.99,2025.0,6.0,140.0,2488.0,4.0
0.0,1.0,0.0,0.0,43624.0,25.99,2022.0,6.0,194.0,2488.0,4.0
1.0,0.0,1.0,0.0,22085.0,21.52,2022.0,6.0,186.0,1998.0,4.0
1.0,0.0,1.0,0.0,109254.0,9.39,2016.0,6.0,105.0,1499.0,4.0
0.0,0.0,1.0,0.0,57583.0,17.49,2021.0,6.0,150.0,1998.0,4.0
0.0,1.0,0.0,0.0,40407.0,29.98,2024.0,6.0,194.0,2488.0,5.0
0.0,0.0,1.0,0.0,70837.0,18.99,2021.0,6.0,122.0,1998.0,4.0
1.0,1.0,0.0,0.0,66999.0,15.97,2022.0,6.0,116.0,1490.0,5.0
0.0,1.0,0.0,0.0,11965.0,24.399,2024.0,6.0,186.0,2000.0,5.0
0.0,0.0,1.0,0.0,48242.0,13.666,2023.0,6.0,75.0,1496.0,4.0
0.0,1.0,0.0,0.0,35615.0,20.885,2022.0,6.0,121.0,1998.0,5.0
0.0,1.0,0.0,0.0,16528.0,23.295,2021.0,6.0,179.0,1998.0,4.0
0.0,1.0,0.0,0.0,43520.0,22.79,2022.0,6.0,186.0,1998.0,5.0
0.0,0.0,1.0,0.0,71234.0,25.999,2022.0,6.0,163.0,1998.0,5.0
0.0,0.0,1.0,0.0,134123.0,9.649,2017.0,6.0,90.0,1496.0,5.0
1.0,0.0,1.0,0.0,13850.0,17.99,2024.0,6.0,90.0,1496.0,5.0
1.0,0.0,1.0,0.0,10288.0,25.99,2024.0,6.0,186.0,1998.0,4.0
0.0,0.0,1.0,0.0,63539.0,22.95,2021.0,6.0,165.0,1998.0,5.0
0.0,0.0,1.0,0.0,53708.0,19.99,2021.0,6.0,150.0,1998.0,4.0
1.0,1.0,0.0,0.0,143162.0,14.29,2017.0,6.0,175.0,2191.0,4.0
1.0,0.0,1.0,0.0,106587.0,18.995,2020.0,6.0,179.0,1998.0,4.0
0.0,1.0,0.0,0.0,21967.0,25.9,2022.0,6.0,186.0,1998.0,4.0
1.0,1.0,0.0,0.0,44500.0,13.89,2021.0,6.0,145.0,2275.0,5.0
0.0,1.0,0.0,0.0,139972.0,12.44,2014.0,6.0,120.0,1998.0,4.0
0.0,0.0,1.0,0.0,84722.0,14.212,2017.0,6.0,120.0,1998.0,4.0
1.0,0.0,1.0,0.0,41000.0,22.5,2023.0,6.0,186.0,1998.0,4.0
0.0,1.0,0.0,0.0,61081.0,24.79,2022.0,6.0,194.0,2488.0,5.0
0.0,1.0,0.0,0.0,45460.0,33.58,2024.0,6.0,194.0,2488.0,4.0
1.0,1.0,0.0,0.0,46496.0,20.9,2017.0,6.0,150.0,2191.0,5.0
0.0,0.0,1.0,0.0,21000.0,20.87,2024.0,6.0,122.0,1998.0,5.0
1.0,1.0,0.0,0.0,17992.0,16.885,2023.0,6.0,145.0,2275.0,5.0
1.0,1.0,0.0,0.0,149650.0,17.99,2021.0,6.0,150.0,2191.0,5.0
0.0,1.0,0.0,0.0,10.0,39.95,2025.0,6.0,194.0,2488.0,4.0
1.0,1.0,0.0,0.0,106946.0,14.69,2016.0,6.0,150.0,2191.0,4.0
0.0,1.0,0.0,0.0,20660.0,25.41,2025.0,6.0,140.0,2488.0,4.0
1.0,1.0,0.0,0.0,19196.0,18.0,2023.0,6.0,116.0,1490.0,3.0
1.0,0.0,1.0,0.0,7900.0,24.99,2024.0,6.0,140.0,2488.0,4.0
1.0,1.0,0.0,0.0,98518.0,23.99,2019.0,6.0,184.0,2191.0,4.0
0.0,0.0,1.0,0.0,196155.0,12.95,2017.0,6.0,145.0,1998.0,4.0
0.0,0.0,1.0,0.0,64300.0,25.24,2022.0,6.0,165.0,1998.0,5.0
0.0,1.0,0.0,0.0,13500.0,26.41,2024.0,6.0,140.0,2488.0,4.0
1.0,1.0,0.0,0.0,8888.0,23.98,2024.0,6.0,170.0,829.0,1.0
0.0,1.0,0.0,0.0,6045.0,32.79,2024.0,6.0,194.0,2488.0,5.0
0.0,0.0,1.0,0.0,10.0,26.99,2025.0,6.0,140.0,2488.0,4.0
0.0,1.0,0.0,0.0,16500.0,35.99,2024.0,6.0,194.0,2488.0,5.0
1.0,1.0,0.0,0.0,39183.0,24.49,2021.0,6.0,186.0,1998.0,4.0
1.0,1.0,0.0,0.0,39186.0,15.45,2022.0,6.0,110.0,2275.0,5.0
0.0,1.0,0.0,0.0,107680.0,21.75,2017.0,6.0,194.0,2488.0,4.0
1.0,0.0,1.0,0.0,160774.0,9.5,2014.0,6.0,150.0,2191.0,5.0
1.0,0.0,1.0,0.0,4000.0,24.89,2025.0,6.0,140.0,2488.0,5.0
0.0,0.0,1.0,0.0,98000.0,11.49,2017.0,6.0,90.0,1496.0,4.0
0.0,0.0,1.0,0.0,81500.0,15.48,2019.0,6.0,120.0,1998.0,4.0
0.0,1.0,0.0,0.0,91535.0,17.98,2021.0,6.0,122.0,1998.0,4.0
0.0,0.0,1.0,0.0,41216.0,22.9,2022.0,6.0,165.0,1998.0,4.0
0.0,0.0,1.0,0.0,29998.0,19.94,2020.0,6.0,121.0,1998.0,5.0
1.0,0.0,1.0,0.0,5.0,26.59,2025.0,6.0,140.0,2488.0,5.0
0.0,0.0,1.0,0.0,8467.0,24.99,2024.0,6.0,150.0,1998.0,5.0
0.0,1.0,0.0,0.0,30874.0,22.999,2020.0,6.0,179.0,1998.0,4.0
0.0,0.0,1.0,0.0,111700.0,15.8,2017.0,6.0,165.0,1998.0,4.0
0.0,1.0,0.0,0.0,78709.0,22.485,2020.0,6.0,179.0,1998.0,4.0
0.0,1.0,0.0,0.0,21799.0,24.89,2021.0,6.0,150.0,1998.0,4.0
1.0,0.0,1.0,0.0,29754.0,28.6,2023.0,6.0,165.0,1998.0,4.0
0.0,0.0,1.0,0.0,10.0,27.85,2025.0,6.0,140.0,2488.0,4.0
1.0,1.0,0.0,0.0,9960.0,17.45,2022.0,6.0,110.0,2275.0,5.0
0.0,0.0,1.0,0.0,34011.0,22.48,2021.0,6.0,150.0,1998.0,4.0
0.0,0.0,1.0,0.0,54928.0,19.99,2022.0,6.0,150.0,1998.0,4.0
1.0,0.0,1.0,0.0,57000.0,18.89,2021.0,6.0,122.0,1998.0,5.0
1.0,0.0,1.0,0.0,19147.0,21.9,2021.0,6.0,179.0,1998.0,5.0
0.0,1.0,0.0,0.0,24300.0,26.49,2022.0,6.0,186.0,1998.0,4.0
0.0,0.0,1.0,0.0,94000.0,14.48,2018.0,6.0,120.0,1998.0,5.0
1.0,1.0,0.0,0.0,76466.0,11.9,2020.0,6.0,145.0,2275.0,5.0
0.0,1.0,0.0,0.0,10.0,33.48,2024.0,6.0,194.0,2488.0,4.0
0.0,0.0,1.0,0.0,131111.0,15.48,2021.0,6.0,150.0,1998.0,4.0
0.0,0.0,1.0,0.0,163493.0,12.999,2015.0,6.0,120.0,1998.0,4.0
1.0,1.0,0.0,0.0,25.0,38.89,2024.0,6.0,184.0,2191.0,4.0
1.0,1.0,0.0,0.0,5000.0,25.98,2024.0,6.0,170.0,829.0,5.0
1.0,0.0,1.0,0.0,81888.0,18.02,2022.0,6.0,122.0,1998.0,4.0
0.0,0.0,1.0,0.0,41216.0,22.9,2022.0,6.0,165.0,1998.0,4.0
1.0,0.0,1.0,0.0,27071.0,21.92,2022.0,6.0,122.0,1998.0,4.0
0.0,1.0,0.0,0.0,46400.0,22.39,2021.0,6.0,179.0,1998.0,4.0
0.0,0.0,1.0,0.0,145331.0,15.95,2016.0,6.0,165.0,1998.0,4.0
1.0,0.0,1.0,0.0,60955.0,17.48,2020.0,6.0,122.0,1998.0,5.0
1.0,1.0,0.0,0.0,9063.0,34.95,2023.0,6.0,184.0,2191.0,4.0
1.0,1.0,0.0,0.0,12914.0,19.0,2023.0,6.0,145.0,2275.0,5.0
0.0,1.0,0.0,0.0,53366.0,27.999,2022.0,6.0,194.0,2488.0,4.0
0.0,1.0,0.0,0.0,2.0,32.98,2024.0,6.0,194.0,2488.0,4.0
1.0,1.0,0.0,0.0,5.0,32.99,2025.0,6.0,186.0,1998.0,4.0
0.0,1.0,0.0,0.0,6900.0,26.89,2024.0,6.0,140.0,2488.0,4.0
0.0,1.0,0.0,0.0,16010.0,18.99,2024.0,6.0,90.0,1496.0,5.0
0.0,1.0,0.0,0.0,39557.0,29.93,2022.0,6.0,194.0,2488.0,4.0
0.0,0.0,1.0,0.0,27642.0,22.55,2022.0,6.0,150.0,1998.0,4.0
0.0,1.0,0.0,0.0,1431.0,25.5,2025.0,6.0,140.0,2488.0,4.0
0.0,0.0,1.0,0.0,82511.0,14.39,2018.0,6.0,121.0,1998.0,5.0
1.0,1.0,0.0,0.0,5.0,31.69,2025.0,6.0,140.0,2488.0,4.0
1.0,0.0,1.0,0.0,46299.0,18.9,2020.0,6.0,150.0,1998.0,4.0
0.0,1.0,0.0,0.0,101049.0,17.99,2019.0,6.0,121.0,1998.0,4.0
0.0,0.0,1.0,0.0,27427.0,23.45,2023.0,6.0,150.0,1998.0,5.0
0.0,1.0,0.0,0.0,41093.0,27.98,2022.0,6.0,194.0,2488.0,4.0
0.0,1.0,0.0,0.0,10.0,31.98,2025.0,6.0,186.0,1998.0,4.0
1.0,1.0,0.0,0.0,64307.0,16.49,2017.0,6.0,105.0,1499.0,4.0
0.0,1.0,0.0,0.0,90122.0,21.29,2018.0,6.0,194.0,2488.0,4.0
0.0,1.0,0.0,0.0,45681.0,24.95,2021.0,6.0,122.0,1998.0,4.0
1.0,0.0,1.0,0.0,125000.0,9.7,2015.0,6.0,105.0,1500.0,4.0
0.0,0.0,1.0,0.0,48521.0,15.99,2022.0,6.0,116.0,1496.0,5.0
1.0,0.0,1.0,0.0,47447.0,32.977,2023.0,6.0,150.0,2191.0,4.0
1.0,1.0,0.0,0.0,49648.0,12.9,2020.0,6.0,143.0,2275.0,5.0
0.0,1.0,0.0,0.0,14629.0,35.49,2024.0,6.0,194.0,2488.0,5.0
1.0,0.0,1.0,0.0,15976.0,28.6,2025.0,6.0,150.0,1998.0,4.0
0.0,1.0,0.0,0.0,10.0,39.95,2025.0,6.0,194.0,2488.0,4.0
0.0,1.0,0.0,0.0,32497.0,26.95,2021.0,6.0,150.0,1998.0,4.0
0.0,0.0,1.0,0.0,34682.0,17.95,2016.0,6.0,120.0,1998.0,4.0
0.0,1.0,0.0,0.0,28145.0,18.65,2022.0,6.0,116.0,1490.0,5.0
0.0,1.0,0.0,0.0,6000.0,34.19,2025.0,6.0,186.0,1998.0,4.0
1.0,1.0,0.0,0.0,57232.0,33.3,2023.0,6.0,184.0,2191.0,4.0
0.0,1.0,0.0,0.0,99.0,28.89,2025.0,6.0,140.0,2488.0,5.0
1.0,0.0,1.0,0.0,22960.0,21.1,2025.0,6.0,141.0,2275.0,5.0
1.0,0.0,1.0,0.0,4.0,25.39,2025.0,6.0,140.0,2488.0,5.0
0.0,0.0,1.0,0.0,168912.0,12.495,2016.0,6.0,120.0,1998.0,4.0
1.0,1.0,0.0,0.0,36201.0,41.8,2023.0,6.0,192.0,2488.0,4.0
1.0,1.0,0.0,0.0,4.0,28.39,2025.0,6.0,186.0,1998.0,5.0
1.0,0.0,1.0,0.0,45138.0,14.99,2021.0,6.0,90.0,1496.0,5.0
0.0,0.0,1.0,0.0,30241.0,19.94,2021.0,6.0,150.0,1998.0,4.0
0.0,0.0,1.0,0.0,3729.0,26.5,2025.0,6.0,140.0,2488.0,4.0
0.0,1.0,0.0,0.0,19000.0,34.99,2024.0,6.0,194.0,2488.0,4.0
0.0,1.0,0.0,0.0,10.0,29.45,2025.0,6.0,186.0,1998.0,4.0
1.0,1.0,0.0,0.0,40088.0,38.995,2022.0,6.0,192.0,2488.0,4.0
1.0,1.0,0.0,0.0,46091.0,12.344,2020.0,6.0,145.0,2275.0,5.0
1.0,0.0,1.0,0.0,28276.0,18.99,2024.0,6.0,141.0,2275.0,5.0
0.0,1.0,0.0,0.0,120000.0,19.19,2018.0,6.0,194.0,2488.0,4.0
0.0,1.0,0.0,0.0,118254.0,6.995,2011.0,6.0,83.0,1349.0,4.0
0.0,0.0,1.0,0.0,17299.0,32.29,2024.0,6.0,165.0,1998.0,4.0
0.0,1.0,0.0,0.0,66900.0,23.99,2018.0,6.0,194.0,2275.0,4.0
1.0,1.0,0.0,0.0,105415.0,22.2,2022.0,6.0,150.0,2191.0,4.0
1.0,1.0,0.0,0.0,50.0,44.45,2025.0,6.0,82.0,2275.0,5.0
0.0,1.0,0.0,0.0,1.0,20.95,2025.0,6.0,90.0,1496.0,4.0
1.0,1.0,0.0,0.0,9179.0,24.99,2024.0,6.0,82.0,829.0,5.0
1.0,1.0,0.0,0.0,109800.0,16.9,2019.0,6.0,179.0,1998.0,4.0
0.0,1.0,0.0,0.0,4000.0,27.89,2025.0,6.0,140.0,2488.0,5.0
0.0,1.0,0.0,0.0,634.0,33.0,2025.0,6.0,140.0,2488.0,4.0
1.0,0.0,1.0,0.0,26350.0,19.99,2022.0,6.0,116.0,1496.0,4.0
0.0,1.0,0.0,0.0,38000.0,11.99,2012.0,6.0,150.0,1999.0,5.0
0.0,1.0,0.0,0.0,99.0,28.89,2025.0,6.0,140.0,2488.0,5.0
1.0,1.0,0.0,0.0,169847.0,18.95,2021.0,6.0,186.0,1998.0,4.0
1.0,1.0,0.0,0.0,74804.0,11.9,2020.0,6.0,145.0,2275.0,5.0
0.0,0.0,1.0,0.0,53800.0,15.99,2017.0,6.0,150.0,1998.0,4.0
1.0,1.0,0.0,0.0,55000.0,29.9,2023.0,6.0,165.0,1998.0,4.0
0.0,0.0,1.0,0.0,88171.0,19.9,2020.0,6.0,179.0,1998.0,4.0
0.0,0.0,1.0,0.0,70510.0,20.29,2020.0,6.0,179.0,1998.0,4.0
0.0,1.0,0.0,0.0,89975.0,19.9,2016.0,6.0,160.0,1998.0,4.0
1.0,0.0,1.0,0.0,9000.0,25.5,2024.0,6.0,150.0,1998.0,4.0
1.0,0.0,1.0,0.0,1.0,23.9,2025.0,6.0,140.0,2488.0,4.0
0.0,0.0,1.0,0.0,67911.0,20.9,2023.0,6.0,167.0,2275.0,5.0
0.0,0.0,1.0,0.0,17500.0,21.89,2022.0,6.0,150.0,1998.0,5.0
0.0,1.0,0.0,0.0,99318.0,19.49,2022.0,6.0,122.0,1998.0,4.0
1.0,1.0,0.0,0.0,86406.0,18.9,2022.0,6.0,188.0,2275.0,5.0
1.0,0.0,1.0,0.0,10000.0,20.49,2024.0,6.0,90.0,1496.0,5.0
1.0,1.0,0.0,0.0,5.0,31.59,2025.0,6.0,186.0,1998.0,5.0
0.0,0.0,1.0,0.0,211158.0,4.247,2011.0,6.0,116.0,1798.0,4.0
1.0,0.0,1.0,0.0,1.0,25.3,2025.0,6.0,186.0,1998.0,4.0
0.0,0.0,1.0,0.0,3.0,27.9,2025.0,6.0,140.0,2488.0,4.0
1.0,1.0,0.0,0.0,2990.0,31.49,2025.0,6.0,140.0,2488.0,5.0
1.0,0.0,1.0,0.0,143574.0,12.45,2016.0,6.0,150.0,2191.0,4.0
1.0,0.0,1.0,0.0,103967.0,20.88,2023.0,6.0,184.0,2191.0,4.0
0.0,1.0,0.0,0.0,42905.0,24.69,2024.0,6.0,150.0,1998.0,4.0
1.0,1.0,0.0,0.0,5.0,27.99,2025.0,6.0,140.0,2488.0,5.0
1.0,0.0,1.0,0.0,84600.0,18.0,2020.0,6.0,122.0,1998.0,5.0
0.0,1.0,0.0,0.0,61000.0,27.45,2020.0,6.0,194.0,2488.0,5.0
1.0,1.0,0.0,0.0,7.0,28.05,2025.0,6.0,140.0,2488.0,5.0
1.0,0.0,1.0,0.0,29800.0,22.9,2023.0,6.0,150.0,1998.0,4.0
0.0,0.0,1.0,0.0,94406.0,15.95,2018.0,6.0,120.0,1998.0,4.0
1.0,1.0,0.0,0.0,20400.0,22.49,2024.0,6.0,92.0,1490.0,3.0
0.0,1.0,0.0,0.0,94200.0,18.48,2021.0,6.0,122.0,1998.0,5.0
0.0,0.0,1.0,0.0,39500.0,23.89,2020.0,6.0,165.0,1998.0,4.0
0.0,1.0,0.0,0.0,4999.0,31.99,2024.0,6.0,165.0,1998.0,4.0
0.0,1.0,0.0,0.0,219000.0,10.99,2012.0,6.0,160.0,1997.0,4.0
1.0,1.0,0.0,0.0,2746.0,27.88,2024.0,6.0,82.0,829.0,5.0
0.0,0.0,1.0,0.0,10.0,27.99,2025.0,6.0,140.0,2488.0,4.0
0.0,0.0,1.0,0.0,10.0,24.985,2025.0,6.0,140.0,2488.0,5.0
1.0,1.0,0.0,0.0,134000.0,17.5,2023.0,6.0,186.0,1998.0,4.0
1.0,1.0,0.0,0.0,33124.0,15.17,2022.0,6.0,143.0,2275.0,5.0
1.0,1.0,0.0,0.0,38270.0,39.9,2024.0,6.0,165.0,1998.0,4.0
0.0,1.0,0.0,0.0,99.0,28.89,2025.0,6.0,140.0,2488.0,5.0
1.0,1.0,0.0,0.0,2.0,30.9,2025.0,6.0,150.0,1998.0,4.0
0.0,1.0,0.0,0.0,36499.0,23.45,2023.0,6.0,150.0,1998.0,4.0
1.0,1.0,0.0,0.0,23630.0,15.99,2023.0,6.0,145.0,2275.0,5.0
0.0,1.0,0.0,0.0,27700.0,33.48,2024.0,6.0,194.0,2488.0,4.0
0.0,1.0,0.0,0.0,10.0,34.99,2024.0,6.0,194.0,2488.0,4.0
1.0,0.0,1.0,0.0,8000.0,27.85,2025.0,6.0,140.0,2488.0,5.0
1.0,1.0,0.0,0.0,8599.0,22.999,2023.0,6.0,116.0,1490.0,3.0
0.0,0.0,1.0,0.0,104547.0,22.4,2018.0,6.0,160.0,1998.0,4.0
1.0,1.0,0.0,0.0,4061.0,28.35,2025.0,6.0,140.0,2488.0,5.0
0.0,1.0,0.0,0.0,22704.0,18.95,2022.0,6.0,116.0,1490.0,5.0
0.0,1.0,0.0,0.0,4000.0,27.29,2025.0,6.0,140.0,2488.0,5.0
0.0,1.0,0.0,0.0,99.0,29.99,2025.0,6.0,140.0,2488.0,4.0
1.0,1.0,0.0,0.0,8537.0,24.95,2024.0,6.0,160.0,1660.0,1.0
0.0,1.0,0.0,0.0,54217.0,29.9,2020.0,6.0,194.0,2488.0,5.0
0.0,1.0,0.0,0.0,70657.0,14.941,2014.0,6.0,120.0,1998.0,4.0
0.0,1.0,0.0,0.0,70529.0,23.9,2020.0,6.0,179.0,1998.0,4.0
0.0,1.0,0.0,0.0,99.0,28.49,2025.0,6.0,140.0,2488.0,5.0
1.0,1.0,0.0,0.0,0.0,20.9,2025.0,6.0,116.0,1490.0,5.0
0.0,1.0,0.0,0.0,26623.0,32.88,2024.0,6.0,165.0,1998.0,5.0
1.0,1.0,0.0,0.0,5.0,28.29,2025.0,6.0,140.0,2488.0,5.0
1.0,0.0,1.0,0.0,111618.0,14.599,2018.0,6.0,150.0,2275.0,5.0
0.0,0.0,1.0,0.0,142762.0,14.845,2016.0,6.0,165.0,1998.0,4.0
1.0,0.0,1.0,0.0,28276.0,18.99,2024.0,6.0,141.0,2275.0,5.0
0.0,0.0,1.0,0.0,63943.0,15.9,2017.0,6.0,120.0,1998.0,4.0
1.0,0.0,1.0,0.0,13073.0,24.49,2024.0,6.0,140.0,2488.0,5.0
0.0,0.0,1.0,0.0,94233.0,18.48,2017.0,6.0,165.0,1998.0,5.0
0.0,0.0,1.0,0.0,3300.0,25.95,2024.0,6.0,140.0,2488.0,4.0
1.0,1.0,0.0,0.0,9465.0,18.99,2023.0,6.0,110.0,2275.0,5.0
0.0,0.0,1.0,0.0,168135.0,14.74,2014.0,6.0,165.0,1998.0,4.0
0.0,0.0,1.0,0.0,7637.0,33.99,2024.0,6.0,165.0,1998.0,4.0
1.0,0.0,1.0,0.0,71093.0,24.0,2023.0,6.0,186.0,1998.0,4.0
0.0,1.0,0.0,0.0,97118.0,25.4,2018.0,6.0,194.0,2488.0,4.0
1.0,0.0,1.0,0.0,5286.0,23.985,2025.0,6.0,141.0,2500.0,5.0
0.0,1.0,0.0,0.0,3.0,30.0,2025.0,6.0,140.0,2488.0,4.0
1.0,1.0,0.0,0.0,45531.0,32.2,2023.0,6.0,203.0,2275.0,5.0
1.0,0.0,1.0,0.0,61400.0,17.7,2020.0,6.0,150.0,1998.0,4.0
0.0,1.0,0.0,0.0,21200.0,26.85,2024.0,6.0,140.0,2488.0,4.0
0.0,0.0,1.0,0.0,152859.0,12.45,2014.0,6.0,165.0,1998.0,4.0
1.0,1.0,0.0,0.0,4000.0,28.49,2025.0,6.0,140.0,2488.0,5.0
1.0,1.0,0.0,0.0,5.0,22.89,2025.0,6.0,116.0,1490.0,5.0
0.0,0.0,1.0,0.0,29219.0,19.945,2023.0,6.0,90.0,1496.0,4.0
1.0,1.0,0.0,0.0,145900.0,14.99,2015.0,6.0,175.0,2191.0,4.0
0.0,0.0,1.0,0.0,32000.0,24.5,2022.0,6.0,165.0,1998.0,4.0
0.0,0.0,1.0,0.0,37998.0,21.45,2021.0,6.0,150.0,1998.0,4.0
1.0,1.0,0.0,0.0,85731.0,22.8,2021.0,6.0,186.0,1998.0,4.0
0.0,1.0,0.0,0.0,4000.0,28.49,2025.0,6.0,140.0,2488.0,5.0
0.0,1.0,0.0,0.0,6000.0,29.95,2025.0,6.0,140.0,2488.0,4.0
0.0,1.0,0.0,0.0,0.0,28.9,2025.0,6.0,140.0,2488.0,5.0
1.0,0.0,1.0,0.0,82000.0,13.7,2021.0,6.0,90.0,1496.0,4.0
0.0,1.0,0.0,0.0,120600.0,20.99,2019.0,6.0,122.0,1998.0,4.0
0.0,1.0,0.0,0.0,70132.0,23.9,2019.0,6.0,179.0,1998.0,4.0
1.0,0.0,1.0,0.0,253.0,33.4,2025.0,6.0,186.0,1998.0,4.0
1.0,1.0,0.0,0.0,5.0,23.39,2025.0,6.0,116.0,1490.0,5.0
0.0,0.0,1.0,0.0,26000.0,24.9,2022.0,6.0,165.0,1998.0,4.0
1.0,0.0,1.0,0.0,46000.0,20.99,2023.0,6.0,186.0,1998.0,4.0
0.0,0.0,1.0,0.0,27067.0,28.4,2024.0,6.0,186.0,1998.0,4.0
1.0,0.0,1.0,0.0,42800.0,25.9,2024.0,6.0,150.0,1998.0,4.0
0.0,1.0,0.0,0.0,10.0,34.9,2025.0,6.0,186.0,1998.0,4.0
0.0,1.0,0.0,0.0,28500.0,26.22,2023.0,6.0,186.0,1998.0,5.0
1.0,0.0,1.0,0.0,10.0,25.99,2025.0,6.0,145.0,2275.0,5.0
1.0,1.0,0.0,0.0,15.0,27.198,2025.0,6.0,116.0,1490.0,3.0
0.0,1.0,0.0,0.0,96738.0,19.9,2019.0,6.0,150.0,1998.0,4.0
0.0,0.0,1.0,0.0,30790.0,19.99,2021.0,6.0,121.0,1998.0,5.0
1.0,1.0,0.0,0.0,48230.0,29.95,2022.0,6.0,184.0,2191.0,4.0
0.0,0.0,1.0,0.0,1110.0,31.55,2025.0,6.0,186.0,1998.0,4.0
1.0,1.0,0.0,0.0,70600.0,25.9,2022.0,6.0,150.0,2191.0,4.0
0.0,1.0,0.0,0.0,33686.0,23.95,2024.0,6.0,150.0,1998.0,4.0
0.0,0.0,1.0,0.0,138550.0,17.445,2017.0,6.0,163.0,1998.0,4.0
0.0,0.0,1.0,0.0,48500.0,14.97,2015.0,6.0,120.0,1998.0,5.0
0.0,0.0,1.0,0.0,72824.0,17.94,2017.0,6.0,165.0,1998.0,4.0
0.0,1.0,0.0,0.0,58895.0,20.99,2021.0,6.0,121.0,1998.0,4.0
0.0,0.0,1.0,0.0,173178.0,12.95,2015.0,6.0,165.0,1998.0,4.0
0.0,0.0,1.0,0.0,95528.0,19.94,2021.0,6.0,186.0,1998.0,4.0
1.0,1.0,0.0,0.0,108603.0,17.99,2020.0,6.0,122.0,1998.0,5.0
1.0,1.0,0.0,0.0,33800.0,15.95,2021.0,6.0,143.0,2275.0,5.0
1.0,0.0,1.0,0.0,151435.0,14.9,2017.0,6.0,150.0,2191.0,5.0
1.0,1.0,0.0,0.0,107505.0,23.65,2022.0,6.0,184.0,2275.0,5.0
0.0,0.0,1.0,0.0,99999.0,21.945,2018.0,6.0,165.0,1998.0,4.0
1.0,1.0,0.0,0.0,38168.0,33.7,2023.0,6.0,192.0,2275.0,5.0
0.0,1.0,0.0,0.0,73000.0,22.6,2022.0,6.0,186.0,1998.0,4.0
0.0,0.0,1.0,0.0,7000.0,25.9,2025.0,6.0,140.0,2488.0,4.0
0.0,0.0,1.0,0.0,6450.0,23.88,2024.0,6.0,140.0,2488.0,5.0
0.0,0.0,1.0,0.0,40800.0,20.8,2021.0,6.0,150.0,1998.0,4.0
1.0,1.0,0.0,0.0,20887.0,18.99,2023.0,6.0,110.0,2275.0,5.0
1.0,1.0,0.0,0.0,5.0,23.19,2025.0,6.0,116.0,1490.0,5.0
0.0,1.0,0.0,0.0,30280.0,28.943,2022.0,6.0,194.0,2488.0,4.0
0.0,1.0,0.0,0.0,35800.0,27.99,2021.0,6.0,165.0,1998.0,5.0
0.0,1.0,0.0,0.0,111677.0,24.995,2019.0,6.0,165.0,1998.0,4.0
1.0,1.0,0.0,0.0,1.0,17.9,2025.0,6.0,116.0,1490.0,3.0
1.0,1.0,0.0,0.0,16000.0,32.0,2024.0,6.0,165.0,1998.0,4.0
0.0,1.0,0.0,0.0,44730.0,35.995,2023.0,6.0,165.0,1998.0,4.0
0.0,1.0,0.0,0.0,93100.0,19.889,2018.0,6.0,165.0,1998.0,4.0
0.0,1.0,0.0,0.0,61853.0,21.4,2016.0,6.0,192.0,2488.0,4.0
0.0,0.0,1.0,0.0,183516.0,13.74,2012.0,6.0,165.0,1998.0,4.0
0.0,1.0,0.0,0.0,500.0,32.9,2025.0,6.0,140.0,2488.0,4.0
0.0,0.0,1.0,0.0,10885.0,24.59,2024.0,6.0,186.0,1998.0,4.0
0.0,0.0,1.0,0.0,34000.0,23.5,2024.0,6.0,140.0,2488.0,4.0
1.0,1.0,0.0,0.0,1.0,42.95,2025.0,6.0,150.0,2191.0,4.0
0.0,1.0,0.0,0.0,111141.0,19.445,2015.0,6.0,192.0,2488.0,4.0
0.0,0.0,1.0,0.0,21350.0,27.9,2020.0,6.0,165.0,1998.0,5.0
1.0,0.0,1.0,0.0,92407.0,13.75,2022.0,6.0,90.0,2275.0,5.0
0.0,1.0,0.0,0.0,14000.0,38.99,2022.0,6.0,192.0,2488.0,4.0
0.0,1.0,0.0,0.0,4000.0,23.49,2025.0,6.0,92.0,1490.0,5.0
0.0,0.0,1.0,0.0,170075.0,14.8,2016.0,6.0,165.0,1998.0,4.0
0.0,0.0,1.0,0.0,161000.0,12.5,2016.0,6.0,122.0,2275.0,5.0
1.0,0.0,1.0,0.0,209000.0,6.499,2012.0,6.0,90.0,1461.0,4.0
0.0,1.0,0.0,0.0,20500.0,34.5,2025.0,6.0,170.0,1496.0,4.0
1.0,1.0,0.0,0.0,142385.0,12.999,2010.0,6.0,231.0,2987.0,5.0
1.0,1.0,0.0,0.0,145364.0,16.49,2017.0,6.0,170.0,2143.0,4.0
0.0,0.0,1.0,0.0,94490.0,16.89,2016.0,6.0,156.0,1595.0,4.0
0.0,0.0,1.0,0.0,60179.0,20.49,2018.0,6.0,156.0,1600.0,4.0
0.0,1.0,0.0,0.0,68801.0,11.99,2013.0,6.0,122.0,1595.0,4.0
0.0,0.0,1.0,0.0,49402.0,23.89,2021.0,6.0,156.0,1595.0,4.0
0.0,1.0,0.0,0.0,170000.0,14.7,2016.0,6.0,156.0,1595.0,4.0
1.0,1.0,0.0,0.0,120000.0,22.99,2021.0,6.0,190.0,1950.0,5.0
1.0,1.0,0.0,0.0,197000.0,26.4,2021.0,6.0,190.0,1950.0,5.0
0.0,1.0,0.0,0.0,120754.0,13.45,2015.0,6.0,122.0,1595.0,4.0
0.0,0.0,1.0,0.0,125847.0,16.8,2016.0,6.0,156.0,1595.0,4.0
0.0,0.0,1.0,0.0,110559.0,10.999,2013.0,6.0,122.0,1595.0,4.0
1.0,1.0,0.0,0.0,142000.0,26.99,2022.0,6.0,194.0,1950.0,5.0
1.0,1.0,0.0,0.0,163211.0,22.98,2021.0,6.0,160.0,1332.0,4.0
0.0,1.0,0.0,0.0,222356.0,8.44,2014.0,6.0,122.0,1595.0,4.0
1.0,1.0,0.0,0.0,187600.0,11.98,2010.0,6.0,204.0,2143.0,4.0
0.0,0.0,1.0,0.0,209251.0,8.0,2011.0,6.0,156.0,1796.0,4.0
1.0,1.0,0.0,0.0,79000.0,30.99,2020.0,6.0,194.0,1950.0,5.0
1.0,1.0,0.0,0.0,95400.0,21.95,2019.0,6.0,194.0,1950.0,4.0
0.0,1.0,0.0,0.0,9500.0,39.78,2025.0,6.0,163.0,1332.0,4.0
0.0,0.0,1.0,0.0,133401.0,14.75,2013.0,6.0,156.0,1595.0,4.0
1.0,0.0,0.0,1.0,38203.0,35.0,2022.0,6.0,150.0,1950.0,4.0
0.0,0.0,1.0,0.0,121494.0,15.899,2022.0,6.0,109.0,1300.0,4.0
1.0,1.0,0.0,0.0,32790.0,21.99,2022.0,6.0,160.0,1332.0,4.0
1.0,1.0,0.0,0.0,58000.0,29.9,2020.0,6.0,194.0,1950.0,5.0
1.0,1.0,0.0,0.0,18824.0,26.85,2021.0,6.0,190.0,2275.0,5.0
0.0,1.0,0.0,0.0,143200.0,14.98,2016.0,6.0,122.0,1595.0,4.0
0.0,1.0,0.0,0.0,115520.0,22.9,2018.0,6.0,184.0,1991.0,4.0
0.0,0.0,1.0,0.0,141013.0,13.945,2014.0,6.0,122.0,1595.0,4.0
1.0,1.0,0.0,0.0,75496.0,33.8,2022.0,6.0,194.0,1950.0,4.0
1.0,1.0,0.0,0.0,208177.0,19.7,2021.0,6.0,190.0,1950.0,5.0
1.0,1.0,0.0,0.0,17814.0,44.95,2024.0,6.0,197.0,1993.0,4.0
0.0,0.0,1.0,0.0,77600.0,24.98,2022.0,6.0,163.0,1332.0,4.0
1.0,1.0,0.0,0.0,48430.0,28.79,2023.0,6.0,228.0,2275.0,5.0
1.0,1.0,0.0,0.0,50000.0,18.999,2013.0,6.0,177.0,2143.0,4.0
0.0,1.0,0.0,0.0,49341.0,17.999,2013.0,6.0,156.0,1595.0,4.0
1.0,1.0,0.0,0.0,126565.0,24.7,2020.0,6.0,150.0,1950.0,4.0
0.0,1.0,0.0,0.0,65900.0,24.79,2019.0,6.0,211.0,1991.0,4.0
0.0,1.0,0.0,0.0,101971.0,22.0,2016.0,6.0,150.0,2275.0,5.0
1.0,1.0,0.0,0.0,104925.0,31.89,2015.0,6.0,204.0,2143.0,4.0
1.0,1.0,0.0,0.0,16330.0,32.33,2024.0,6.0,228.0,2275.0,5.0
1.0,1.0,0.0,0.0,99035.0,20.77,2020.0,6.0,160.0,1332.0,4.0
0.0,1.0,0.0,0.0,116224.0,21.89,2020.0,6.0,156.0,1595.0,4.0
0.0,1.0,0.0,0.0,156711.0,11.99,2014.0,6.0,122.0,1595.0,4.0
0.0,1.0,0.0,0.0,139547.0,8.95,2008.0,6.0,156.0,1796.0,4.0
0.0,0.0,1.0,0.0,144077.0,14.9,2018.0,6.0,122.0,1595.0,4.0
0.0,1.0,0.0,0.0,117303.0,17.95,2013.0,6.0,211.0,1991.0,4.0
1.0,1.0,0.0,0.0,69988.0,24.95,2021.0,6.0,218.0,1332.0,4.0
1.0,1.0,0.0,0.0,81000.0,32.99,2021.0,6.0,245.0,1950.0,5.0
1.0,1.0,0.0,0.0,109149.0,23.77,2021.0,6.0,190.0,2275.0,5.0
0.0,1.0,0.0,0.0,22006.0,30.98,2023.0,6.0,170.0,1496.0,4.0
1.0,1.0,0.0,0.0,72147.0,26.899,2022.0,6.0,190.0,2275.0,5.0
0.0,1.0,0.0,0.0,16838.0,35.44,2023.0,6.0,170.0,1496.0,4.0
1.0,1.0,0.0,0.0,33000.0,37.99,2022.0,6.0,211.0,1991.0,5.0
1.0,1.0,0.0,0.0,22500.0,36.99,2022.0,6.0,228.0,2275.0,5.0
1.0,1.0,0.0,0.0,96209.0,41.85,2022.0,6.0,194.0,1950.0,4.0
1.0,1.0,0.0,0.0,55066.0,34.55,2022.0,6.0,163.0,1950.0,5.0
0.0,1.0,0.0,0.0,13300.0,31.4,2025.0,6.0,136.0,1332.0,4.0
1.0,1.0,0.0,0.0,57200.0,33.9,2021.0,6.0,194.0,1950.0,4.0
1.0,1.0,0.0,0.0,110250.0,30.7,2021.0,6.0,211.0,1991.0,4.0
1.0,1.0,0.0,0.0,124105.0,26.74,2018.0,6.0,170.0,2143.0,4.0
1.0,0.0,1.0,0.0,131200.0,6.9,2010.0,6.0,109.0,1991.0,4.0
1.0,1.0,0.0,0.0,32000.0,24.95,2022.0,6.0,116.0,1950.0,4.0
1.0,1.0,0.0,0.0,174000.0,16.88,2012.0,6.0,204.0,2143.0,4.0
0.0,1.0,0.0,0.0,129000.0,30.39,2018.0,6.0,211.0,1991.0,4.0
1.0,1.0,0.0,0.0,78140.0,31.69,2022.0,6.0,200.0,1993.0,4.0
0.0,1.0,0.0,0.0,49000.0,16.9,2016.0,6.0,184.0,1991.0,4.0
1.0,1.0,0.0,0.0,72454.0,22.95,2022.0,6.0,160.0,1332.0,4.0
0.0,1.0,0.0,0.0,36956.0,37.81,2024.0,6.0,170.0,1496.0,4.0
1.0,1.0,0.0,0.0,68162.0,39.99,2023.0,6.0,245.0,2275.0,5.0
0.0,0.0,1.0,0.0,62019.0,18.99,2021.0,6.0,136.0,1332.0,4.0
1.0,1.0,0.0,0.0,60810.0,29.98,2020.0,6.0,150.0,1950.0,4.0
0.0,1.0,0.0,0.0,66000.0,29.99,2021.0,6.0,163.0,1332.0,5.0
1.0,1.0,0.0,0.0,28000.0,14.9,2017.0,6.0,179.0,2275.0,5.0
1.0,1.0,0.0,0.0,148000.0,30.49,2021.0,6.0,200.0,1993.0,5.0
0.0,0.0,1.0,0.0,204589.0,12.995,2015.0,6.0,156.0,1595.0,4.0
1.0,1.0,0.0,0.0,12991.0,23.27,2022.0,6.0,160.0,1332.0,4.0
1.0,1.0,0.0,0.0,24423.0,28.95,2021.0,6.0,150.0,1950.0,4.0
1.0,1.0,0.0,0.0,50185.0,26.88,2022.0,6.0,160.0,1332.0,4.0
1.0,1.0,0.0,0.0,97846.0,26.0,2021.0,6.0,150.0,1950.0,4.0
0.0,1.0,0.0,0.0,51157.0,26.98,2021.0,6.0,224.0,1991.0,4.0
0.0,0.0,1.0,0.0,100000.0,18.89,2019.0,6.0,156.0,1595.0,4.0
0.0,1.0,0.0,0.0,145301.0,11.95,2012.0,6.0,156.0,1595.0,4.0
1.0,1.0,0.0,0.0,26720.0,34.89,2024.0,6.0,163.0,1332.0,5.0
1.0,0.0,1.0,0.0,159054.0,11.95,2020.0,6.0,116.0,1461.0,4.0
1.0,1.0,0.0,0.0,76462.0,21.89,2021.0,6.0,122.0,1597.0,4.0
1.0,1.0,0.0,0.0,193000.0,22.497,2016.0,6.0,204.0,2143.0,4.0
0.0,1.0,0.0,0.0,76195.0,19.95,2018.0,6.0,122.0,1595.0,4.0
0.0,0.0,1.0,0.0,206691.0,13.895,2019.0,6.0,109.0,1332.0,4.0
0.0,1.0,0.0,0.0,92400.0,15.999,2017.0,6.0,122.0,1595.0,4.0
1.0,1.0,0.0,0.0,29007.0,24.59,2023.0,6.0,116.0,1950.0,4.0
1.0,1.0,0.0,0.0,36486.0,36.89,2024.0,6.0,163.0,1993.0,4.0
1.0,1.0,0.0,0.0,16425.0,34.489,2023.0,6.0,200.0,1993.0,4.0
1.0,1.0,0.0,0.0,15242.0,43.88,2024.0,6.0,150.0,1950.0,4.0
1.0,1.0,0.0,0.0,29375.0,21.99,2022.0,6.0,160.0,1332.0,4.0
0.0,0.0,1.0,0.0,95419.0,16.995,2021.0,6.0,109.0,1332.0,4.0
0.0,1.0,0.0,0.0,13470.0,35.85,2025.0,6.0,170.0,1496.0,4.0
1.0,1.0,0.0,0.0,100074.0,14.99,2011.0,6.0,136.0,2275.0,5.0
0.0,0.0,1.0,0.0,13471.0,19.969,2022.0,6.0,102.0,1332.0,5.0
1.0,1.0,0.0,0.0,91800.0,20.95,2021.0,6.0,116.0,1950.0,4.0
0.0,0.0,1.0,0.0,95349.0,16.5,2017.0,6.0,122.0,1595.0,4.0
0.0,1.0,0.0,0.0,19132.0,30.12,2024.0,6.0,190.0,1991.0,4.0
1.0,1.0,0.0,0.0,141235.0,29.61,2021.0,6.0,194.0,1950.0,4.0
0.0,1.0,0.0,0.0,9145.0,28.489,2024.0,6.0,163.0,1332.0,4.0
1.0,1.0,0.0,0.0,21833.0,28.88,2022.0,6.0,190.0,2275.0,5.0
1.0,1.0,0.0,0.0,75040.0,28.98,2021.0,6.0,218.0,1332.0,4.0
0.0,1.0,0.0,0.0,25961.0,35.98,2021.0,6.0,224.0,1991.0,4.0
1.0,1.0,0.0,0.0,190000.0,19.9,2022.0,6.0,163.0,1993.0,4.0
1.0,1.0,0.0,0.0,28382.0,28.95,2021.0,6.0,116.0,1950.0,4.0
1.0,1.0,0.0,0.0,70000.0,38.99,2022.0,6.0,245.0,1950.0,5.0
0.0,1.0,0.0,0.0,49046.0,29.995,2022.0,6.0,224.0,1991.0,4.0
1.0,1.0,0.0,0.0,190776.0,17.8,2019.0,6.0,194.0,1950.0,4.0
0.0,1.0,0.0,0.0,7071.0,34.49,2025.0,6.0,136.0,1332.0,4.0
1.0,1.0,0.0,0.0,142000.0,31.99,2022.0,6.0,200.0,1993.0,5.0
1.0,1.0,0.0,0.0,71153.0,38.699,2022.0,6.0,200.0,1993.0,4.0
1.0,1.0,0.0,0.0,6000.0,44.44,2025.0,6.0,150.0,1950.0,4.0
1.0,1.0,0.0,0.0,64623.0,34.88,2022.0,6.0,194.0,1950.0,4.0
1.0,1.0,0.0,0.0,139341.0,26.49,2019.0,6.0,170.0,2143.0,5.0
1.0,1.0,0.0,0.0,85031.0,26.9,2022.0,6.0,116.0,1950.0,4.0
1.0,1.0,0.0,0.0,96500.0,22.9,2020.0,6.0,116.0,1461.0,5.0
1.0,1.0,0.0,0.0,52747.0,47.9,2023.0,6.0,197.0,1993.0,5.0
0.0,1.0,0.0,0.0,138256.0,12.85,2015.0,6.0,156.0,1595.0,4.0
0.0,1.0,0.0,0.0,3850.0,32.98,2023.0,6.0,163.0,1332.0,4.0
0.0,0.0,1.0,0.0,15132.0,20.99,2021.0,6.0,109.0,1332.0,4.0
0.0,1.0,0.0,0.0,54000.0,29.99,2021.0,6.0,190.0,1991.0,5.0
0.0,1.0,0.0,0.0,25469.0,31.95,2023.0,6.0,150.0,1332.0,4.0
1.0,1.0,0.0,0.0,35097.0,28.79,2022.0,6.0,190.0,2275.0,5.0
0.0,0.0,1.0,0.0,137000.0,7.998,2008.0,6.0,136.0,2035.0,4.0
1.0,1.0,0.0,0.0,58768.0,25.0,2022.0,6.0,160.0,1332.0,4.0
1.0,1.0,0.0,0.0,45800.0,42.89,2022.0,6.0,163.0,1950.0,4.0
1.0,1.0,0.0,0.0,25241.0,41.95,2024.0,6.0,245.0,2275.0,5.0
0.0,1.0,0.0,0.0,68590.0,27.69,2022.0,6.0,163.0,1332.0,4.0
0.0,1.0,0.0,0.0,44714.0,36.79,2023.0,6.0,204.0,1999.0,4.0
1.0,1.0,0.0,0.0,3706.0,35.49,2024.0,6.0,163.0,1993.0,4.0
0.0,0.0,1.0,0.0,103945.0,17.4,2019.0,6.0,163.0,1332.0,4.0
0.0,1.0,0.0,0.0,40846.0,20.89,2022.0,6.0,136.0,1332.0,4.0
0.0,1.0,0.0,0.0,12990.0,28.4,2024.0,6.0,163.0,1332.0,4.0
1.0,1.0,0.0,0.0,54150.0,31.99,2021.0,6.0,228.0,2275.0,5.0
1.0,1.0,0.0,0.0,89750.0,30.749,2022.0,6.0,220.0,1993.0,4.0
1.0,1.0,0.0,0.0,53500.0,32.95,2022.0,6.0,150.0,1950.0,4.0
0.0,0.0,1.0,0.0,10.0,12.49,2025.0,6.0,114.0,1499.0,5.0
0.0,0.0,1.0,0.0,10.0,14.94,2025.0,6.0,116.0,1495.0,4.0
0.0,0.0,1.0,0.0,8.0,13.95,2025.0,6.0,106.0,1500.0,3.0
0.0,0.0,1.0,0.0,10.0,21.48,2025.0,6.0,162.0,1490.0,4.0
1.0,1.0,0.0,0.0,1.0,17.9,2025.0,6.0,194.0,1498.0,4.0
0.0,0.0,1.0,0.0,10.0,17.96,2025.0,6.0,106.0,1498.0,4.0
0.0,0.0,1.0,0.0,20.0,24.99,2025.0,6.0,170.0,1496.0,4.0
0.0,0.0,1.0,0.0,10.0,22.8,2025.0,6.0,170.0,1498.0,5.0
0.0,0.0,1.0,0.0,17319.0,15.9,2023.0,6.0,162.0,1490.0,4.0
0.0,0.0,1.0,0.0,3.0,25.39,2025.0,6.0,170.0,1496.0,4.0
0.0,0.0,1.0,0.0,6000.0,15.392,2025.0,6.0,116.0,1495.0,5.0
0.0,0.0,1.0,0.0,10.0,17.58,2024.0,6.0,106.0,1498.0,4.0
0.0,0.0,1.0,0.0,10.0,16.98,2024.0,6.0,106.0,1498.0,4.0
0.0,0.0,1.0,0.0,3000.0,15.88,2025.0,6.0,116.0,1498.0,5.0
0.0,1.0,0.0,0.0,10.0,18.95,2025.0,6.0,194.0,2275.0,5.0
0.0,0.0,1.0,0.0,10.0,25.49,2025.0,6.0,162.0,1496.0,4.0
0.0,0.0,1.0,0.0,31731.0,18.49,2023.0,6.0,162.0,1490.0,4.0
1.0,1.0,0.0,0.0,9150.0,15.45,2022.0,6.0,177.0,2275.0,5.0
1.0,1.0,0.0,0.0,18850.0,15.95,2022.0,6.0,156.0,2275.0,0.0
0.0,0.0,1.0,0.0,1775.0,17.48,2025.0,6.0,106.0,1498.0,4.0
0.0,0.0,1.0,0.0,9000.0,14.679,2025.0,6.0,116.0,1498.0,5.0
0.0,0.0,1.0,0.0,21919.0,15.5,2024.0,6.0,162.0,1492.0,4.0
0.0,1.0,0.0,0.0,10.0,28.75,2025.0,6.0,170.0,1496.0,4.0
1.0,1.0,0.0,0.0,21726.0,20.49,2025.0,6.0,194.0,1500.0,4.0
0.0,0.0,1.0,0.0,6000.0,16.523,2025.0,6.0,116.0,1495.0,4.0
1.0,1.0,0.0,0.0,5.0,25.75,2025.0,6.0,197.0,1500.0,4.0
0.0,1.0,0.0,0.0,4750.0,18.99,2024.0,6.0,143.0,2275.0,5.0
0.0,0.0,1.0,0.0,10.0,21.999,2024.0,6.0,162.0,1500.0,4.0
0.0,0.0,1.0,0.0,10105.0,20.785,2024.0,6.0,162.0,1490.0,5.0
1.0,1.0,0.0,0.0,9900.0,16.79,2025.0,6.0,194.0,1490.0,4.0
0.0,1.0,0.0,0.0,942.0,24.99,2025.0,6.0,102.0,1498.0,4.0
0.0,0.0,1.0,0.0,10.0,17.47,2024.0,6.0,106.0,1498.0,4.0
0.0,1.0,0.0,0.0,10.0,28.48,2025.0,6.0,170.0,1496.0,4.0
1.0,1.0,0.0,0.0,8000.0,29.69,2025.0,6.0,231.0,2275.0,5.0
0.0,1.0,0.0,0.0,21366.0,23.49,2024.0,6.0,162.0,1490.0,4.0
1.0,1.0,0.0,0.0,3000.0,31.31,2025.0,6.0,231.0,2275.0,5.0
1.0,1.0,0.0,0.0,7000.0,27.99,2025.0,6.0,224.0,1490.0,5.0
0.0,0.0,1.0,0.0,10.0,25.703,2025.0,6.0,170.0,1496.0,5.0
0.0,1.0,0.0,0.0,10.0,25.45,2025.0,6.0,197.0,1498.0,4.0
1.0,1.0,0.0,0.0,36321.0,14.49,2021.0,6.0,143.0,2275.0,5.0
0.0,0.0,1.0,0.0,10.0,16.5,2025.0,6.0,116.0,1495.0,4.0
1.0,1.0,0.0,0.0,58000.0,18.8,2021.0,6.0,88.0,2275.0,0.0
1.0,1.0,0.0,0.0,12.0,21.47,2025.0,6.0,102.0,1498.0,5.0
0.0,1.0,0.0,0.0,10.0,28.75,2025.0,6.0,170.0,1496.0,4.0
0.0,1.0,0.0,0.0,19468.0,23.49,2024.0,6.0,162.0,1490.0,4.0
0.0,1.0,0.0,0.0,10.0,22.48,2025.0,6.0,197.0,1498.0,4.0
1.0,1.0,0.0,0.0,44665.0,13.89,2021.0,6.0,143.0,2275.0,5.0
0.0,1.0,0.0,0.0,26458.0,17.9,2023.0,6.0,111.0,999.0,3.0
1.0,1.0,0.0,0.0,4655.0,24.49,2025.0,6.0,204.0,2275.0,0.0
0.0,0.0,1.0,0.0,6000.0,15.392,2025.0,6.0,116.0,1495.0,5.0
0.0,1.0,0.0,0.0,3415.0,27.89,2025.0,6.0,170.0,1496.0,5.0
0.0,0.0,1.0,0.0,50.0,19.6,2025.0,6.0,116.0,1495.0,4.0
0.0,1.0,0.0,0.0,1785.0,28.89,2025.0,6.0,170.0,1496.0,5.0
0.0,1.0,0.0,0.0,81960.0,14.445,2023.0,6.0,111.0,999.0,3.0
0.0,0.0,1.0,0.0,5000.0,28.785,2025.0,6.0,170.0,1496.0,4.0
0.0,1.0,0.0,0.0,10.0,23.999,2025.0,6.0,162.0,1490.0,4.0
0.0,0.0,1.0,0.0,10.0,17.49,2025.0,6.0,116.0,1495.0,4.0
0.0,1.0,0.0,0.0,22135.0,14.59,2024.0,6.0,111.0,999.0,3.0
0.0,1.0,0.0,0.0,8265.0,27.99,2025.0,6.0,170.0,1496.0,5.0
1.0,1.0,0.0,0.0,10.0,24.9,2023.0,6.0,162.0,1498.0,5.0
0.0,0.0,1.0,0.0,1.0,19.5,2025.0,6.0,116.0,1500.0,5.0
0.0,1.0,0.0,0.0,10871.0,23.785,2024.0,6.0,162.0,1490.0,5.0
1.0,1.0,0.0,0.0,10.0,25.976,2025.0,6.0,197.0,1498.0,5.0
0.0,0.0,1.0,0.0,10.0,19.99,2025.0,6.0,116.0,1495.0,4.0
0.0,0.0,1.0,0.0,22548.0,16.975,2023.0,6.0,162.0,1490.0,5.0
0.0,0.0,1.0,0.0,2700.0,15.99,2025.0,6.0,116.0,1490.0,5.0
0.0,0.0,1.0,0.0,50.0,19.0,2025.0,6.0,116.0,1495.0,4.0
0.0,1.0,0.0,0.0,10.0,24.98,2025.0,6.0,197.0,1498.0,4.0
1.0,1.0,0.0,0.0,10.0,25.06,2025.0,6.0,177.0,2275.0,5.0
1.0,1.0,0.0,0.0,10.0,21.4,2025.0,6.0,102.0,2275.0,5.0
0.0,1.0,0.0,0.0,10000.0,23.88,2024.0,6.0,170.0,1496.0,4.0
0.0,0.0,1.0,0.0,10.0,18.349,2025.0,6.0,116.0,1498.0,5.0
0.0,0.0,1.0,0.0,40.0,22.75,2025.0,6.0,170.0,1496.0,4.0
0.0,1.0,0.0,0.0,579.0,25.99,2025.0,6.0,170.0,1496.0,5.0
0.0,0.0,1.0,0.0,7587.0,15.18,2025.0,6.0,107.0,2275.0,5.0
0.0,1.0,0.0,0.0,3713.0,16.89,2024.0,6.0,111.0,999.0,3.0
1.0,1.0,0.0,0.0,10.0,25.703,2025.0,6.0,177.0,2275.0,5.0
0.0,0.0,1.0,0.0,6.0,16.5,2025.0,6.0,116.0,1495.0,4.0
0.0,1.0,0.0,0.0,17612.0,19.775,2023.0,6.0,162.0,1490.0,5.0
0.0,1.0,0.0,0.0,15856.0,16.9,2023.0,6.0,111.0,999.0,3.0
0.0,0.0,1.0,0.0,8607.0,15.18,2025.0,6.0,107.0,2275.0,5.0
0.0,0.0,1.0,0.0,50.0,19.0,2025.0,6.0,116.0,1495.0,4.0
1.0,1.0,0.0,0.0,15.0,23.49,2025.0,6.0,197.0,1498.0,5.0
0.0,0.0,1.0,0.0,6836.0,15.9,2025.0,6.0,107.0,2275.0,5.0
1.0,1.0,0.0,0.0,93.0,24.94,2025.0,6.0,170.0,2275.0,5.0
1.0,1.0,0.0,0.0,17400.0,17.49,2023.0,6.0,170.0,2275.0,5.0
1.0,1.0,0.0,0.0,8208.0,15.45,2025.0,6.0,196.0,1498.0,5.0
0.0,0.0,1.0,0.0,10.0,22.9,2025.0,6.0,170.0,1496.0,4.0
1.0,0.0,1.0,0.0,11956.0,14.29,2025.0,6.0,144.0,2275.0,5.0
0.0,0.0,1.0,0.0,1.0,19.5,2025.0,6.0,116.0,1500.0,5.0
1.0,1.0,0.0,0.0,24151.0,17.98,2023.0,6.0,170.0,2275.0,5.0
1.0,1.0,0.0,0.0,52898.0,15.845,2022.0,6.0,177.0,2275.0,5.0
0.0,0.0,1.0,0.0,93000.0,11.9,2022.0,6.0,106.0,1498.0,4.0
0.0,0.0,1.0,0.0,78000.0,11.5,2022.0,6.0,106.0,1498.0,4.0
0.0,0.0,1.0,0.0,15.0,14.9,2025.0,6.0,116.0,1495.0,4.0
0.0,1.0,0.0,0.0,11304.0,17.99,2024.0,6.0,193.0,2275.0,5.0
0.0,0.0,1.0,0.0,4000.0,22.3,2025.0,6.0,116.0,1495.0,4.0
0.0,0.0,1.0,0.0,15.0,18.99,2025.0,6.0,116.0,1498.0,5.0
0.0,1.0,0.0,0.0,63413.0,16.285,2023.0,6.0,162.0,1490.0,4.0
1.0,1.0,0.0,0.0,1000.0,16.999,2023.0,6.0,73.0,2275.0,5.0
0.0,0.0,1.0,0.0,39965.0,15.21,2023.0,6.0,162.0,1490.0,4.0
0.0,1.0,0.0,0.0,22135.0,17.59,2024.0,6.0,111.0,999.0,3.0
1.0,1.0,0.0,0.0,34470.0,18.845,2023.0,6.0,204.0,2275.0,5.0
0.0,1.0,0.0,0.0,10350.0,20.889,2023.0,6.0,162.0,1490.0,5.0
1.0,0.0,1.0,0.0,1.0,18.49,2025.0,6.0,106.0,1500.0,4.0
1.0,1.0,0.0,0.0,15.0,23.49,2025.0,6.0,197.0,1498.0,5.0
1.0,1.0,0.0,0.0,15.0,23.99,2025.0,6.0,197.0,1498.0,5.0
1.0,1.0,0.0,0.0,15.0,22.99,2025.0,6.0,170.0,1.0,5.0
0.0,0.0,1.0,0.0,0.0,24.9,2025.0,6.0,170.0,1496.0,4.0
0.0,0.0,1.0,0.0,15.0,18.99,2025.0,6.0,116.0,1498.0,5.0
1.0,1.0,0.0,0.0,1000.0,23.99,2025.0,6.0,197.0,1498.0,5.0
0.0,0.0,1.0,0.0,15.0,16.99,2025.0,6.0,116.0,1490.0,5.0
0.0,0.0,1.0,0.0,10.0,25.49,2025.0,6.0,170.0,1496.0,4.0
0.0,0.0,1.0,0.0,50.0,19.531,2025.0,6.0,116.0,1498.0,4.0
0.0,0.0,1.0,0.0,7105.0,17.9,2025.0,6.0,116.0,1500.0,5.0
0.0,0.0,1.0,0.0,30000.0,16.9,2024.0,6.0,111.0,999.0,3.0
0.0,0.0,1.0,0.0,35395.0,13.618,2023.0,6.0,106.0,2275.0,5.0
1.0,1.0,0.0,0.0,10803.0,26.99,2025.0,6.0,102.0,2275.0,4.0
0.0,1.0,0.0,0.0,27885.0,14.9,2023.0,6.0,111.0,999.0,3.0
1.0,1.0,0.0,0.0,35001.0,23.99,2023.0,6.0,88.0,2275.0,5.0
0.0,0.0,1.0,0.0,39000.0,15.49,2023.0,6.0,111.0,999.0,3.0
1.0,0.0,1.0,0.0,1.0,18.49,2025.0,6.0,106.0,1500.0,4.0
0.0,1.0,0.0,0.0,10.0,25.59,2025.0,6.0,197.0,2275.0,5.0
0.0,1.0,0.0,0.0,71738.0,13.99,2022.0,6.0,111.0,2275.0,5.0
1.0,1.0,0.0,0.0,5.0,25.0,2024.0,6.0,156.0,2275.0,5.0
0.0,1.0,0.0,0.0,22135.0,17.59,2024.0,6.0,111.0,999.0,3.0
0.0,0.0,1.0,0.0,9900.0,16.5,2023.0,6.0,106.0,1500.0,5.0
0.0,0.0,1.0,0.0,24195.0,14.856,2024.0,6.0,106.0,2275.0,5.0
0.0,1.0,0.0,0.0,21550.0,18.856,2023.0,6.0,162.0,1490.0,4.0
1.0,1.0,0.0,0.0,11511.0,19.02,2022.0,6.0,162.0,1490.0,4.0
0.0,0.0,1.0,0.0,3500.0,21.317,2025.0,6.0,116.0,1498.0,4.0
1.0,1.0,0.0,0.0,51829.0,18.2,2022.0,6.0,177.0,2275.0,5.0
0.0,0.0,1.0,0.0,25154.0,16.3,2024.0,6.0,106.0,1498.0,4.0
0.0,1.0,0.0,0.0,36800.0,18.9,2022.0,6.0,111.0,999.0,3.0
0.0,0.0,1.0,0.0,30896.0,13.332,2023.0,6.0,106.0,2275.0,5.0
0.0,1.0,0.0,0.0,9500.0,19.99,2023.0,6.0,111.0,1000.0,5.0
0.0,0.0,1.0,0.0,30896.0,13.332,2023.0,6.0,106.0,2275.0,5.0
0.0,0.0,1.0,0.0,30896.0,13.332,2023.0,6.0,106.0,2275.0,5.0
0.0,0.0,1.0,0.0,11039.0,15.39,2025.0,6.0,107.0,2275.0,5.0
0.0,0.0,1.0,0.0,24195.0,15.999,2024.0,6.0,106.0,2275.0,5.0
0.0,0.0,1.0,0.0,9025.0,16.49,2025.0,6.0,107.0,2275.0,5.0
0.0,0.0,1.0,0.0,8505.0,16.6,2025.0,6.0,107.0,2275.0,5.0
0.0,1.0,0.0,0.0,58352.0,16.19,2023.0,6.0,111.0,2275.0,5.0
0.0,0.0,1.0,0.0,34828.0,14.475,2023.0,6.0,106.0,2275.0,5.0
0.0,0.0,1.0,0.0,30896.0,13.332,2023.0,6.0,106.0,2275.0,5.0
0.0,0.0,1.0,0.0,21966.0,15.55,2025.0,6.0,107.0,2275.0,5.0
0.0,0.0,1.0,0.0,5000.0,15.9,2024.0,6.0,106.0,1500.0,5.0
1.0,1.0,0.0,0.0,3043.0,22.19,2025.0,6.0,197.0,2275.0,5.0
0.0,0.0,1.0,0.0,10511.0,17.895,2025.0,6.0,107.0,2275.0,5.0
1.0,1.0,0.0,0.0,17765.0,20.89,2024.0,6.0,73.0,2275.0,5.0
0.0,0.0,1.0,0.0,11276.0,17.995,2025.0,6.0,107.0,2275.0,5.0
1.0,1.0,0.0,0.0,3043.0,22.19,2025.0,6.0,197.0,2275.0,5.0
0.0,0.0,1.0,0.0,21793.0,22.392,2023.0,6.0,162.0,1490.0,4.0
0.0,1.0,0.0,0.0,13548.0,25.0,2024.0,6.0,170.0,2275.0,5.0
0.0,1.0,0.0,0.0,11032.0,25.0,2024.0,6.0,170.0,2275.0,5.0
0.0,0.0,1.0,0.0,10.0,14.89,2025.0,6.0,106.0,1498.0,5.0
0.0,0.0,1.0,0.0,25000.0,12.889,2024.0,6.0,106.0,1498.0,4.0
1.0,0.0,1.0,0.0,36900.0,12.99,2023.0,6.0,106.0,1498.0,4.0
0.0,0.0,1.0,0.0,50.0,14.95,2025.0,6.0,116.0,1498.0,5.0
0.0,0.0,1.0,0.0,10.0,14.95,2025.0,6.0,106.0,1498.0,5.0
0.0,1.0,0.0,0.0,22135.0,14.59,2024.0,6.0,111.0,999.0,3.0
0.0,0.0,1.0,0.0,18374.0,14.98,2023.0,6.0,106.0,1499.0,5.0
1.0,1.0,0.0,0.0,91500.0,14.49,2021.0,6.0,156.0,2275.0,5.0
1.0,1.0,0.0,0.0,39000.0,14.99,2022.0,6.0,170.0,2275.0,5.0
1.0,1.0,0.0,0.0,19300.0,17.5,2024.0,6.0,199.0,1500.0,5.0
1.0,1.0,0.0,0.0,17000.0,16.49,2023.0,6.0,171.0,2275.0,5.0
0.0,0.0,1.0,0.0,48000.0,13.99,2022.0,6.0,107.0,2275.0,5.0
0.0,0.0,1.0,0.0,32399.0,13.95,2025.0,6.0,107.0,2275.0,5.0
1.0,1.0,0.0,0.0,5.0,21.99,2025.0,6.0,158.0,2275.0,5.0
0.0,0.0,1.0,0.0,9100.0,15.18,2025.0,6.0,107.0,2275.0,5.0
0.0,0.0,1.0,0.0,60053.0,15.21,2023.0,6.0,162.0,1490.0,4.0
1.0,1.0,0.0,0.0,14500.0,29.999,2024.0,6.0,179.0,2275.0,5.0
0.0,0.0,1.0,0.0,20912.0,19.99,2023.0,6.0,162.0,1490.0,4.0
0.0,0.0,1.0,0.0,10619.0,15.59,2023.0,6.0,106.0,1499.0,5.0
0.0,0.0,1.0,0.0,19708.0,16.49,2023.0,6.0,106.0,1499.0,5.0
1.0,1.0,0.0,0.0,11208.0,15.45,2025.0,6.0,196.0,1498.0,5.0
0.0,1.0,0.0,0.0,55351.0,19.775,2023.0,6.0,162.0,1490.0,5.0
0.0,0.0,1.0,0.0,46848.0,16.191,2023.0,6.0,162.0,1490.0,4.0
0.0,0.0,1.0,0.0,39965.0,15.21,2023.0,6.0,162.0,1490.0,4.0
0.0,0.0,1.0,0.0,0.0,19.99,2025.0,6.0,116.0,1500.0,5.0
1.0,1.0,0.0,0.0,8217.0,15.45,2025.0,6.0,196.0,1498.0,5.0
0.0,1.0,0.0,0.0,71930.0,16.091,2023.0,6.0,162.0,1490.0,4.0
0.0,0.0,1.0,0.0,71718.0,15.867,2023.0,6.0,162.0,1490.0,4.0
0.0,0.0,1.0,0.0,46848.0,16.191,2023.0,6.0,162.0,1490.0,4.0
0.0,0.0,1.0,0.0,62011.0,15.21,2023.0,6.0,162.0,1490.0,4.0
0.0,0.0,1.0,0.0,66829.0,13.49,2022.0,6.0,107.0,1.0,5.0
0.0,0.0,1.0,0.0,13570.0,15.72,2025.0,6.0,107.0,1498.0,5.0
0.0,0.0,1.0,0.0,8810.0,15.9,2025.0,6.0,107.0,2275.0,5.0
0.0,1.0,0.0,0.0,2655.0,17.264,2024.0,6.0,111.0,999.0,5.0
0.0,0.0,1.0,0.0,46848.0,16.191,2023.0,6.0,162.0,1490.0,4.0
0.0,0.0,1.0,0.0,9490.0,15.18,2025.0,6.0,107.0,1498.0,5.0
0.0,0.0,1.0,0.0,9775.0,15.9,2025.0,6.0,107.0,1498.0,5.0
1.0,1.0,0.0,0.0,31856.0,20.499,2023.0,6.0,158.0,2275.0,5.0
0.0,0.0,1.0,0.0,18580.0,15.99,2025.0,6.0,106.0,1500.0,5.0
0.0,0.0,1.0,0.0,60053.0,15.21,2023.0,6.0,162.0,1490.0,4.0
0.0,0.0,1.0,0.0,62011.0,15.21,2023.0,6.0,162.0,1490.0,4.0
1.0,1.0,0.0,0.0,5384.0,22.999,2024.0,6.0,103.0,1498.0,5.0
0.0,0.0,1.0,0.0,17443.0,15.354,2025.0,6.0,106.0,2275.0,5.0
0.0,0.0,1.0,0.0,53704.0,13.536,2023.0,6.0,106.0,2275.0,5.0
0.0,0.0,1.0,0.0,17045.0,15.163,2025.0,6.0,106.0,2275.0,5.0
0.0,0.0,1.0,0.0,60373.0,14.5,2023.0,6.0,106.0,2275.0,5.0
0.0,0.0,1.0,0.0,19630.0,15.072,2025.0,6.0,106.0,2275.0,5.0
0.0,0.0,1.0,0.0,11107.0,15.618,2025.0,6.0,106.0,2275.0,5.0
0.0,0.0,1.0,0.0,17443.0,15.354,2025.0,6.0,106.0,2275.0,5.0
0.0,0.0,1.0,0.0,56839.0,15.295,2023.0,6.0,111.0,2275.0,5.0
1.0,0.0,1.0,0.0,14638.0,17.2,2025.0,6.0,144.0,2275.0,5.0
0.0,0.0,1.0,0.0,13706.0,16.345,2025.0,6.0,106.0,2275.0,5.0
0.0,0.0,1.0,0.0,78233.0,15.991,2023.0,6.0,162.0,1490.0,4.0
0.0,0.0,1.0,0.0,20912.0,15.354,2025.0,6.0,106.0,2275.0,5.0
1.0,1.0,0.0,0.0,15.0,32.9,2023.0,6.0,156.0,2275.0,5.0
0.0,0.0,1.0,0.0,28134.0,23.75,2025.0,6.0,171.0,2275.0,5.0
0.0,0.0,1.0,0.0,81716.0,16.182,2023.0,6.0,162.0,1490.0,4.0
0.0,0.0,1.0,0.0,17761.0,16.345,2025.0,6.0,106.0,2275.0,5.0
0.0,0.0,1.0,0.0,20784.0,16.172,2025.0,6.0,106.0,2275.0,5.0
0.0,0.0,1.0,0.0,75284.0,16.273,2023.0,6.0,162.0,1490.0,4.0
0.0,0.0,1.0,0.0,24448.0,16.263,2025.0,6.0,106.0,2275.0,5.0
0.0,0.0,1.0,0.0,12593.0,16.79,2025.0,6.0,106.0,2275.0,5.0
0.0,0.0,1.0,0.0,19559.0,17.45,2025.0,6.0,107.0,2275.0,5.0
1.0,1.0,0.0,0.0,16000.0,16.49,2024.0,6.0,204.0,2275.0,5.0
1.0,1.0,0.0,0.0,31800.0,19.89,2023.0,6.0,177.0,2275.0,5.0
1.0,1.0,0.0,0.0,12000.0,16.98,2024.0,6.0,170.0,2275.0,5.0
1.0,1.0,0.0,0.0,28000.0,15.99,2023.0,6.0,170.0,2275.0,5.0
1.0,1.0,0.0,0.0,17000.0,21.89,2025.0,6.0,102.0,1498.0,4.0
1.0,1.0,0.0,0.0,24828.0,16.74,2023.0,6.0,170.0,2275.0,5.0
1.0,1.0,0.0,0.0,21700.0,15.99,2023.0,6.0,170.0,2275.0,5.0
1.0,1.0,0.0,0.0,73678.0,12.94,2020.0,6.0,143.0,2275.0,5.0
1.0,1.0,0.0,0.0,57790.0,13.95,2021.0,6.0,143.0,2275.0,5.0
0.0,1.0,0.0,0.0,21000.0,22.89,2024.0,6.0,162.0,1490.0,4.0
0.0,0.0,1.0,0.0,25.0,19.99,2025.0,6.0,106.0,1498.0,4.0
0.0,0.0,1.0,0.0,170.0,17.5,2025.0,6.0,116.0,1498.0,5.0
1.0,1.0,0.0,0.0,4082.0,22.99,2024.0,6.0,194.0,1498.0,5.0
0.0,1.0,0.0,0.0,24000.0,21.99,2023.0,6.0,162.0,1490.0,4.0
0.0,1.0,0.0,0.0,13675.0,23.3,2023.0,6.0,162.0,1490.0,4.0
0.0,1.0,0.0,0.0,26200.0,12.999,2023.0,6.0,162.0,1490.0,4.0
1.0,1.0,0.0,0.0,66000.0,13.99,2020.0,6.0,136.0,2275.0,5.0
1.0,1.0,0.0,0.0,15.0,22.87,2025.0,6.0,197.0,1499.0,5.0
0.0,0.0,1.0,0.0,39250.0,14.9,2023.0,6.0,162.0,2275.0,4.0
0.0,0.0,1.0,0.0,16321.0,11.69,2025.0,6.0,116.0,1498.0,5.0
1.0,1.0,0.0,0.0,46000.0,19.4,2023.0,6.0,179.0,2275.0,5.0
0.0,0.0,1.0,0.0,24000.0,13.6,2024.0,6.0,106.0,1498.0,4.0
0.0,0.0,1.0,0.0,15.0,15.49,2025.0,6.0,116.0,1495.0,4.0
0.0,0.0,1.0,0.0,14063.0,11.69,2025.0,6.0,116.0,1498.0,5.0
0.0,0.0,1.0,0.0,1320.0,18.85,2023.0,6.0,162.0,2275.0,4.0
1.0,1.0,0.0,0.0,5.0,22.95,2025.0,6.0,194.0,1498.0,4.0
0.0,1.0,0.0,0.0,32679.0,13.95,2023.0,6.0,162.0,1490.0,4.0
0.0,0.0,1.0,0.0,10.0,14.89,2025.0,6.0,106.0,1498.0,5.0
0.0,1.0,0.0,0.0,14950.0,21.69,2025.0,6.0,143.0,1496.0,5.0
0.0,0.0,1.0,0.0,15.0,15.98,2025.0,6.0,116.0,1499.0,5.0
1.0,1.0,0.0,0.0,5.0,22.995,2025.0,6.0,156.0,2275.0,5.0
0.0,0.0,1.0,0.0,12248.0,19.25,2023.0,6.0,162.0,1490.0,4.0
0.0,0.0,1.0,0.0,15.0,15.98,2025.0,6.0,116.0,1499.0,5.0
1.0,1.0,0.0,0.0,25.0,22.995,2025.0,6.0,156.0,2275.0,5.0
1.0,1.0,0.0,0.0,30000.0,20.995,2023.0,6.0,156.0,2275.0,5.0
1.0,1.0,0.0,0.0,16850.0,12.99,2021.0,6.0,143.0,2275.0,5.0
0.0,0.0,1.0,0.0,14063.0,11.69,2025.0,6.0,116.0,1498.0,5.0
0.0,0.0,1.0,0.0,15.0,15.98,2025.0,6.0,116.0,1499.0,5.0
1.0,1.0,0.0,0.0,10857.0,22.99,2025.0,6.0,197.0,2275.0,5.0
0.0,1.0,0.0,0.0,9999.0,15.87,2024.0,6.0,194.0,1490.0,5.0
1.0,1.0,0.0,0.0,2.0,21.88,2025.0,6.0,170.0,2275.0,5.0
1.0,1.0,0.0,0.0,53500.0,20.9,2023.0,6.0,88.0,2275.0,5.0
1.0,1.0,0.0,0.0,10.0,22.995,2025.0,6.0,177.0,2275.0,5.0
1.0,1.0,0.0,0.0,10.0,22.995,2025.0,6.0,156.0,2275.0,5.0
0.0,0.0,1.0,0.0,39550.0,14.9,2023.0,6.0,162.0,2275.0,4.0
0.0,0.0,1.0,0.0,1.0,18.99,2025.0,6.0,116.0,1495.0,4.0
0.0,0.0,1.0,0.0,16200.0,13.2,2025.0,6.0,102.0,1498.0,4.0
0.0,1.0,0.0,0.0,79450.0,15.59,2023.0,6.0,163.0,2275.0,5.0
1.0,1.0,0.0,0.0,131410.0,10.4,2020.0,6.0,143.0,2275.0,5.0
1.0,1.0,0.0,0.0,124828.0,10.6,2021.0,6.0,143.0,2275.0,5.0
1.0,1.0,0.0,0.0,5034.0,21.95,2025.0,6.0,102.0,1498.0,4.0
1.0,1.0,0.0,0.0,35088.0,13.9,2020.0,6.0,143.0,2275.0,5.0
1.0,1.0,0.0,0.0,6076.0,19.48,2024.0,6.0,177.0,2275.0,5.0
1.0,1.0,0.0,0.0,27389.0,17.35,2023.0,6.0,204.0,2275.0,5.0
0.0,0.0,1.0,0.0,47958.0,14.45,2023.0,6.0,162.0,1490.0,4.0
1.0,1.0,0.0,0.0,38657.0,14.222,2021.0,6.0,143.0,2275.0,5.0
0.0,0.0,1.0,0.0,15.0,13.9,2025.0,6.0,116.0,1495.0,4.0
0.0,0.0,1.0,0.0,39965.0,15.21,2023.0,6.0,162.0,1490.0,4.0
0.0,0.0,1.0,0.0,31731.0,18.49,2023.0,6.0,162.0,1490.0,4.0
1.0,1.0,0.0,0.0,5750.0,17.49,2023.0,6.0,170.0,2275.0,5.0
1.0,1.0,0.0,0.0,11549.0,19.5,2025.0,6.0,102.0,1498.0,4.0
1.0,1.0,0.0,0.0,42150.0,18.99,2021.0,6.0,162.0,1490.0,5.0
1.0,1.0,0.0,0.0,19000.0,18.9,2025.0,6.0,102.0,1498.0,5.0
1.0,1.0,0.0,0.0,10.0,29.995,2025.0,6.0,245.0,2275.0,5.0
1.0,1.0,0.0,0.0,83255.0,12.45,2020.0,6.0,143.0,2275.0,5.0
1.0,1.0,0.0,0.0,10750.0,15.99,2023.0,6.0,170.0,2275.0,5.0
0.0,0.0,1.0,0.0,22098.0,12.3,2022.0,6.0,111.0,999.0,3.0
1.0,1.0,0.0,0.0,15.0,17.99,2025.0,6.0,102.0,1498.0,4.0
1.0,1.0,0.0,0.0,5.0,22.95,2025.0,6.0,194.0,1498.0,4.0
1.0,1.0,0.0,0.0,76127.0,12.9,2021.0,6.0,143.0,2275.0,5.0
0.0,0.0,1.0,0.0,171220.0,9.945,2014.0,6.0,192.0,1998.0,4.0
1.0,1.0,0.0,0.0,56358.0,19.588,2021.0,6.0,125.0,1499.0,3.0
0.0,0.0,1.0,0.0,89004.0,10.9,2017.0,6.0,102.0,1200.0,5.0
1.0,1.0,0.0,0.0,16226.0,26.85,2025.0,6.0,184.0,2275.0,5.0
1.0,0.0,1.0,0.0,217573.0,6.69,2012.0,6.0,143.0,1995.0,4.0
0.0,0.0,1.0,0.0,65100.0,18.39,2022.0,6.0,136.0,1499.0,3.0
0.0,0.0,1.0,0.0,41758.0,16.89,2020.0,6.0,136.0,1499.0,5.0
0.0,0.0,1.0,0.0,131776.0,11.95,2016.0,6.0,102.0,1198.0,3.0
1.0,1.0,0.0,0.0,9000.0,35.95,2024.0,6.0,218.0,2275.0,5.0
1.0,1.0,0.0,0.0,97200.0,13.999,2018.0,6.0,136.0,1499.0,3.0
1.0,0.0,1.0,0.0,28570.0,22.5,2022.0,6.0,116.0,1496.0,3.0
0.0,1.0,0.0,0.0,32580.0,26.89,2022.0,6.0,231.0,1998.0,5.0
0.0,1.0,0.0,0.0,33950.0,24.99,2022.0,6.0,178.0,1998.0,4.0
0.0,0.0,1.0,0.0,116235.0,12.99,2015.0,6.0,218.0,1598.0,5.0
1.0,1.0,0.0,0.0,37115.0,24.9,2021.0,6.0,220.0,1499.0,3.0
0.0,1.0,0.0,0.0,112300.0,12.95,2015.0,6.0,122.0,1598.0,4.0
0.0,0.0,1.0,0.0,77000.0,16.9,2021.0,6.0,102.0,1499.0,3.0
0.0,1.0,0.0,0.0,60550.0,17.499,2017.0,6.0,102.0,1233.0,3.0
0.0,0.0,1.0,0.0,91082.0,15.795,2019.0,6.0,136.0,2275.0,4.0
1.0,1.0,0.0,0.0,61485.0,23.74,2020.0,6.0,224.0,1499.0,3.0
0.0,1.0,0.0,0.0,46451.0,22.99,2022.0,6.0,178.0,1998.0,4.0
1.0,1.0,0.0,0.0,5400.0,31.89,2024.0,6.0,156.0,1499.0,5.0
0.0,0.0,1.0,0.0,24230.0,22.9,2021.0,6.0,102.0,1500.0,5.0
0.0,0.0,1.0,0.0,76022.0,14.98,2017.0,6.0,136.0,1499.0,3.0
0.0,1.0,0.0,0.0,37269.0,27.84,2022.0,6.0,136.0,1499.0,3.0
0.0,1.0,0.0,0.0,39491.0,23.49,2021.0,6.0,136.0,1499.0,3.0
0.0,1.0,0.0,0.0,26591.0,24.98,2022.0,6.0,136.0,1499.0,5.0
1.0,1.0,0.0,0.0,46000.0,23.99,2022.0,6.0,116.0,1496.0,3.0
0.0,1.0,0.0,0.0,46200.0,22.3,2020.0,6.0,178.0,1998.0,4.0
0.0,0.0,1.0,0.0,29950.0,21.9,2022.0,6.0,102.0,1499.0,3.0
1.0,1.0,0.0,0.0,7432.0,31.253,2024.0,6.0,184.0,2275.0,5.0
1.0,1.0,0.0,0.0,65950.0,23.99,2022.0,6.0,224.0,1499.0,3.0
0.0,1.0,0.0,0.0,22670.0,17.995,2021.0,6.0,102.0,1499.0,5.0
1.0,0.0,1.0,0.0,51511.0,21.19,2022.0,6.0,116.0,1496.0,5.0
0.0,1.0,0.0,0.0,14900.0,28.5,2024.0,6.0,178.0,1998.0,4.0
1.0,1.0,0.0,0.0,29026.0,26.999,2022.0,6.0,220.0,1499.0,3.0
0.0,0.0,1.0,0.0,61192.0,20.35,2022.0,6.0,102.0,1499.0,5.0
1.0,1.0,0.0,0.0,10743.0,26.85,2024.0,6.0,184.0,2275.0,5.0
1.0,1.0,0.0,0.0,14846.0,31.729,2024.0,6.0,218.0,2275.0,5.0
0.0,1.0,0.0,0.0,64000.0,30.99,2022.0,6.0,178.0,1998.0,4.0
1.0,1.0,0.0,0.0,55515.0,14.49,2020.0,6.0,184.0,2275.0,5.0
0.0,1.0,0.0,0.0,124121.0,19.99,2021.0,6.0,136.0,2275.0,3.0
0.0,1.0,0.0,0.0,119674.0,16.45,2018.0,6.0,136.0,1499.0,5.0
1.0,1.0,0.0,0.0,129285.0,19.0,2020.0,6.0,190.0,1995.0,5.0
1.0,1.0,0.0,0.0,46103.0,26.945,2020.0,6.0,220.0,1499.0,3.0
1.0,1.0,0.0,0.0,7979.0,29.111,2024.0,6.0,184.0,2275.0,5.0
0.0,1.0,0.0,0.0,29512.0,24.099,2024.0,6.0,136.0,1499.0,3.0
1.0,1.0,0.0,0.0,30905.0,27.96,2022.0,6.0,220.0,1499.0,5.0
0.0,1.0,0.0,0.0,10174.0,27.99,2023.0,6.0,136.0,1499.0,3.0
0.0,0.0,1.0,0.0,105000.0,17.5,2021.0,6.0,102.0,1499.0,3.0
0.0,1.0,0.0,0.0,6926.0,33.49,2024.0,6.0,178.0,1998.0,4.0
1.0,0.0,1.0,0.0,90550.0,21.69,2022.0,6.0,150.0,1995.0,4.0
0.0,1.0,0.0,0.0,75312.0,22.99,2022.0,6.0,136.0,1499.0,3.0
1.0,1.0,0.0,0.0,76496.0,24.4,2021.0,6.0,220.0,1499.0,3.0
1.0,1.0,0.0,0.0,15506.0,31.134,2024.0,6.0,184.0,2275.0,5.0
0.0,1.0,0.0,0.0,109062.0,12.95,2010.0,6.0,184.0,1598.0,4.0
1.0,1.0,0.0,0.0,1578.0,28.992,2024.0,6.0,184.0,2275.0,5.0
0.0,1.0,0.0,0.0,40424.0,23.69,2022.0,6.0,136.0,1499.0,3.0
1.0,1.0,0.0,0.0,838.0,37.1,2025.0,6.0,218.0,2275.0,5.0
1.0,1.0,0.0,0.0,11550.0,32.9,2023.0,6.0,150.0,1995.0,4.0
1.0,1.0,0.0,0.0,1010.0,34.585,2024.0,6.0,218.0,2275.0,5.0
0.0,0.0,1.0,0.0,49815.0,16.45,2018.0,6.0,136.0,1499.0,3.0
0.0,1.0,0.0,0.0,28430.0,33.49,2022.0,6.0,178.0,1998.0,5.0
1.0,1.0,0.0,0.0,1265.0,41.656,2024.0,6.0,204.0,2275.0,5.0
1.0,1.0,0.0,0.0,12342.0,28.516,2024.0,6.0,184.0,2275.0,5.0
0.0,1.0,0.0,0.0,50823.0,23.9,2021.0,6.0,178.0,1998.0,4.0
1.0,1.0,0.0,0.0,2633.0,39.226,2024.0,6.0,218.0,2275.0,5.0
0.0,0.0,1.0,0.0,39992.0,17.99,2018.0,6.0,192.0,1998.0,4.0
1.0,0.0,1.0,0.0,130000.0,8.49,2012.0,6.0,106.0,2275.0,5.0
1.0,1.0,0.0,0.0,8137.0,28.278,2024.0,6.0,184.0,2275.0,5.0
1.0,1.0,0.0,0.0,56358.0,19.588,2021.0,6.0,125.0,1499.0,3.0
1.0,1.0,0.0,0.0,1767.0,36.896,2024.0,6.0,204.0,2275.0,5.0
0.0,0.0,1.0,0.0,125876.0,8.95,2011.0,6.0,184.0,1598.0,4.0
0.0,0.0,1.0,0.0,78549.0,12.9,2017.0,6.0,102.0,1499.0,3.0
1.0,0.0,0.0,1.0,75000.0,32.9,2022.0,6.0,190.0,1995.0,4.0
1.0,1.0,0.0,0.0,1305.0,40.942,2024.0,6.0,204.0,2275.0,5.0
1.0,1.0,0.0,0.0,85000.0,23.388,2019.0,6.0,224.0,1499.0,3.0
0.0,0.0,1.0,0.0,154487.0,6.45,2011.0,6.0,122.0,1598.0,4.0
1.0,1.0,0.0,0.0,32234.0,16.49,2020.0,6.0,184.0,2275.0,5.0
1.0,1.0,0.0,0.0,2512.0,33.276,2024.0,6.0,218.0,2275.0,5.0
0.0,1.0,0.0,0.0,175074.0,12.95,2013.0,6.0,218.0,1598.0,4.0
1.0,1.0,0.0,0.0,88748.0,19.95,2019.0,6.0,190.0,1995.0,5.0
0.0,1.0,0.0,0.0,30525.0,26.29,2022.0,6.0,125.0,1499.0,5.0
0.0,0.0,1.0,0.0,111609.0,10.95,2014.0,6.0,122.0,1598.0,4.0
0.0,1.0,0.0,0.0,41201.0,22.499,2022.0,6.0,136.0,1499.0,3.0
1.0,1.0,0.0,0.0,12362.0,36.608,2024.0,6.0,218.0,2275.0,5.0
1.0,1.0,0.0,0.0,4889.0,27.564,2024.0,6.0,184.0,2275.0,5.0
0.0,1.0,0.0,0.0,43000.0,27.9,2022.0,6.0,178.0,1998.0,4.0
0.0,0.0,1.0,0.0,32580.0,20.46,2024.0,6.0,102.0,1499.0,3.0
0.0,1.0,0.0,0.0,21600.0,26.89,2022.0,6.0,136.0,1499.0,3.0
1.0,0.0,1.0,0.0,80781.0,15.99,2018.0,6.0,116.0,1496.0,3.0
1.0,1.0,0.0,0.0,3282.0,32.8,2024.0,6.0,218.0,2275.0,5.0
1.0,0.0,0.0,1.0,40000.0,25.5,2021.0,6.0,125.0,1499.0,3.0
1.0,1.0,0.0,0.0,31852.0,38.75,2022.0,6.0,220.0,1499.0,3.0
1.0,1.0,0.0,0.0,2536.0,38.036,2024.0,6.0,218.0,2275.0,5.0
1.0,1.0,0.0,0.0,1400.0,36.42,2024.0,6.0,204.0,2275.0,5.0
1.0,1.0,0.0,0.0,11305.0,30.945,2022.0,6.0,220.0,1499.0,3.0
1.0,1.0,0.0,0.0,33000.0,26.9,2022.0,6.0,150.0,1995.0,4.0
1.0,1.0,0.0,0.0,32490.0,24.999,2022.0,6.0,220.0,1499.0,0.0
1.0,0.0,1.0,0.0,130212.0,14.0,2018.0,6.0,117.0,2275.0,5.0
1.0,1.0,0.0,0.0,13697.0,33.99,2025.0,6.0,218.0,2275.0,5.0
0.0,1.0,0.0,0.0,14000.0,29.5,2022.0,6.0,136.0,1499.0,3.0
0.0,0.0,1.0,0.0,42431.0,12.995,2016.0,6.0,102.0,1233.0,3.0
0.0,0.0,1.0,0.0,105840.0,12.95,2016.0,6.0,136.0,1499.0,3.0
1.0,1.0,0.0,0.0,39528.0,27.47,2022.0,6.0,220.0,1499.0,3.0
1.0,1.0,0.0,0.0,9584.0,32.681,2024.0,6.0,218.0,2275.0,5.0
0.0,1.0,0.0,0.0,4159.0,28.99,2024.0,6.0,178.0,1998.0,4.0
1.0,1.0,0.0,0.0,97905.0,18.45,2021.0,6.0,125.0,2275.0,5.0
1.0,1.0,0.0,0.0,32300.0,29.85,2022.0,6.0,224.0,1499.0,5.0
0.0,0.0,1.0,0.0,25707.0,22.795,2023.0,6.0,136.0,1499.0,3.0
1.0,1.0,0.0,0.0,3111.0,34.992,2024.0,6.0,204.0,2275.0,5.0
0.0,0.0,1.0,0.0,56300.0,10.99,2017.0,6.0,102.0,1198.0,5.0
0.0,0.0,1.0,0.0,67433.0,15.7,2021.0,6.0,137.0,2275.0,5.0
1.0,1.0,0.0,0.0,95160.0,24.0,2023.0,6.0,150.0,1995.0,4.0
0.0,0.0,1.0,0.0,26000.0,20.5,2022.0,6.0,75.0,1499.0,3.0
0.0,1.0,0.0,0.0,53990.0,29.99,2021.0,6.0,178.0,1998.0,5.0
0.0,0.0,1.0,0.0,60000.0,23.5,2022.0,6.0,75.0,1499.0,5.0
1.0,1.0,0.0,0.0,145000.0,10.339,2016.0,6.0,116.0,1496.0,5.0
1.0,1.0,0.0,0.0,60896.0,22.9,2021.0,6.0,220.0,1499.0,3.0
1.0,1.0,0.0,0.0,25661.0,23.75,2018.0,6.0,224.0,1499.0,3.0
0.0,1.0,0.0,0.0,101770.0,18.995,2016.0,6.0,218.0,1598.0,4.0
0.0,0.0,1.0,0.0,37611.0,28.945,2022.0,6.0,136.0,1499.0,3.0
1.0,1.0,0.0,0.0,5393.0,35.9,2025.0,6.0,218.0,2275.0,5.0
0.0,1.0,0.0,0.0,50162.0,22.95,2019.0,6.0,102.0,1499.0,3.0
0.0,0.0,1.0,0.0,95579.0,22.95,2018.0,6.0,136.0,1499.0,3.0
1.0,1.0,0.0,0.0,54097.0,30.499,2022.0,6.0,220.0,1499.0,3.0
0.0,1.0,0.0,0.0,34530.0,18.25,2022.0,6.0,188.0,2360.0,5.0
0.0,0.0,1.0,0.0,10.0,20.48,2025.0,6.0,91.0,999.0,3.0
1.0,0.0,1.0,0.0,153133.0,18.499,2017.0,6.0,154.0,2442.0,4.0
0.0,0.0,1.0,0.0,164182.0,7.99,2015.0,6.0,117.0,1590.0,4.0
1.0,1.0,0.0,0.0,54987.0,16.97,2019.0,6.0,135.0,2360.0,5.0
0.0,0.0,1.0,0.0,10.0,18.99,2025.0,6.0,91.0,999.0,3.0
0.0,0.0,1.0,0.0,137700.0,12.98,2016.0,6.0,150.0,1998.0,4.0
1.0,1.0,0.0,0.0,48870.0,17.49,2022.0,6.0,188.0,2360.0,5.0
1.0,1.0,0.0,0.0,46593.0,19.67,2021.0,6.0,224.0,2360.0,5.0
0.0,0.0,1.0,0.0,118000.0,8.25,2015.0,6.0,117.0,1590.0,4.0
0.0,0.0,1.0,0.0,68378.0,7.95,2020.0,6.0,71.0,999.0,5.0
1.0,1.0,0.0,0.0,102448.0,13.749,2014.0,6.0,121.0,1998.0,4.0
0.0,0.0,1.0,0.0,74278.0,15.99,2019.0,6.0,163.0,1499.0,4.0
0.0,0.0,1.0,0.0,24190.0,9.895,2021.0,6.0,71.0,1193.0,3.0
0.0,1.0,0.0,0.0,59058.0,10.85,2017.0,6.0,80.0,1193.0,3.0
1.0,1.0,0.0,0.0,75560.0,17.7,2022.0,6.0,188.0,2360.0,4.0
1.0,1.0,0.0,0.0,12783.0,23.99,2024.0,6.0,159.0,1598.0,4.0
1.0,1.0,0.0,0.0,29736.0,18.99,2022.0,6.0,188.0,2360.0,5.0
0.0,1.0,0.0,0.0,37387.0,19.47,2021.0,6.0,163.0,1499.0,4.0
1.0,1.0,0.0,0.0,500.0,20.98,2024.0,6.0,143.0,1598.0,4.0
1.0,1.0,0.0,0.0,82254.0,16.99,2022.0,6.0,188.0,2360.0,5.0
1.0,1.0,0.0,0.0,78292.0,21.999,2023.0,6.0,188.0,2360.0,4.0
0.0,1.0,0.0,0.0,25.0,23.99,2025.0,6.0,158.0,1300.0,5.0
0.0,1.0,0.0,0.0,46000.0,12.69,2022.0,6.0,71.0,1193.0,3.0
0.0,0.0,1.0,0.0,68654.0,15.99,2019.0,6.0,163.0,1499.0,5.0
1.0,1.0,0.0,0.0,148947.0,11.49,2013.0,6.0,121.0,1998.0,4.0
0.0,1.0,0.0,0.0,31380.0,20.95,2022.0,6.0,98.0,2360.0,5.0
1.0,1.0,0.0,0.0,63071.0,16.99,2021.0,6.0,188.0,2360.0,4.0
0.0,1.0,0.0,0.0,24600.0,12.99,2021.0,6.0,71.0,1193.0,3.0
1.0,1.0,0.0,0.0,25.0,20.48,2025.0,6.0,143.0,1598.0,4.0
1.0,1.0,0.0,0.0,25322.0,19.95,2022.0,6.0,188.0,2360.0,5.0
1.0,1.0,0.0,0.0,13431.0,25.49,2024.0,6.0,188.0,2360.0,5.0
1.0,1.0,0.0,0.0,18000.0,22.98,2022.0,6.0,98.0,2360.0,4.0
1.0,0.0,1.0,0.0,158874.0,9.95,2012.0,6.0,147.0,1998.0,4.0
0.0,1.0,0.0,0.0,7092.0,10.5,2017.0,6.0,80.0,1193.0,5.0
0.0,0.0,1.0,0.0,53791.0,11.99,2016.0,6.0,117.0,1590.0,5.0
1.0,1.0,0.0,0.0,102840.0,26.89,2021.0,6.0,150.0,2268.0,4.0
1.0,1.0,0.0,0.0,121254.0,18.945,2020.0,6.0,135.0,2360.0,4.0
0.0,1.0,0.0,0.0,23730.0,25.95,2023.0,6.0,188.0,2360.0,5.0
0.0,1.0,0.0,0.0,45705.0,24.95,2020.0,6.0,224.0,2360.0,5.0
1.0,1.0,0.0,0.0,31100.0,26.49,2021.0,6.0,135.0,2360.0,5.0
0.0,0.0,1.0,0.0,94000.0,4.599,2014.0,6.0,71.0,999.0,3.0
1.0,1.0,0.0,0.0,43513.0,15.99,2016.0,6.0,150.0,2268.0,5.0
1.0,1.0,0.0,0.0,119901.0,17.882,2018.0,6.0,224.0,2360.0,4.0
0.0,0.0,1.0,0.0,109847.0,15.99,2019.0,6.0,163.0,1499.0,5.0
1.0,1.0,0.0,0.0,15325.0,19.99,2024.0,6.0,143.0,1598.0,4.0
1.0,1.0,0.0,0.0,3114.0,22.9,2024.0,6.0,94.0,1598.0,5.0
0.0,0.0,1.0,0.0,36783.0,8.48,2020.0,6.0,71.0,999.0,3.0
1.0,1.0,0.0,0.0,24422.0,24.99,2024.0,6.0,188.0,2360.0,5.0
1.0,1.0,0.0,0.0,71500.0,29.5,2020.0,6.0,150.0,2268.0,4.0
1.0,1.0,0.0,0.0,11205.0,26.99,2023.0,6.0,188.0,2360.0,5.0
1.0,1.0,0.0,0.0,72400.0,18.99,2019.0,6.0,224.0,2360.0,4.0
1.0,1.0,0.0,0.0,83008.0,21.995,2023.0,6.0,98.0,2360.0,4.0
1.0,0.0,1.0,0.0,61787.0,28.899,2019.0,6.0,150.0,2268.0,4.0
1.0,1.0,0.0,0.0,61840.0,18.49,2022.0,6.0,188.0,2360.0,5.0
0.0,0.0,1.0,0.0,175742.0,3.245,2014.0,6.0,71.0,999.0,3.0
1.0,1.0,0.0,0.0,4995.0,27.99,2025.0,6.0,188.0,2360.0,5.0
1.0,1.0,0.0,0.0,91025.0,21.95,2020.0,6.0,135.0,2360.0,4.0
1.0,1.0,0.0,0.0,21000.0,22.99,2022.0,6.0,188.0,2360.0,4.0
0.0,0.0,1.0,0.0,10000.0,13.99,2024.0,6.0,91.0,999.0,3.0
0.0,0.0,1.0,0.0,181898.0,3.495,2013.0,6.0,71.0,999.0,3.0
1.0,1.0,0.0,0.0,52440.0,24.95,2021.0,6.0,188.0,2360.0,4.0
1.0,1.0,0.0,0.0,12378.0,21.489,2023.0,6.0,188.0,2360.0,4.0
1.0,1.0,0.0,0.0,12282.0,25.99,2024.0,6.0,159.0,1598.0,4.0
1.0,1.0,0.0,0.0,21100.0,39.99,2021.0,6.0,150.0,2268.0,4.0
1.0,1.0,0.0,0.0,35713.0,19.99,2022.0,6.0,188.0,2360.0,4.0
0.0,0.0,1.0,0.0,79500.0,6.99,2019.0,6.0,71.0,999.0,3.0
1.0,1.0,0.0,0.0,10.0,28.99,2024.0,6.0,188.0,2360.0,5.0
1.0,1.0,0.0,0.0,80330.0,17.99,2022.0,6.0,188.0,2360.0,5.0
1.0,0.0,1.0,0.0,59514.0,28.992,2016.0,6.0,181.0,2442.0,4.0
1.0,1.0,0.0,0.0,14693.0,21.99,2022.0,6.0,188.0,2360.0,5.0
0.0,0.0,1.0,0.0,10.0,17.495,2025.0,6.0,91.0,999.0,3.0
0.0,1.0,0.0,0.0,25.0,23.99,2025.0,6.0,158.0,1300.0,5.0
1.0,0.0,1.0,0.0,20369.0,17.8,2024.0,6.0,140.0,1333.0,4.0
0.0,0.0,1.0,0.0,89643.0,2.999,2008.0,6.0,95.0,1332.0,4.0
1.0,1.0,0.0,0.0,32374.0,20.99,2022.0,6.0,188.0,2360.0,5.0
0.0,0.0,1.0,0.0,1000.0,22.99,2023.0,6.0,140.0,1333.0,5.0
0.0,0.0,1.0,0.0,270.0,25.49,2025.0,6.0,140.0,1332.0,5.0
1.0,1.0,0.0,0.0,45960.0,23.6,2022.0,6.0,188.0,2360.0,4.0
0.0,1.0,0.0,0.0,31.0,19.95,2022.0,6.0,98.0,2360.0,4.0
0.0,0.0,1.0,0.0,3100.0,12.99,2025.0,6.0,71.0,1193.0,5.0
0.0,0.0,1.0,0.0,21123.0,8.95,2020.0,6.0,71.0,999.0,3.0
1.0,1.0,0.0,0.0,184523.0,11.999,2015.0,6.0,121.0,1998.0,4.0
1.0,0.0,1.0,0.0,197000.0,7.99,2016.0,6.0,114.0,1560.0,5.0
1.0,1.0,0.0,0.0,31.0,19.95,2022.0,6.0,98.0,2360.0,4.0
1.0,0.0,1.0,0.0,165100.0,20.8,2021.0,6.0,150.0,2268.0,4.0
0.0,0.0,1.0,0.0,10.0,21.49,2025.0,6.0,91.0,999.0,3.0
1.0,1.0,0.0,0.0,37000.0,23.89,2022.0,6.0,188.0,2275.0,5.0
1.0,1.0,0.0,0.0,144843.0,17.99,2017.0,6.0,121.0,1998.0,4.0
0.0,1.0,0.0,0.0,83406.0,18.99,2019.0,6.0,163.0,1499.0,5.0
0.0,0.0,1.0,0.0,12.0,17.873,2025.0,6.0,91.0,999.0,3.0
0.0,0.0,1.0,0.0,16548.0,19.98,2021.0,6.0,163.0,1499.0,4.0
1.0,1.0,0.0,0.0,200989.0,12.95,2015.0,6.0,121.0,1998.0,4.0
1.0,1.0,0.0,0.0,20530.0,22.99,2023.0,6.0,94.0,1598.0,5.0
1.0,1.0,0.0,0.0,170662.0,12.65,2015.0,6.0,121.0,1998.0,4.0
0.0,0.0,1.0,0.0,105445.0,16.995,2018.0,6.0,163.0,1499.0,4.0
0.0,1.0,0.0,0.0,25.0,23.99,2025.0,6.0,158.0,1300.0,5.0
0.0,1.0,0.0,0.0,25.0,23.99,2025.0,6.0,158.0,1300.0,5.0
0.0,0.0,1.0,0.0,49800.0,6.95,2014.0,6.0,80.0,1193.0,3.0
1.0,1.0,0.0,0.0,131336.0,15.98,2019.0,6.0,224.0,2360.0,4.0
1.0,1.0,0.0,0.0,19730.0,26.69,2022.0,6.0,188.0,2360.0,4.0
0.0,0.0,1.0,0.0,2.0,17.873,2025.0,6.0,91.0,999.0,3.0
1.0,1.0,0.0,0.0,89895.0,20.65,2019.0,6.0,135.0,2360.0,4.0
0.0,1.0,0.0,0.0,101739.0,8.45,2016.0,6.0,71.0,999.0,3.0
0.0,1.0,0.0,0.0,25.0,23.99,2025.0,6.0,158.0,1300.0,5.0
0.0,0.0,1.0,0.0,150.0,19.5,2025.0,6.0,67.0,999.0,5.0
1.0,1.0,0.0,0.0,157099.0,14.25,2015.0,6.0,121.0,1998.0,4.0
1.0,1.0,0.0,0.0,49300.0,19.98,2022.0,6.0,188.0,2360.0,4.0
1.0,1.0,0.0,0.0,8860.0,34.49,2023.0,6.0,188.0,2360.0,5.0
1.0,1.0,0.0,0.0,139055.0,14.85,2015.0,6.0,121.0,1998.0,4.0
0.0,1.0,0.0,0.0,91700.0,16.9,2020.0,6.0,163.0,1499.0,5.0
0.0,1.0,0.0,0.0,1252.0,37.49,2025.0,6.0,158.0,1789.0,5.0
0.0,0.0,1.0,0.0,100.0,20.9,2025.0,6.0,91.0,999.0,5.0
1.0,1.0,0.0,0.0,120083.0,19.74,2020.0,6.0,230.0,2360.0,4.0
0.0,0.0,1.0,0.0,15000.0,21.889,2024.0,6.0,91.0,999.0,5.0
0.0,1.0,0.0,0.0,116989.0,16.98,2020.0,6.0,150.0,1998.0,5.0
1.0,1.0,0.0,0.0,210081.0,8.9,2013.0,6.0,121.0,1998.0,4.0
1.0,1.0,0.0,0.0,63276.0,23.445,2021.0,6.0,188.0,2360.0,4.0
0.0,1.0,0.0,0.0,209820.0,7.499,2011.0,6.0,147.0,1998.0,4.0
1.0,1.0,0.0,0.0,214740.0,12.95,2015.0,6.0,121.0,1998.0,4.0
0.0,0.0,1.0,0.0,39570.0,10.761,2023.0,6.0,71.0,2275.0,5.0
0.0,0.0,1.0,0.0,19.0,17.89,2025.0,6.0,67.0,999.0,3.0
0.0,0.0,1.0,0.0,77515.0,12.9,2019.0,6.0,117.0,1590.0,5.0
1.0,1.0,0.0,0.0,41216.0,21.86,2022.0,6.0,188.0,2360.0,4.0
1.0,1.0,0.0,0.0,194150.0,15.95,2015.0,6.0,121.0,1998.0,4.0
0.0,0.0,1.0,0.0,158874.0,9.95,2012.0,6.0,147.0,1998.0,4.0
0.0,1.0,0.0,0.0,21703.0,13.499,2020.0,6.0,80.0,1193.0,3.0
1.0,1.0,0.0,0.0,58018.0,22.2,2023.0,6.0,182.0,2275.0,5.0
0.0,1.0,0.0,0.0,25.0,23.99,2025.0,6.0,158.0,1300.0,5.0
1.0,0.0,1.0,0.0,90878.0,25.9,2014.0,6.0,136.0,2477.0,5.0
0.0,0.0,1.0,0.0,17569.0,16.39,2024.0,6.0,91.0,999.0,3.0
1.0,0.0,1.0,0.0,158874.0,9.95,2012.0,6.0,147.0,1998.0,4.0
0.0,1.0,0.0,0.0,25.0,23.99,2025.0,6.0,158.0,1300.0,5.0
1.0,1.0,0.0,0.0,120089.0,18.45,2019.0,6.0,135.0,2360.0,4.0
1.0,1.0,0.0,0.0,92602.0,15.75,2014.0,6.0,121.0,1998.0,4.0
1.0,1.0,0.0,0.0,52882.0,22.5,2023.0,6.0,182.0,2275.0,5.0
1.0,1.0,0.0,0.0,158000.0,25.9,2021.0,6.0,150.0,2268.0,4.0
1.0,1.0,0.0,0.0,183240.0,13.45,2015.0,6.0,121.0,1998.0,4.0
0.0,0.0,1.0,0.0,158874.0,9.95,2012.0,6.0,147.0,1998.0,4.0
1.0,1.0,0.0,0.0,112318.0,21.95,2020.0,6.0,135.0,2360.0,4.0
0.0,1.0,0.0,0.0,25.0,23.99,2025.0,6.0,158.0,1300.0,5.0
1.0,1.0,0.0,0.0,20653.0,33.95,2024.0,6.0,98.0,2360.0,4.0
0.0,0.0,1.0,0.0,12.0,21.59,2025.0,6.0,91.0,999.0,5.0
1.0,1.0,0.0,0.0,193569.0,14.95,2016.0,6.0,121.0,1998.0,4.0
0.0,0.0,1.0,0.0,10.0,26.99,2025.0,6.0,140.0,1332.0,5.0
0.0,0.0,1.0,0.0,3500.0,21.43,2025.0,6.0,91.0,999.0,3.0
1.0,1.0,0.0,0.0,10.0,25.995,2025.0,6.0,94.0,1598.0,4.0
0.0,0.0,1.0,0.0,10.0,18.99,2025.0,6.0,91.0,999.0,5.0
0.0,0.0,1.0,0.0,24000.0,17.9,2024.0,6.0,91.0,999.0,3.0
0.0,0.0,1.0,0.0,49200.0,18.99,2020.0,6.0,163.0,1499.0,4.0
0.0,0.0,1.0,0.0,10.0,19.59,2025.0,6.0,91.0,999.0,5.0
0.0,1.0,0.0,0.0,100.0,32.3,2023.0,6.0,98.0,2360.0,5.0
0.0,1.0,0.0,0.0,6584.0,24.3,2024.0,6.0,94.0,1598.0,5.0
0.0,0.0,1.0,0.0,7.0,18.98,2025.0,6.0,91.0,999.0,5.0
0.0,0.0,1.0,0.0,7.0,18.98,2025.0,6.0,91.0,999.0,5.0
0.0,0.0,1.0,0.0,10.0,19.99,2025.0,6.0,91.0,999.0,5.0
0.0,0.0,1.0,0.0,97000.0,13.7,2021.0,6.0,150.0,1998.0,4.0
1.0,0.0,1.0,0.0,147827.0,22.9,2020.0,6.0,150.0,2268.0,4.0
1.0,1.0,0.0,0.0,14000.0,22.99,2022.0,6.0,188.0,2360.0,4.0
0.0,0.0,1.0,0.0,3.0,23.29,2025.0,6.0,140.0,1332.0,4.0
1.0,1.0,0.0,0.0,123600.0,16.99,2019.0,6.0,136.0,2275.0,5.0
0.0,0.0,1.0,0.0,12.0,28.3,2025.0,6.0,140.0,1333.0,4.0
1.0,1.0,0.0,0.0,11500.0,49.99,2025.0,6.0,137.0,2360.0,5.0
0.0,1.0,0.0,0.0,31455.0,12.788,2022.0,6.0,71.0,3.0,3.0
0.0,0.0,1.0,0.0,50498.0,14.89,2017.0,6.0,117.0,2275.0,5.0
1.0,1.0,0.0,0.0,28406.0,23.88,2022.0,6.0,188.0,2360.0,4.0
1.0,1.0,0.0,0.0,4500.0,21.88,2025.0,6.0,143.0,999.0,3.0
1.0,1.0,0.0,0.0,4950.0,20.8,2024.0,6.0,143.0,1598.0,4.0
1.0,1.0,0.0,0.0,99600.0,19.48,2020.0,6.0,224.0,2360.0,4.0
1.0,1.0,0.0,0.0,48699.0,22.799,2023.0,6.0,99.0,2360.0,5.0
0.0,0.0,1.0,0.0,67784.0,15.299,2019.0,6.0,118.0,1590.0,5.0
0.0,0.0,1.0,0.0,65600.0,12.788,2017.0,6.0,117.0,4.0,4.0
0.0,0.0,1.0,0.0,5.0,18.499,2025.0,6.0,92.0,999.0,5.0
0.0,0.0,1.0,0.0,91410.0,10.999,2016.0,6.0,117.0,1590.0,4.0
0.0,1.0,0.0,0.0,10.0,15.99,2025.0,6.0,72.0,1193.0,5.0
0.0,1.0,0.0,0.0,94570.0,16.5,2019.0,6.0,163.0,1499.0,4.0
1.0,1.0,0.0,0.0,30700.0,23.99,2022.0,6.0,188.0,2360.0,5.0
0.0,0.0,1.0,0.0,39500.0,18.9,2020.0,6.0,163.0,1499.0,4.0
0.0,1.0,0.0,0.0,83109.0,18.5,2021.0,6.0,165.0,1500.0,5.0
1.0,1.0,0.0,0.0,3380.0,23.38,2024.0,6.0,143.0,1598.0,4.0
1.0,1.0,0.0,0.0,10080.0,27.88,2024.0,6.0,188.0,2360.0,4.0
1.0,1.0,0.0,0.0,79301.0,20.499,2022.0,6.0,99.0,2360.0,5.0
1.0,1.0,0.0,0.0,65684.0,22.499,2023.0,6.0,99.0,2360.0,5.0
0.0,0.0,1.0,0.0,100.0,18.299,2025.0,6.0,92.0,999.0,5.0
0.0,0.0,1.0,0.0,10.0,21.49,2025.0,6.0,91.0,999.0,3.0
1.0,1.0,0.0,0.0,7000.0,29.99,2024.0,6.0,188.0,2360.0,5.0
1.0,1.0,0.0,0.0,59143.0,23.799,2023.0,6.0,99.0,2360.0,5.0
0.0,0.0,1.0,0.0,200.0,24.99,2025.0,6.0,91.0,998.0,3.0
1.0,1.0,0.0,0.0,32350.0,24.88,2022.0,6.0,188.0,2360.0,4.0
0.0,1.0,0.0,0.0,91721.0,17.999,2019.0,6.0,163.0,1499.0,4.0
0.0,0.0,1.0,0.0,10.0,21.49,2025.0,6.0,91.0,999.0,3.0
1.0,1.0,0.0,0.0,5.0,24.499,2025.0,6.0,95.0,1598.0,5.0
1.0,1.0,0.0,0.0,47085.0,25.799,2023.0,6.0,99.0,2360.0,5.0
1.0,1.0,0.0,0.0,7.0,27.999,2024.0,6.0,99.0,2360.0,5.0
1.0,1.0,0.0,0.0,10.0,26.999,2024.0,6.0,94.0,1598.0,5.0
0.0,0.0,1.0,0.0,5.0,15.299,2025.0,6.0,72.0,1193.0,5.0
0.0,1.0,0.0,0.0,20647.0,27.499,2023.0,6.0,99.0,2360.0,5.0
0.0,1.0,0.0,0.0,20.0,24.93,2025.0,6.0,94.0,1598.0,4.0
1.0,1.0,0.0,0.0,5.0,28.799,2024.0,6.0,99.0,2360.0,5.0
1.0,1.0,0.0,0.0,27.0,29.899,2024.0,6.0,99.0,2360.0,5.0
1.0,1.0,0.0,0.0,25.0,31.99,2025.0,6.0,188.0,2360.0,4.0
1.0,1.0,0.0,0.0,42853.0,26.999,2023.0,6.0,99.0,2360.0,5.0
1.0,1.0,0.0,0.0,50009.0,26.499,2023.0,6.0,99.0,2360.0,5.0
0.0,0.0,1.0,0.0,10.0,22.39,2025.0,6.0,91.0,999.0,3.0
1.0,1.0,0.0,0.0,30031.0,27.999,2023.0,6.0,99.0,2360.0,5.0
1.0,1.0,0.0,0.0,47.0,31.299,2024.0,6.0,99.0,2360.0,5.0
1.0,1.0,0.0,0.0,49296.0,27.499,2023.0,6.0,99.0,2360.0,5.0
1.0,1.0,0.0,0.0,54759.0,26.999,2023.0,6.0,99.0,2360.0,5.0
1.0,1.0,0.0,0.0,100.0,30.299,2024.0,6.0,99.0,2360.0,5.0
1.0,1.0,0.0,0.0,5.0,31.299,2024.0,6.0,99.0,2360.0,5.0
1.0,1.0,0.0,0.0,40506.0,27.799,2023.0,6.0,99.0,2360.0,5.0
1.0,1.0,0.0,0.0,5.0,30.999,2024.0,6.0,99.0,2360.0,5.0
1.0,1.0,0.0,0.0,5.0,28.999,2024.0,6.0,99.0,2360.0,5.0
1.0,1.0,0.0,0.0,5.0,31.599,2024.0,6.0,99.0,2360.0,5.0
1.0,1.0,0.0,0.0,50.0,26.69,2025.0,6.0,95.0,1598.0,5.0
1.0,1.0,0.0,0.0,10.0,27.799,2024.0,6.0,94.0,1598.0,5.0
1.0,1.0,0.0,0.0,5.0,32.999,2024.0,6.0,99.0,2360.0,5.0
1.0,1.0,0.0,0.0,28.0,30.999,2024.0,6.0,99.0,2360.0,5.0
1.0,1.0,0.0,0.0,13.0,29.499,2024.0,6.0,99.0,2360.0,5.0
1.0,1.0,0.0,0.0,8500.0,35.9,2025.0,6.0,99.0,2360.0,5.0
1.0,1.0,0.0,0.0,5.0,32.999,2024.0,6.0,99.0,2360.0,5.0
1.0,1.0,0.0,0.0,100.0,31.999,2024.0,6.0,99.0,2360.0,5.0
1.0,1.0,0.0,0.0,14.0,30.999,2024.0,6.0,99.0,2360.0,5.0
1.0,1.0,0.0,0.0,5.0,31.999,2024.0,6.0,99.0,2360.0,5.0
1.0,1.0,0.0,0.0,20.0,29.799,2024.0,6.0,99.0,2360.0,5.0
1.0,1.0,0.0,0.0,5.0,31.499,2024.0,6.0,99.0,2360.0,5.0
1.0,1.0,0.0,0.0,5.0,33.299,2024.0,6.0,99.0,2360.0,5.0
1.0,1.0,0.0,0.0,10.0,27.899,2024.0,6.0,94.0,1598.0,5.0
1.0,1.0,0.0,0.0,20.0,31.299,2024.0,6.0,99.0,2360.0,5.0
1.0,1.0,0.0,0.0,6000.0,34.9,2025.0,6.0,99.0,2360.0,5.0
0.0,0.0,1.0,0.0,174000.0,1.9,2011.0,6.0,117.0,1590.0,4.0
0.0,0.0,1.0,0.0,3431.0,7.95,2017.0,6.0,71.0,999.0,3.0
1.0,0.0,1.0,0.0,140000.0,6.5,2015.0,6.0,150.0,1798.0,4.0
0.0,0.0,1.0,0.0,180000.0,5.59,2011.0,6.0,117.0,1590.0,4.0
1.0,1.0,0.0,0.0,140000.0,9.99,2016.0,6.0,150.0,2268.0,5.0
0.0,0.0,1.0,0.0,38100.0,12.0,2017.0,6.0,117.0,1590.0,4.0
0.0,0.0,1.0,0.0,167532.0,4.99,2018.0,6.0,80.0,1193.0,3.0
0.0,0.0,1.0,0.0,99000.0,7.8,2012.0,6.0,117.0,1590.0,4.0
0.0,0.0,1.0,0.0,45865.0,5.99,2016.0,6.0,71.0,999.0,3.0
0.0,0.0,1.0,0.0,67500.0,16.5,2020.0,6.0,150.0,1998.0,4.0
0.0,0.0,1.0,0.0,54000.0,5.98,2015.0,6.0,71.0,999.0,3.0
0.0,0.0,1.0,0.0,124000.0,11.999,2016.0,6.0,150.0,1998.0,4.0
0.0,0.0,1.0,0.0,110438.0,16.0,2018.0,6.0,163.0,1499.0,4.0
0.0,1.0,0.0,0.0,55300.0,16.55,2020.0,6.0,163.0,1499.0,5.0
0.0,0.0,1.0,0.0,64251.0,7.7,2017.0,6.0,80.0,1193.0,5.0
0.0,0.0,1.0,0.0,69000.0,5.99,2013.0,6.0,80.0,1193.0,4.0
1.0,1.0,0.0,0.0,174000.0,8.99,2013.0,6.0,150.0,2268.0,4.0
0.0,0.0,1.0,0.0,78000.0,5.499,2013.0,6.0,71.0,999.0,3.0
1.0,0.0,1.0,0.0,186792.0,8.45,2013.0,6.0,150.0,2268.0,4.0
1.0,1.0,0.0,0.0,73000.0,17.9,2019.0,6.0,224.0,2360.0,4.0
0.0,1.0,0.0,0.0,154054.0,10.995,2012.0,6.0,147.0,1998.0,4.0
1.0,0.0,1.0,0.0,137222.0,13.9,2017.0,6.0,150.0,2268.0,4.0
1.0,0.0,1.0,0.0,211378.0,5.949,2011.0,6.0,177.0,2268.0,4.0
0.0,0.0,1.0,0.0,157400.0,2.99,2009.0,6.0,75.0,1124.0,3.0
0.0,0.0,1.0,0.0,80745.0,6.95,2019.0,6.0,71.0,999.0,3.0
0.0,0.0,1.0,0.0,98000.0,7.699,2019.0,6.0,80.0,1193.0,3.0
1.0,1.0,0.0,0.0,36300.0,21.89,2016.0,6.0,150.0,2268.0,4.0
0.0,1.0,0.0,0.0,61755.0,17.0,2020.0,6.0,150.0,1998.0,4.0
1.0,1.0,0.0,0.0,104691.0,16.899,2021.0,6.0,188.0,2360.0,4.0
1.0,1.0,0.0,0.0,89845.0,19.8,2019.0,6.0,135.0,2360.0,4.0
1.0,0.0,1.0,0.0,206000.0,7.999,2015.0,6.0,116.0,1798.0,5.0
0.0,0.0,1.0,0.0,14000.0,13.99,2024.0,6.0,67.0,999.0,3.0
0.0,1.0,0.0,0.0,143000.0,14.49,2017.0,6.0,150.0,1998.0,4.0
0.0,1.0,0.0,0.0,61455.0,6.999,2011.0,6.0,95.0,1332.0,4.0
0.0,0.0,1.0,0.0,1436.0,24.56,2025.0,6.0,140.0,2275.0,4.0
0.0,0.0,1.0,0.0,73562.0,12.89,2018.0,6.0,117.0,1590.0,4.0
0.0,0.0,1.0,0.0,16500.0,12.499,2024.0,6.0,71.0,1193.0,3.0
0.0,0.0,1.0,0.0,150077.0,2.499,2008.0,6.0,95.0,1332.0,4.0
0.0,0.0,1.0,0.0,99000.0,6.59,2020.0,6.0,71.0,999.0,3.0
0.0,0.0,1.0,0.0,66948.0,7.95,2018.0,6.0,71.0,999.0,3.0
1.0,1.0,0.0,0.0,127000.0,17.9,2019.0,6.0,224.0,2360.0,4.0
0.0,0.0,1.0,0.0,19700.0,9.49,2020.0,6.0,71.0,999.0,5.0
1.0,1.0,0.0,0.0,39970.0,26.81,2021.0,6.0,224.0,2360.0,5.0
0.0,1.0,0.0,0.0,14600.0,13.99,2022.0,6.0,71.0,1193.0,3.0
1.0,1.0,0.0,0.0,1500.0,32.99,2024.0,6.0,188.0,2360.0,5.0
0.0,0.0,1.0,0.0,72827.0,9.25,2021.0,6.0,71.0,1193.0,3.0
0.0,0.0,1.0,0.0,31300.0,16.39,2024.0,6.0,91.0,999.0,3.0
0.0,0.0,1.0,0.0,10.0,17.995,2025.0,6.0,91.0,999.0,5.0
0.0,1.0,0.0,0.0,60822.0,14.745,2022.0,6.0,71.0,1193.0,3.0
0.0,0.0,1.0,0.0,42550.0,12.8,2020.0,6.0,80.0,1193.0,5.0
0.0,0.0,1.0,0.0,93.0,25.39,2025.0,6.0,140.0,1332.0,5.0
0.0,1.0,0.0,0.0,58816.0,19.7,2021.0,6.0,163.0,1499.0,4.0
0.0,0.0,1.0,0.0,19.0,16.998,2025.0,6.0,71.0,1193.0,3.0
0.0,0.0,1.0,0.0,38241.0,12.45,2022.0,6.0,71.0,1193.0,5.0
1.0,1.0,0.0,0.0,44979.0,20.9,2022.0,6.0,98.0,2360.0,5.0
0.0,1.0,0.0,0.0,104000.0,15.99,2020.0,6.0,163.0,1499.0,4.0
1.0,1.0,0.0,0.0,3.0,35.99,2025.0,6.0,188.0,2360.0,4.0
0.0,1.0,0.0,0.0,51.0,26.97,2024.0,6.0,158.0,1332.0,5.0
0.0,0.0,1.0,0.0,54775.0,9.65,2019.0,6.0,80.0,1193.0,3.0
0.0,0.0,1.0,0.0,15.0,22.99,2025.0,6.0,91.0,999.0,3.0
0.0,1.0,0.0,0.0,16730.0,13.99,2020.0,6.0,80.0,1193.0,3.0
0.0,0.0,1.0,0.0,154000.0,6.45,2018.0,6.0,80.0,1193.0,3.0
1.0,1.0,0.0,0.0,1500.0,24.99,2025.0,6.0,143.0,1598.0,5.0
0.0,0.0,1.0,0.0,40597.0,12.49,2023.0,6.0,71.0,1193.0,5.0
0.0,1.0,0.0,0.0,37000.0,12.49,2018.0,6.0,80.0,1193.0,3.0
0.0,0.0,1.0,0.0,10.0,22.39,2025.0,6.0,91.0,999.0,5.0
0.0,0.0,1.0,0.0,26807.0,11.75,2023.0,6.0,71.0,1193.0,5.0
1.0,1.0,0.0,0.0,500.0,31.9,2025.0,6.0,158.0,1789.0,5.0
1.0,1.0,0.0,0.0,55990.0,21.49,2022.0,6.0,188.0,2360.0,5.0
0.0,0.0,1.0,0.0,15.0,20.59,2025.0,6.0,91.0,999.0,5.0
0.0,0.0,1.0,0.0,150000.0,12.49,2019.0,6.0,163.0,1499.0,4.0
0.0,0.0,1.0,0.0,15.0,16.99,2025.0,6.0,67.0,998.0,5.0
0.0,0.0,1.0,0.0,90862.0,10.25,2020.0,6.0,71.0,999.0,3.0
0.0,0.0,1.0,0.0,18200.0,11.999,2023.0,6.0,71.0,1193.0,3.0
0.0,1.0,0.0,0.0,16.0,26.97,2024.0,6.0,158.0,1332.0,5.0
1.0,1.0,0.0,0.0,2088.0,34.98,2024.0,6.0,188.0,2360.0,4.0
0.0,0.0,1.0,0.0,29.0,18.9,2025.0,6.0,67.0,999.0,3.0
0.0,0.0,1.0,0.0,10.0,19.99,2025.0,6.0,91.0,999.0,5.0
0.0,0.0,1.0,0.0,30.0,16.9,2025.0,6.0,67.0,999.0,3.0
1.0,1.0,0.0,0.0,1000.0,32.99,2025.0,6.0,158.0,1798.0,5.0
1.0,1.0,0.0,0.0,50.0,35.89,2024.0,6.0,188.0,2360.0,4.0
1.0,1.0,0.0,0.0,500.0,49.99,2025.0,6.0,75.0,2275.0,5.0
0.0,0.0,1.0,0.0,10.0,21.43,2025.0,6.0,91.0,999.0,3.0
1.0,1.0,0.0,0.0,10.0,32.99,2025.0,6.0,188.0,2360.0,5.0
1.0,1.0,0.0,0.0,49300.0,21.99,2021.0,6.0,188.0,2360.0,5.0
1.0,1.0,0.0,0.0,12480.0,28.98,2024.0,6.0,98.0,2360.0,4.0
1.0,1.0,0.0,0.0,8500.0,29.9,2025.0,6.0,98.0,2360.0,4.0
0.0,1.0,0.0,0.0,3250.0,29.59,2025.0,6.0,158.0,1332.0,4.0
0.0,1.0,0.0,0.0,217745.0,6.745,2012.0,6.0,141.0,1997.0,4.0
1.0,1.0,0.0,0.0,79462.0,10.99,2019.0,6.0,150.0,2275.0,5.0
0.0,0.0,1.0,0.0,10.0,24.29,2025.0,6.0,140.0,1332.0,4.0
0.0,0.0,1.0,0.0,90249.0,12.99,2020.0,6.0,116.0,1200.0,5.0
1.0,0.0,1.0,0.0,124000.0,8.9,2012.0,6.0,131.0,1598.0,4.0
0.0,0.0,1.0,0.0,28700.0,16.99,2021.0,6.0,140.0,1332.0,4.0
0.0,1.0,0.0,0.0,61223.0,15.949,2021.0,6.0,114.0,999.0,3.0
1.0,0.0,1.0,0.0,76461.0,16.99,2020.0,6.0,150.0,1749.0,5.0
0.0,0.0,1.0,0.0,89200.0,12.69,2018.0,6.0,116.0,1197.0,4.0
0.0,1.0,0.0,0.0,12500.0,17.49,2021.0,6.0,117.0,999.0,3.0
0.0,0.0,1.0,0.0,26968.0,14.99,2021.0,6.0,114.0,999.0,3.0
1.0,1.0,0.0,0.0,38143.0,18.89,2021.0,6.0,158.0,1332.0,4.0
1.0,0.0,1.0,0.0,1.0,22.8,2025.0,6.0,140.0,2275.0,5.0
0.0,1.0,0.0,0.0,20407.0,25.969,2025.0,6.0,158.0,1332.0,5.0
0.0,1.0,0.0,0.0,15202.0,16.499,2023.0,6.0,114.0,999.0,3.0
1.0,0.0,1.0,0.0,207000.0,5.7,2011.0,6.0,150.0,2275.0,5.0
0.0,1.0,0.0,0.0,95986.0,11.0,2018.0,6.0,116.0,1197.0,4.0
1.0,1.0,0.0,0.0,186500.0,8.85,2011.0,6.0,150.0,2000.0,5.0
1.0,0.0,1.0,0.0,11169.0,22.1,2024.0,6.0,140.0,1332.0,4.0
1.0,0.0,1.0,0.0,57000.0,18.885,2018.0,6.0,177.0,1995.0,4.0
0.0,1.0,0.0,0.0,74652.0,11.95,2018.0,6.0,116.0,1197.0,4.0
0.0,1.0,0.0,0.0,33434.0,13.49,2019.0,6.0,113.0,1598.0,4.0
0.0,1.0,0.0,0.0,9440.0,23.324,2023.0,6.0,158.0,1332.0,4.0
0.0,0.0,1.0,0.0,5820.0,15.99,2023.0,6.0,114.0,999.0,3.0
0.0,0.0,1.0,0.0,118232.0,10.745,2014.0,6.0,116.0,1197.0,4.0
0.0,0.0,1.0,0.0,154000.0,7.4,2013.0,6.0,117.0,1598.0,4.0
0.0,0.0,1.0,0.0,107525.0,12.99,2021.0,6.0,114.0,1000.0,3.0
0.0,0.0,1.0,0.0,86750.0,13.99,2017.0,6.0,116.0,1197.0,4.0
0.0,0.0,1.0,0.0,88598.0,11.98,2016.0,6.0,116.0,1197.0,4.0
0.0,0.0,1.0,0.0,25707.0,14.9,2024.0,6.0,114.0,999.0,3.0
0.0,0.0,1.0,0.0,42418.0,18.9,2022.0,6.0,140.0,1332.0,4.0
1.0,0.0,1.0,0.0,75903.0,18.99,2023.0,6.0,140.0,1332.0,4.0
0.0,0.0,1.0,0.0,17000.0,18.3,2024.0,6.0,114.0,999.0,3.0
0.0,0.0,1.0,0.0,41000.0,17.975,2021.0,6.0,140.0,1332.0,4.0
0.0,1.0,0.0,0.0,21538.0,26.788,2025.0,6.0,163.0,1497.0,3.0
1.0,0.0,1.0,0.0,10.0,27.9,2025.0,6.0,140.0,1332.0,4.0
0.0,0.0,1.0,0.0,22315.0,18.912,2023.0,6.0,140.0,1332.0,4.0
0.0,0.0,1.0,0.0,10.0,24.88,2025.0,6.0,140.0,1332.0,4.0
0.0,1.0,0.0,0.0,6600.0,28.99,2024.0,6.0,163.0,1497.0,3.0
0.0,1.0,0.0,0.0,23301.0,26.49,2024.0,6.0,158.0,1332.0,4.0
1.0,1.0,0.0,0.0,37460.0,27.9,2023.0,6.0,204.0,1497.0,5.0
0.0,1.0,0.0,0.0,10.0,30.89,2025.0,6.0,158.0,1332.0,4.0
1.0,1.0,0.0,0.0,24579.0,22.77,2020.0,6.0,150.0,1749.0,5.0
0.0,1.0,0.0,0.0,6928.0,23.8,2023.0,6.0,158.0,1332.0,4.0
0.0,0.0,1.0,0.0,41716.0,18.5,2021.0,6.0,140.0,1332.0,5.0
1.0,0.0,1.0,0.0,68900.0,17.5,2019.0,6.0,150.0,1749.0,4.0
0.0,0.0,1.0,0.0,67086.0,9.99,2015.0,6.0,116.0,1197.0,4.0
1.0,1.0,0.0,0.0,15.0,34.29,2025.0,6.0,205.0,1497.0,5.0
0.0,0.0,1.0,0.0,56200.0,10.975,2019.0,6.0,117.0,999.0,3.0
0.0,0.0,1.0,0.0,218087.0,10.999,2019.0,6.0,140.0,1332.0,4.0
1.0,1.0,0.0,0.0,76033.0,16.97,2023.0,6.0,143.0,1598.0,4.0
0.0,0.0,1.0,0.0,120462.0,11.435,2016.0,6.0,116.0,1197.0,4.0
0.0,0.0,1.0,0.0,62990.0,16.988,2021.0,6.0,140.0,1332.0,4.0
0.0,0.0,1.0,0.0,14583.0,17.88,2024.0,6.0,114.0,999.0,3.0
1.0,0.0,1.0,0.0,25273.0,23.995,2022.0,6.0,140.0,1300.0,4.0
0.0,0.0,1.0,0.0,1500.0,26.49,2025.0,6.0,131.0,1332.0,4.0
0.0,1.0,0.0,0.0,27786.0,25.99,2024.0,6.0,158.0,1332.0,4.0
0.0,1.0,0.0,0.0,10.0,30.89,2025.0,6.0,158.0,1332.0,4.0
0.0,1.0,0.0,0.0,10.0,20.47,2024.0,6.0,114.0,999.0,3.0
0.0,1.0,0.0,0.0,6500.0,35.99,2024.0,6.0,163.0,1497.0,5.0
1.0,1.0,0.0,0.0,10.0,32.98,2025.0,6.0,190.0,1497.0,3.0
0.0,1.0,0.0,0.0,20566.0,25.844,2025.0,6.0,158.0,1332.0,4.0
1.0,1.0,0.0,0.0,46679.0,12.849,2022.0,6.0,150.0,2275.0,5.0
1.0,0.0,1.0,0.0,78459.0,18.99,2020.0,6.0,150.0,1749.0,4.0
0.0,0.0,1.0,0.0,64823.0,17.955,2020.0,6.0,140.0,1332.0,5.0
0.0,0.0,1.0,0.0,26611.0,20.98,2023.0,6.0,140.0,1332.0,4.0
0.0,0.0,1.0,0.0,14400.0,23.9,2025.0,6.0,140.0,1332.0,4.0
0.0,0.0,1.0,0.0,69000.0,12.9,2021.0,6.0,114.0,999.0,3.0
0.0,1.0,0.0,0.0,9300.0,24.5,2024.0,6.0,158.0,1332.0,4.0
0.0,0.0,1.0,0.0,10.0,24.29,2025.0,6.0,140.0,1332.0,4.0
0.0,0.0,1.0,0.0,81405.0,13.47,2016.0,6.0,163.0,1618.0,5.0
0.0,1.0,0.0,0.0,4521.0,30.99,2025.0,6.0,158.0,1332.0,4.0
0.0,0.0,1.0,0.0,100.0,15.995,2024.0,6.0,114.0,999.0,3.0
0.0,1.0,0.0,0.0,10.0,30.89,2025.0,6.0,158.0,1332.0,4.0
0.0,1.0,0.0,0.0,10.0,27.75,2025.0,6.0,158.0,1332.0,4.0
1.0,1.0,0.0,0.0,29434.0,23.9,2024.0,6.0,158.0,1332.0,4.0
1.0,1.0,0.0,0.0,7000.0,16.999,2021.0,6.0,150.0,2275.0,5.0
0.0,1.0,0.0,0.0,6304.0,27.98,2024.0,6.0,163.0,1497.0,3.0
0.0,1.0,0.0,0.0,3000.0,30.89,2025.0,6.0,158.0,1332.0,4.0
0.0,1.0,0.0,0.0,50.0,33.99,2025.0,6.0,163.0,1498.0,5.0
1.0,1.0,0.0,0.0,87081.0,19.9,2021.0,6.0,150.0,1749.0,4.0
1.0,1.0,0.0,0.0,6557.0,23.49,2024.0,6.0,143.0,1598.0,4.0
0.0,0.0,1.0,0.0,118762.0,11.945,2017.0,6.0,116.0,1197.0,4.0
0.0,0.0,1.0,0.0,10.0,28.99,2025.0,6.0,140.0,1297.0,4.0
1.0,1.0,0.0,0.0,58000.0,11.444,2018.0,6.0,150.0,2275.0,5.0
0.0,1.0,0.0,0.0,60048.0,22.99,2021.0,6.0,158.0,1332.0,4.0
0.0,0.0,1.0,0.0,112413.0,8.25,2012.0,6.0,117.0,1598.0,4.0
0.0,1.0,0.0,0.0,40500.0,23.48,2023.0,6.0,158.0,1332.0,4.0
1.0,1.0,0.0,0.0,5301.0,29.98,2024.0,6.0,204.0,1497.0,3.0
0.0,1.0,0.0,0.0,80608.0,22.445,2022.0,6.0,158.0,1332.0,4.0
0.0,1.0,0.0,0.0,10.0,32.79,2025.0,6.0,158.0,1332.0,4.0
0.0,0.0,1.0,0.0,69900.0,21.4,2024.0,6.0,131.0,1332.0,4.0
1.0,0.0,1.0,0.0,104950.0,17.99,2019.0,6.0,150.0,1749.0,5.0
0.0,1.0,0.0,0.0,8359.0,27.77,2024.0,6.0,158.0,1332.0,4.0
0.0,0.0,1.0,0.0,89627.0,15.25,2018.0,6.0,116.0,1197.0,4.0
0.0,0.0,1.0,0.0,106202.0,12.75,2016.0,6.0,116.0,1197.0,4.0
0.0,1.0,0.0,0.0,21538.0,26.788,2025.0,6.0,163.0,1497.0,3.0
0.0,0.0,1.0,0.0,164169.0,13.95,2016.0,6.0,163.0,1618.0,4.0
0.0,0.0,1.0,0.0,32132.0,16.2,2022.0,6.0,114.0,999.0,3.0
1.0,1.0,0.0,0.0,83759.0,14.995,2020.0,6.0,218.0,2275.0,0.0
1.0,1.0,0.0,0.0,36782.0,17.9,2020.0,6.0,218.0,2275.0,5.0
1.0,0.0,1.0,0.0,130000.0,10.91,2012.0,6.0,110.0,1461.0,4.0
0.0,0.0,1.0,0.0,136495.0,13.945,2016.0,6.0,163.0,1618.0,4.0
1.0,0.0,1.0,0.0,5.0,28.89,2025.0,6.0,140.0,1332.0,4.0
0.0,0.0,1.0,0.0,65000.0,15.96,2017.0,6.0,163.0,1618.0,4.0
0.0,0.0,1.0,0.0,38039.0,15.998,2024.0,6.0,114.0,999.0,3.0
1.0,1.0,0.0,0.0,3280.0,31.5,2025.0,6.0,163.0,1497.0,3.0
1.0,1.0,0.0,0.0,91000.0,23.9,2018.0,6.0,190.0,2299.0,4.0
0.0,1.0,0.0,0.0,150247.0,14.945,2018.0,6.0,116.0,1197.0,4.0
1.0,0.0,1.0,0.0,34800.0,22.999,2023.0,6.0,140.0,1332.0,4.0
0.0,1.0,0.0,0.0,50.0,33.99,2025.0,6.0,163.0,1498.0,5.0
1.0,1.0,0.0,0.0,81761.0,13.5,2016.0,6.0,131.0,1598.0,4.0
1.0,1.0,0.0,0.0,49525.0,8.59,2017.0,6.0,109.0,2275.0,0.0
1.0,1.0,0.0,0.0,8500.0,29.99,2024.0,6.0,204.0,1497.0,3.0
0.0,0.0,1.0,0.0,112169.0,12.899,2017.0,6.0,116.0,1197.0,4.0
0.0,0.0,1.0,0.0,149950.0,11.345,2015.0,6.0,116.0,1197.0,4.0
1.0,1.0,0.0,0.0,89831.0,32.99,2021.0,6.0,190.0,2299.0,4.0
0.0,1.0,0.0,0.0,66200.0,20.9,2020.0,6.0,159.0,1332.0,4.0
1.0,1.0,0.0,0.0,18736.0,21.449,2023.0,6.0,143.0,1598.0,5.0
0.0,1.0,0.0,0.0,10.0,28.585,2025.0,6.0,158.0,1332.0,5.0
0.0,0.0,1.0,0.0,106821.0,11.45,2014.0,6.0,116.0,1197.0,4.0
0.0,0.0,1.0,0.0,24867.0,18.18,2023.0,6.0,114.0,999.0,3.0
0.0,0.0,1.0,0.0,48628.0,13.885,2023.0,6.0,92.0,999.0,3.0
1.0,1.0,0.0,0.0,20415.0,14.7,2022.0,6.0,150.0,2275.0,5.0
1.0,0.0,1.0,0.0,64925.0,17.19,2019.0,6.0,116.0,1461.0,4.0
0.0,1.0,0.0,0.0,18580.0,27.29,2024.0,6.0,158.0,1332.0,4.0
0.0,1.0,0.0,0.0,10.0,31.28,2025.0,6.0,158.0,1332.0,4.0
0.0,1.0,0.0,0.0,43791.0,23.47,2023.0,6.0,204.0,1497.0,3.0
0.0,0.0,1.0,0.0,37571.0,16.45,2020.0,6.0,117.0,999.0,3.0
1.0,1.0,0.0,0.0,10000.0,21.7,2024.0,6.0,94.0,2275.0,4.0
0.0,0.0,1.0,0.0,18960.0,18.9,2025.0,6.0,114.0,1000.0,5.0
0.0,0.0,1.0,0.0,40058.0,14.3,2021.0,6.0,114.0,1000.0,5.0
0.0,1.0,0.0,0.0,74029.0,23.9,2024.0,6.0,158.0,1332.0,5.0
0.0,0.0,1.0,0.0,105381.0,14.44,2018.0,6.0,116.0,1197.0,4.0
0.0,0.0,1.0,0.0,135296.0,11.45,2016.0,6.0,116.0,1197.0,4.0
0.0,1.0,0.0,0.0,10.0,32.98,2025.0,6.0,163.0,1497.0,3.0
1.0,0.0,1.0,0.0,17549.0,26.4,2025.0,6.0,140.0,1332.0,4.0
1.0,1.0,0.0,0.0,50250.0,21.99,2023.0,6.0,140.0,1332.0,4.0
0.0,0.0,1.0,0.0,141815.0,10.95,2017.0,6.0,116.0,1197.0,4.0
1.0,0.0,1.0,0.0,109600.0,13.99,2017.0,6.0,131.0,1598.0,5.0
1.0,1.0,0.0,0.0,76890.0,23.99,2020.0,6.0,150.0,1749.0,4.0
1.0,1.0,0.0,0.0,19886.0,20.9,2023.0,6.0,158.0,1332.0,5.0
1.0,1.0,0.0,0.0,10.0,33.39,2025.0,6.0,190.0,1497.0,3.0
1.0,1.0,0.0,0.0,27339.0,33.9,2024.0,6.0,163.0,1500.0,3.0
0.0,0.0,1.0,0.0,173747.0,6.25,2017.0,6.0,80.0,1198.0,3.0
0.0,0.0,1.0,0.0,37930.0,14.537,2022.0,6.0,114.0,999.0,3.0
0.0,0.0,1.0,0.0,133923.0,11.95,2015.0,6.0,116.0,1197.0,4.0
0.0,1.0,0.0,0.0,5115.0,37.5,2025.0,6.0,190.0,1500.0,3.0
0.0,0.0,1.0,0.0,27523.0,14.99,2021.0,6.0,114.0,999.0,3.0
0.0,0.0,1.0,0.0,10.0,26.99,2024.0,6.0,131.0,1333.0,5.0
1.0,1.0,0.0,0.0,8959.0,29.98,2024.0,6.0,204.0,1497.0,3.0
1.0,1.0,0.0,0.0,5.0,33.49,2025.0,6.0,158.0,1332.0,4.0
0.0,0.0,1.0,0.0,5.0,21.41,2025.0,6.0,114.0,999.0,5.0
1.0,1.0,0.0,0.0,30990.0,23.99,2024.0,6.0,158.0,1300.0,4.0
1.0,1.0,0.0,0.0,980.0,37.48,2025.0,6.0,213.0,1497.0,5.0
0.0,0.0,1.0,0.0,161050.0,3.75,2008.0,6.0,88.0,1386.0,4.0
0.0,0.0,1.0,0.0,142355.0,5.975,2011.0,6.0,117.0,1598.0,4.0
1.0,1.0,0.0,0.0,57347.0,24.9,2022.0,6.0,158.0,1332.0,4.0
0.0,0.0,1.0,0.0,44815.0,15.99,2021.0,6.0,140.0,1332.0,5.0
0.0,1.0,0.0,0.0,79146.0,15.9,2018.0,6.0,116.0,1197.0,4.0
1.0,1.0,0.0,0.0,27666.0,18.96,2019.0,6.0,116.0,1461.0,4.0
1.0,1.0,0.0,0.0,10.0,24.6,2025.0,6.0,143.0,1598.0,4.0
1.0,1.0,0.0,0.0,10.0,24.6,2025.0,6.0,143.0,1598.0,4.0
0.0,0.0,1.0,0.0,51809.0,15.9,2022.0,6.0,114.0,999.0,3.0
1.0,0.0,1.0,0.0,9683.0,24.89,2024.0,6.0,140.0,1332.0,4.0
0.0,1.0,0.0,0.0,13170.0,17.99,2023.0,6.0,92.0,999.0,3.0
0.0,0.0,1.0,0.0,31713.0,16.95,2020.0,6.0,117.0,999.0,3.0
1.0,1.0,0.0,0.0,7288.0,29.98,2024.0,6.0,204.0,1497.0,3.0
1.0,0.0,1.0,0.0,34796.0,22.9,2023.0,6.0,140.0,1332.0,4.0
1.0,1.0,0.0,0.0,43500.0,24.99,2022.0,6.0,158.0,1332.0,5.0
0.0,0.0,1.0,0.0,5.0,20.61,2024.0,6.0,114.0,999.0,5.0
0.0,0.0,1.0,0.0,81818.0,13.95,2020.0,6.0,117.0,999.0,5.0
1.0,1.0,0.0,0.0,10297.0,29.98,2024.0,6.0,204.0,1497.0,3.0
0.0,1.0,0.0,0.0,71811.0,24.95,2023.0,6.0,158.0,1332.0,4.0
1.0,0.0,1.0,0.0,105507.0,13.99,2016.0,6.0,131.0,1598.0,5.0
0.0,0.0,1.0,0.0,10.0,21.99,2025.0,6.0,114.0,999.0,3.0
1.0,0.0,1.0,0.0,20426.0,23.95,2025.0,6.0,140.0,1332.0,4.0
1.0,1.0,0.0,0.0,3000.0,31.38,2025.0,6.0,190.0,1497.0,3.0
1.0,1.0,0.0,0.0,20514.0,25.99,2022.0,6.0,158.0,1332.0,4.0
0.0,0.0,1.0,0.0,41110.0,17.3,2022.0,6.0,114.0,999.0,3.0
0.0,1.0,0.0,0.0,70869.0,18.9,2021.0,6.0,158.0,1332.0,4.0
0.0,1.0,0.0,0.0,180982.0,5.945,2015.0,6.0,80.0,1198.0,3.0
0.0,1.0,0.0,0.0,50.0,37.49,2025.0,6.0,163.0,1498.0,5.0
1.0,1.0,0.0,0.0,34192.0,36.95,2023.0,6.0,213.0,1497.0,3.0
1.0,1.0,0.0,0.0,35690.0,31.8,2023.0,6.0,213.0,1497.0,3.0
0.0,0.0,1.0,0.0,62740.0,15.9,2023.0,6.0,114.0,999.0,3.0
0.0,1.0,0.0,0.0,81000.0,17.921,2020.0,6.0,158.0,1332.0,5.0
1.0,1.0,0.0,0.0,33286.0,24.9,2022.0,6.0,158.0,1332.0,4.0
0.0,1.0,0.0,0.0,185403.0,10.645,2017.0,6.0,116.0,1197.0,4.0
0.0,0.0,1.0,0.0,118879.0,7.99,2016.0,6.0,116.0,1197.0,4.0
1.0,1.0,0.0,0.0,114589.0,10.9,2018.0,6.0,150.0,2275.0,5.0
0.0,0.0,1.0,0.0,47265.0,14.9,2019.0,6.0,140.0,1332.0,4.0
1.0,1.0,0.0,0.0,40246.0,28.95,2023.0,6.0,190.0,1497.0,3.0
0.0,1.0,0.0,0.0,32100.0,28.99,2024.0,6.0,158.0,1332.0,5.0
1.0,1.0,0.0,0.0,32910.0,15.9,2022.0,6.0,116.0,2275.0,5.0
0.0,0.0,1.0,0.0,7295.0,16.89,2023.0,6.0,114.0,999.0,3.0
0.0,0.0,1.0,0.0,15040.0,23.987,2024.0,6.0,140.0,1332.0,4.0
1.0,1.0,0.0,0.0,15.0,33.99,2025.0,6.0,205.0,1497.0,5.0
1.0,0.0,1.0,0.0,13741.0,20.9,2024.0,6.0,140.0,1332.0,5.0
1.0,1.0,0.0,0.0,100.0,38.99,2025.0,6.0,213.0,2275.0,5.0
0.0,1.0,0.0,0.0,50.0,38.13,2025.0,6.0,213.0,1498.0,5.0
0.0,1.0,0.0,0.0,52323.0,21.95,2020.0,6.0,159.0,1332.0,4.0
0.0,1.0,0.0,0.0,18000.0,19.98,2024.0,6.0,143.0,1598.0,4.0
1.0,1.0,0.0,0.0,49530.0,22.79,2022.0,6.0,158.0,1332.0,4.0
0.0,0.0,1.0,0.0,111900.0,6.99,2016.0,6.0,99.0,2275.0,5.0
1.0,1.0,0.0,0.0,79000.0,19.89,2023.0,6.0,158.0,1497.0,3.0
1.0,1.0,0.0,0.0,30000.0,27.2,2023.0,6.0,190.0,1497.0,3.0
0.0,1.0,0.0,0.0,10.0,31.67,2025.0,6.0,158.0,1332.0,4.0
0.0,0.0,1.0,0.0,152574.0,9.95,2015.0,6.0,116.0,1197.0,4.0
1.0,1.0,0.0,0.0,10.0,32.88,2025.0,6.0,190.0,1497.0,3.0
0.0,0.0,1.0,0.0,130549.0,13.95,2017.0,6.0,116.0,1197.0,4.0
0.0,0.0,1.0,0.0,48633.0,11.99,2015.0,6.0,116.0,1197.0,4.0
1.0,0.0,1.0,0.0,1.0,29.89,2025.0,6.0,140.0,1332.0,4.0
1.0,1.0,0.0,0.0,81364.0,18.98,2018.0,6.0,177.0,1995.0,4.0
0.0,1.0,0.0,0.0,15469.0,22.99,2023.0,6.0,145.0,1600.0,4.0
0.0,0.0,1.0,0.0,51.0,24.785,2025.0,6.0,114.0,999.0,3.0
1.0,1.0,0.0,0.0,49900.0,24.999,2022.0,6.0,158.0,1497.0,3.0
0.0,0.0,1.0,0.0,18000.0,21.99,2023.0,6.0,140.0,1332.0,5.0
0.0,0.0,1.0,0.0,193778.0,7.95,2012.0,6.0,141.0,1997.0,4.0
1.0,0.0,1.0,0.0,69500.0,14.95,2019.0,6.0,116.0,1461.0,4.0
0.0,0.0,1.0,0.0,28000.0,21.99,2023.0,6.0,140.0,1332.0,5.0
1.0,1.0,0.0,0.0,42200.0,13.4,2021.0,6.0,150.0,2275.0,5.0
1.0,0.0,1.0,0.0,1.0,25.9,2025.0,6.0,140.0,2275.0,5.0
1.0,0.0,1.0,0.0,13896.0,24.79,2025.0,6.0,140.0,1332.0,4.0
0.0,0.0,1.0,0.0,5.0,21.41,2025.0,6.0,114.0,999.0,5.0
1.0,1.0,0.0,0.0,5000.0,29.99,2025.0,6.0,143.0,1598.0,4.0
1.0,0.0,1.0,0.0,119543.0,12.49,2013.0,6.0,151.0,2275.0,5.0
1.0,1.0,0.0,0.0,130569.0,8.49,2018.0,6.0,150.0,2275.0,5.0
1.0,1.0,0.0,0.0,15422.0,26.95,2023.0,6.0,158.0,1332.0,4.0
0.0,0.0,1.0,0.0,65106.0,10.5,2021.0,6.0,92.0,2275.0,5.0
1.0,0.0,1.0,0.0,8350.0,23.72,2024.0,6.0,141.0,2275.0,5.0
0.0,0.0,1.0,0.0,81502.0,8.9,2016.0,6.0,116.0,1197.0,4.0
0.0,0.0,1.0,0.0,73386.0,13.95,2017.0,6.0,116.0,1197.0,4.0
1.0,1.0,0.0,0.0,17266.0,32.9,2024.0,6.0,158.0,1497.0,3.0
1.0,0.0,1.0,0.0,33985.0,19.9,2022.0,6.0,141.0,2275.0,5.0
0.0,0.0,1.0,0.0,118741.0,12.45,2016.0,6.0,116.0,1197.0,4.0
0.0,0.0,1.0,0.0,50.0,21.99,2025.0,6.0,114.0,999.0,3.0
0.0,0.0,1.0,0.0,1.0,19.4,2025.0,6.0,114.0,999.0,3.0
1.0,0.0,1.0,0.0,15374.0,22.9,2025.0,6.0,140.0,1332.0,5.0
0.0,0.0,1.0,0.0,72599.0,21.49,2022.0,6.0,140.0,1332.0,5.0
1.0,1.0,0.0,0.0,57141.0,29.35,2023.0,6.0,158.0,1332.0,4.0
1.0,0.0,1.0,0.0,48845.0,18.9,2022.0,6.0,140.0,1332.0,4.0
0.0,0.0,1.0,0.0,180913.0,6.95,2008.0,6.0,141.0,1997.0,4.0
0.0,1.0,0.0,0.0,102437.0,11.95,2015.0,6.0,116.0,1197.0,4.0
0.0,0.0,1.0,0.0,68543.0,15.451,2017.0,6.0,163.0,1618.0,4.0
0.0,0.0,1.0,0.0,3775.0,23.498,2025.0,6.0,114.0,999.0,3.0
1.0,0.0,1.0,0.0,91931.0,18.9,2022.0,6.0,140.0,1332.0,4.0
1.0,0.0,1.0,0.0,88687.0,27.5,2019.0,6.0,163.0,2298.0,4.0
0.0,0.0,1.0,0.0,125812.0,10.45,2014.0,6.0,116.0,1197.0,4.0
1.0,1.0,0.0,0.0,10.0,33.39,2025.0,6.0,190.0,1497.0,3.0
0.0,0.0,1.0,0.0,20808.0,16.8,2024.0,6.0,114.0,999.0,3.0
0.0,1.0,0.0,0.0,40480.0,27.8,2023.0,6.0,158.0,1332.0,4.0
0.0,1.0,0.0,0.0,43372.0,8.944,2014.0,6.0,82.0,1198.0,3.0
0.0,0.0,1.0,0.0,124642.0,9.94,2018.0,6.0,90.0,898.0,3.0
0.0,0.0,1.0,0.0,83003.0,19.45,2020.0,6.0,140.0,1332.0,4.0
1.0,1.0,0.0,0.0,20409.0,26.8,2024.0,6.0,207.0,1500.0,5.0
0.0,1.0,0.0,0.0,68542.0,17.8,2021.0,6.0,160.0,1332.0,4.0
1.0,1.0,0.0,0.0,29866.0,27.2,2022.0,6.0,158.0,1332.0,4.0
0.0,0.0,1.0,0.0,78925.0,9.499,2016.0,6.0,116.0,1197.0,4.0
0.0,1.0,0.0,0.0,15047.0,19.98,2024.0,6.0,143.0,1598.0,4.0
1.0,1.0,0.0,0.0,8155.0,34.9,2025.0,6.0,158.0,1332.0,4.0
0.0,1.0,0.0,0.0,26150.0,21.85,2023.0,6.0,94.0,1600.0,4.0
1.0,1.0,0.0,0.0,46543.0,11.845,2020.0,6.0,150.0,2275.0,5.0
0.0,0.0,1.0,0.0,41807.0,13.481,2021.0,6.0,114.0,999.0,3.0
1.0,0.0,1.0,0.0,32027.0,24.9,2022.0,6.0,158.0,1332.0,4.0
0.0,0.0,1.0,0.0,96814.0,10.45,2018.0,6.0,90.0,898.0,3.0
0.0,0.0,1.0,0.0,77589.0,13.44,2015.0,6.0,116.0,1197.0,4.0
0.0,0.0,1.0,0.0,32717.0,17.9,2022.0,6.0,114.0,999.0,3.0
0.0,1.0,0.0,0.0,24280.0,22.789,2024.0,6.0,158.0,1332.0,5.0
1.0,1.0,0.0,0.0,151643.0,5.65,2015.0,6.0,109.0,2275.0,5.0
1.0,1.0,0.0,0.0,41079.0,26.9,2023.0,6.0,158.0,1497.0,3.0
1.0,1.0,0.0,0.0,14000.0,25.9,2025.0,6.0,158.0,1332.0,4.0
0.0,0.0,1.0,0.0,141074.0,12.945,2017.0,6.0,116.0,1197.0,4.0
1.0,1.0,0.0,0.0,30990.0,32.9,2023.0,6.0,158.0,1497.0,3.0
0.0,0.0,1.0,0.0,13771.0,19.912,2023.0,6.0,140.0,1332.0,4.0
0.0,0.0,1.0,0.0,54000.0,15.1,2021.0,6.0,114.0,999.0,3.0
1.0,0.0,1.0,0.0,18874.0,23.09,2024.0,6.0,141.0,2275.0,5.0
1.0,1.0,0.0,0.0,96395.0,9.4,2013.0,6.0,150.0,1995.0,4.0
1.0,1.0,0.0,0.0,10.0,28.119,2025.0,6.0,158.0,1332.0,4.0
1.0,0.0,1.0,0.0,19960.0,23.18,2024.0,6.0,141.0,1332.0,5.0
0.0,0.0,1.0,0.0,5.0,20.61,2024.0,6.0,114.0,999.0,5.0
0.0,1.0,0.0,0.0,22900.0,30.89,2023.0,6.0,158.0,1332.0,5.0
1.0,0.0,1.0,0.0,186158.0,4.75,2014.0,6.0,90.0,1461.0,4.0
1.0,1.0,0.0,0.0,142549.0,11.81,2021.0,6.0,219.0,2275.0,5.0
1.0,0.0,1.0,0.0,25691.0,23.45,2024.0,6.0,141.0,1332.0,5.0
0.0,0.0,1.0,0.0,129604.0,13.19,2021.0,6.0,140.0,1332.0,4.0
1.0,1.0,0.0,0.0,15.0,32.19,2025.0,6.0,205.0,1497.0,5.0
1.0,1.0,0.0,0.0,15.0,34.29,2025.0,6.0,205.0,1497.0,5.0
1.0,1.0,0.0,0.0,16718.0,24.9,2025.0,6.0,158.0,1332.0,4.0
0.0,0.0,1.0,0.0,16972.0,22.385,2023.0,6.0,131.0,1300.0,4.0
0.0,1.0,0.0,0.0,58429.0,20.299,2019.0,6.0,159.0,1332.0,4.0
0.0,1.0,0.0,0.0,0.0,39.95,2025.0,6.0,163.0,1497.0,5.0
0.0,0.0,1.0,0.0,85746.0,14.95,2018.0,6.0,116.0,1197.0,4.0
0.0,0.0,1.0,0.0,42500.0,16.4,2022.0,6.0,114.0,2275.0,5.0
0.0,0.0,1.0,0.0,46192.0,16.94,2020.0,6.0,117.0,999.0,3.0
1.0,1.0,0.0,0.0,1100.0,24.99,2024.0,6.0,143.0,1598.0,4.0
0.0,0.0,1.0,0.0,37750.0,18.89,2021.0,6.0,140.0,1332.0,4.0
1.0,1.0,0.0,0.0,15.0,34.29,2025.0,6.0,205.0,1497.0,5.0
1.0,0.0,1.0,0.0,19269.0,21.18,2022.0,6.0,141.0,2275.0,5.0
1.0,1.0,0.0,0.0,15500.0,27.95,2024.0,6.0,158.0,1332.0,4.0
1.0,1.0,0.0,0.0,10.0,33.99,2025.0,6.0,205.0,1497.0,5.0
0.0,1.0,0.0,0.0,18000.0,29.998,2023.0,6.0,158.0,1300.0,4.0
0.0,0.0,1.0,0.0,110424.0,9.49,2020.0,6.0,102.0,1199.0,3.0
0.0,0.0,1.0,0.0,41245.0,10.0,2021.0,6.0,75.0,2275.0,5.0
1.0,1.0,0.0,0.0,140103.0,7.999,2018.0,6.0,136.0,1598.0,4.0
0.0,0.0,1.0,0.0,44998.0,7.95,2017.0,6.0,101.0,1364.0,4.0
0.0,0.0,1.0,0.0,201780.0,3.45,2010.0,6.0,140.0,1364.0,4.0
0.0,0.0,1.0,0.0,146910.0,7.99,2016.0,6.0,200.0,1598.0,5.0
1.0,0.0,1.0,0.0,63984.0,6.5,2013.0,6.0,120.0,1400.0,5.0
0.0,0.0,1.0,0.0,113411.0,11.95,2018.0,6.0,131.0,1199.0,3.0
0.0,0.0,1.0,0.0,157648.0,8.95,2012.0,6.0,179.0,1598.0,4.0
0.0,0.0,1.0,0.0,126544.0,7.25,2009.0,6.0,220.0,1998.0,4.0
0.0,0.0,1.0,0.0,60379.0,10.99,2019.0,6.0,110.0,1199.0,3.0
0.0,0.0,1.0,0.0,29998.0,12.89,2020.0,6.0,145.0,1199.0,3.0
1.0,1.0,0.0,0.0,9900.0,18.99,2025.0,6.0,136.0,1199.0,3.0
0.0,0.0,1.0,0.0,126276.0,7.995,2017.0,6.0,105.0,999.0,3.0
0.0,1.0,0.0,0.0,143000.0,9.0,2016.0,6.0,140.0,1364.0,4.0
0.0,0.0,1.0,0.0,53236.0,11.75,2022.0,6.0,101.0,1199.0,3.0
0.0,1.0,0.0,0.0,6.0,26.6,2025.0,6.0,136.0,1199.0,3.0
0.0,1.0,0.0,0.0,72745.0,6.999,2012.0,6.0,86.0,1229.0,4.0
0.0,0.0,1.0,0.0,45211.0,13.59,2023.0,6.0,110.0,1199.0,3.0
0.0,1.0,0.0,0.0,41229.0,15.99,2022.0,6.0,131.0,1199.0,3.0
1.0,1.0,0.0,0.0,39842.0,13.29,2021.0,6.0,136.0,2275.0,5.0
0.0,0.0,1.0,0.0,46800.0,15.95,2021.0,6.0,131.0,1199.0,3.0
0.0,0.0,1.0,0.0,62580.0,10.39,2021.0,6.0,101.0,1199.0,3.0
0.0,0.0,1.0,0.0,31228.0,15.99,2023.0,6.0,131.0,1199.0,3.0
0.0,0.0,1.0,0.0,15113.0,14.99,2025.0,6.0,101.0,1199.0,3.0
0.0,0.0,1.0,0.0,170398.0,5.749,2015.0,6.0,120.0,1364.0,4.0
0.0,0.0,1.0,0.0,90439.0,15.48,2022.0,6.0,131.0,1199.0,3.0
0.0,1.0,0.0,0.0,65897.0,14.49,2021.0,6.0,131.0,1199.0,5.0
1.0,1.0,0.0,0.0,179500.0,15.55,2019.0,6.0,209.0,1956.0,4.0
1.0,0.0,1.0,0.0,154637.0,8.5,2019.0,6.0,150.0,1598.0,4.0
0.0,0.0,1.0,0.0,17700.0,15.48,2024.0,6.0,110.0,1199.0,5.0
0.0,0.0,1.0,0.0,7020.0,16.9,2024.0,6.0,110.0,1199.0,3.0
0.0,0.0,1.0,0.0,69244.0,14.999,2017.0,6.0,165.0,1490.0,4.0
1.0,1.0,0.0,0.0,41750.0,11.2,2022.0,6.0,136.0,2275.0,5.0
1.0,0.0,1.0,0.0,103718.0,8.5,2019.0,6.0,102.0,1499.0,5.0
0.0,1.0,0.0,0.0,6161.0,26.98,2024.0,6.0,145.0,1199.0,5.0
1.0,1.0,0.0,0.0,149980.0,8.89,2019.0,6.0,136.0,1598.0,4.0
0.0,0.0,1.0,0.0,122000.0,5.99,2011.0,6.0,140.0,1364.0,4.0
0.0,0.0,1.0,0.0,10700.0,17.49,2023.0,6.0,136.0,1199.0,3.0
0.0,1.0,0.0,0.0,69450.0,9.99,2015.0,6.0,90.0,1398.0,4.0
0.0,1.0,0.0,0.0,24650.0,17.95,2025.0,6.0,101.0,1199.0,3.0
1.0,1.0,0.0,0.0,179000.0,7.58,2016.0,6.0,136.0,1598.0,4.0
0.0,0.0,1.0,0.0,500.0,19.98,2025.0,6.0,131.0,1199.0,3.0
0.0,0.0,1.0,0.0,18150.0,18.75,2024.0,6.0,131.0,1199.0,3.0
1.0,1.0,0.0,0.0,97000.0,13.98,2019.0,6.0,136.0,1598.0,4.0
0.0,0.0,1.0,0.0,8180.0,17.99,2023.0,6.0,131.0,2275.0,3.0
0.0,0.0,1.0,0.0,71200.0,9.95,2016.0,6.0,105.0,999.0,5.0
0.0,0.0,1.0,0.0,121985.0,7.0,2013.0,6.0,140.0,1364.0,4.0
0.0,0.0,1.0,0.0,15000.0,14.995,2024.0,6.0,101.0,1199.0,3.0
0.0,1.0,0.0,0.0,49255.0,11.99,2019.0,6.0,90.0,1398.0,4.0
1.0,1.0,0.0,0.0,2999.0,23.99,2025.0,6.0,145.0,1199.0,3.0
0.0,0.0,1.0,0.0,12.0,19.45,2024.0,6.0,110.0,1199.0,3.0
0.0,0.0,1.0,0.0,11500.0,18.95,2024.0,6.0,131.0,1199.0,3.0
0.0,0.0,1.0,0.0,74476.0,9.99,2021.0,6.0,75.0,1199.0,3.0
0.0,0.0,1.0,0.0,35800.0,16.45,2020.0,6.0,131.0,1199.0,3.0
0.0,1.0,0.0,0.0,26903.0,18.48,2025.0,6.0,145.0,1199.0,5.0
0.0,0.0,1.0,0.0,175920.0,6.95,2016.0,6.0,105.0,999.0,3.0
0.0,0.0,1.0,0.0,47700.0,12.95,2021.0,6.0,110.0,1199.0,5.0
0.0,0.0,1.0,0.0,55842.0,12.445,2017.0,6.0,150.0,1399.0,4.0
1.0,1.0,0.0,0.0,1.0,23.86,2025.0,6.0,136.0,1199.0,3.0
0.0,0.0,1.0,0.0,78900.0,9.995,2016.0,6.0,125.0,1399.0,4.0
0.0,0.0,1.0,0.0,186600.0,4.5,2011.0,6.0,179.0,1598.0,5.0
0.0,0.0,1.0,0.0,110696.0,9.94,2018.0,6.0,131.0,1199.0,3.0
0.0,0.0,1.0,0.0,11186.0,15.48,2024.0,6.0,101.0,1199.0,5.0
0.0,1.0,0.0,0.0,4890.0,25.99,2025.0,6.0,131.0,1199.0,3.0
0.0,0.0,1.0,0.0,15.0,20.48,2025.0,6.0,136.0,1199.0,5.0
0.0,0.0,1.0,0.0,165744.0,8.999,2019.0,6.0,111.0,1199.0,3.0
0.0,0.0,1.0,0.0,130837.0,10.299,2018.0,6.0,131.0,1199.0,5.0
1.0,1.0,0.0,0.0,15454.0,22.489,2025.0,6.0,136.0,1199.0,3.0
0.0,0.0,1.0,0.0,54268.0,13.19,2023.0,6.0,110.0,1199.0,3.0
0.0,0.0,1.0,0.0,27538.0,14.95,2020.0,6.0,110.0,1199.0,3.0
0.0,1.0,0.0,0.0,4970.0,20.97,2025.0,6.0,144.0,1199.0,3.0
0.0,0.0,1.0,0.0,131840.0,9.49,2022.0,6.0,75.0,1199.0,3.0
0.0,1.0,0.0,0.0,8900.0,27.9,2025.0,6.0,145.0,2275.0,3.0
1.0,1.0,0.0,0.0,86950.0,18.79,2022.0,6.0,174.0,1995.0,4.0
0.0,1.0,0.0,0.0,16993.0,16.99,2025.0,6.0,101.0,1199.0,3.0
0.0,0.0,1.0,0.0,18192.0,18.95,2023.0,6.0,131.0,1199.0,3.0
1.0,1.0,0.0,0.0,38000.0,14.9,2022.0,6.0,77.0,2275.0,5.0
0.0,0.0,1.0,0.0,162529.0,5.75,2010.0,6.0,179.0,1598.0,4.0
0.0,0.0,1.0,0.0,27000.0,12.29,2021.0,6.0,101.0,1199.0,3.0
1.0,1.0,0.0,0.0,44600.0,16.99,2022.0,6.0,136.0,2275.0,5.0
0.0,0.0,1.0,0.0,1810.0,14.99,2024.0,6.0,101.0,1199.0,3.0
0.0,1.0,0.0,0.0,5362.0,18.88,2025.0,6.0,101.0,1199.0,5.0
1.0,1.0,0.0,0.0,10.0,24.99,2025.0,6.0,136.0,1199.0,3.0
0.0,1.0,0.0,0.0,150.0,24.945,2025.0,6.0,145.0,1199.0,3.0
1.0,0.0,1.0,0.0,46986.0,18.49,2022.0,6.0,131.0,1499.0,4.0
0.0,0.0,1.0,0.0,47968.0,11.89,2019.0,6.0,110.0,1199.0,3.0
0.0,1.0,0.0,0.0,30030.0,13.39,2017.0,6.0,110.0,1199.0,3.0
0.0,0.0,1.0,0.0,19300.0,15.97,2024.0,6.0,101.0,1199.0,3.0
0.0,1.0,0.0,0.0,73588.0,20.888,2020.0,6.0,200.0,1998.0,4.0
1.0,0.0,1.0,0.0,61914.0,16.4,2020.0,6.0,131.0,1499.0,4.0
0.0,0.0,1.0,0.0,75276.0,14.9,2016.0,6.0,140.0,1364.0,4.0
0.0,0.0,1.0,0.0,75879.0,8.14,2015.0,6.0,140.0,1364.0,4.0
0.0,1.0,0.0,0.0,47495.0,16.99,2022.0,6.0,145.0,1341.0,3.0
1.0,1.0,0.0,0.0,62282.0,18.99,2020.0,6.0,181.0,1598.0,4.0
0.0,0.0,1.0,0.0,20385.0,16.5,2020.0,6.0,131.0,1199.0,3.0
0.0,0.0,1.0,0.0,77518.0,14.94,2018.0,6.0,131.0,1199.0,3.0
0.0,0.0,1.0,0.0,88170.0,12.95,2023.0,6.0,101.0,1199.0,3.0
0.0,1.0,0.0,0.0,16591.0,15.99,2021.0,6.0,131.0,1199.0,3.0
0.0,0.0,1.0,0.0,104010.0,12.75,2019.0,6.0,131.0,1199.0,5.0
0.0,0.0,1.0,0.0,45446.0,12.89,2022.0,6.0,101.0,1199.0,3.0
1.0,0.0,1.0,0.0,80884.0,12.9,2020.0,6.0,136.0,1598.0,4.0
1.0,1.0,0.0,0.0,4.0,24.99,2025.0,6.0,145.0,2275.0,5.0
0.0,0.0,1.0,0.0,16640.0,19.99,2024.0,6.0,131.0,1199.0,3.0
0.0,0.0,1.0,0.0,21968.0,16.99,2022.0,6.0,101.0,1199.0,3.0
0.0,0.0,1.0,0.0,56372.0,12.89,2019.0,6.0,131.0,1199.0,3.0
0.0,1.0,0.0,0.0,6704.0,21.95,2024.0,6.0,131.0,1199.0,5.0
0.0,0.0,1.0,0.0,85276.0,11.9,2020.0,6.0,110.0,1199.0,3.0
0.0,0.0,1.0,0.0,19492.0,12.991,2025.0,6.0,101.0,1199.0,3.0
0.0,1.0,0.0,0.0,48000.0,16.79,2019.0,6.0,131.0,1199.0,3.0
1.0,0.0,1.0,0.0,100000.0,13.9,2020.0,6.0,102.0,2275.0,4.0
0.0,0.0,1.0,0.0,65930.0,15.245,2021.0,6.0,131.0,1199.0,3.0
0.0,1.0,0.0,0.0,24150.0,28.87,2025.0,6.0,144.0,1199.0,3.0
0.0,1.0,0.0,0.0,4900.0,21.69,2024.0,6.0,131.0,1199.0,3.0
0.0,0.0,1.0,0.0,8282.0,15.48,2024.0,6.0,101.0,1199.0,5.0
0.0,0.0,1.0,0.0,55327.0,14.999,2019.0,6.0,110.0,1199.0,3.0
0.0,0.0,1.0,0.0,8600.0,18.98,2024.0,6.0,101.0,1199.0,3.0
0.0,1.0,0.0,0.0,51804.0,14.59,2018.0,6.0,131.0,1199.0,3.0
0.0,0.0,1.0,0.0,62169.0,12.412,2017.0,6.0,131.0,1199.0,3.0
1.0,0.0,1.0,0.0,93394.0,10.99,2021.0,6.0,105.0,1496.0,3.0
0.0,0.0,1.0,0.0,73822.0,11.5,2022.0,6.0,110.0,1199.0,3.0
0.0,0.0,1.0,0.0,15.0,17.48,2025.0,6.0,101.0,1199.0,3.0
0.0,0.0,1.0,0.0,8627.0,16.99,2023.0,6.0,101.0,1199.0,3.0
0.0,0.0,1.0,0.0,990.0,17.59,2025.0,6.0,101.0,1199.0,3.0
1.0,1.0,0.0,0.0,1.0,29.3,2025.0,6.0,145.0,1199.0,3.0
1.0,0.0,1.0,0.0,71798.0,16.62,2019.0,6.0,131.0,1499.0,4.0
0.0,1.0,0.0,0.0,40850.0,20.9,2024.0,6.0,131.0,1199.0,3.0
0.0,0.0,1.0,0.0,127330.0,9.45,2016.0,6.0,140.0,1364.0,4.0
0.0,0.0,1.0,0.0,52789.0,11.49,2022.0,6.0,101.0,1199.0,3.0
0.0,0.0,1.0,0.0,12.0,19.98,2024.0,6.0,101.0,1199.0,3.0
0.0,0.0,1.0,0.0,17000.0,14.9,2024.0,6.0,110.0,1199.0,3.0
0.0,0.0,1.0,0.0,25756.0,14.85,2024.0,6.0,101.0,1199.0,3.0
1.0,0.0,1.0,0.0,66353.0,13.99,2019.0,6.0,136.0,1598.0,4.0
0.0,1.0,0.0,0.0,4430.0,23.98,2025.0,6.0,145.0,1199.0,5.0
1.0,0.0,1.0,0.0,1500.0,20.975,2025.0,6.0,101.0,1199.0,3.0
0.0,0.0,1.0,0.0,37900.0,15.95,2024.0,6.0,101.0,1199.0,3.0
1.0,0.0,1.0,0.0,163500.0,14.99,2022.0,6.0,174.0,1995.0,5.0
0.0,0.0,1.0,0.0,81278.0,11.25,2022.0,6.0,110.0,1199.0,3.0
0.0,1.0,0.0,0.0,24276.0,15.95,2020.0,6.0,131.0,1199.0,3.0
0.0,0.0,1.0,0.0,23600.0,16.95,2023.0,6.0,110.0,1199.0,3.0
0.0,0.0,1.0,0.0,19140.0,19.87,2024.0,6.0,131.0,1199.0,3.0
0.0,1.0,0.0,0.0,9205.0,24.945,2024.0,6.0,136.0,1199.0,3.0
0.0,0.0,1.0,0.0,10.0,17.99,2024.0,6.0,101.0,1199.0,3.0
0.0,0.0,1.0,0.0,15.0,15.99,2025.0,6.0,101.0,1199.0,3.0
0.0,0.0,1.0,0.0,9471.0,18.95,2023.0,6.0,101.0,1199.0,3.0
0.0,0.0,1.0,0.0,61809.0,13.95,2023.0,6.0,101.0,1199.0,3.0
1.0,0.0,1.0,0.0,122027.0,17.99,2020.0,6.0,150.0,1997.0,4.0
0.0,0.0,1.0,0.0,135823.0,9.98,2017.0,6.0,140.0,1364.0,4.0
0.0,0.0,1.0,0.0,45255.0,12.45,2021.0,6.0,101.0,1199.0,3.0
1.0,1.0,0.0,0.0,25780.0,17.97,2023.0,6.0,120.0,1499.0,4.0
1.0,1.0,0.0,0.0,10.0,22.29,2025.0,6.0,110.0,1199.0,3.0
0.0,1.0,0.0,0.0,1600.0,21.95,2024.0,6.0,131.0,1199.0,3.0
0.0,0.0,1.0,0.0,87000.0,12.99,2019.0,6.0,131.0,1199.0,3.0
0.0,0.0,1.0,0.0,55006.0,12.99,2022.0,6.0,110.0,1199.0,3.0
0.0,0.0,1.0,0.0,10.0,16.7,2025.0,6.0,101.0,1199.0,3.0
0.0,0.0,1.0,0.0,1500.0,17.49,2025.0,6.0,101.0,1199.0,3.0
1.0,0.0,1.0,0.0,67160.0,18.26,2022.0,6.0,131.0,1499.0,4.0
0.0,1.0,0.0,0.0,24102.0,17.9,2023.0,6.0,131.0,1199.0,3.0
0.0,0.0,1.0,0.0,160772.0,8.25,2014.0,6.0,140.0,1364.0,4.0
1.0,1.0,0.0,0.0,83600.0,17.4,2023.0,6.0,122.0,1496.0,3.0
0.0,1.0,0.0,0.0,60000.0,14.9,2023.0,6.0,131.0,1199.0,3.0
1.0,1.0,0.0,0.0,1.0,24.9,2025.0,6.0,145.0,1199.0,3.0
0.0,0.0,1.0,0.0,77591.0,16.385,2022.0,6.0,110.0,1199.0,3.0
0.0,1.0,0.0,0.0,29999.0,18.88,2022.0,6.0,131.0,1199.0,3.0
0.0,1.0,0.0,0.0,19500.0,23.95,2024.0,6.0,131.0,1199.0,5.0
0.0,1.0,0.0,0.0,28856.0,14.48,2023.0,6.0,101.0,1199.0,3.0
0.0,1.0,0.0,0.0,13357.0,19.48,2025.0,6.0,145.0,1199.0,5.0
0.0,0.0,1.0,0.0,46741.0,14.49,2022.0,6.0,131.0,1199.0,3.0
1.0,1.0,0.0,0.0,3287.0,22.89,2025.0,6.0,136.0,1199.0,3.0
1.0,1.0,0.0,0.0,2000.0,44.98,2025.0,6.0,213.0,2275.0,5.0
1.0,1.0,0.0,0.0,42052.0,15.97,2021.0,6.0,120.0,1499.0,4.0
0.0,0.0,1.0,0.0,31326.0,11.99,2022.0,6.0,75.0,1199.0,3.0
0.0,0.0,1.0,0.0,76281.0,9.995,2016.0,6.0,140.0,1364.0,5.0
0.0,0.0,1.0,0.0,18900.0,15.46,2024.0,6.0,101.0,1199.0,3.0
0.0,0.0,1.0,0.0,154935.0,3.95,2011.0,6.0,120.0,1364.0,4.0
0.0,0.0,1.0,0.0,58000.0,12.99,2020.0,6.0,145.0,1199.0,3.0
0.0,0.0,1.0,0.0,118900.0,9.49,2020.0,6.0,110.0,1199.0,5.0
0.0,0.0,1.0,0.0,19658.0,26.95,2024.0,6.0,110.0,1199.0,3.0
0.0,1.0,0.0,0.0,254.0,25.895,2025.0,6.0,136.0,2275.0,3.0
1.0,0.0,1.0,0.0,46543.0,14.911,2022.0,6.0,105.0,2275.0,3.0
0.0,0.0,1.0,0.0,18308.0,17.9,2022.0,6.0,131.0,1199.0,5.0
0.0,0.0,1.0,0.0,100.0,20.0,2024.0,6.0,110.0,1199.0,3.0
0.0,0.0,1.0,0.0,15.0,20.98,2025.0,6.0,136.0,1199.0,5.0
0.0,0.0,1.0,0.0,500.0,20.47,2024.0,6.0,136.0,1199.0,3.0
0.0,0.0,1.0,0.0,1750.0,16.48,2025.0,6.0,101.0,1199.0,3.0
0.0,0.0,1.0,0.0,10100.0,16.87,2024.0,6.0,101.0,1199.0,3.0
0.0,1.0,0.0,0.0,12800.0,20.444,2024.0,6.0,131.0,1199.0,3.0
0.0,0.0,1.0,0.0,31996.0,14.5,2022.0,6.0,110.0,1199.0,3.0
1.0,0.0,1.0,0.0,32743.0,19.25,2024.0,6.0,102.0,1499.0,5.0
0.0,0.0,1.0,0.0,70500.0,13.65,2018.0,6.0,131.0,1199.0,3.0
1.0,1.0,0.0,0.0,80400.0,15.99,2023.0,6.0,122.0,2275.0,3.0
1.0,1.0,0.0,0.0,56013.0,21.19,2023.0,6.0,131.0,1498.0,3.0
0.0,0.0,1.0,0.0,7800.0,16.49,2024.0,6.0,101.0,1199.0,3.0
0.0,0.0,1.0,0.0,7990.0,16.99,2024.0,6.0,101.0,1199.0,3.0
0.0,1.0,0.0,0.0,73800.0,10.49,2015.0,6.0,140.0,1364.0,4.0
0.0,1.0,0.0,0.0,24100.0,26.98,2025.0,6.0,136.0,1199.0,3.0
0.0,1.0,0.0,0.0,5912.0,18.99,2025.0,6.0,101.0,1199.0,3.0
1.0,0.0,1.0,0.0,84738.0,11.96,2022.0,6.0,102.0,1499.0,4.0
0.0,1.0,0.0,0.0,85495.0,13.98,2023.0,6.0,131.0,1199.0,3.0
1.0,1.0,0.0,0.0,84450.0,18.99,2022.0,6.0,174.0,1995.0,4.0
1.0,0.0,1.0,0.0,116000.0,11.99,2015.0,6.0,140.0,1956.0,5.0
0.0,0.0,1.0,0.0,44098.0,15.9,2022.0,6.0,101.0,1199.0,3.0
0.0,1.0,0.0,0.0,83600.0,14.49,2023.0,6.0,131.0,1199.0,3.0
0.0,0.0,1.0,0.0,111248.0,12.5,2018.0,6.0,131.0,2275.0,3.0
0.0,0.0,1.0,0.0,47624.0,13.49,2020.0,6.0,131.0,1199.0,5.0
0.0,0.0,1.0,0.0,72904.0,13.95,2019.0,6.0,150.0,1398.0,4.0
0.0,0.0,1.0,0.0,51375.0,11.49,2022.0,6.0,101.0,1199.0,3.0
1.0,1.0,0.0,0.0,21.0,24.25,2025.0,6.0,101.0,1199.0,3.0
0.0,1.0,0.0,0.0,10.0,20.77,2025.0,6.0,101.0,1199.0,3.0
1.0,0.0,1.0,0.0,189603.0,5.95,2016.0,6.0,110.0,1598.0,4.0
1.0,0.0,1.0,0.0,67503.0,14.9,2021.0,6.0,110.0,1499.0,4.0
0.0,1.0,0.0,0.0,31569.0,19.9,2024.0,6.0,131.0,1199.0,3.0
0.0,0.0,1.0,0.0,5621.0,19.98,2024.0,6.0,110.0,1199.0,3.0
0.0,1.0,0.0,0.0,100000.0,13.45,2023.0,6.0,131.0,1199.0,3.0
0.0,0.0,1.0,0.0,38838.0,12.5,2022.0,6.0,101.0,1199.0,3.0
1.0,1.0,0.0,0.0,500.0,25.48,2025.0,6.0,145.0,1199.0,3.0
0.0,1.0,0.0,0.0,20733.0,17.99,2022.0,6.0,131.0,1199.0,3.0
0.0,0.0,1.0,0.0,100000.0,7.99,2020.0,6.0,101.0,1199.0,3.0
0.0,1.0,0.0,0.0,10.0,24.98,2025.0,6.0,145.0,1199.0,3.0
1.0,1.0,0.0,0.0,110200.0,11.95,2020.0,6.0,122.0,1496.0,3.0
0.0,1.0,0.0,0.0,9395.0,16.95,2023.0,6.0,101.0,1199.0,5.0
0.0,0.0,1.0,0.0,10600.0,19.87,2024.0,6.0,136.0,1199.0,3.0
0.0,1.0,0.0,0.0,10.0,21.55,2025.0,6.0,110.0,1199.0,3.0
0.0,1.0,0.0,0.0,16000.0,18.45,2023.0,6.0,131.0,1199.0,3.0
0.0,0.0,1.0,0.0,21000.0,16.5,2024.0,6.0,102.0,1199.0,3.0
0.0,0.0,1.0,0.0,32300.0,15.99,2021.0,6.0,110.0,1199.0,5.0
0.0,0.0,1.0,0.0,35993.0,19.5,2022.0,6.0,131.0,1199.0,3.0
0.0,1.0,0.0,0.0,70424.0,20.95,2023.0,6.0,131.0,1199.0,3.0
0.0,0.0,1.0,0.0,21491.0,16.479,2024.0,6.0,110.0,1199.0,3.0
0.0,1.0,0.0,0.0,10500.0,18.88,2023.0,6.0,131.0,1199.0,3.0
0.0,0.0,1.0,0.0,22446.0,14.975,2024.0,6.0,110.0,1199.0,3.0
0.0,0.0,1.0,0.0,47426.0,13.99,2021.0,6.0,110.0,1199.0,5.0
1.0,1.0,0.0,0.0,3700.0,20.5,2024.0,6.0,77.0,2275.0,5.0
0.0,0.0,1.0,0.0,12390.0,19.99,2024.0,6.0,131.0,2275.0,3.0
0.0,0.0,1.0,0.0,15.0,22.88,2025.0,6.0,131.0,1199.0,5.0
1.0,0.0,1.0,0.0,73097.0,11.886,2021.0,6.0,110.0,1499.0,4.0
0.0,1.0,0.0,0.0,10.0,24.75,2025.0,6.0,145.0,1199.0,3.0
0.0,0.0,1.0,0.0,69850.0,12.99,2018.0,6.0,131.0,2275.0,3.0
0.0,0.0,1.0,0.0,53000.0,13.97,2022.0,6.0,110.0,1199.0,3.0
0.0,0.0,1.0,0.0,57630.0,14.99,2022.0,6.0,131.0,2275.0,3.0
0.0,0.0,1.0,0.0,196015.0,3.25,2013.0,6.0,68.0,996.0,3.0
1.0,1.0,0.0,0.0,10.0,27.45,2025.0,6.0,144.0,1200.0,5.0
1.0,1.0,0.0,0.0,40804.0,14.5,2021.0,6.0,77.0,1.0,5.0
0.0,0.0,1.0,0.0,15.0,17.48,2025.0,6.0,101.0,1199.0,5.0
0.0,1.0,0.0,0.0,10.0,34.49,2025.0,6.0,145.0,2275.0,3.0
0.0,1.0,0.0,0.0,66509.0,13.95,2017.0,6.0,150.0,1398.0,4.0
0.0,0.0,1.0,0.0,15.0,20.48,2025.0,6.0,136.0,1199.0,5.0
0.0,1.0,0.0,0.0,85970.0,12.48,2018.0,6.0,110.0,1199.0,3.0
0.0,1.0,0.0,0.0,10.0,18.99,2025.0,6.0,110.0,1199.0,3.0
0.0,0.0,1.0,0.0,812.0,15.49,2025.0,6.0,101.0,1199.0,5.0
1.0,0.0,1.0,0.0,59965.0,13.5,2022.0,6.0,101.0,1499.0,4.0
0.0,0.0,1.0,0.0,179786.0,3.499,2014.0,6.0,82.0,1199.0,3.0
0.0,1.0,0.0,0.0,116901.0,5.888,2013.0,6.0,156.0,1598.0,4.0
0.0,0.0,1.0,0.0,205887.0,1.945,2009.0,6.0,120.0,1598.0,4.0
0.0,0.0,1.0,0.0,198989.0,3.65,2011.0,6.0,120.0,1598.0,4.0
0.0,0.0,1.0,0.0,9.0,13.9,2025.0,6.0,101.0,1199.0,3.0
0.0,0.0,1.0,0.0,10.0,12.87,2024.0,6.0,101.0,1199.0,3.0
0.0,0.0,1.0,0.0,201436.0,1.45,2009.0,6.0,95.0,1397.0,4.0
0.0,1.0,0.0,0.0,143437.0,7.799,2016.0,6.0,110.0,1199.0,3.0
0.0,1.0,0.0,0.0,18300.0,11.49,2019.0,6.0,110.0,1199.0,5.0
0.0,0.0,1.0,0.0,46735.0,14.888,2022.0,6.0,102.0,1199.0,3.0
0.0,0.0,1.0,0.0,61000.0,14.9,2022.0,6.0,131.0,1199.0,3.0
0.0,0.0,1.0,0.0,18847.0,14.79,2024.0,6.0,101.0,1199.0,3.0
0.0,0.0,1.0,0.0,45782.0,14.947,2021.0,6.0,131.0,1199.0,3.0
1.0,1.0,0.0,0.0,219299.0,5.99,2013.0,6.0,204.0,2179.0,4.0
0.0,0.0,1.0,0.0,66507.0,12.999,2018.0,6.0,131.0,1199.0,3.0
0.0,0.0,1.0,0.0,72427.0,9.99,2022.0,6.0,75.0,1199.0,3.0
0.0,1.0,0.0,0.0,50550.0,11.82,2021.0,6.0,131.0,1199.0,3.0
0.0,0.0,1.0,0.0,10119.0,18.27,2024.0,6.0,131.0,1199.0,3.0
0.0,1.0,0.0,0.0,9770.0,21.95,2024.0,6.0,131.0,1199.0,3.0
0.0,0.0,1.0,0.0,86985.0,17.49,2021.0,6.0,131.0,1199.0,5.0
0.0,0.0,1.0,0.0,61700.0,13.49,2021.0,6.0,101.0,1199.0,3.0
0.0,0.0,1.0,0.0,15.0,22.49,2025.0,6.0,101.0,1199.0,3.0
1.0,1.0,0.0,0.0,17457.0,21.433,2024.0,6.0,136.0,1199.0,3.0
0.0,1.0,0.0,0.0,37119.0,21.995,2024.0,6.0,131.0,1199.0,4.0
0.0,0.0,1.0,0.0,64058.0,12.995,2018.0,6.0,131.0,1199.0,5.0
0.0,0.0,1.0,0.0,99500.0,16.7,2018.0,6.0,131.0,1199.0,3.0
0.0,1.0,0.0,0.0,50.0,21.9,2025.0,6.0,131.0,1199.0,3.0
1.0,1.0,0.0,0.0,56539.0,17.99,2021.0,6.0,131.0,1499.0,4.0
1.0,1.0,0.0,0.0,94000.0,12.99,2017.0,6.0,179.0,1997.0,4.0
0.0,1.0,0.0,0.0,152950.0,11.745,2017.0,6.0,131.0,1199.0,3.0
0.0,0.0,1.0,0.0,7000.0,20.99,2025.0,6.0,101.0,1199.0,3.0
0.0,0.0,1.0,0.0,66280.0,15.44,2022.0,6.0,131.0,1199.0,3.0
1.0,0.0,1.0,0.0,90171.0,16.99,2021.0,6.0,131.0,1500.0,5.0
0.0,0.0,1.0,0.0,88852.0,6.99,2009.0,6.0,109.0,1587.0,4.0
0.0,0.0,1.0,0.0,16978.0,17.97,2022.0,6.0,131.0,1199.0,3.0
0.0,0.0,1.0,0.0,10216.0,12.87,2024.0,6.0,101.0,1199.0,3.0
0.0,0.0,1.0,0.0,29302.0,18.48,2022.0,6.0,131.0,1199.0,3.0
0.0,0.0,1.0,0.0,40754.0,10.99,2019.0,6.0,110.0,1199.0,5.0
0.0,0.0,1.0,0.0,75458.0,16.945,2023.0,6.0,131.0,1199.0,3.0
0.0,0.0,1.0,0.0,126514.0,5.49,2013.0,6.0,82.0,1199.0,3.0
0.0,0.0,1.0,0.0,18703.0,17.2,2024.0,6.0,101.0,1199.0,3.0
0.0,0.0,1.0,0.0,83498.0,14.745,2018.0,6.0,131.0,1199.0,3.0
0.0,0.0,1.0,0.0,10.0,17.995,2025.0,6.0,101.0,1199.0,3.0
0.0,0.0,1.0,0.0,49500.0,11.95,2021.0,6.0,75.0,1199.0,3.0
0.0,0.0,1.0,0.0,10641.0,18.9,2024.0,6.0,101.0,1199.0,3.0
1.0,1.0,0.0,0.0,22635.0,24.974,2025.0,6.0,136.0,1199.0,3.0
0.0,0.0,1.0,0.0,42000.0,15.99,2022.0,6.0,131.0,1199.0,3.0
1.0,0.0,1.0,0.0,128530.0,10.95,2022.0,6.0,102.0,1499.0,4.0
0.0,0.0,1.0,0.0,20029.0,14.59,2024.0,6.0,101.0,1199.0,3.0
0.0,1.0,0.0,0.0,1.0,22.444,2025.0,6.0,131.0,1199.0,3.0
0.0,1.0,0.0,0.0,8200.0,25.9,2024.0,6.0,131.0,1199.0,3.0
0.0,0.0,1.0,0.0,46000.0,9.95,2014.0,6.0,156.0,1598.0,4.0
0.0,0.0,1.0,0.0,152313.0,5.95,2015.0,6.0,110.0,1199.0,3.0
0.0,0.0,1.0,0.0,66607.0,13.99,2018.0,6.0,131.0,1199.0,5.0
0.0,0.0,1.0,0.0,20027.0,15.39,2023.0,6.0,131.0,1199.0,3.0
1.0,1.0,0.0,0.0,14162.0,13.99,2021.0,6.0,136.0,2275.0,5.0
0.0,0.0,1.0,0.0,93392.0,10.75,2016.0,6.0,131.0,1199.0,3.0
0.0,1.0,0.0,0.0,5274.0,30.855,2024.0,6.0,136.0,1199.0,5.0
0.0,0.0,1.0,0.0,82500.0,14.877,2020.0,6.0,131.0,1199.0,3.0
1.0,0.0,1.0,0.0,79000.0,17.6,2022.0,6.0,131.0,1499.0,4.0
0.0,1.0,0.0,0.0,73600.0,8.499,2015.0,6.0,110.0,1199.0,3.0
1.0,1.0,0.0,0.0,28477.0,24.97,2024.0,6.0,136.0,1199.0,3.0
0.0,1.0,0.0,0.0,16000.0,20.875,2024.0,6.0,131.0,1199.0,3.0
1.0,1.0,0.0,0.0,5.0,24.5,2025.0,6.0,145.0,1199.0,3.0
0.0,1.0,0.0,0.0,22000.0,22.9,2025.0,6.0,136.0,1199.0,3.0
1.0,0.0,1.0,0.0,77183.0,18.29,2022.0,6.0,131.0,1499.0,4.0
1.0,0.0,1.0,0.0,34477.0,14.49,2021.0,6.0,131.0,1499.0,4.0
1.0,1.0,0.0,0.0,52350.0,12.977,2021.0,6.0,136.0,2275.0,5.0
1.0,1.0,0.0,0.0,500.0,23.68,2025.0,6.0,145.0,1199.0,3.0
1.0,0.0,1.0,0.0,71400.0,15.9,2022.0,6.0,110.0,1499.0,4.0
0.0,0.0,1.0,0.0,10.0,17.995,2025.0,6.0,101.0,1199.0,3.0
0.0,0.0,1.0,0.0,11500.0,15.95,2024.0,6.0,101.0,1199.0,3.0
1.0,0.0,1.0,0.0,74476.0,17.49,2022.0,6.0,131.0,1499.0,4.0
0.0,0.0,1.0,0.0,10.0,15.89,2025.0,6.0,101.0,1199.0,3.0
0.0,0.0,1.0,0.0,94396.0,11.49,2017.0,6.0,205.0,1598.0,5.0
0.0,0.0,1.0,0.0,61968.0,11.95,2020.0,6.0,101.0,1199.0,3.0
0.0,1.0,0.0,0.0,125000.0,15.99,2021.0,6.0,181.0,1598.0,4.0
1.0,0.0,1.0,0.0,118312.0,15.0,2022.0,6.0,131.0,1499.0,4.0
0.0,0.0,1.0,0.0,60774.0,14.49,2022.0,6.0,101.0,1199.0,3.0
1.0,0.0,1.0,0.0,40993.0,21.83,2023.0,6.0,131.0,1499.0,4.0
0.0,1.0,0.0,0.0,91000.0,5.95,2008.0,6.0,120.0,1598.0,4.0
1.0,1.0,0.0,0.0,149252.0,7.99,2015.0,6.0,120.0,1560.0,4.0
0.0,0.0,1.0,0.0,91976.0,13.499,2017.0,6.0,131.0,1199.0,3.0
0.0,1.0,0.0,0.0,49730.0,10.99,2016.0,6.0,110.0,1199.0,3.0
0.0,0.0,1.0,0.0,24488.0,19.79,2025.0,6.0,101.0,1199.0,5.0
1.0,0.0,1.0,0.0,94716.0,16.9,2019.0,6.0,131.0,1499.0,4.0
0.0,0.0,1.0,0.0,24514.0,14.94,2021.0,6.0,101.0,1199.0,3.0
0.0,1.0,0.0,0.0,110548.0,14.4,2018.0,6.0,131.0,1199.0,3.0
1.0,0.0,1.0,0.0,113404.0,14.75,2022.0,6.0,131.0,1499.0,4.0
0.0,0.0,1.0,0.0,29071.0,20.38,2023.0,6.0,131.0,1199.0,5.0
0.0,0.0,1.0,0.0,47350.0,11.0,2020.0,6.0,75.0,1199.0,3.0
1.0,1.0,0.0,0.0,2000.0,38.47,2025.0,6.0,145.0,1199.0,3.0
0.0,0.0,1.0,0.0,73430.0,16.93,2023.0,6.0,110.0,1199.0,3.0
0.0,0.0,1.0,0.0,21890.0,15.59,2023.0,6.0,131.0,1199.0,3.0
0.0,0.0,1.0,0.0,29965.0,17.47,2023.0,6.0,101.0,1199.0,3.0
0.0,0.0,1.0,0.0,133514.0,6.999,2016.0,6.0,110.0,1199.0,3.0
0.0,0.0,1.0,0.0,63920.0,13.5,2020.0,6.0,102.0,1199.0,3.0
0.0,0.0,1.0,0.0,25900.0,18.84,2024.0,6.0,101.0,1199.0,3.0
0.0,1.0,0.0,0.0,16250.0,29.995,2024.0,6.0,136.0,1199.0,3.0
0.0,1.0,0.0,0.0,62564.0,14.0,2017.0,6.0,131.0,1199.0,5.0
0.0,0.0,1.0,0.0,58900.0,15.99,2022.0,6.0,131.0,1199.0,3.0
1.0,1.0,0.0,0.0,36400.0,12.99,2021.0,6.0,77.0,2275.0,5.0
0.0,1.0,0.0,0.0,110980.0,15.45,2020.0,6.0,131.0,1199.0,3.0
1.0,1.0,0.0,0.0,69610.0,24.019,2023.0,6.0,150.0,1598.0,4.0
1.0,1.0,0.0,0.0,12030.0,29.99,2024.0,6.0,136.0,1199.0,5.0
0.0,1.0,0.0,0.0,9236.0,20.99,2024.0,6.0,136.0,1199.0,3.0
0.0,0.0,1.0,0.0,17521.0,13.89,2023.0,6.0,75.0,1199.0,5.0
1.0,0.0,1.0,0.0,101516.0,16.75,2021.0,6.0,131.0,1499.0,5.0
0.0,0.0,1.0,0.0,42122.0,13.99,2022.0,6.0,101.0,1199.0,5.0
1.0,1.0,0.0,0.0,97350.0,16.37,2020.0,6.0,131.0,1499.0,4.0
0.0,0.0,1.0,0.0,12323.0,15.9,2025.0,6.0,101.0,1199.0,3.0
1.0,1.0,0.0,0.0,50.0,30.49,2025.0,6.0,145.0,1200.0,5.0
1.0,1.0,0.0,0.0,10.0,18.721,2025.0,6.0,136.0,1199.0,3.0
1.0,0.0,1.0,0.0,30000.0,19.99,2022.0,6.0,131.0,2275.0,4.0
1.0,1.0,0.0,0.0,10.0,25.95,2025.0,6.0,145.0,1199.0,3.0
0.0,0.0,1.0,0.0,86107.0,10.89,2021.0,6.0,101.0,1199.0,3.0
1.0,1.0,0.0,0.0,10.0,28.45,2025.0,6.0,145.0,1199.0,3.0
0.0,0.0,1.0,0.0,13700.0,14.7,2023.0,6.0,101.0,1199.0,3.0
0.0,1.0,0.0,0.0,99999.0,11.999,2015.0,6.0,131.0,1199.0,3.0
0.0,0.0,1.0,0.0,46936.0,11.995,2019.0,6.0,131.0,1199.0,5.0
0.0,0.0,1.0,0.0,57180.0,14.99,2022.0,6.0,131.0,1199.0,3.0
0.0,0.0,1.0,0.0,65650.0,11.99,2019.0,6.0,131.0,1199.0,5.0
0.0,0.0,1.0,0.0,95986.0,13.945,2020.0,6.0,131.0,1199.0,3.0
1.0,0.0,1.0,0.0,78615.0,15.46,2022.0,6.0,110.0,1499.0,5.0
0.0,1.0,0.0,0.0,92139.0,9.95,2018.0,6.0,110.0,1199.0,3.0
0.0,0.0,1.0,0.0,44611.0,16.48,2021.0,6.0,131.0,1199.0,3.0
0.0,0.0,1.0,0.0,31812.0,15.99,2024.0,6.0,101.0,1199.0,3.0
0.0,0.0,1.0,0.0,14320.0,18.75,2024.0,6.0,131.0,1199.0,5.0
1.0,1.0,0.0,0.0,99000.0,8.99,2016.0,6.0,120.0,1560.0,5.0
0.0,1.0,0.0,0.0,18123.0,28.975,2024.0,6.0,136.0,1200.0,3.0
0.0,0.0,1.0,0.0,83670.0,12.8,2018.0,6.0,131.0,1199.0,5.0
0.0,1.0,0.0,0.0,500.0,39.48,2025.0,6.0,136.0,1199.0,3.0
0.0,0.0,1.0,0.0,20379.0,14.49,2024.0,6.0,101.0,1199.0,3.0
0.0,0.0,1.0,0.0,9800.0,16.0,2024.0,6.0,101.0,1199.0,5.0
0.0,0.0,1.0,0.0,84265.0,12.99,2020.0,6.0,101.0,1199.0,5.0
1.0,0.0,1.0,0.0,53.0,28.97,2025.0,6.0,131.0,1499.0,5.0
1.0,0.0,1.0,0.0,55100.0,13.99,2021.0,6.0,131.0,1499.0,5.0
0.0,0.0,1.0,0.0,37000.0,11.99,2017.0,6.0,110.0,1199.0,3.0
1.0,1.0,0.0,0.0,7100.0,27.39,2024.0,6.0,145.0,1200.0,5.0
0.0,0.0,1.0,0.0,199487.0,11.9,2018.0,6.0,131.0,1199.0,3.0
0.0,0.0,1.0,0.0,23604.0,19.99,2022.0,6.0,131.0,1199.0,5.0
0.0,1.0,0.0,0.0,6502.0,27.785,2024.0,6.0,131.0,1199.0,5.0
0.0,0.0,1.0,0.0,13000.0,12.89,2024.0,6.0,101.0,1199.0,3.0
1.0,0.0,1.0,0.0,44015.0,13.995,2021.0,6.0,131.0,1499.0,4.0
0.0,1.0,0.0,0.0,26906.0,21.99,2024.0,6.0,136.0,1199.0,3.0
1.0,0.0,1.0,0.0,99624.0,13.99,2021.0,6.0,110.0,1499.0,4.0
0.0,0.0,1.0,0.0,87019.0,16.49,2023.0,6.0,131.0,1199.0,3.0
0.0,1.0,0.0,0.0,3000.0,24.59,2025.0,6.0,145.0,1199.0,3.0
0.0,0.0,1.0,0.0,66079.0,13.99,2020.0,6.0,101.0,1199.0,3.0
0.0,0.0,1.0,0.0,131793.0,6.95,2016.0,6.0,131.0,1199.0,3.0
0.0,0.0,1.0,0.0,10.0,15.99,2025.0,6.0,101.0,1199.0,3.0
0.0,1.0,0.0,0.0,29502.0,27.789,2024.0,6.0,136.0,1199.0,5.0
1.0,0.0,1.0,0.0,67357.0,18.99,2021.0,6.0,131.0,1499.0,5.0
0.0,0.0,1.0,0.0,27932.0,17.75,2020.0,6.0,131.0,1199.0,3.0
0.0,1.0,0.0,0.0,4950.0,26.99,2024.0,6.0,136.0,1199.0,3.0
0.0,0.0,1.0,0.0,71651.0,11.39,2019.0,6.0,131.0,1199.0,3.0
0.0,0.0,1.0,0.0,90571.0,17.9,2022.0,6.0,131.0,1199.0,3.0
0.0,0.0,1.0,0.0,77168.0,12.99,2021.0,6.0,101.0,1199.0,5.0
0.0,0.0,1.0,0.0,10968.0,14.697,2025.0,6.0,101.0,1199.0,3.0
1.0,1.0,0.0,0.0,5.0,25.49,2025.0,6.0,145.0,1199.0,5.0
0.0,0.0,1.0,0.0,67818.0,19.22,2022.0,6.0,131.0,1199.0,3.0
1.0,1.0,0.0,0.0,86554.0,19.5,2022.0,6.0,131.0,1499.0,4.0
0.0,0.0,1.0,0.0,4240.0,20.89,2025.0,6.0,101.0,1199.0,5.0
0.0,0.0,1.0,0.0,60729.0,17.399,2022.0,6.0,131.0,1199.0,3.0
0.0,0.0,1.0,0.0,44099.0,13.9,2023.0,6.0,75.0,1199.0,3.0
0.0,1.0,0.0,0.0,10.0,30.995,2025.0,6.0,145.0,1199.0,3.0
0.0,0.0,1.0,0.0,6560.0,18.9,2024.0,6.0,101.0,1199.0,3.0
1.0,1.0,0.0,0.0,10.0,23.5,2025.0,6.0,110.0,1199.0,3.0
0.0,1.0,0.0,0.0,51.0,36.49,2025.0,6.0,136.0,1199.0,3.0
0.0,1.0,0.0,0.0,10.0,22.98,2025.0,6.0,145.0,1199.0,3.0
0.0,0.0,1.0,0.0,13633.0,12.87,2024.0,6.0,101.0,1199.0,3.0
0.0,0.0,1.0,0.0,70485.0,17.93,2023.0,6.0,110.0,1199.0,3.0
1.0,0.0,1.0,0.0,104211.0,15.55,2018.0,6.0,131.0,1499.0,5.0
0.0,0.0,1.0,0.0,13398.0,20.99,2022.0,6.0,131.0,1199.0,5.0
0.0,0.0,1.0,0.0,25927.0,19.99,2024.0,6.0,131.0,2275.0,4.0
0.0,1.0,0.0,0.0,33638.0,22.9,2023.0,6.0,131.0,1199.0,3.0
0.0,0.0,1.0,0.0,18900.0,17.5,2024.0,6.0,101.0,1199.0,3.0
1.0,1.0,0.0,0.0,30066.0,15.98,2021.0,6.0,136.0,2275.0,5.0
1.0,0.0,1.0,0.0,59230.0,19.39,2022.0,6.0,131.0,1499.0,4.0
1.0,1.0,0.0,0.0,9400.0,17.975,2021.0,6.0,136.0,2275.0,5.0
0.0,0.0,1.0,0.0,33855.0,16.1,2024.0,6.0,101.0,1199.0,3.0
0.0,1.0,0.0,0.0,18950.0,18.99,2017.0,6.0,165.0,1598.0,4.0
0.0,0.0,1.0,0.0,103178.0,13.845,2021.0,6.0,101.0,1199.0,3.0
0.0,1.0,0.0,0.0,49064.0,15.9,2023.0,6.0,131.0,1199.0,5.0
1.0,1.0,0.0,0.0,280.0,34.95,2025.0,6.0,136.0,1199.0,3.0
1.0,1.0,0.0,0.0,32020.0,25.0,2024.0,6.0,136.0,1199.0,5.0
0.0,0.0,1.0,0.0,18603.0,17.2,2024.0,6.0,101.0,1199.0,3.0
0.0,0.0,1.0,0.0,75474.0,19.99,2021.0,6.0,131.0,1198.0,5.0
1.0,1.0,0.0,0.0,74029.0,13.65,2021.0,6.0,136.0,2275.0,5.0
1.0,0.0,1.0,0.0,61.0,26.97,2025.0,6.0,131.0,1499.0,5.0
0.0,0.0,1.0,0.0,33555.0,19.45,2024.0,6.0,131.0,2275.0,4.0
0.0,0.0,1.0,0.0,8985.0,17.449,2024.0,6.0,101.0,1199.0,3.0
1.0,0.0,1.0,0.0,90000.0,14.95,2021.0,6.0,102.0,1499.0,4.0
1.0,1.0,0.0,0.0,20262.0,20.95,2024.0,6.0,136.0,2275.0,0.0
0.0,1.0,0.0,0.0,222681.0,5.95,2009.0,6.0,140.0,1997.0,4.0
0.0,0.0,1.0,0.0,18630.0,18.95,2023.0,6.0,131.0,1199.0,3.0
0.0,1.0,0.0,0.0,10.0,31.99,2025.0,6.0,144.0,1199.0,3.0
0.0,0.0,1.0,0.0,28377.0,22.99,2022.0,6.0,131.0,1199.0,5.0
0.0,1.0,0.0,0.0,10.0,31.94,2025.0,6.0,145.0,1199.0,3.0
0.0,0.0,1.0,0.0,27681.0,19.77,2024.0,6.0,131.0,1199.0,3.0
0.0,0.0,1.0,0.0,25870.0,16.95,2023.0,6.0,131.0,1199.0,5.0
0.0,1.0,0.0,0.0,75000.0,17.99,2019.0,6.0,181.0,2275.0,5.0
1.0,0.0,1.0,0.0,48745.0,18.5,2022.0,6.0,110.0,1499.0,4.0
1.0,1.0,0.0,0.0,10.0,24.5,2025.0,6.0,145.0,1199.0,3.0
1.0,1.0,0.0,0.0,35290.0,24.98,2024.0,6.0,136.0,1199.0,5.0
0.0,0.0,1.0,0.0,16858.0,18.695,2024.0,6.0,131.0,1199.0,5.0
0.0,0.0,1.0,0.0,40455.0,20.888,2022.0,6.0,131.0,1199.0,3.0
1.0,0.0,1.0,0.0,75788.0,18.65,2022.0,6.0,131.0,1500.0,4.0
0.0,0.0,1.0,0.0,60200.0,14.1,2019.0,6.0,131.0,2275.0,3.0
0.0,0.0,1.0,0.0,185173.0,3.95,2014.0,6.0,131.0,1199.0,3.0
0.0,0.0,1.0,0.0,86795.0,7.945,2016.0,6.0,131.0,1199.0,3.0
0.0,0.0,1.0,0.0,119241.0,4.75,2013.0,6.0,68.0,999.0,3.0
1.0,1.0,0.0,0.0,10.0,30.62,2025.0,6.0,145.0,1199.0,5.0
0.0,1.0,0.0,0.0,85574.0,18.94,2021.0,6.0,131.0,1199.0,3.0
0.0,0.0,1.0,0.0,206847.0,1.595,2008.0,6.0,95.0,1397.0,4.0
1.0,0.0,1.0,0.0,55000.0,18.99,2022.0,6.0,131.0,1499.0,4.0
0.0,0.0,1.0,0.0,5.0,20.95,2025.0,6.0,102.0,1199.0,3.0
0.0,0.0,1.0,0.0,85424.0,16.49,2021.0,6.0,131.0,1199.0,5.0
1.0,1.0,0.0,0.0,24697.0,26.0,2024.0,6.0,136.0,1199.0,3.0
1.0,1.0,0.0,0.0,39873.0,21.99,2020.0,6.0,136.0,2275.0,5.0
1.0,1.0,0.0,0.0,16565.0,22.99,2025.0,6.0,136.0,1199.0,3.0
1.0,1.0,0.0,0.0,82954.0,19.65,2021.0,6.0,224.0,1598.0,5.0
0.0,1.0,0.0,0.0,56260.0,14.987,2020.0,6.0,101.0,1199.0,3.0
1.0,1.0,0.0,0.0,210288.0,6.499,2017.0,6.0,120.0,1560.0,4.0
0.0,0.0,1.0,0.0,87359.0,19.75,2023.0,6.0,131.0,1199.0,3.0
1.0,1.0,0.0,0.0,11053.0,20.95,2025.0,6.0,136.0,2275.0,0.0
0.0,1.0,0.0,0.0,30134.0,20.785,2024.0,6.0,131.0,1199.0,5.0
0.0,0.0,1.0,0.0,221395.0,1.495,2009.0,6.0,95.0,1397.0,4.0
1.0,1.0,0.0,0.0,4935.0,24.99,2025.0,6.0,136.0,1199.0,5.0
0.0,0.0,1.0,0.0,39985.0,19.49,2022.0,6.0,131.0,1199.0,5.0
0.0,0.0,1.0,0.0,10.0,16.99,2025.0,6.0,101.0,1199.0,3.0
1.0,1.0,0.0,0.0,10.0,32.836,2025.0,6.0,145.0,1199.0,5.0
0.0,0.0,1.0,0.0,100.0,17.39,2025.0,6.0,101.0,1199.0,3.0
0.0,0.0,1.0,0.0,25927.0,19.99,2024.0,6.0,131.0,2275.0,4.0
0.0,0.0,1.0,0.0,10.0,18.5,2024.0,6.0,101.0,1199.0,3.0
0.0,0.0,1.0,0.0,130506.0,13.45,2022.0,6.0,101.0,1199.0,3.0
0.0,1.0,0.0,0.0,34114.0,21.68,2021.0,6.0,131.0,1199.0,5.0
0.0,0.0,1.0,0.0,14200.0,16.0,2023.0,6.0,101.0,1199.0,3.0
0.0,0.0,1.0,0.0,13044.0,24.75,2025.0,6.0,131.0,1199.0,3.0
1.0,1.0,0.0,0.0,500.0,20.97,2025.0,6.0,101.0,1199.0,3.0
0.0,0.0,1.0,0.0,20000.0,19.59,2022.0,6.0,131.0,1199.0,3.0
1.0,0.0,1.0,0.0,139900.0,8.9,2014.0,6.0,92.0,1560.0,5.0
1.0,1.0,0.0,0.0,49245.0,12.99,2021.0,6.0,136.0,2275.0,5.0
0.0,0.0,1.0,0.0,147893.0,2.95,2010.0,6.0,75.0,1360.0,4.0
0.0,0.0,1.0,0.0,32060.0,18.29,2024.0,6.0,101.0,1199.0,5.0
1.0,1.0,0.0,0.0,129051.0,24.999,2012.0,6.0,245.0,2967.0,6.0
0.0,1.0,0.0,0.0,87000.0,47.99,2019.0,6.0,245.0,2275.0,5.0
1.0,1.0,0.0,0.0,156800.0,38.8,2016.0,6.0,211.0,2275.0,5.0
1.0,0.0,1.0,0.0,208982.0,3.885,2015.0,6.0,90.0,1461.0,4.0
1.0,0.0,1.0,0.0,221000.0,3.885,2015.0,6.0,90.0,1461.0,4.0
1.0,0.0,1.0,0.0,223836.0,3.98,2015.0,6.0,110.0,1461.0,4.0
0.0,0.0,1.0,0.0,97800.0,8.999,2017.0,6.0,132.0,1197.0,4.0
1.0,1.0,0.0,0.0,1.0,21.99,2025.0,6.0,94.0,1598.0,5.0
0.0,0.0,1.0,0.0,206077.0,1.499,2009.0,6.0,131.0,1397.0,4.0
0.0,0.0,1.0,0.0,12267.0,18.9,2025.0,6.0,91.0,999.0,3.0
0.0,0.0,1.0,0.0,77000.0,5.999,2016.0,6.0,116.0,1197.0,4.0
1.0,1.0,0.0,0.0,124243.0,3.95,2013.0,6.0,88.0,2275.0,5.0
1.0,0.0,1.0,0.0,29415.0,21.9,2024.0,6.0,131.0,1199.0,3.0
1.0,1.0,0.0,0.0,19554.0,23.99,2023.0,6.0,131.0,1199.0,3.0
0.0,0.0,1.0,0.0,164000.0,1.6,2009.0,6.0,111.0,1598.0,4.0
0.0,0.0,1.0,0.0,140378.0,6.395,2014.0,6.0,90.0,898.0,3.0
1.0,0.0,1.0,0.0,154020.0,9.99,2016.0,6.0,110.0,1461.0,4.0
1.0,1.0,0.0,0.0,25184.0,8.77,2019.0,6.0,58.0,2275.0,5.0
1.0,0.0,1.0,0.0,22224.0,15.99,2021.0,6.0,140.0,1332.0,4.0
0.0,0.0,1.0,0.0,143929.0,7.95,2018.0,6.0,116.0,1332.0,4.0
1.0,0.0,1.0,0.0,11694.0,22.9,2024.0,6.0,131.0,1199.0,3.0
0.0,1.0,0.0,0.0,17492.0,21.5,2023.0,6.0,158.0,1338.0,4.0
1.0,0.0,1.0,0.0,10.0,15.99,2025.0,6.0,101.0,999.0,3.0
1.0,0.0,1.0,0.0,24619.0,17.9,2024.0,6.0,101.0,999.0,3.0
0.0,0.0,1.0,0.0,132377.0,9.89,2018.0,6.0,114.0,1197.0,4.0
1.0,1.0,0.0,0.0,136950.0,15.99,2020.0,6.0,200.0,1997.0,4.0
0.0,0.0,1.0,0.0,111948.0,1.299,2025.0,6.0,107.0,1598.0,5.0
0.0,0.0,1.0,0.0,16894.0,17.99,2022.0,6.0,140.0,1332.0,4.0
1.0,0.0,1.0,0.0,15000.0,12.99,2024.0,6.0,91.0,999.0,3.0
1.0,0.0,1.0,0.0,74000.0,13.5,2022.0,6.0,101.0,999.0,3.0
1.0,0.0,1.0,0.0,50.0,20.9,2025.0,6.0,101.0,999.0,3.0
1.0,1.0,0.0,0.0,78817.0,20.99,2022.0,6.0,145.0,1598.0,4.0
0.0,0.0,1.0,0.0,104600.0,10.99,2018.0,6.0,131.0,2275.0,4.0
1.0,0.0,1.0,0.0,3.0,15.9,2025.0,6.0,91.0,999.0,3.0
1.0,1.0,0.0,0.0,120000.0,15.45,2018.0,6.0,177.0,1995.0,4.0
1.0,1.0,0.0,0.0,70663.0,15.99,2022.0,6.0,131.0,2275.0,5.0
1.0,0.0,1.0,0.0,114318.0,6.95,2011.0,6.0,150.0,1995.0,4.0
0.0,0.0,1.0,0.0,128727.0,9.445,2016.0,6.0,132.0,1197.0,4.0
1.0,1.0,0.0,0.0,1.0,28.5,2025.0,6.0,150.0,1298.0,5.0
1.0,0.0,1.0,0.0,18459.0,17.29,2025.0,6.0,101.0,999.0,3.0
1.0,1.0,0.0,0.0,83283.0,16.95,2017.0,6.0,177.0,1995.0,4.0
1.0,1.0,0.0,0.0,47309.0,16.89,2021.0,6.0,158.0,1598.0,5.0
1.0,0.0,1.0,0.0,54340.0,12.9,2023.0,6.0,101.0,999.0,3.0
0.0,0.0,1.0,0.0,75695.0,9.95,2020.0,6.0,90.0,898.0,3.0
1.0,1.0,0.0,0.0,68500.0,6.98,2017.0,6.0,58.0,2275.0,5.0
1.0,1.0,0.0,0.0,10.0,26.69,2025.0,6.0,122.0,2275.0,5.0
0.0,0.0,1.0,0.0,14099.0,13.99,2024.0,6.0,67.0,999.0,3.0
1.0,1.0,0.0,0.0,31368.0,8.75,2020.0,6.0,69.0,2275.0,5.0
0.0,0.0,1.0,0.0,34362.0,10.995,2021.0,6.0,67.0,999.0,3.0
0.0,0.0,1.0,0.0,13861.0,23.882,2023.0,6.0,140.0,1332.0,4.0
1.0,0.0,1.0,0.0,42208.0,17.29,2023.0,6.0,101.0,999.0,3.0
1.0,1.0,0.0,0.0,4590.0,41.75,2025.0,6.0,200.0,1199.0,5.0
0.0,0.0,1.0,0.0,63500.0,14.977,2021.0,6.0,140.0,1333.0,4.0
0.0,0.0,1.0,0.0,12468.0,15.49,2023.0,6.0,91.0,999.0,3.0
1.0,1.0,0.0,0.0,3950.0,35.998,2024.0,6.0,200.0,1199.0,3.0
1.0,1.0,0.0,0.0,7400.0,25.5,2025.0,6.0,94.0,1598.0,4.0
1.0,1.0,0.0,0.0,97716.0,18.998,2020.0,6.0,200.0,1997.0,4.0
1.0,0.0,1.0,0.0,50.0,16.9,2025.0,6.0,101.0,999.0,3.0
1.0,1.0,0.0,0.0,33024.0,11.5,2022.0,6.0,69.0,2275.0,5.0
0.0,1.0,0.0,0.0,8000.0,23.98,2025.0,6.0,91.0,999.0,5.0
0.0,0.0,1.0,0.0,2.0,14.9,2024.0,6.0,91.0,999.0,3.0
0.0,0.0,1.0,0.0,46468.0,14.999,2024.0,6.0,91.0,999.0,3.0
1.0,0.0,1.0,0.0,175942.0,5.999,2014.0,6.0,131.0,1598.0,4.0
1.0,0.0,1.0,0.0,93543.0,16.999,2020.0,6.0,150.0,1749.0,4.0
0.0,0.0,1.0,0.0,96070.0,9.999,2017.0,6.0,131.0,1197.0,4.0
1.0,0.0,1.0,0.0,10.0,21.6,2025.0,6.0,101.0,999.0,3.0
0.0,0.0,1.0,0.0,26464.0,19.9,2022.0,6.0,131.0,1332.0,4.0
0.0,1.0,0.0,0.0,3900.0,33.99,2025.0,6.0,158.0,1332.0,4.0
0.0,1.0,0.0,0.0,72670.0,16.999,2020.0,6.0,131.0,1332.0,4.0
0.0,0.0,1.0,0.0,9999.0,15.95,2025.0,6.0,91.0,999.0,3.0
0.0,0.0,1.0,0.0,85001.0,10.101,2019.0,6.0,116.0,1332.0,4.0
1.0,1.0,0.0,0.0,1924.0,34.5,2025.0,6.0,150.0,2275.0,5.0
0.0,0.0,1.0,0.0,51413.0,15.95,2023.0,6.0,140.0,1332.0,4.0
0.0,1.0,0.0,0.0,8112.0,24.9,2025.0,6.0,158.0,1332.0,3.0
0.0,0.0,1.0,0.0,30768.0,13.9,2024.0,6.0,91.0,999.0,3.0
1.0,1.0,0.0,0.0,99718.0,13.98,2016.0,6.0,160.0,1598.0,4.0
1.0,1.0,0.0,0.0,30098.0,26.612,2021.0,6.0,200.0,1997.0,5.0
0.0,1.0,0.0,0.0,42655.0,21.99,2022.0,6.0,158.0,1332.0,4.0
1.0,1.0,0.0,0.0,58544.0,17.71,2022.0,6.0,131.0,2275.0,5.0
0.0,0.0,1.0,0.0,67309.0,11.795,2021.0,6.0,91.0,999.0,3.0
1.0,1.0,0.0,0.0,197538.0,13.99,2019.0,6.0,190.0,1997.0,5.0
0.0,1.0,0.0,0.0,65674.0,17.99,2022.0,6.0,140.0,1333.0,4.0
1.0,1.0,0.0,0.0,10.0,29.99,2025.0,6.0,122.0,2275.0,5.0
0.0,0.0,1.0,0.0,94462.0,8.95,2019.0,6.0,90.0,898.0,3.0
1.0,1.0,0.0,0.0,39717.0,27.95,2024.0,6.0,200.0,1200.0,5.0
0.0,0.0,1.0,0.0,9984.0,18.888,2025.0,6.0,91.0,999.0,3.0
1.0,1.0,0.0,0.0,84470.0,9.45,2021.0,6.0,69.0,2275.0,5.0
1.0,1.0,0.0,0.0,107583.0,15.99,2020.0,6.0,150.0,1749.0,4.0
0.0,0.0,1.0,0.0,109808.0,9.999,2018.0,6.0,101.0,1198.0,4.0
0.0,1.0,0.0,0.0,91150.0,9.999,2017.0,6.0,118.0,1197.0,4.0
1.0,1.0,0.0,0.0,10.0,28.49,2025.0,6.0,122.0,2275.0,5.0
1.0,1.0,0.0,0.0,19000.0,17.35,2022.0,6.0,140.0,1598.0,4.0
1.0,1.0,0.0,0.0,47975.0,16.99,2022.0,6.0,131.0,2275.0,5.0
1.0,1.0,0.0,0.0,13513.0,18.99,2022.0,6.0,131.0,2275.0,5.0
1.0,0.0,1.0,0.0,13100.0,23.8,2024.0,6.0,131.0,1199.0,3.0
1.0,1.0,0.0,0.0,10.0,27.49,2025.0,6.0,106.0,2275.0,5.0
1.0,0.0,1.0,0.0,27705.0,15.45,2024.0,6.0,101.0,999.0,3.0
0.0,0.0,1.0,0.0,13980.0,11.712,2021.0,6.0,91.0,999.0,3.0
0.0,1.0,0.0,0.0,54975.0,24.98,2023.0,6.0,158.0,1332.0,4.0
1.0,0.0,1.0,0.0,29000.0,16.49,2024.0,6.0,91.0,999.0,3.0
0.0,0.0,1.0,0.0,30654.0,13.9,2024.0,6.0,91.0,999.0,3.0
1.0,1.0,0.0,0.0,157416.0,13.99,2015.0,6.0,160.0,1598.0,5.0
0.0,0.0,1.0,0.0,10187.0,16.5,2025.0,6.0,91.0,999.0,3.0
0.0,0.0,1.0,0.0,38309.0,15.5,2022.0,6.0,91.0,999.0,3.0
0.0,1.0,0.0,0.0,51051.0,13.75,2018.0,6.0,118.0,1197.0,5.0
1.0,1.0,0.0,0.0,1.0,21.8,2025.0,6.0,143.0,1598.0,4.0
1.0,1.0,0.0,0.0,14000.0,29.95,2024.0,6.0,145.0,1598.0,4.0
0.0,0.0,1.0,0.0,20427.0,18.79,2025.0,6.0,91.0,999.0,3.0
0.0,0.0,1.0,0.0,109852.0,14.52,2023.0,6.0,140.0,1333.0,4.0
0.0,0.0,1.0,0.0,92610.0,10.79,2018.0,6.0,118.0,1197.0,4.0
1.0,0.0,1.0,0.0,48391.0,15.49,2021.0,6.0,101.0,999.0,3.0
0.0,0.0,1.0,0.0,133000.0,7.99,2014.0,6.0,114.0,1197.0,4.0
1.0,1.0,0.0,0.0,38259.0,8.945,2020.0,6.0,109.0,2275.0,5.0
1.0,1.0,0.0,0.0,78556.0,20.8,2020.0,6.0,190.0,1997.0,4.0
1.0,1.0,0.0,0.0,12804.0,28.95,2024.0,6.0,220.0,2275.0,5.0
0.0,0.0,1.0,0.0,34920.0,13.4,2019.0,6.0,131.0,1332.0,4.0
1.0,1.0,0.0,0.0,36282.0,17.99,2022.0,6.0,131.0,2275.0,5.0
0.0,0.0,1.0,0.0,26061.0,14.45,2020.0,6.0,140.0,1333.0,4.0
0.0,0.0,1.0,0.0,2025.0,15.99,2023.0,6.0,91.0,999.0,3.0
0.0,0.0,1.0,0.0,5860.0,15.99,2024.0,6.0,91.0,999.0,3.0
1.0,1.0,0.0,0.0,90000.0,14.89,2020.0,6.0,120.0,1749.0,4.0
0.0,1.0,0.0,0.0,25505.0,28.68,2025.0,6.0,158.0,1332.0,4.0
1.0,1.0,0.0,0.0,22344.0,23.888,2022.0,6.0,219.0,2275.0,5.0
1.0,1.0,0.0,0.0,37020.0,34.95,2024.0,6.0,131.0,1199.0,3.0
1.0,1.0,0.0,0.0,25914.0,25.98,2023.0,6.0,158.0,1332.0,5.0
1.0,0.0,1.0,0.0,60704.0,15.7,2023.0,6.0,140.0,1333.0,4.0
0.0,0.0,1.0,0.0,78788.0,12.99,2021.0,6.0,91.0,999.0,5.0
1.0,1.0,0.0,0.0,22900.0,18.99,2022.0,6.0,131.0,2275.0,5.0
1.0,1.0,0.0,0.0,50970.0,19.99,2022.0,6.0,145.0,1598.0,5.0
1.0,0.0,1.0,0.0,37.0,17.9,2025.0,6.0,91.0,999.0,3.0
1.0,1.0,0.0,0.0,45766.0,19.99,2022.0,6.0,140.0,1332.0,5.0
0.0,0.0,1.0,0.0,86195.0,15.095,2019.0,6.0,140.0,1332.0,5.0
1.0,0.0,1.0,0.0,62941.0,15.89,2022.0,6.0,101.0,999.0,3.0
1.0,1.0,0.0,0.0,1.0,27.9,2025.0,6.0,145.0,2275.0,5.0
0.0,0.0,1.0,0.0,119867.0,12.95,2019.0,6.0,141.0,1332.0,4.0
0.0,1.0,0.0,0.0,28300.0,26.9,2022.0,6.0,158.0,1332.0,4.0
1.0,1.0,0.0,0.0,62090.0,8.27,2019.0,6.0,109.0,2275.0,5.0
1.0,0.0,1.0,0.0,37341.0,15.9,2021.0,6.0,101.0,999.0,3.0
1.0,1.0,0.0,0.0,10.0,30.19,2025.0,6.0,122.0,2275.0,5.0
0.0,1.0,0.0,0.0,39529.0,21.95,2022.0,6.0,158.0,1332.0,4.0
0.0,1.0,0.0,0.0,50.0,29.999,2024.0,6.0,158.0,1332.0,5.0
1.0,1.0,0.0,0.0,45000.0,10.88,2020.0,6.0,69.0,2275.0,5.0
1.0,1.0,0.0,0.0,25.0,29.777,2025.0,6.0,143.0,1598.0,4.0
1.0,1.0,0.0,0.0,70500.0,12.9,2021.0,6.0,94.0,1598.0,5.0
1.0,1.0,0.0,0.0,20550.0,37.89,2024.0,6.0,200.0,1199.0,3.0
1.0,1.0,0.0,0.0,18735.0,23.95,2024.0,6.0,140.0,1332.0,4.0
0.0,1.0,0.0,0.0,65400.0,10.999,2015.0,6.0,120.0,1197.0,4.0
1.0,0.0,1.0,0.0,12000.0,17.9,2025.0,6.0,101.0,999.0,5.0
1.0,1.0,0.0,0.0,139480.0,17.201,2021.0,6.0,190.0,1997.0,4.0
1.0,1.0,0.0,0.0,128710.0,19.501,2020.0,6.0,190.0,1997.0,4.0
0.0,0.0,1.0,0.0,151303.0,6.999,2015.0,6.0,116.0,1198.0,4.0
1.0,0.0,1.0,0.0,25000.0,16.49,2024.0,6.0,91.0,999.0,3.0
0.0,0.0,1.0,0.0,40750.0,16.9,2024.0,6.0,91.0,999.0,3.0
0.0,0.0,1.0,0.0,103915.0,2.95,2008.0,6.0,75.0,1149.0,4.0
1.0,0.0,1.0,0.0,218000.0,3.99,2014.0,6.0,110.0,1461.0,4.0
0.0,1.0,0.0,0.0,12302.0,25.9,2025.0,6.0,158.0,1332.0,5.0
1.0,1.0,0.0,0.0,48255.0,10.595,2019.0,6.0,109.0,2275.0,5.0
1.0,1.0,0.0,0.0,10.0,39.998,2025.0,6.0,200.0,1199.0,3.0
1.0,0.0,1.0,0.0,122974.0,11.49,2021.0,6.0,116.0,1461.0,4.0
0.0,0.0,1.0,0.0,37816.0,14.5,2022.0,6.0,91.0,999.0,3.0
0.0,0.0,1.0,0.0,6325.0,19.9,2025.0,6.0,91.0,999.0,3.0
0.0,1.0,0.0,0.0,29200.0,19.9,2021.0,6.0,140.0,1333.0,4.0
0.0,0.0,1.0,0.0,71330.0,15.98,2023.0,6.0,140.0,1332.0,4.0
1.0,1.0,0.0,0.0,18539.0,23.99,2023.0,6.0,218.0,2275.0,5.0
1.0,0.0,1.0,0.0,114944.0,9.995,2016.0,6.0,110.0,1461.0,4.0
0.0,0.0,1.0,0.0,52000.0,11.99,2017.0,6.0,101.0,1197.0,4.0
0.0,0.0,1.0,0.0,1300.0,16.5,2025.0,6.0,91.0,999.0,3.0
1.0,0.0,1.0,0.0,22113.0,15.5,2024.0,6.0,101.0,999.0,5.0
0.0,0.0,1.0,0.0,37000.0,15.5,2022.0,6.0,91.0,999.0,5.0
0.0,0.0,1.0,0.0,92496.0,9.49,2019.0,6.0,90.0,898.0,5.0
1.0,1.0,0.0,0.0,1498.0,39.989,2025.0,6.0,200.0,1199.0,3.0
1.0,0.0,1.0,0.0,10.0,22.9,2025.0,6.0,101.0,999.0,3.0
1.0,1.0,0.0,0.0,50241.0,11.85,2020.0,6.0,60.0,2275.0,5.0
0.0,1.0,0.0,0.0,19960.0,25.95,2024.0,6.0,158.0,1332.0,4.0
0.0,1.0,0.0,0.0,38220.0,26.995,2021.0,6.0,171.0,2488.0,4.0
1.0,1.0,0.0,0.0,28998.0,28.39,2021.0,6.0,160.0,1997.0,4.0
1.0,1.0,0.0,0.0,17872.0,19.79,2022.0,6.0,131.0,2275.0,5.0
0.0,0.0,1.0,0.0,40800.0,16.85,2022.0,6.0,140.0,1333.0,4.0
0.0,0.0,1.0,0.0,18200.0,12.99,2021.0,6.0,91.0,999.0,3.0
0.0,0.0,1.0,0.0,20708.0,15.995,2024.0,6.0,91.0,999.0,3.0
0.0,0.0,1.0,0.0,12.0,19.998,2025.0,6.0,91.0,999.0,3.0
0.0,1.0,0.0,0.0,50.0,18.25,2025.0,6.0,91.0,999.0,3.0
1.0,1.0,0.0,0.0,1500.0,29.49,2025.0,6.0,150.0,2275.0,5.0
1.0,1.0,0.0,0.0,27076.0,19.512,2022.0,6.0,131.0,2275.0,5.0
1.0,1.0,0.0,0.0,112400.0,9.99,2015.0,6.0,90.0,1461.0,5.0
0.0,0.0,1.0,0.0,39851.0,14.95,2024.0,6.0,90.0,999.0,3.0
1.0,1.0,0.0,0.0,2.0,35.7,2024.0,6.0,199.0,1199.0,3.0
1.0,0.0,1.0,0.0,1.0,18.9,2025.0,6.0,91.0,999.0,3.0
0.0,0.0,1.0,0.0,8035.0,19.88,2024.0,6.0,91.0,999.0,3.0
0.0,0.0,1.0,0.0,107343.0,12.999,2018.0,6.0,131.0,1197.0,4.0
0.0,1.0,0.0,0.0,50.0,29.49,2024.0,6.0,158.0,1332.0,5.0
1.0,1.0,0.0,0.0,50992.0,25.79,2023.0,6.0,184.0,1997.0,4.0
1.0,1.0,0.0,0.0,78765.0,15.98,2022.0,6.0,158.0,1598.0,4.0
1.0,1.0,0.0,0.0,25123.0,28.45,2022.0,6.0,184.0,1997.0,4.0
0.0,0.0,1.0,0.0,60412.0,16.85,2022.0,6.0,92.0,999.0,3.0
0.0,0.0,1.0,0.0,18568.0,18.79,2025.0,6.0,91.0,999.0,3.0
1.0,1.0,0.0,0.0,43500.0,17.91,2022.0,6.0,158.0,1598.0,4.0
0.0,0.0,1.0,0.0,21297.0,14.95,2020.0,6.0,101.0,999.0,3.0
1.0,1.0,0.0,0.0,27104.0,19.89,2021.0,6.0,159.0,1598.0,5.0
1.0,0.0,1.0,0.0,8.0,20.699,2025.0,6.0,101.0,1461.0,4.0
0.0,0.0,1.0,0.0,77036.0,14.995,2020.0,6.0,140.0,1332.0,4.0
0.0,1.0,0.0,0.0,46708.0,15.99,2021.0,6.0,160.0,1598.0,5.0
0.0,0.0,1.0,0.0,13928.0,19.9,2025.0,6.0,91.0,999.0,3.0
0.0,0.0,1.0,0.0,172875.0,2.999,2011.0,6.0,75.0,1149.0,4.0
1.0,1.0,0.0,0.0,94602.0,14.95,2020.0,6.0,91.0,1598.0,5.0
0.0,0.0,1.0,0.0,188981.0,1.25,2008.0,6.0,111.0,1598.0,4.0
0.0,0.0,1.0,0.0,69117.0,10.99,2017.0,6.0,118.0,1197.0,4.0
0.0,1.0,0.0,0.0,57631.0,16.888,2022.0,6.0,140.0,1332.0,4.0
1.0,1.0,0.0,0.0,46360.0,21.977,2018.0,6.0,177.0,1995.0,5.0
0.0,0.0,1.0,0.0,18980.0,17.95,2023.0,6.0,91.0,999.0,3.0
0.0,0.0,1.0,0.0,90940.0,11.995,2016.0,6.0,132.0,1197.0,4.0
1.0,1.0,0.0,0.0,47087.0,17.5,2021.0,6.0,158.0,1598.0,4.0
0.0,0.0,1.0,0.0,24094.0,23.95,2025.0,6.0,92.0,999.0,3.0
1.0,0.0,1.0,0.0,10.0,22.9,2025.0,6.0,101.0,999.0,3.0
1.0,1.0,0.0,0.0,88.0,30.9,2025.0,6.0,94.0,1598.0,4.0
0.0,0.0,1.0,0.0,40395.0,16.444,2021.0,6.0,131.0,1332.0,4.0
1.0,1.0,0.0,0.0,38163.0,22.801,2023.0,6.0,143.0,1598.0,4.0
0.0,0.0,1.0,0.0,59564.0,12.99,2018.0,6.0,131.0,1197.0,5.0
1.0,1.0,0.0,0.0,18180.0,31.9,2021.0,6.0,200.0,1997.0,5.0
1.0,1.0,0.0,0.0,23329.0,21.5,2022.0,6.0,145.0,1598.0,4.0
0.0,0.0,1.0,0.0,17861.0,16.69,2024.0,6.0,91.0,999.0,3.0
1.0,0.0,1.0,0.0,90000.0,15.49,2021.0,6.0,91.0,1598.0,4.0
1.0,1.0,0.0,0.0,59121.0,21.0,2022.0,6.0,94.0,1598.0,4.0
0.0,1.0,0.0,0.0,14197.0,21.4,2022.0,6.0,158.0,1332.0,4.0
0.0,0.0,1.0,0.0,48643.0,14.9,2024.0,6.0,91.0,999.0,3.0
0.0,0.0,1.0,0.0,38701.0,16.99,2022.0,6.0,140.0,1332.0,4.0
0.0,0.0,1.0,0.0,110000.0,10.9,2019.0,6.0,140.0,1333.0,5.0
0.0,0.0,1.0,0.0,5645.0,16.79,2025.0,6.0,91.0,999.0,3.0
1.0,1.0,0.0,0.0,67500.0,25.5,2023.0,6.0,199.0,1199.0,3.0
0.0,1.0,0.0,0.0,126214.0,16.45,2018.0,6.0,205.0,1618.0,4.0
0.0,0.0,1.0,0.0,113997.0,11.95,2017.0,6.0,131.0,1197.0,4.0
1.0,1.0,0.0,0.0,70505.0,17.666,2022.0,6.0,158.0,1598.0,4.0
0.0,0.0,1.0,0.0,10.0,22.99,2025.0,6.0,91.0,999.0,3.0
0.0,1.0,0.0,0.0,53540.0,18.95,2022.0,6.0,140.0,1333.0,4.0
0.0,0.0,1.0,0.0,48029.0,14.95,2024.0,6.0,90.0,999.0,3.0
0.0,0.0,1.0,0.0,22649.0,13.9,2022.0,6.0,91.0,999.0,3.0
1.0,1.0,0.0,0.0,45318.0,10.98,2020.0,6.0,69.0,2275.0,5.0
1.0,1.0,0.0,0.0,5950.0,41.15,2025.0,6.0,200.0,1199.0,5.0
1.0,1.0,0.0,0.0,129676.0,13.95,2018.0,6.0,110.0,1461.0,5.0
0.0,0.0,1.0,0.0,124436.0,11.995,2020.0,6.0,116.0,1332.0,4.0
0.0,0.0,1.0,0.0,44000.0,15.9,2022.0,6.0,91.0,999.0,3.0
1.0,1.0,0.0,0.0,80620.0,15.65,2021.0,6.0,158.0,1598.0,4.0
1.0,0.0,0.0,1.0,126057.0,11.95,2015.0,6.0,160.0,1598.0,4.0
1.0,0.0,1.0,0.0,69795.0,15.9,2023.0,6.0,101.0,2275.0,5.0
1.0,1.0,0.0,0.0,56782.0,16.99,2021.0,6.0,91.0,1598.0,4.0
1.0,1.0,0.0,0.0,74950.0,19.99,2022.0,6.0,143.0,1598.0,4.0
1.0,0.0,1.0,0.0,90000.0,14.8,2022.0,6.0,101.0,999.0,3.0
0.0,0.0,1.0,0.0,10.0,16.99,2024.0,6.0,91.0,999.0,3.0
1.0,1.0,0.0,0.0,5999.0,22.0,2025.0,6.0,143.0,1598.0,4.0
0.0,1.0,0.0,0.0,38991.0,15.95,2024.0,6.0,91.0,999.0,3.0
0.0,0.0,1.0,0.0,83700.0,19.88,2022.0,6.0,140.0,1333.0,5.0
0.0,0.0,1.0,0.0,57912.0,14.39,2019.0,6.0,131.0,1333.0,4.0
1.0,1.0,0.0,0.0,30183.0,10.49,2021.0,6.0,82.0,2275.0,5.0
0.0,1.0,0.0,0.0,17982.0,23.785,2025.0,6.0,158.0,1332.0,5.0
1.0,1.0,0.0,0.0,63419.0,8.45,2014.0,6.0,58.0,2275.0,5.0
1.0,1.0,0.0,0.0,25161.0,17.98,2022.0,6.0,131.0,2275.0,5.0
1.0,1.0,0.0,0.0,43957.0,14.4,2022.0,6.0,94.0,1598.0,5.0
1.0,0.0,1.0,0.0,61332.0,15.49,2019.0,6.0,150.0,1749.0,4.0
1.0,1.0,0.0,0.0,37470.0,10.911,2021.0,6.0,82.0,2275.0,5.0
0.0,1.0,0.0,0.0,81600.0,14.99,2020.0,6.0,131.0,1332.0,4.0
1.0,1.0,0.0,0.0,39475.0,26.95,2024.0,6.0,131.0,2275.0,5.0
1.0,1.0,0.0,0.0,10.0,30.945,2025.0,6.0,143.0,1598.0,5.0
0.0,0.0,1.0,0.0,72512.0,10.995,2016.0,6.0,131.0,1198.0,4.0
1.0,0.0,1.0,0.0,10.0,16.745,2025.0,6.0,99.0,999.0,3.0
0.0,0.0,1.0,0.0,184251.0,6.19,2018.0,6.0,90.0,898.0,3.0
0.0,0.0,1.0,0.0,221587.0,3.65,2011.0,6.0,131.0,1397.0,4.0
0.0,0.0,1.0,0.0,9159.0,16.59,2025.0,6.0,91.0,999.0,3.0
1.0,1.0,0.0,0.0,7000.0,34.49,2025.0,6.0,150.0,2275.0,5.0
0.0,0.0,1.0,0.0,127136.0,11.9,2017.0,6.0,132.0,1198.0,4.0
1.0,1.0,0.0,0.0,15641.0,27.6,2024.0,6.0,150.0,2275.0,5.0
0.0,0.0,1.0,0.0,66000.0,14.99,2022.0,6.0,91.0,999.0,3.0
0.0,0.0,1.0,0.0,76261.0,7.99,2019.0,6.0,91.0,999.0,3.0
1.0,0.0,1.0,0.0,219801.0,3.975,2013.0,6.0,90.0,1461.0,4.0
1.0,1.0,0.0,0.0,49990.0,16.98,2022.0,6.0,131.0,2275.0,5.0
0.0,0.0,1.0,0.0,141738.0,5.999,2010.0,6.0,125.0,1390.0,4.0
1.0,0.0,1.0,0.0,45466.0,9.95,2020.0,6.0,131.0,1498.0,4.0
0.0,0.0,1.0,0.0,178000.0,2.999,2009.0,6.0,86.0,1390.0,4.0
1.0,0.0,1.0,0.0,53000.0,10.95,2020.0,6.0,90.0,999.0,3.0
0.0,0.0,1.0,0.0,13504.0,15.99,2024.0,6.0,95.0,999.0,5.0
0.0,0.0,1.0,0.0,183290.0,6.995,2013.0,6.0,122.0,1395.0,4.0
0.0,0.0,1.0,0.0,15500.0,16.99,2023.0,6.0,110.0,999.0,3.0
0.0,0.0,1.0,0.0,16400.0,14.99,2021.0,6.0,110.0,999.0,3.0
0.0,1.0,0.0,0.0,103328.0,8.25,2013.0,6.0,150.0,1390.0,4.0
0.0,1.0,0.0,0.0,50572.0,20.95,2022.0,6.0,190.0,1999.0,4.0
0.0,1.0,0.0,0.0,104339.0,13.995,2014.0,6.0,150.0,1395.0,4.0
1.0,0.0,1.0,0.0,19600.0,11.99,2020.0,6.0,90.0,999.0,3.0
0.0,0.0,1.0,0.0,10049.0,15.99,2024.0,6.0,95.0,999.0,5.0
0.0,0.0,1.0,0.0,164293.0,7.499,2013.0,6.0,105.0,1197.0,4.0
1.0,1.0,0.0,0.0,66600.0,23.99,2022.0,6.0,150.0,1968.0,4.0
0.0,0.0,1.0,0.0,6015.0,20.95,2024.0,6.0,116.0,999.0,3.0
0.0,0.0,1.0,0.0,10.0,23.49,2025.0,6.0,116.0,999.0,3.0
0.0,0.0,1.0,0.0,81336.0,14.945,2020.0,6.0,116.0,999.0,3.0
0.0,0.0,1.0,0.0,167475.0,9.95,2014.0,6.0,125.0,1395.0,4.0
0.0,0.0,1.0,0.0,72143.0,16.45,2019.0,6.0,95.0,999.0,3.0
0.0,0.0,1.0,0.0,36307.0,14.99,2021.0,6.0,110.0,2275.0,3.0
0.0,1.0,0.0,0.0,113997.0,8.695,2012.0,6.0,105.0,1197.0,4.0
0.0,1.0,0.0,0.0,1.0,20.95,2024.0,6.0,116.0,999.0,3.0
0.0,0.0,1.0,0.0,168301.0,5.499,2011.0,6.0,125.0,1390.0,4.0
0.0,1.0,0.0,0.0,12208.0,26.99,2024.0,6.0,150.0,1498.0,4.0
1.0,1.0,0.0,0.0,104557.0,16.98,2022.0,6.0,204.0,1395.0,4.0
0.0,1.0,0.0,0.0,92820.0,16.945,2017.0,6.0,150.0,1395.0,4.0
0.0,0.0,1.0,0.0,21505.0,15.99,2024.0,6.0,95.0,999.0,5.0
0.0,0.0,1.0,0.0,12500.0,17.99,2024.0,6.0,110.0,999.0,3.0
1.0,0.0,1.0,0.0,76837.0,19.09,2018.0,6.0,150.0,1968.0,4.0
1.0,1.0,0.0,0.0,88329.0,25.88,2021.0,6.0,245.0,1395.0,4.0
0.0,0.0,1.0,0.0,10.0,24.99,2025.0,6.0,116.0,999.0,3.0
0.0,0.0,1.0,0.0,69336.0,10.95,2014.0,6.0,140.0,1395.0,4.0
1.0,0.0,1.0,0.0,79900.0,11.49,2019.0,6.0,90.0,999.0,3.0
0.0,0.0,1.0,0.0,174995.0,8.75,2015.0,6.0,150.0,1395.0,4.0
0.0,0.0,1.0,0.0,137000.0,8.999,2018.0,6.0,116.0,999.0,3.0
0.0,0.0,1.0,0.0,200216.0,2.945,2010.0,6.0,125.0,1390.0,4.0
0.0,0.0,1.0,0.0,88205.0,6.499,2013.0,6.0,105.0,1197.0,4.0
0.0,0.0,1.0,0.0,24944.0,17.45,2023.0,6.0,110.0,999.0,3.0
0.0,0.0,1.0,0.0,161239.0,11.7,2017.0,6.0,126.0,1395.0,4.0
1.0,1.0,0.0,0.0,40000.0,19.75,2020.0,6.0,150.0,1395.0,4.0
0.0,1.0,0.0,0.0,94308.0,10.95,2017.0,6.0,110.0,999.0,3.0
0.0,0.0,1.0,0.0,9058.0,20.95,2025.0,6.0,116.0,999.0,3.0
0.0,0.0,1.0,0.0,209116.0,8.5,2015.0,6.0,179.0,1798.0,4.0
0.0,0.0,1.0,0.0,82932.0,12.53,2016.0,6.0,150.0,1395.0,4.0
0.0,0.0,1.0,0.0,9900.0,27.45,2024.0,6.0,150.0,1498.0,4.0
0.0,1.0,0.0,0.0,111000.0,14.99,2022.0,6.0,110.0,999.0,5.0
0.0,0.0,1.0,0.0,20093.0,15.99,2024.0,6.0,95.0,999.0,5.0
1.0,1.0,0.0,0.0,80700.0,24.45,2022.0,6.0,150.0,1968.0,4.0
0.0,0.0,1.0,0.0,84761.0,12.45,2014.0,6.0,122.0,1395.0,4.0
0.0,0.0,1.0,0.0,37100.0,17.48,2024.0,6.0,116.0,999.0,3.0
0.0,1.0,0.0,0.0,66707.0,18.98,2020.0,6.0,150.0,1498.0,4.0
0.0,0.0,1.0,0.0,128200.0,11.44,2019.0,6.0,116.0,999.0,3.0
0.0,0.0,1.0,0.0,41161.0,16.69,2022.0,6.0,110.0,999.0,3.0
0.0,1.0,0.0,0.0,20600.0,17.99,2017.0,6.0,150.0,1395.0,4.0
0.0,0.0,1.0,0.0,30200.0,21.99,2024.0,6.0,150.0,1498.0,4.0
1.0,1.0,0.0,0.0,112538.0,21.18,2022.0,6.0,150.0,1968.0,4.0
0.0,0.0,1.0,0.0,38271.0,16.48,2024.0,6.0,116.0,999.0,3.0
0.0,0.0,1.0,0.0,9000.0,17.49,2024.0,6.0,95.0,999.0,3.0
1.0,1.0,0.0,0.0,175000.0,16.99,2016.0,6.0,190.0,1968.0,4.0
0.0,0.0,1.0,0.0,33200.0,14.48,2021.0,6.0,95.0,999.0,3.0
0.0,1.0,0.0,0.0,50258.0,25.999,2021.0,6.0,150.0,1498.0,4.0
1.0,0.0,1.0,0.0,85916.0,16.66,2022.0,6.0,116.0,1968.0,5.0
0.0,1.0,0.0,0.0,165973.0,9.499,2017.0,6.0,110.0,999.0,3.0
0.0,0.0,1.0,0.0,21590.0,17.8,2024.0,6.0,116.0,999.0,3.0
0.0,0.0,1.0,0.0,171044.0,8.95,2016.0,6.0,150.0,1395.0,4.0
0.0,0.0,1.0,0.0,22500.0,18.95,2024.0,6.0,110.0,999.0,3.0
0.0,0.0,1.0,0.0,131925.0,11.95,2017.0,6.0,150.0,1395.0,4.0
0.0,0.0,1.0,0.0,147143.0,14.999,2019.0,6.0,116.0,999.0,3.0
0.0,1.0,0.0,0.0,520.0,17.45,2022.0,6.0,110.0,999.0,3.0
0.0,1.0,0.0,0.0,29000.0,15.9,2021.0,6.0,110.0,999.0,3.0
0.0,0.0,1.0,0.0,14087.0,18.99,2025.0,6.0,116.0,1498.0,4.0
0.0,1.0,0.0,0.0,23950.0,20.612,2025.0,6.0,116.0,999.0,3.0
0.0,0.0,1.0,0.0,25219.0,18.93,2024.0,6.0,116.0,999.0,3.0
0.0,1.0,0.0,0.0,190755.0,9.45,2015.0,6.0,110.0,999.0,3.0
1.0,1.0,0.0,0.0,101184.0,24.39,2021.0,6.0,150.0,1395.0,4.0
0.0,0.0,1.0,0.0,39490.0,23.999,2022.0,6.0,150.0,1498.0,4.0
0.0,0.0,1.0,0.0,16051.0,18.99,2024.0,6.0,116.0,999.0,5.0
0.0,0.0,1.0,0.0,72491.0,15.995,2015.0,6.0,150.0,1395.0,4.0
0.0,0.0,1.0,0.0,112016.0,12.89,2018.0,6.0,150.0,1395.0,4.0
0.0,1.0,0.0,0.0,22155.0,17.99,2024.0,6.0,116.0,999.0,5.0
0.0,1.0,0.0,0.0,51575.0,22.39,2021.0,6.0,150.0,2275.0,5.0
0.0,1.0,0.0,0.0,71000.0,17.99,2019.0,6.0,150.0,1498.0,4.0
0.0,0.0,1.0,0.0,50000.0,13.95,2023.0,6.0,110.0,999.0,3.0
0.0,0.0,1.0,0.0,154064.0,13.99,2017.0,6.0,116.0,999.0,3.0
0.0,0.0,1.0,0.0,187277.0,12.39,2019.0,6.0,116.0,999.0,3.0
1.0,1.0,0.0,0.0,43656.0,19.29,2021.0,6.0,204.0,2275.0,5.0
1.0,1.0,0.0,0.0,54176.0,18.98,2021.0,6.0,150.0,1395.0,4.0
1.0,0.0,1.0,0.0,64120.0,11.68,2020.0,6.0,90.0,999.0,3.0
0.0,0.0,1.0,0.0,60728.0,18.839,2021.0,6.0,150.0,1498.0,4.0
0.0,0.0,1.0,0.0,24646.0,16.5,2023.0,6.0,110.0,999.0,3.0
1.0,0.0,1.0,0.0,97744.0,20.29,2021.0,6.0,150.0,1968.0,4.0
0.0,0.0,1.0,0.0,31722.0,17.85,2022.0,6.0,110.0,999.0,3.0
0.0,0.0,1.0,0.0,2350.0,15.79,2025.0,6.0,80.0,999.0,5.0
0.0,1.0,0.0,0.0,29516.0,28.75,2025.0,6.0,150.0,1500.0,5.0
0.0,0.0,1.0,0.0,47621.0,16.49,2022.0,6.0,110.0,2275.0,5.0
0.0,0.0,1.0,0.0,133292.0,10.945,2021.0,6.0,95.0,999.0,3.0
0.0,0.0,1.0,0.0,72942.0,12.95,2018.0,6.0,116.0,999.0,3.0
0.0,0.0,1.0,0.0,31484.0,14.99,2019.0,6.0,116.0,999.0,5.0
0.0,0.0,1.0,0.0,67470.0,21.78,2020.0,6.0,150.0,1498.0,4.0
0.0,0.0,1.0,0.0,1911.0,18.899,2024.0,6.0,95.0,999.0,3.0
0.0,0.0,1.0,0.0,210317.0,8.945,2019.0,6.0,95.0,999.0,3.0
1.0,1.0,0.0,0.0,22070.0,26.489,2023.0,6.0,150.0,1968.0,4.0
0.0,0.0,1.0,0.0,107192.0,9.999,2016.0,6.0,110.0,999.0,3.0
0.0,0.0,1.0,0.0,95575.0,17.29,2018.0,6.0,150.0,1395.0,4.0
0.0,0.0,1.0,0.0,63101.0,11.95,2020.0,6.0,90.0,999.0,5.0
0.0,0.0,1.0,0.0,88545.0,25.75,2021.0,6.0,150.0,1498.0,4.0
1.0,1.0,0.0,0.0,130536.0,26.99,2021.0,6.0,245.0,1395.0,4.0
0.0,1.0,0.0,0.0,28936.0,17.99,2024.0,6.0,116.0,999.0,5.0
0.0,0.0,1.0,0.0,41000.0,17.29,2021.0,6.0,110.0,999.0,3.0
0.0,0.0,1.0,0.0,8103.0,19.49,2024.0,6.0,110.0,999.0,5.0
1.0,1.0,0.0,0.0,187000.0,17.99,2020.0,6.0,177.0,1968.0,5.0
0.0,0.0,1.0,0.0,90185.0,14.42,2021.0,6.0,110.0,999.0,3.0
0.0,0.0,1.0,0.0,11981.0,18.99,2024.0,6.0,116.0,999.0,5.0
1.0,1.0,0.0,0.0,98486.0,28.88,2021.0,6.0,150.0,1395.0,5.0
0.0,0.0,1.0,0.0,104959.0,10.89,2014.0,6.0,140.0,1395.0,4.0
0.0,0.0,1.0,0.0,100152.0,14.98,2020.0,6.0,116.0,999.0,5.0
0.0,1.0,0.0,0.0,49241.0,19.89,2020.0,6.0,150.0,1498.0,4.0
0.0,0.0,1.0,0.0,43085.0,14.48,2021.0,6.0,110.0,999.0,3.0
0.0,1.0,0.0,0.0,35380.0,21.79,2023.0,6.0,150.0,1498.0,4.0
0.0,0.0,1.0,0.0,116989.0,13.45,2018.0,6.0,116.0,999.0,3.0
0.0,0.0,1.0,0.0,24646.0,16.5,2023.0,6.0,110.0,999.0,3.0
0.0,0.0,1.0,0.0,18855.0,18.5,2021.0,6.0,110.0,999.0,3.0
0.0,1.0,0.0,0.0,53088.0,23.83,2020.0,6.0,190.0,1984.0,4.0
0.0,0.0,1.0,0.0,31840.0,16.375,2024.0,6.0,95.0,999.0,3.0
0.0,0.0,1.0,0.0,35556.0,14.119,2020.0,6.0,95.0,999.0,3.0
0.0,0.0,1.0,0.0,10.0,23.98,2025.0,6.0,116.0,999.0,3.0
0.0,0.0,1.0,0.0,209209.0,4.449,2011.0,6.0,105.0,1197.0,4.0
1.0,1.0,0.0,0.0,45633.0,29.97,2021.0,6.0,245.0,1395.0,4.0
0.0,0.0,1.0,0.0,20.0,25.99,2024.0,6.0,110.0,999.0,3.0
0.0,0.0,1.0,0.0,99947.0,15.95,2016.0,6.0,150.0,1395.0,4.0
1.0,1.0,0.0,0.0,48682.0,25.42,2021.0,6.0,150.0,1395.0,4.0
0.0,0.0,1.0,0.0,43395.0,19.99,2022.0,6.0,150.0,1498.0,4.0
0.0,0.0,1.0,0.0,500.0,16.9,2025.0,6.0,80.0,999.0,3.0
0.0,0.0,1.0,0.0,59836.0,15.96,2019.0,6.0,150.0,1498.0,4.0
0.0,0.0,1.0,0.0,16504.0,16.9,2025.0,6.0,116.0,999.0,3.0
0.0,1.0,0.0,0.0,59196.0,16.999,2021.0,6.0,110.0,999.0,3.0
0.0,0.0,1.0,0.0,64000.0,14.99,2021.0,6.0,95.0,999.0,5.0
0.0,1.0,0.0,0.0,15656.0,19.99,2024.0,6.0,116.0,999.0,3.0
1.0,0.0,1.0,0.0,120455.0,4.49,2008.0,6.0,86.0,1390.0,4.0
0.0,0.0,1.0,0.0,13600.0,18.94,2025.0,6.0,116.0,999.0,3.0
0.0,0.0,1.0,0.0,8364.0,18.48,2024.0,6.0,110.0,999.0,5.0
0.0,0.0,1.0,0.0,162766.0,10.975,2015.0,6.0,150.0,1395.0,4.0
0.0,1.0,0.0,0.0,54450.0,31.45,2021.0,6.0,150.0,1395.0,4.0
1.0,1.0,0.0,0.0,57140.0,33.95,2021.0,6.0,245.0,1395.0,4.0
0.0,0.0,1.0,0.0,10.0,19.475,2025.0,6.0,116.0,999.0,3.0
0.0,0.0,1.0,0.0,14350.0,24.9,2024.0,6.0,150.0,1498.0,4.0
0.0,0.0,1.0,0.0,31473.0,15.92,2023.0,6.0,95.0,999.0,3.0
1.0,0.0,1.0,0.0,128297.0,14.99,2016.0,6.0,186.0,2275.0,5.0
0.0,1.0,0.0,0.0,12280.0,35.999,2024.0,6.0,150.0,1498.0,4.0
0.0,0.0,1.0,0.0,213479.0,3.95,2012.0,6.0,105.0,1197.0,4.0
0.0,0.0,1.0,0.0,31580.0,17.775,2024.0,6.0,116.0,999.0,3.0
0.0,1.0,0.0,0.0,20000.0,23.85,2024.0,6.0,150.0,1498.0,4.0
0.0,1.0,0.0,0.0,35032.0,18.65,2021.0,6.0,110.0,999.0,3.0
0.0,0.0,1.0,0.0,78199.0,17.45,2020.0,6.0,131.0,1498.0,4.0
0.0,0.0,1.0,0.0,924.0,26.45,2024.0,6.0,116.0,999.0,3.0
0.0,1.0,0.0,0.0,20390.0,25.89,2025.0,6.0,150.0,1498.0,5.0
0.0,0.0,1.0,0.0,54338.0,17.49,2018.0,6.0,179.0,1798.0,4.0
0.0,0.0,1.0,0.0,102983.0,14.995,2015.0,6.0,150.0,1395.0,4.0
1.0,1.0,0.0,0.0,55549.0,19.95,2021.0,6.0,150.0,1395.0,4.0
0.0,0.0,1.0,0.0,91241.0,12.499,2018.0,6.0,95.0,999.0,3.0
1.0,1.0,0.0,0.0,88492.0,18.6,2022.0,6.0,151.0,2275.0,5.0
0.0,1.0,0.0,0.0,39585.0,18.975,2023.0,6.0,110.0,999.0,3.0
0.0,1.0,0.0,0.0,53755.0,26.99,2021.0,6.0,150.0,1498.0,4.0
1.0,0.0,1.0,0.0,140000.0,9.95,2020.0,6.0,116.0,2275.0,4.0
1.0,0.0,1.0,0.0,120000.0,12.9,2020.0,6.0,116.0,2275.0,5.0
0.0,0.0,1.0,0.0,221313.0,2.995,2009.0,6.0,86.0,1390.0,4.0
0.0,1.0,0.0,0.0,61173.0,23.8,2021.0,6.0,150.0,1498.0,4.0
1.0,1.0,0.0,0.0,74360.0,26.99,2021.0,6.0,245.0,1395.0,4.0
0.0,0.0,1.0,0.0,44667.0,17.94,2022.0,6.0,110.0,999.0,3.0
0.0,0.0,1.0,0.0,89880.0,12.45,2017.0,6.0,125.0,1395.0,4.0
1.0,1.0,0.0,0.0,63476.0,18.15,2024.0,6.0,151.0,2275.0,5.0
1.0,1.0,0.0,0.0,63135.0,26.97,2021.0,6.0,150.0,1395.0,5.0
0.0,0.0,1.0,0.0,82275.0,11.45,2015.0,6.0,125.0,1395.0,4.0
0.0,1.0,0.0,0.0,14385.0,27.8,2024.0,6.0,150.0,1498.0,4.0
0.0,0.0,1.0,0.0,51875.0,15.75,2024.0,6.0,111.0,2275.0,5.0
0.0,0.0,1.0,0.0,10.0,24.041,2025.0,6.0,116.0,1498.0,5.0
0.0,0.0,1.0,0.0,41200.0,15.977,2023.0,6.0,110.0,999.0,3.0
0.0,0.0,1.0,0.0,35209.0,17.49,2021.0,6.0,116.0,999.0,3.0
0.0,1.0,0.0,0.0,25684.0,27.49,2025.0,6.0,150.0,1498.0,4.0
0.0,0.0,1.0,0.0,118338.0,16.995,2020.0,6.0,131.0,1498.0,4.0
0.0,1.0,0.0,0.0,10.0,24.89,2025.0,6.0,116.0,999.0,3.0
0.0,0.0,1.0,0.0,10.0,18.39,2025.0,6.0,80.0,999.0,5.0
1.0,0.0,1.0,0.0,148666.0,9.45,2014.0,6.0,110.0,1598.0,4.0
0.0,0.0,1.0,0.0,36351.0,15.95,2022.0,6.0,110.0,999.0,3.0
0.0,0.0,1.0,0.0,109090.0,16.745,2018.0,6.0,116.0,999.0,3.0
0.0,0.0,1.0,0.0,165487.0,7.98,2018.0,6.0,110.0,1197.0,4.0
0.0,0.0,1.0,0.0,18750.0,26.45,2025.0,6.0,150.0,1498.0,4.0
1.0,0.0,1.0,0.0,13803.0,21.99,2024.0,6.0,116.0,1968.0,4.0
1.0,0.0,1.0,0.0,153000.0,8.9,2014.0,6.0,105.0,2275.0,5.0
1.0,1.0,0.0,0.0,10.0,34.98,2024.0,6.0,150.0,1968.0,4.0
1.0,1.0,0.0,0.0,10.0,34.98,2024.0,6.0,150.0,1968.0,4.0
0.0,0.0,1.0,0.0,70012.0,14.5,2023.0,6.0,110.0,999.0,3.0
0.0,0.0,1.0,0.0,63401.0,13.9,2018.0,6.0,110.0,2275.0,5.0
0.0,0.0,1.0,0.0,62837.0,18.97,2022.0,6.0,110.0,999.0,5.0
0.0,0.0,1.0,0.0,18122.0,21.45,2024.0,6.0,116.0,999.0,3.0
0.0,0.0,1.0,0.0,186772.0,15.8,2021.0,6.0,131.0,1498.0,4.0
1.0,1.0,0.0,0.0,32286.0,22.25,2021.0,6.0,150.0,1395.0,4.0
0.0,0.0,1.0,0.0,85000.0,13.49,2020.0,6.0,116.0,2275.0,5.0
0.0,0.0,1.0,0.0,41856.0,14.951,2023.0,6.0,116.0,999.0,3.0
0.0,0.0,1.0,0.0,20.0,16.9,2025.0,6.0,80.0,999.0,3.0
0.0,0.0,1.0,0.0,54048.0,13.59,2021.0,6.0,110.0,999.0,3.0
0.0,0.0,1.0,0.0,42420.0,14.19,2021.0,6.0,110.0,999.0,3.0
1.0,0.0,1.0,0.0,47778.0,20.863,2021.0,6.0,116.0,1968.0,4.0
0.0,0.0,1.0,0.0,10.0,20.945,2025.0,6.0,95.0,999.0,5.0
0.0,0.0,1.0,0.0,167988.0,16.95,2021.0,6.0,150.0,1498.0,4.0
0.0,1.0,0.0,0.0,77000.0,27.69,2019.0,6.0,190.0,1984.0,4.0
0.0,0.0,1.0,0.0,40300.0,23.39,2022.0,6.0,150.0,1498.0,4.0
0.0,0.0,1.0,0.0,34600.0,18.39,2024.0,6.0,116.0,999.0,3.0
0.0,0.0,1.0,0.0,68398.0,14.9,2023.0,6.0,111.0,2275.0,5.0
0.0,0.0,1.0,0.0,38779.0,24.749,2021.0,6.0,150.0,1498.0,4.0
1.0,1.0,0.0,0.0,157000.0,21.99,2020.0,6.0,150.0,1968.0,5.0
1.0,1.0,0.0,0.0,110486.0,16.2,2021.0,6.0,150.0,2275.0,5.0
0.0,1.0,0.0,0.0,164018.0,17.749,2017.0,6.0,150.0,1395.0,4.0
0.0,0.0,1.0,0.0,23932.0,15.29,2023.0,6.0,110.0,999.0,3.0
1.0,1.0,0.0,0.0,39444.0,26.4,2024.0,6.0,150.0,1968.0,4.0
0.0,0.0,1.0,0.0,14250.0,20.95,2024.0,6.0,110.0,999.0,3.0
0.0,0.0,1.0,0.0,51000.0,15.0,2022.0,6.0,110.0,999.0,3.0
0.0,1.0,0.0,0.0,20451.0,17.48,2022.0,6.0,110.0,999.0,0.0
0.0,0.0,1.0,0.0,25350.0,17.97,2022.0,6.0,110.0,999.0,3.0
0.0,0.0,1.0,0.0,4800.0,25.26,2024.0,6.0,110.0,999.0,3.0
0.0,1.0,0.0,0.0,5826.0,23.45,2024.0,6.0,116.0,999.0,3.0
0.0,0.0,1.0,0.0,127138.0,18.999,2021.0,6.0,131.0,1498.0,4.0
1.0,1.0,0.0,0.0,102214.0,19.95,2021.0,6.0,150.0,1395.0,4.0
0.0,0.0,1.0,0.0,44386.0,13.713,2020.0,6.0,116.0,999.0,3.0
0.0,1.0,0.0,0.0,67955.0,15.99,2021.0,6.0,110.0,999.0,3.0
0.0,1.0,0.0,0.0,21835.0,25.589,2024.0,6.0,116.0,999.0,5.0
0.0,0.0,1.0,0.0,57201.0,13.59,2021.0,6.0,110.0,999.0,3.0
1.0,0.0,1.0,0.0,84300.0,17.98,2021.0,6.0,116.0,1968.0,4.0
1.0,1.0,0.0,0.0,31691.0,21.93,2021.0,6.0,204.0,1395.0,4.0
0.0,0.0,1.0,0.0,112813.0,16.995,2017.0,6.0,150.0,1395.0,4.0
0.0,0.0,1.0,0.0,107500.0,8.49,2014.0,6.0,110.0,1197.0,4.0
0.0,0.0,1.0,0.0,89885.0,12.69,2021.0,6.0,110.0,999.0,3.0
0.0,0.0,1.0,0.0,44545.0,14.09,2021.0,6.0,110.0,999.0,3.0
0.0,0.0,1.0,0.0,160764.0,7.95,2016.0,6.0,95.0,999.0,3.0
0.0,1.0,0.0,0.0,8155.0,24.9,2024.0,6.0,116.0,999.0,3.0
0.0,0.0,1.0,0.0,8100.0,18.44,2024.0,6.0,116.0,999.0,3.0
0.0,0.0,1.0,0.0,49193.0,15.34,2022.0,6.0,110.0,999.0,3.0
0.0,0.0,1.0,0.0,18300.0,18.7,2024.0,6.0,95.0,999.0,3.0
0.0,0.0,1.0,0.0,10.0,18.364,2025.0,6.0,80.0,999.0,5.0
0.0,1.0,0.0,0.0,179602.0,15.95,2016.0,6.0,150.0,1395.0,4.0
0.0,0.0,1.0,0.0,93330.0,7.6,2015.0,6.0,86.0,1197.0,5.0
0.0,0.0,1.0,0.0,60800.0,15.77,2020.0,6.0,116.0,2275.0,3.0
0.0,0.0,1.0,0.0,55000.0,12.7,2015.0,6.0,160.0,2275.0,5.0
0.0,0.0,1.0,0.0,54427.0,7.499,2012.0,6.0,86.0,1197.0,4.0
0.0,0.0,1.0,0.0,39653.0,17.99,2023.0,6.0,110.0,999.0,5.0
0.0,0.0,1.0,0.0,41124.0,16.308,2021.0,6.0,110.0,999.0,3.0
1.0,1.0,0.0,0.0,191615.0,12.999,2017.0,6.0,120.0,1598.0,4.0
0.0,0.0,1.0,0.0,20824.0,16.9,2023.0,6.0,110.0,999.0,3.0
0.0,1.0,0.0,0.0,121900.0,6.95,2012.0,6.0,105.0,1197.0,4.0
0.0,0.0,1.0,0.0,75600.0,16.99,2018.0,6.0,150.0,1498.0,4.0
0.0,0.0,1.0,0.0,33629.0,15.29,2023.0,6.0,95.0,999.0,5.0
0.0,0.0,1.0,0.0,32950.0,18.55,2021.0,6.0,110.0,999.0,3.0
0.0,0.0,1.0,0.0,68900.0,14.69,2020.0,6.0,95.0,999.0,3.0
0.0,0.0,1.0,0.0,67950.0,16.49,2020.0,6.0,116.0,999.0,3.0
0.0,0.0,1.0,0.0,131418.0,15.68,2018.0,6.0,150.0,1395.0,4.0
0.0,0.0,1.0,0.0,92393.0,13.4,2019.0,6.0,116.0,999.0,3.0
1.0,0.0,1.0,0.0,44119.0,22.4,2022.0,6.0,150.0,1968.0,4.0
0.0,0.0,1.0,0.0,13900.0,24.91,2025.0,6.0,116.0,999.0,5.0
0.0,0.0,1.0,0.0,4999.0,25.98,2025.0,6.0,116.0,999.0,5.0
0.0,1.0,0.0,0.0,14600.0,21.5,2025.0,6.0,116.0,999.0,3.0
0.0,0.0,1.0,0.0,33377.0,17.6,2022.0,6.0,110.0,999.0,3.0
1.0,1.0,0.0,0.0,166000.0,8.888,2016.0,6.0,90.0,1422.0,3.0
1.0,0.0,1.0,0.0,77000.0,22.99,2018.0,6.0,150.0,1968.0,5.0
0.0,0.0,1.0,0.0,92797.0,17.495,2020.0,6.0,150.0,1498.0,4.0
0.0,0.0,1.0,0.0,37524.0,15.95,2023.0,6.0,95.0,999.0,5.0
1.0,1.0,0.0,0.0,67500.0,24.89,2021.0,6.0,218.0,1395.0,4.0
0.0,1.0,0.0,0.0,141772.0,8.895,2015.0,6.0,122.0,1390.0,4.0
0.0,0.0,1.0,0.0,195754.0,3.499,2013.0,6.0,86.0,1197.0,4.0
0.0,1.0,0.0,0.0,46478.0,22.1,2021.0,6.0,150.0,1498.0,4.0
1.0,1.0,0.0,0.0,50915.0,27.49,2022.0,6.0,204.0,2275.0,5.0
0.0,0.0,1.0,0.0,125.0,21.48,2025.0,6.0,116.0,999.0,3.0
0.0,0.0,1.0,0.0,21200.0,14.499,2020.0,6.0,110.0,999.0,3.0
0.0,0.0,1.0,0.0,69900.0,9.69,2018.0,6.0,75.0,999.0,3.0
0.0,1.0,0.0,0.0,12750.0,24.95,2024.0,6.0,150.0,1498.0,4.0
0.0,0.0,1.0,0.0,31794.0,14.979,2022.0,6.0,95.0,999.0,3.0
0.0,0.0,1.0,0.0,33349.0,19.78,2024.0,6.0,110.0,999.0,5.0
1.0,0.0,1.0,0.0,65000.0,25.47,2022.0,6.0,150.0,1968.0,4.0
0.0,0.0,1.0,0.0,215241.0,6.25,2014.0,6.0,105.0,1197.0,4.0
0.0,0.0,1.0,0.0,74120.0,9.58,2015.0,6.0,110.0,1197.0,4.0
0.0,0.0,1.0,0.0,10095.0,20.95,2024.0,6.0,116.0,2275.0,3.0
1.0,1.0,0.0,0.0,82067.0,25.99,2022.0,6.0,200.0,1968.0,5.0
0.0,0.0,1.0,0.0,118936.0,10.95,2018.0,6.0,116.0,999.0,3.0
0.0,0.0,1.0,0.0,81947.0,8.995,2012.0,6.0,122.0,1390.0,4.0
0.0,0.0,1.0,0.0,38100.0,23.99,2022.0,6.0,150.0,1498.0,4.0
1.0,1.0,0.0,0.0,95224.0,17.49,2015.0,6.0,190.0,1968.0,5.0
0.0,0.0,1.0,0.0,56086.0,14.9,2022.0,6.0,110.0,999.0,3.0
0.0,1.0,0.0,0.0,93500.0,12.985,2019.0,6.0,131.0,1498.0,4.0
0.0,0.0,1.0,0.0,90000.0,19.98,2022.0,6.0,110.0,999.0,5.0
1.0,0.0,1.0,0.0,62525.0,12.899,2021.0,6.0,90.0,999.0,3.0
1.0,1.0,0.0,0.0,91065.0,19.895,2020.0,6.0,150.0,1395.0,4.0
0.0,0.0,1.0,0.0,49617.0,20.9,2022.0,6.0,150.0,1498.0,4.0
1.0,1.0,0.0,0.0,13950.0,21.94,2023.0,6.0,148.0,2275.0,5.0
0.0,1.0,0.0,0.0,21200.0,25.49,2024.0,6.0,116.0,2275.0,3.0
0.0,0.0,1.0,0.0,31212.0,20.99,2021.0,6.0,150.0,1498.0,4.0
1.0,1.0,0.0,0.0,113241.0,24.89,2018.0,6.0,190.0,1968.0,4.0
1.0,1.0,0.0,0.0,24400.0,39.97,2024.0,6.0,200.0,1968.0,4.0
1.0,1.0,0.0,0.0,84744.0,26.985,2021.0,6.0,200.0,1968.0,4.0
0.0,0.0,1.0,0.0,86100.0,11.49,2018.0,6.0,110.0,999.0,5.0
0.0,1.0,0.0,0.0,35040.0,16.89,2021.0,6.0,110.0,999.0,3.0
1.0,1.0,0.0,0.0,91990.0,24.976,2021.0,6.0,150.0,1968.0,4.0
0.0,0.0,1.0,0.0,18446.0,26.459,2024.0,6.0,150.0,1498.0,4.0
1.0,0.0,1.0,0.0,82582.0,11.59,2020.0,6.0,90.0,999.0,3.0
0.0,0.0,1.0,0.0,9496.0,23.5,2024.0,6.0,150.0,1498.0,4.0
0.0,0.0,1.0,0.0,10153.0,20.45,2024.0,6.0,116.0,2275.0,3.0
0.0,0.0,1.0,0.0,19425.0,25.85,2024.0,6.0,150.0,1498.0,5.0
0.0,0.0,1.0,0.0,24829.0,18.48,2023.0,6.0,110.0,999.0,3.0
0.0,1.0,0.0,0.0,35800.0,22.69,2022.0,6.0,150.0,1498.0,4.0
0.0,0.0,1.0,0.0,114750.0,18.989,2020.0,6.0,150.0,1498.0,4.0
0.0,0.0,1.0,0.0,39687.0,18.626,2021.0,6.0,110.0,999.0,3.0
1.0,0.0,1.0,0.0,73601.0,19.49,2021.0,6.0,116.0,1598.0,4.0
1.0,1.0,0.0,0.0,82068.0,18.887,2021.0,6.0,204.0,1395.0,4.0
0.0,1.0,0.0,0.0,14264.0,35.98,2025.0,6.0,150.0,1498.0,4.0
1.0,1.0,0.0,0.0,34400.0,21.46,2023.0,6.0,148.0,2275.0,5.0
1.0,1.0,0.0,0.0,77133.0,19.9,2020.0,6.0,116.0,1598.0,4.0
0.0,0.0,1.0,0.0,30500.0,18.98,2023.0,6.0,110.0,999.0,3.0
1.0,1.0,0.0,0.0,117800.0,16.99,2022.0,6.0,150.0,1968.0,4.0
0.0,0.0,1.0,0.0,75886.0,24.49,2021.0,6.0,150.0,1498.0,5.0
0.0,0.0,1.0,0.0,48213.0,18.9,2022.0,6.0,110.0,999.0,3.0
1.0,1.0,0.0,0.0,65900.0,24.689,2022.0,6.0,245.0,1395.0,4.0
1.0,1.0,0.0,0.0,50000.0,28.475,2022.0,6.0,204.0,2275.0,5.0
1.0,1.0,0.0,0.0,141902.0,14.9,2020.0,6.0,150.0,1968.0,5.0
0.0,0.0,1.0,0.0,36853.0,14.699,2021.0,6.0,110.0,999.0,3.0
1.0,1.0,0.0,0.0,87700.0,19.69,2022.0,6.0,218.0,1395.0,4.0
1.0,1.0,0.0,0.0,30642.0,22.97,2023.0,6.0,148.0,2275.0,5.0
0.0,0.0,1.0,0.0,13900.0,24.91,2025.0,6.0,116.0,999.0,5.0
0.0,0.0,1.0,0.0,19500.0,18.389,2023.0,6.0,110.0,999.0,3.0
0.0,1.0,0.0,0.0,29900.0,24.995,2021.0,6.0,150.0,1498.0,4.0
1.0,1.0,0.0,0.0,99795.0,28.88,2022.0,6.0,150.0,1968.0,4.0
0.0,0.0,1.0,0.0,26300.0,22.99,2025.0,6.0,150.0,1498.0,4.0
1.0,0.0,1.0,0.0,119465.0,7.99,2012.0,6.0,105.0,1598.0,4.0
0.0,0.0,1.0,0.0,90881.0,18.385,2023.0,6.0,110.0,999.0,3.0
1.0,1.0,0.0,0.0,31790.0,23.95,2022.0,6.0,204.0,1395.0,4.0
0.0,0.0,1.0,0.0,74957.0,15.95,2022.0,6.0,110.0,999.0,3.0
1.0,1.0,0.0,0.0,99467.0,24.88,2018.0,6.0,190.0,1968.0,4.0
0.0,0.0,1.0,0.0,86554.0,17.99,2020.0,6.0,116.0,999.0,3.0
1.0,0.0,1.0,0.0,28800.0,27.6,2020.0,6.0,150.0,1968.0,5.0
1.0,1.0,0.0,0.0,59800.0,25.89,2022.0,6.0,245.0,1395.0,4.0
0.0,0.0,1.0,0.0,80100.0,19.99,2021.0,6.0,190.0,1498.0,4.0
0.0,0.0,1.0,0.0,69578.0,14.89,2020.0,6.0,95.0,2275.0,5.0
0.0,1.0,0.0,0.0,134851.0,9.25,2015.0,6.0,90.0,1197.0,4.0
1.0,0.0,1.0,0.0,46203.0,20.49,2021.0,6.0,116.0,1968.0,5.0
1.0,1.0,0.0,0.0,50650.0,15.99,2021.0,6.0,131.0,1498.0,5.0
0.0,1.0,0.0,0.0,46182.0,9.499,2018.0,6.0,60.0,999.0,3.0
0.0,0.0,1.0,0.0,35246.0,26.89,2022.0,6.0,150.0,1498.0,4.0
0.0,0.0,1.0,0.0,26044.0,21.9,2024.0,6.0,116.0,999.0,3.0
0.0,1.0,0.0,0.0,56500.0,23.99,2021.0,6.0,150.0,1498.0,4.0
1.0,1.0,0.0,0.0,6235.0,43.444,2025.0,6.0,204.0,1498.0,4.0
0.0,0.0,1.0,0.0,20543.0,17.95,2024.0,6.0,116.0,2275.0,3.0
0.0,1.0,0.0,0.0,7300.0,20.74,2025.0,6.0,116.0,999.0,3.0
0.0,0.0,1.0,0.0,50000.0,15.695,2020.0,6.0,95.0,999.0,3.0
0.0,1.0,0.0,0.0,100.0,35.89,2025.0,6.0,150.0,1498.0,4.0
1.0,1.0,0.0,0.0,22345.0,29.99,2022.0,6.0,179.0,2275.0,5.0
0.0,0.0,1.0,0.0,49794.0,19.49,2021.0,6.0,110.0,999.0,5.0
1.0,1.0,0.0,0.0,76527.0,21.5,2021.0,6.0,218.0,1395.0,4.0
0.0,1.0,0.0,0.0,36950.0,23.449,2023.0,6.0,204.0,1395.0,4.0
0.0,0.0,1.0,0.0,55000.0,23.49,2021.0,6.0,150.0,1498.0,5.0
1.0,0.0,1.0,0.0,85000.0,24.9,2022.0,6.0,150.0,1968.0,4.0
0.0,0.0,1.0,0.0,24500.0,16.489,2022.0,6.0,95.0,999.0,3.0
1.0,0.0,1.0,0.0,59090.0,16.49,2020.0,6.0,90.0,999.0,5.0
1.0,1.0,0.0,0.0,26850.0,22.79,2023.0,6.0,204.0,1395.0,5.0
0.0,0.0,1.0,0.0,67400.0,17.69,2019.0,6.0,116.0,999.0,3.0
0.0,1.0,0.0,0.0,55736.0,13.97,2022.0,6.0,95.0,999.0,5.0
1.0,1.0,0.0,0.0,66611.0,19.945,2020.0,6.0,218.0,1395.0,4.0
0.0,0.0,1.0,0.0,117282.0,14.95,2020.0,6.0,116.0,999.0,3.0
0.0,0.0,1.0,0.0,47794.0,18.475,2022.0,6.0,110.0,999.0,3.0
0.0,1.0,0.0,0.0,56560.0,21.995,2024.0,6.0,116.0,999.0,3.0
0.0,0.0,1.0,0.0,35135.0,20.78,2021.0,6.0,150.0,1498.0,4.0
0.0,0.0,1.0,0.0,51560.0,21.59,2021.0,6.0,150.0,2275.0,4.0
0.0,0.0,1.0,0.0,99900.0,16.77,2016.0,6.0,179.0,1798.0,4.0
0.0,0.0,1.0,0.0,6214.0,25.89,2021.0,6.0,150.0,1498.0,5.0
0.0,0.0,1.0,0.0,46000.0,21.95,2020.0,6.0,150.0,1498.0,4.0
0.0,0.0,1.0,0.0,100.0,22.9,2025.0,6.0,116.0,999.0,3.0
0.0,1.0,0.0,0.0,81772.0,15.95,2022.0,6.0,110.0,999.0,3.0
0.0,0.0,1.0,0.0,13599.0,20.95,2025.0,6.0,116.0,2275.0,3.0
0.0,0.0,1.0,0.0,63800.0,19.985,2021.0,6.0,110.0,999.0,3.0
1.0,0.0,1.0,0.0,72960.0,22.76,2021.0,6.0,150.0,1968.0,4.0
0.0,1.0,0.0,0.0,35731.0,17.98,2022.0,6.0,110.0,999.0,3.0
1.0,1.0,0.0,0.0,20190.0,27.98,2024.0,6.0,116.0,1968.0,4.0
1.0,1.0,0.0,0.0,72384.0,22.89,2021.0,6.0,179.0,2275.0,5.0
1.0,1.0,0.0,0.0,34532.0,21.49,2022.0,6.0,150.0,1395.0,4.0
1.0,1.0,0.0,0.0,75600.0,29.89,2022.0,6.0,200.0,1968.0,4.0
0.0,0.0,1.0,0.0,569.0,32.99,2024.0,6.0,150.0,1498.0,4.0
0.0,1.0,0.0,0.0,69894.0,19.9,2022.0,6.0,204.0,1395.0,5.0
1.0,1.0,0.0,0.0,105390.0,25.88,2021.0,6.0,200.0,1968.0,4.0
0.0,0.0,1.0,0.0,10095.0,20.95,2024.0,6.0,116.0,2275.0,3.0
0.0,0.0,0.0,1.0,75354.0,25.5,2022.0,6.0,150.0,1498.0,4.0
1.0,1.0,0.0,0.0,92956.0,24.78,2022.0,6.0,150.0,1968.0,4.0
1.0,1.0,0.0,0.0,87750.0,35.89,2023.0,6.0,200.0,2275.0,4.0
0.0,0.0,1.0,0.0,54900.0,24.55,2022.0,6.0,150.0,1498.0,4.0
1.0,1.0,0.0,0.0,89173.0,24.48,2021.0,6.0,200.0,1968.0,4.0
0.0,1.0,0.0,0.0,34351.0,20.99,2023.0,6.0,110.0,999.0,3.0
1.0,1.0,0.0,0.0,64913.0,20.69,2022.0,6.0,150.0,1395.0,4.0
0.0,1.0,0.0,0.0,45807.0,19.98,2021.0,6.0,110.0,999.0,3.0
0.0,1.0,0.0,0.0,29989.0,23.5,2022.0,6.0,150.0,1498.0,4.0
0.0,0.0,1.0,0.0,50.0,19.977,2025.0,6.0,116.0,999.0,3.0
1.0,1.0,0.0,0.0,42254.0,23.35,2022.0,6.0,179.0,2275.0,5.0
0.0,1.0,0.0,0.0,68500.0,21.99,2019.0,6.0,150.0,1498.0,4.0
0.0,1.0,0.0,0.0,22464.0,31.98,2024.0,6.0,150.0,1498.0,4.0
1.0,1.0,0.0,0.0,51929.0,20.39,2021.0,6.0,156.0,1395.0,4.0
1.0,1.0,0.0,0.0,92885.0,26.48,2022.0,6.0,200.0,1968.0,4.0
0.0,0.0,1.0,0.0,37830.0,22.47,2020.0,6.0,150.0,1498.0,4.0
0.0,0.0,1.0,0.0,182865.0,14.95,2021.0,6.0,110.0,999.0,3.0
0.0,1.0,0.0,0.0,41933.0,25.995,2021.0,6.0,150.0,1498.0,4.0
0.0,0.0,1.0,0.0,135041.0,14.95,2018.0,6.0,150.0,1395.0,4.0
1.0,1.0,0.0,0.0,85757.0,28.99,2021.0,6.0,204.0,2275.0,5.0
0.0,0.0,1.0,0.0,79990.0,11.99,2020.0,6.0,95.0,999.0,3.0
0.0,1.0,0.0,0.0,9643.0,21.99,2024.0,6.0,116.0,999.0,5.0
1.0,1.0,0.0,0.0,91116.0,26.99,2021.0,6.0,218.0,1395.0,5.0
0.0,0.0,1.0,0.0,62000.0,19.99,2021.0,6.0,110.0,999.0,3.0
0.0,1.0,0.0,0.0,8500.0,41.69,2024.0,6.0,190.0,1984.0,4.0
1.0,1.0,0.0,0.0,115921.0,22.79,2022.0,6.0,150.0,1968.0,4.0
0.0,0.0,1.0,0.0,75500.0,15.9,2017.0,6.0,150.0,1395.0,4.0
1.0,1.0,0.0,0.0,48438.0,21.79,2022.0,6.0,150.0,1395.0,4.0
1.0,1.0,0.0,0.0,44641.0,27.47,2021.0,6.0,179.0,2275.0,5.0
0.0,1.0,0.0,0.0,32000.0,21.985,2020.0,6.0,150.0,1498.0,4.0
1.0,0.0,1.0,0.0,42830.0,19.99,2020.0,6.0,150.0,1968.0,5.0
0.0,0.0,1.0,0.0,23548.0,17.95,2024.0,6.0,95.0,999.0,5.0
0.0,0.0,1.0,0.0,125000.0,12.9,2020.0,6.0,116.0,999.0,3.0
1.0,1.0,0.0,0.0,106900.0,21.69,2022.0,6.0,150.0,1968.0,4.0
1.0,1.0,0.0,0.0,14730.0,43.888,2025.0,6.0,204.0,1498.0,4.0
0.0,1.0,0.0,0.0,26697.0,37.945,2024.0,6.0,245.0,2275.0,4.0
1.0,1.0,0.0,0.0,55757.0,21.79,2021.0,6.0,156.0,1395.0,4.0
1.0,1.0,0.0,0.0,50948.0,27.945,2022.0,6.0,245.0,1395.0,4.0
1.0,1.0,0.0,0.0,155450.0,20.894,2023.0,6.0,150.0,1968.0,4.0
1.0,1.0,0.0,0.0,46890.0,21.977,2023.0,6.0,148.0,2275.0,5.0
0.0,0.0,1.0,0.0,21768.0,27.44,2024.0,6.0,150.0,1498.0,4.0
0.0,1.0,0.0,0.0,92321.0,22.95,2018.0,6.0,150.0,1498.0,4.0
1.0,1.0,0.0,0.0,60000.0,34.99,2022.0,6.0,150.0,1968.0,4.0
1.0,1.0,0.0,0.0,61203.0,28.99,2022.0,6.0,200.0,2275.0,5.0
0.0,1.0,0.0,0.0,26150.0,19.74,2025.0,6.0,116.0,999.0,3.0
0.0,0.0,1.0,0.0,7862.0,26.59,2024.0,6.0,150.0,1498.0,5.0
0.0,1.0,0.0,0.0,5232.0,41.888,2025.0,6.0,150.0,1498.0,4.0
1.0,1.0,0.0,0.0,99034.0,18.93,2021.0,6.0,150.0,1395.0,4.0
0.0,0.0,1.0,0.0,51617.0,20.83,2022.0,6.0,110.0,999.0,3.0
1.0,1.0,0.0,0.0,88000.0,22.95,2023.0,6.0,150.0,1968.0,4.0
0.0,1.0,0.0,0.0,14015.0,28.99,2024.0,6.0,150.0,1498.0,5.0
1.0,1.0,0.0,0.0,66900.0,29.89,2022.0,6.0,200.0,1968.0,4.0
0.0,1.0,0.0,0.0,4999.0,36.99,2025.0,6.0,150.0,1493.0,5.0
0.0,0.0,1.0,0.0,73289.0,20.79,2021.0,6.0,150.0,1498.0,4.0
1.0,1.0,0.0,0.0,78000.0,29.99,2022.0,6.0,200.0,1968.0,4.0
1.0,0.0,1.0,0.0,20600.0,18.98,2020.0,6.0,90.0,999.0,3.0
1.0,1.0,0.0,0.0,107000.0,32.99,2019.0,6.0,239.0,1968.0,4.0
1.0,1.0,0.0,0.0,60120.0,29.88,2023.0,6.0,204.0,2275.0,5.0
0.0,0.0,1.0,0.0,41239.0,17.98,2022.0,6.0,110.0,999.0,3.0
0.0,1.0,0.0,0.0,9230.0,22.79,2024.0,6.0,116.0,999.0,3.0
0.0,0.0,1.0,0.0,63295.0,17.75,2023.0,6.0,151.0,2275.0,5.0
0.0,0.0,1.0,0.0,47609.0,21.99,2021.0,6.0,150.0,1498.0,4.0
0.0,1.0,0.0,0.0,64000.0,26.9,2020.0,6.0,245.0,1984.0,4.0
1.0,1.0,0.0,0.0,879.0,45.9,2025.0,6.0,204.0,1498.0,4.0
0.0,0.0,1.0,0.0,51348.0,21.87,2021.0,6.0,150.0,1498.0,4.0
0.0,1.0,0.0,0.0,71855.0,29.9,2023.0,6.0,150.0,1498.0,4.0
1.0,1.0,0.0,0.0,47711.0,30.995,2021.0,6.0,150.0,1395.0,4.0
1.0,1.0,0.0,0.0,58936.0,27.68,2022.0,6.0,179.0,2275.0,5.0
0.0,1.0,0.0,0.0,44841.0,23.9,2021.0,6.0,150.0,1498.0,4.0
0.0,1.0,0.0,0.0,100000.0,20.979,2021.0,6.0,150.0,1498.0,4.0
0.0,0.0,1.0,0.0,64600.0,18.47,2021.0,6.0,110.0,999.0,4.0
0.0,1.0,0.0,0.0,84000.0,15.9,2020.0,6.0,109.0,999.0,3.0
1.0,1.0,0.0,0.0,32069.0,22.5,2023.0,6.0,102.0,1.0,5.0
1.0,1.0,0.0,0.0,14262.0,26.5,2024.0,6.0,102.0,2275.0,5.0
1.0,1.0,0.0,0.0,14262.0,26.5,2024.0,6.0,102.0,2275.0,5.0
0.0,0.0,1.0,0.0,62675.0,9.9,2016.0,6.0,71.0,999.0,5.0
0.0,1.0,0.0,0.0,44247.0,13.4,2018.0,6.0,90.0,900.0,5.0
1.0,1.0,0.0,0.0,23697.0,37.9,2024.0,6.0,158.0,2275.0,5.0
1.0,1.0,0.0,0.0,22567.0,13.78,2018.0,6.0,82.0,2275.0,5.0
1.0,1.0,0.0,0.0,56635.0,12.9,2021.0,6.0,82.0,2275.0,5.0
1.0,0.0,1.0,0.0,40000.0,8.0,2018.0,6.0,82.0,2275.0,5.0
0.0,0.0,1.0,0.0,1000.0,13.49,2019.0,6.0,71.0,2275.0,5.0
0.0,0.0,1.0,0.0,46355.0,7.89,2016.0,6.0,71.0,2275.0,5.0
0.0,0.0,1.0,0.0,207759.0,1.95,2008.0,6.0,92.0,1328.0,4.0
1.0,0.0,1.0,0.0,32552.0,16.99,2022.0,6.0,129.0,1373.0,4.0
0.0,0.0,1.0,0.0,51207.0,15.79,2021.0,6.0,129.0,1373.0,5.0
1.0,0.0,1.0,0.0,50226.0,17.99,2022.0,6.0,129.0,1373.0,5.0
0.0,0.0,1.0,0.0,7350.0,19.95,2024.0,6.0,129.0,1373.0,4.0
1.0,0.0,1.0,0.0,29100.0,18.85,2023.0,6.0,129.0,1373.0,4.0
1.0,0.0,1.0,0.0,17970.0,20.98,2023.0,6.0,129.0,1373.0,5.0
0.0,1.0,0.0,0.0,133600.0,5.995,2008.0,6.0,92.0,1328.0,4.0
1.0,1.0,0.0,0.0,14550.0,20.879,2023.0,6.0,102.0,1462.0,4.0
0.0,0.0,1.0,0.0,10560.0,18.55,2025.0,6.0,129.0,1373.0,4.0
0.0,0.0,1.0,0.0,90500.0,13.99,2021.0,6.0,129.0,1373.0,4.0
1.0,0.0,1.0,0.0,47000.0,17.2,2022.0,6.0,129.0,1462.0,4.0
0.0,0.0,1.0,0.0,138580.0,4.98,2011.0,6.0,120.0,1586.0,5.0
0.0,0.0,1.0,0.0,48990.0,9.97,2017.0,6.0,90.0,1242.0,4.0
0.0,1.0,0.0,0.0,129000.0,12.95,2017.0,6.0,140.0,1373.0,5.0
0.0,1.0,0.0,0.0,104880.0,14.9,2018.0,6.0,140.0,1400.0,4.0
0.0,0.0,1.0,0.0,89233.0,5.949,2009.0,6.0,92.0,1328.0,4.0
0.0,0.0,1.0,0.0,20.0,21.99,2025.0,6.0,110.0,1373.0,4.0
0.0,0.0,1.0,0.0,95770.0,13.9,2019.0,6.0,140.0,1373.0,4.0
1.0,0.0,1.0,0.0,69782.0,16.49,2021.0,6.0,129.0,1373.0,4.0
0.0,1.0,0.0,0.0,27102.0,16.949,2020.0,6.0,90.0,1242.0,4.0
0.0,0.0,1.0,0.0,5500.0,19.59,2025.0,6.0,129.0,2275.0,5.0
0.0,0.0,1.0,0.0,73944.0,14.999,2016.0,6.0,120.0,1586.0,4.0
0.0,0.0,1.0,0.0,6.0,22.99,2025.0,6.0,129.0,1373.0,5.0
0.0,1.0,0.0,0.0,3230.0,23.27,2025.0,6.0,110.0,1373.0,4.0
0.0,0.0,1.0,0.0,149082.0,6.75,2010.0,6.0,94.0,1242.0,4.0
0.0,0.0,1.0,0.0,4185.0,22.97,2025.0,6.0,129.0,1373.0,4.0
0.0,0.0,1.0,0.0,216228.0,3.35,2011.0,6.0,94.0,1242.0,4.0
0.0,0.0,1.0,0.0,60001.0,17.9,2020.0,6.0,140.0,1373.0,4.0
0.0,1.0,0.0,0.0,62250.0,18.99,2021.0,6.0,129.0,1373.0,4.0
0.0,0.0,1.0,0.0,76551.0,17.498,2021.0,6.0,129.0,1373.0,4.0
0.0,1.0,0.0,0.0,15900.0,17.29,2025.0,6.0,83.0,1197.0,3.0
1.0,0.0,1.0,0.0,98792.0,13.49,2017.0,6.0,120.0,1598.0,5.0
1.0,0.0,1.0,0.0,1.0,26.48,2025.0,6.0,129.0,1373.0,4.0
1.0,0.0,1.0,0.0,5340.0,23.85,2025.0,6.0,129.0,1373.0,4.0
1.0,1.0,0.0,0.0,50.0,18.9,2025.0,6.0,83.0,1197.0,3.0
0.0,0.0,1.0,0.0,24455.0,18.222,2022.0,6.0,129.0,1373.0,4.0
1.0,0.0,1.0,0.0,19000.0,23.9,2024.0,6.0,129.0,1373.0,4.0
0.0,0.0,1.0,0.0,24890.0,19.78,2023.0,6.0,129.0,1373.0,4.0
1.0,1.0,0.0,0.0,50000.0,22.9,2024.0,6.0,102.0,1462.0,4.0
0.0,0.0,1.0,0.0,52413.0,18.9,2021.0,6.0,129.0,1373.0,4.0
0.0,0.0,1.0,0.0,51353.0,17.99,2020.0,6.0,140.0,1373.0,4.0
0.0,0.0,1.0,0.0,4.0,21.49,2025.0,6.0,129.0,1373.0,4.0
1.0,0.0,1.0,0.0,57000.0,19.9,2022.0,6.0,129.0,1373.0,4.0
1.0,0.0,1.0,0.0,150.0,24.5,2024.0,6.0,129.0,1373.0,4.0
1.0,0.0,1.0,0.0,42700.0,18.8,2023.0,6.0,129.0,1373.0,4.0
0.0,0.0,1.0,0.0,167247.0,4.45,2014.0,6.0,68.0,996.0,3.0
0.0,1.0,0.0,0.0,44257.0,23.399,2021.0,6.0,129.0,1373.0,4.0
0.0,1.0,0.0,0.0,850.0,23.99,2025.0,6.0,110.0,1373.0,4.0
0.0,0.0,1.0,0.0,67992.0,17.9,2021.0,6.0,129.0,1373.0,4.0
0.0,0.0,1.0,0.0,59812.0,19.99,2022.0,6.0,129.0,1373.0,5.0
1.0,1.0,0.0,0.0,42247.0,20.99,2023.0,6.0,102.0,1462.0,5.0
0.0,0.0,1.0,0.0,30600.0,20.995,2024.0,6.0,129.0,1373.0,4.0
0.0,0.0,1.0,0.0,46100.0,15.95,2019.0,6.0,140.0,1373.0,5.0
1.0,1.0,0.0,0.0,43450.0,22.9,2024.0,6.0,102.0,1462.0,4.0
1.0,1.0,0.0,0.0,20001.0,24.5,2024.0,6.0,102.0,1462.0,4.0
1.0,1.0,0.0,0.0,35900.0,20.99,2021.0,6.0,122.0,1798.0,4.0
0.0,0.0,1.0,0.0,61862.0,15.99,2018.0,6.0,140.0,1373.0,5.0
0.0,1.0,0.0,0.0,100650.0,16.98,2019.0,6.0,140.0,1373.0,4.0
0.0,0.0,1.0,0.0,42502.0,7.845,2018.0,6.0,68.0,998.0,3.0
0.0,0.0,1.0,0.0,170901.0,4.45,2010.0,6.0,92.0,1328.0,4.0
0.0,1.0,0.0,0.0,550.0,25.788,2025.0,6.0,116.0,1462.0,4.0
0.0,0.0,1.0,0.0,2997.0,22.0,2025.0,6.0,129.0,1373.0,4.0
1.0,0.0,1.0,0.0,10.0,18.99,2025.0,6.0,129.0,1373.0,4.0
1.0,1.0,0.0,0.0,41400.0,21.99,2023.0,6.0,102.0,1462.0,4.0
1.0,1.0,0.0,0.0,10.0,25.59,2025.0,6.0,116.0,1462.0,4.0
0.0,0.0,1.0,0.0,8112.0,24.945,2025.0,6.0,131.0,1373.0,4.0
0.0,0.0,1.0,0.0,73264.0,15.95,2017.0,6.0,136.0,1586.0,4.0
1.0,1.0,0.0,0.0,10.0,24.49,2025.0,6.0,116.0,1462.0,4.0
1.0,0.0,1.0,0.0,79703.0,13.98,2018.0,6.0,120.0,1598.0,4.0
0.0,1.0,0.0,0.0,75412.0,19.99,2024.0,6.0,102.0,1462.0,4.0
1.0,0.0,1.0,0.0,10000.0,15.9,2025.0,6.0,83.0,1197.0,3.0
1.0,0.0,1.0,0.0,99.0,22.9,2024.0,6.0,129.0,1373.0,4.0
0.0,0.0,1.0,0.0,9968.0,23.95,2025.0,6.0,129.0,1373.0,4.0
1.0,1.0,0.0,0.0,34211.0,26.95,2023.0,6.0,116.0,1462.0,4.0
0.0,0.0,1.0,0.0,109000.0,2.499,2008.0,6.0,65.0,996.0,3.0
0.0,0.0,1.0,0.0,95577.0,5.0,2015.0,6.0,68.0,996.0,3.0
1.0,0.0,1.0,0.0,3423.0,23.99,2023.0,6.0,129.0,1373.0,5.0
0.0,0.0,1.0,0.0,4000.0,24.535,2025.0,6.0,129.0,1373.0,5.0
0.0,1.0,0.0,0.0,53656.0,18.899,2019.0,6.0,111.0,998.0,3.0
1.0,1.0,0.0,0.0,79884.0,29.89,2020.0,6.0,185.0,2487.0,4.0
0.0,0.0,1.0,0.0,50000.0,13.5,2017.0,6.0,90.0,1200.0,5.0
1.0,1.0,0.0,0.0,10.0,29.3,2025.0,6.0,116.0,1462.0,4.0
1.0,1.0,0.0,0.0,19411.0,18.4,2023.0,6.0,102.0,1500.0,5.0
0.0,0.0,1.0,0.0,17056.0,23.99,2024.0,6.0,129.0,1373.0,5.0
0.0,0.0,1.0,0.0,104060.0,11.9,2014.0,6.0,120.0,1586.0,4.0
0.0,1.0,0.0,0.0,178057.0,5.24,2008.0,6.0,102.0,1490.0,4.0
0.0,1.0,0.0,0.0,29112.0,17.95,2020.0,6.0,83.0,1197.0,4.0
1.0,1.0,0.0,0.0,22625.0,23.29,2023.0,6.0,102.0,1462.0,4.0
0.0,0.0,1.0,0.0,196843.0,4.0,2010.0,6.0,94.0,1242.0,4.0
0.0,0.0,1.0,0.0,31529.0,11.95,2021.0,6.0,68.0,998.0,3.0
0.0,0.0,1.0,0.0,4500.0,24.98,2025.0,6.0,129.0,1373.0,5.0
0.0,0.0,1.0,0.0,132100.0,7.95,2013.0,6.0,120.0,1586.0,5.0
1.0,1.0,0.0,0.0,40698.0,25.95,2022.0,6.0,116.0,1462.0,4.0
1.0,0.0,1.0,0.0,97213.0,13.25,2018.0,6.0,120.0,2275.0,5.0
0.0,1.0,0.0,0.0,6912.0,18.9,2025.0,6.0,83.0,1197.0,3.0
1.0,0.0,1.0,0.0,41900.0,18.999,2023.0,6.0,129.0,1373.0,5.0
1.0,0.0,1.0,0.0,72989.0,19.68,2020.0,6.0,129.0,1373.0,4.0
1.0,1.0,0.0,0.0,55751.0,12.3,2020.0,6.0,83.0,1200.0,5.0
0.0,0.0,1.0,0.0,14000.0,26.395,2024.0,6.0,110.0,1373.0,4.0
0.0,0.0,1.0,0.0,109276.0,19.3,2019.0,6.0,140.0,1373.0,4.0
1.0,0.0,1.0,0.0,91878.0,15.98,2015.0,6.0,120.0,1586.0,5.0
1.0,0.0,1.0,0.0,137000.0,9.99,2016.0,6.0,120.0,2275.0,4.0
1.0,1.0,0.0,0.0,68550.0,29.0,2022.0,6.0,185.0,2487.0,4.0
1.0,0.0,1.0,0.0,3321.0,16.49,2025.0,6.0,83.0,1197.0,3.0
0.0,1.0,0.0,0.0,90498.0,8.29,2017.0,6.0,68.0,998.0,3.0
0.0,1.0,0.0,0.0,10.0,24.59,2024.0,6.0,116.0,1462.0,4.0
0.0,0.0,1.0,0.0,65346.0,17.899,2022.0,6.0,129.0,1373.0,5.0
0.0,0.0,1.0,0.0,100.0,22.69,2025.0,6.0,129.0,1373.0,4.0
0.0,0.0,1.0,0.0,158079.0,9.25,2013.0,6.0,120.0,1586.0,4.0
0.0,0.0,1.0,0.0,100.0,22.99,2025.0,6.0,129.0,1373.0,4.0
0.0,1.0,0.0,0.0,118576.0,15.85,2017.0,6.0,120.0,1586.0,4.0
1.0,0.0,1.0,0.0,2276.0,20.9,2024.0,6.0,129.0,1373.0,5.0
1.0,1.0,0.0,0.0,50.0,26.588,2024.0,6.0,98.0,1798.0,4.0
1.0,0.0,1.0,0.0,33149.0,16.85,2022.0,6.0,83.0,1197.0,4.0
1.0,0.0,1.0,0.0,47000.0,19.955,2021.0,6.0,129.0,1373.0,4.0
1.0,1.0,0.0,0.0,67759.0,24.9,2022.0,6.0,129.0,1373.0,4.0
0.0,1.0,0.0,0.0,91803.0,10.45,2016.0,6.0,68.0,998.0,3.0
0.0,0.0,1.0,0.0,105838.0,5.75,2014.0,6.0,68.0,996.0,3.0
0.0,1.0,0.0,0.0,47465.0,12.95,2017.0,6.0,90.0,1242.0,4.0
0.0,0.0,1.0,0.0,56569.0,18.0,2024.0,6.0,129.0,1373.0,4.0
0.0,0.0,1.0,0.0,6100.0,26.495,2025.0,6.0,129.0,1373.0,4.0
0.0,1.0,0.0,0.0,50.0,28.777,2025.0,6.0,109.0,1373.0,4.0
1.0,1.0,0.0,0.0,5000.0,27.99,2025.0,6.0,140.0,1798.0,4.0
0.0,1.0,0.0,0.0,8130.0,18.6,2025.0,6.0,83.0,1197.0,3.0
1.0,0.0,1.0,0.0,57600.0,18.7,2023.0,6.0,129.0,1373.0,4.0
1.0,0.0,1.0,0.0,8392.0,20.9,2023.0,6.0,129.0,1373.0,4.0
0.0,1.0,0.0,0.0,2500.0,23.99,2025.0,6.0,110.0,1373.0,4.0
0.0,1.0,0.0,0.0,39981.0,18.97,2021.0,6.0,129.0,1373.0,4.0
1.0,1.0,0.0,0.0,150.0,27.49,2025.0,6.0,140.0,1798.0,4.0
1.0,1.0,0.0,0.0,28976.0,22.5,2022.0,6.0,102.0,1462.0,4.0
1.0,1.0,0.0,0.0,6666.0,26.98,2024.0,6.0,98.0,1798.0,5.0
1.0,1.0,0.0,0.0,15742.0,22.94,2025.0,6.0,83.0,1197.0,4.0
1.0,0.0,1.0,0.0,134032.0,12.7,2008.0,6.0,86.0,1461.0,5.0
1.0,1.0,0.0,0.0,10.0,18.59,2025.0,6.0,83.0,1197.0,3.0
0.0,0.0,1.0,0.0,11923.0,21.95,2025.0,6.0,83.0,1197.0,3.0
1.0,1.0,0.0,0.0,22228.0,21.88,2025.0,6.0,116.0,1462.0,4.0
0.0,0.0,1.0,0.0,65157.0,16.995,2023.0,6.0,129.0,2275.0,5.0
0.0,0.0,1.0,0.0,135220.0,9.749,2018.0,6.0,90.0,1242.0,4.0
1.0,1.0,0.0,0.0,10.0,27.99,2025.0,6.0,110.0,1373.0,4.0
1.0,0.0,1.0,0.0,31312.0,24.7,2023.0,6.0,129.0,1373.0,4.0
1.0,1.0,0.0,0.0,10.0,31.9,2025.0,6.0,110.0,1373.0,4.0
1.0,0.0,1.0,0.0,145000.0,13.3,2022.0,6.0,129.0,1373.0,4.0
0.0,0.0,1.0,0.0,185601.0,3.949,2012.0,6.0,68.0,996.0,3.0
1.0,1.0,0.0,0.0,14260.0,24.9,2024.0,6.0,102.0,1462.0,4.0
0.0,0.0,1.0,0.0,78920.0,15.95,2016.0,6.0,140.0,1373.0,4.0
1.0,1.0,0.0,0.0,31900.0,36.98,2023.0,6.0,185.0,2487.0,5.0
0.0,0.0,1.0,0.0,74490.0,17.9,2021.0,6.0,129.0,1373.0,5.0
1.0,0.0,1.0,0.0,10.0,17.4,2025.0,6.0,83.0,1197.0,3.0
0.0,0.0,1.0,0.0,48888.0,26.9,2024.0,6.0,129.0,1373.0,5.0
0.0,0.0,1.0,0.0,63963.0,9.45,2017.0,6.0,68.0,998.0,3.0
0.0,0.0,1.0,0.0,6999.0,20.95,2024.0,6.0,83.0,1197.0,3.0
0.0,1.0,0.0,0.0,18100.0,18.47,2025.0,6.0,83.0,1197.0,3.0
1.0,1.0,0.0,0.0,56959.0,32.989,2022.0,6.0,185.0,2487.0,4.0
0.0,1.0,0.0,0.0,5500.0,24.999,2025.0,6.0,116.0,1462.0,4.0
0.0,0.0,1.0,0.0,12737.0,28.95,2023.0,6.0,129.0,1373.0,4.0
1.0,0.0,1.0,0.0,10.0,22.95,2025.0,6.0,129.0,1373.0,4.0
0.0,0.0,1.0,0.0,19156.0,20.99,2023.0,6.0,129.0,1373.0,4.0
0.0,0.0,1.0,0.0,60256.0,17.949,2019.0,6.0,111.0,998.0,3.0
1.0,1.0,0.0,0.0,1.0,30.88,2025.0,6.0,110.0,1373.0,4.0
0.0,0.0,1.0,0.0,3510.0,23.95,2023.0,6.0,83.0,1197.0,4.0
1.0,0.0,1.0,0.0,73737.0,18.949,2020.0,6.0,129.0,1373.0,4.0
0.0,1.0,0.0,0.0,4999.0,30.98,2025.0,6.0,110.0,1373.0,5.0
0.0,1.0,0.0,0.0,5103.0,26.45,2025.0,6.0,90.0,1200.0,5.0
1.0,0.0,1.0,0.0,29569.0,22.85,2021.0,6.0,129.0,1373.0,4.0
0.0,0.0,1.0,0.0,5.0,17.9,2024.0,6.0,83.0,1200.0,5.0
0.0,0.0,1.0,0.0,115987.0,9.949,2016.0,6.0,94.0,1242.0,4.0
1.0,0.0,1.0,0.0,59416.0,22.499,2022.0,6.0,129.0,1373.0,4.0
0.0,0.0,1.0,0.0,82302.0,16.49,2018.0,6.0,141.0,2275.0,5.0
0.0,0.0,1.0,0.0,19156.0,20.99,2023.0,6.0,129.0,1373.0,4.0
0.0,0.0,1.0,0.0,1369.0,18.79,2025.0,6.0,83.0,1197.0,3.0
1.0,0.0,1.0,0.0,10.0,27.9,2025.0,6.0,129.0,1373.0,4.0
1.0,0.0,1.0,0.0,66570.0,20.9,2023.0,6.0,129.0,1373.0,4.0
1.0,0.0,1.0,0.0,89900.0,20.7,2020.0,6.0,129.0,1373.0,4.0
1.0,0.0,1.0,0.0,97965.0,20.49,2024.0,6.0,131.0,1373.0,5.0
0.0,1.0,0.0,0.0,4193.0,26.45,2025.0,6.0,90.0,1200.0,5.0
1.0,1.0,0.0,0.0,122172.0,20.949,2021.0,6.0,129.0,1373.0,4.0
0.0,0.0,1.0,0.0,1324.0,19.49,2025.0,6.0,83.0,1197.0,3.0
1.0,1.0,0.0,0.0,10.0,27.79,2025.0,6.0,109.0,1373.0,4.0
1.0,0.0,1.0,0.0,56004.0,24.749,2023.0,6.0,129.0,1373.0,4.0
1.0,0.0,1.0,0.0,70690.0,21.949,2021.0,6.0,129.0,1373.0,4.0
1.0,0.0,1.0,0.0,76529.0,25.95,2023.0,6.0,129.0,1373.0,4.0
1.0,0.0,1.0,0.0,16500.0,19.5,2025.0,6.0,129.0,1373.0,4.0
0.0,0.0,1.0,0.0,115000.0,5.49,2011.0,6.0,95.0,2275.0,5.0
1.0,0.0,1.0,0.0,10.0,18.99,2025.0,6.0,129.0,1373.0,4.0
0.0,0.0,1.0,0.0,159096.0,4.99,2010.0,6.0,95.0,2275.0,5.0
0.0,0.0,1.0,0.0,17312.0,21.79,2024.0,6.0,129.0,1373.0,4.0
0.0,0.0,1.0,0.0,92900.0,13.99,2017.0,6.0,140.0,1373.0,4.0
0.0,0.0,1.0,0.0,26150.0,13.49,2021.0,6.0,83.0,1197.0,4.0
0.0,0.0,1.0,0.0,16582.0,21.79,2025.0,6.0,129.0,1373.0,4.0
1.0,0.0,1.0,0.0,58000.0,18.8,2022.0,6.0,129.0,1400.0,4.0
1.0,0.0,1.0,0.0,44000.0,15.999,2020.0,6.0,131.0,1373.0,5.0
0.0,0.0,1.0,0.0,54846.0,18.578,2024.0,6.0,129.0,1373.0,4.0
0.0,0.0,1.0,0.0,58024.0,17.255,2023.0,6.0,129.0,1373.0,4.0
0.0,0.0,1.0,0.0,17584.0,21.99,2025.0,6.0,129.0,1373.0,4.0
0.0,1.0,0.0,0.0,38258.0,18.444,2022.0,6.0,102.0,1462.0,5.0
0.0,0.0,1.0,0.0,44800.0,17.48,2020.0,6.0,129.0,1373.0,4.0
0.0,0.0,1.0,0.0,9993.0,20.44,2025.0,6.0,129.0,1373.0,4.0
0.0,0.0,1.0,0.0,64000.0,18.785,2023.0,6.0,129.0,1373.0,5.0
0.0,1.0,0.0,0.0,100.0,23.79,2025.0,6.0,116.0,1462.0,4.0
0.0,0.0,1.0,0.0,10082.0,15.8,2024.0,6.0,83.0,1197.0,3.0
1.0,0.0,1.0,0.0,22155.0,19.45,2025.0,6.0,131.0,2275.0,5.0
0.0,0.0,1.0,0.0,86358.0,15.9,2019.0,6.0,140.0,1373.0,5.0
1.0,0.0,1.0,0.0,71036.0,16.999,2022.0,6.0,131.0,1373.0,5.0
0.0,0.0,1.0,0.0,20.0,23.775,2025.0,6.0,129.0,1373.0,4.0
0.0,0.0,1.0,0.0,55000.0,12.3,2018.0,6.0,90.0,2275.0,5.0
1.0,0.0,1.0,0.0,3000.0,24.95,2025.0,6.0,120.0,1373.0,5.0
0.0,1.0,0.0,0.0,10.0,24.99,2024.0,6.0,116.0,1462.0,4.0
0.0,0.0,1.0,0.0,56766.0,18.4,2024.0,6.0,129.0,1373.0,4.0
1.0,1.0,0.0,0.0,11121.0,24.999,2024.0,6.0,117.0,1462.0,5.0
1.0,0.0,1.0,0.0,30178.0,19.999,2022.0,6.0,131.0,1373.0,5.0
0.0,0.0,1.0,0.0,19156.0,20.99,2023.0,6.0,129.0,1373.0,4.0
1.0,1.0,0.0,0.0,40188.0,21.99,2023.0,6.0,103.0,1462.0,5.0
1.0,0.0,1.0,0.0,3000.0,18.5,2025.0,6.0,83.0,1197.0,5.0
1.0,0.0,1.0,0.0,10.0,26.69,2025.0,6.0,131.0,1373.0,5.0
0.0,0.0,1.0,0.0,66301.0,18.303,2024.0,6.0,129.0,1373.0,4.0
1.0,0.0,1.0,0.0,7000.0,27.59,2025.0,6.0,111.0,1373.0,5.0
1.0,0.0,1.0,0.0,63935.0,12.499,2018.0,6.0,91.0,1242.0,5.0
0.0,0.0,1.0,0.0,121544.0,8.999,2014.0,6.0,136.0,1586.0,4.0
0.0,0.0,1.0,0.0,209159.0,1.35,2010.0,6.0,68.0,996.0,3.0
0.0,0.0,1.0,0.0,27836.0,5.25,2014.0,6.0,68.0,996.0,3.0
1.0,0.0,1.0,0.0,172000.0,7.5,2015.0,6.0,120.0,1598.0,4.0
0.0,0.0,1.0,0.0,67000.0,8.79,2014.0,6.0,120.0,1586.0,4.0
0.0,0.0,1.0,0.0,206757.0,1.85,2012.0,6.0,68.0,996.0,3.0
1.0,0.0,1.0,0.0,10.0,22.49,2025.0,6.0,129.0,1373.0,4.0
0.0,0.0,1.0,0.0,139860.0,4.499,2010.0,6.0,107.0,1586.0,4.0
0.0,0.0,1.0,0.0,135329.0,3.75,2011.0,6.0,68.0,996.0,3.0
1.0,0.0,1.0,0.0,169650.0,5.599,2013.0,6.0,135.0,1956.0,4.0
0.0,0.0,1.0,0.0,44005.0,14.998,2016.0,6.0,140.0,1373.0,4.0
0.0,0.0,1.0,0.0,124196.0,2.45,2009.0,6.0,68.0,996.0,3.0
0.0,1.0,0.0,0.0,76676.0,16.95,2018.0,6.0,120.0,1586.0,4.0
0.0,0.0,1.0,0.0,155044.0,4.95,2010.0,6.0,92.0,1328.0,4.0
0.0,0.0,1.0,0.0,130884.0,4.95,2009.0,6.0,102.0,1490.0,4.0
0.0,0.0,1.0,0.0,124585.0,11.999,2016.0,6.0,120.0,1586.0,4.0
0.0,0.0,1.0,0.0,300.0,21.99,2025.0,6.0,129.0,1373.0,4.0
0.0,0.0,1.0,0.0,129529.0,3.25,2010.0,6.0,68.0,996.0,3.0
0.0,0.0,1.0,0.0,1.0,22.89,2025.0,6.0,129.0,373.0,4.0
0.0,0.0,1.0,0.0,5200.0,8.999,2018.0,6.0,68.0,998.0,3.0
0.0,0.0,1.0,0.0,116855.0,2.9,2009.0,6.0,65.0,996.0,5.0
0.0,1.0,0.0,0.0,103985.0,6.49,2013.0,6.0,94.0,1242.0,5.0
0.0,0.0,1.0,0.0,52500.0,17.3,2019.0,6.0,140.0,1373.0,5.0
0.0,0.0,1.0,0.0,183848.0,3.5,2009.0,6.0,92.0,1328.0,4.0
0.0,0.0,1.0,0.0,13000.0,16.17,2024.0,6.0,83.0,1197.0,4.0
0.0,0.0,1.0,0.0,20000.0,18.17,2023.0,6.0,129.0,1373.0,4.0
1.0,1.0,0.0,0.0,1500.0,22.49,2024.0,6.0,116.0,1462.0,4.0
0.0,0.0,1.0,0.0,65400.0,8.99,2015.0,6.0,94.0,1242.0,4.0
0.0,0.0,1.0,0.0,199000.0,1.999,2009.0,6.0,65.0,996.0,3.0
0.0,0.0,1.0,0.0,46000.0,13.29,2019.0,6.0,90.0,1242.0,5.0
1.0,0.0,1.0,0.0,5.0,24.9,2025.0,6.0,129.0,1373.0,5.0
0.0,0.0,1.0,0.0,10900.0,15.5,2024.0,6.0,83.0,1197.0,3.0
1.0,0.0,1.0,0.0,74444.0,16.5,2020.0,6.0,129.0,1373.0,5.0
0.0,0.0,1.0,0.0,73000.0,6.99,2019.0,6.0,68.0,998.0,3.0
0.0,1.0,0.0,0.0,32588.0,9.5,2017.0,6.0,68.0,998.0,5.0
0.0,0.0,1.0,0.0,38100.0,18.49,2022.0,6.0,129.0,1373.0,4.0
0.0,0.0,1.0,0.0,12.0,22.49,2025.0,6.0,129.0,1373.0,4.0
0.0,0.0,1.0,0.0,99000.0,14.999,2018.0,6.0,140.0,1373.0,4.0
1.0,1.0,0.0,0.0,190379.0,14.884,2019.0,6.0,238.0,2275.0,5.0
1.0,1.0,0.0,0.0,163783.0,15.8,2019.0,6.0,136.0,2275.0,5.0
1.0,1.0,0.0,0.0,120171.0,19.88,2020.0,6.0,238.0,2275.0,5.0
1.0,1.0,0.0,0.0,112000.0,19.9,2019.0,6.0,120.0,2275.0,5.0
1.0,1.0,0.0,0.0,99560.0,18.95,2019.0,6.0,238.0,2275.0,5.0
1.0,1.0,0.0,0.0,60000.0,39.9,2019.0,6.0,184.0,2275.0,5.0
1.0,1.0,0.0,0.0,75000.0,29.99,2022.0,6.0,211.0,2275.0,5.0
1.0,1.0,0.0,0.0,68002.0,27.5,2021.0,6.0,208.0,2275.0,5.0
1.0,1.0,0.0,0.0,43000.0,48.99,2018.0,6.0,185.0,2275.0,5.0
1.0,1.0,0.0,0.0,167000.0,17.99,2020.0,6.0,120.0,2275.0,5.0
1.0,1.0,0.0,0.0,67000.0,25.4,2022.0,6.0,120.0,2275.0,5.0
1.0,1.0,0.0,0.0,110425.0,30.9,2023.0,6.0,208.0,2275.0,5.0
1.0,1.0,0.0,0.0,74000.0,32.5,2023.0,6.0,208.0,2275.0,5.0
1.0,1.0,0.0,0.0,100773.0,23.59,2019.0,6.0,211.0,2275.0,5.0
1.0,1.0,0.0,0.0,135000.0,25.9,2019.0,6.0,211.0,2275.0,5.0
1.0,1.0,0.0,0.0,15650.0,45.0,2024.0,6.0,211.0,2275.0,5.0
1.0,1.0,0.0,0.0,108123.0,16.25,2019.0,6.0,238.0,2275.0,5.0
1.0,1.0,0.0,0.0,203000.0,17.5,2018.0,6.0,208.0,2275.0,5.0
1.0,1.0,0.0,0.0,78285.0,18.995,2020.0,6.0,238.0,2275.0,5.0
1.0,1.0,0.0,0.0,157713.0,15.235,2019.0,6.0,238.0,2275.0,5.0
1.0,1.0,0.0,0.0,140406.0,16.5,2019.0,6.0,238.0,2275.0,5.0
1.0,1.0,0.0,0.0,143000.0,26.9,2019.0,6.0,184.0,2275.0,5.0
1.0,1.0,0.0,0.0,139000.0,20.8,2019.0,6.0,208.0,2275.0,5.0
1.0,1.0,0.0,0.0,189697.0,14.985,2019.0,6.0,238.0,2275.0,5.0
1.0,1.0,0.0,0.0,51117.0,24.877,2021.0,6.0,238.0,2275.0,5.0
1.0,1.0,0.0,0.0,57088.0,22.845,2020.0,6.0,238.0,2275.0,5.0
1.0,1.0,0.0,0.0,154378.0,15.25,2019.0,6.0,136.0,2275.0,5.0
1.0,1.0,0.0,0.0,9565.0,38.0,2019.0,6.0,230.0,2275.0,5.0
1.0,1.0,0.0,0.0,192052.0,22.9,2018.0,6.0,107.0,2275.0,5.0
1.0,1.0,0.0,0.0,69932.0,20.985,2020.0,6.0,238.0,2275.0,5.0
1.0,1.0,0.0,0.0,54500.0,23.49,2020.0,6.0,208.0,2275.0,5.0
1.0,0.0,1.0,0.0,55000.0,28.99,2023.0,6.0,231.0,2275.0,5.0
1.0,1.0,0.0,0.0,100512.0,18.995,2020.0,6.0,238.0,2275.0,5.0
1.0,1.0,0.0,0.0,128337.0,16.735,2019.0,6.0,238.0,2275.0,5.0
1.0,1.0,0.0,0.0,178819.0,25.945,2023.0,6.0,238.0,2275.0,5.0
1.0,1.0,0.0,0.0,117011.0,22.95,2020.0,6.0,215.0,2275.0,5.0
1.0,1.0,0.0,0.0,123420.0,17.485,2019.0,6.0,238.0,2275.0,5.0
1.0,1.0,0.0,0.0,93208.0,19.999,2020.0,6.0,238.0,2275.0,5.0
1.0,1.0,0.0,0.0,222707.0,33.0,2020.0,6.0,230.0,2275.0,5.0
1.0,1.0,0.0,0.0,77694.0,31.95,2023.0,6.0,238.0,2275.0,5.0
1.0,1.0,0.0,0.0,89618.0,20.795,2020.0,6.0,238.0,2275.0,5.0
1.0,1.0,0.0,0.0,120000.0,25.5,2021.0,6.0,211.0,2275.0,5.0
1.0,1.0,0.0,0.0,136000.0,28.0,2021.0,6.0,208.0,2275.0,5.0
1.0,1.0,0.0,0.0,75000.0,24.0,2020.0,6.0,208.0,2275.0,5.0
1.0,1.0,0.0,0.0,120000.0,25.5,2018.0,6.0,184.0,2275.0,5.0
1.0,1.0,0.0,0.0,123433.0,17.195,2019.0,6.0,238.0,2275.0,5.0
1.0,1.0,0.0,0.0,77700.0,21.5,2020.0,6.0,120.0,2275.0,5.0
1.0,1.0,0.0,0.0,30802.0,30.0,2022.0,6.0,120.0,2275.0,5.0
0.0,0.0,1.0,0.0,62490.0,7.499,2020.0,6.0,69.0,2275.0,5.0
1.0,0.0,1.0,0.0,186250.0,11.98,2015.0,6.0,150.0,2231.0,4.0
0.0,0.0,1.0,0.0,178502.0,9.95,2010.0,6.0,158.0,1987.0,4.0
1.0,0.0,1.0,0.0,150886.0,9.98,2015.0,6.0,158.0,1197.0,4.0
1.0,1.0,0.0,0.0,1.0,23.259,2025.0,6.0,116.0,2275.0,5.0
0.0,0.0,1.0,0.0,182200.0,4.7,2009.0,6.0,101.0,1329.0,4.0
1.0,1.0,0.0,0.0,128052.0,9.9,2017.0,6.0,101.0,2275.0,5.0
1.0,0.0,1.0,0.0,214759.0,6.79,2013.0,6.0,124.0,1998.0,4.0
0.0,0.0,1.0,0.0,149777.0,6.499,2013.0,6.0,69.0,998.0,3.0
1.0,1.0,0.0,0.0,44460.0,9.8,2012.0,6.0,75.0,1497.0,4.0
1.0,1.0,0.0,0.0,21925.0,29.75,2023.0,6.0,204.0,2446.0,5.0
0.0,0.0,1.0,0.0,169244.0,8.499,2012.0,6.0,147.0,1798.0,4.0
0.0,0.0,1.0,0.0,27980.0,18.49,2021.0,6.0,110.0,1199.0,3.0
0.0,0.0,1.0,0.0,71813.0,11.98,2020.0,6.0,111.0,1496.0,4.0
1.0,1.0,0.0,0.0,25673.0,17.99,2022.0,6.0,182.0,2275.0,5.0
0.0,0.0,1.0,0.0,83614.0,11.98,2014.0,6.0,147.0,1798.0,4.0
1.0,1.0,0.0,0.0,208548.0,8.99,2012.0,6.0,99.0,1798.0,4.0
1.0,1.0,0.0,0.0,7928.0,21.89,2025.0,6.0,116.0,1490.0,5.0
1.0,1.0,0.0,0.0,12240.0,33.9,2023.0,6.0,218.0,2487.0,4.0
1.0,1.0,0.0,0.0,184652.0,11.499,2017.0,6.0,99.0,1798.0,4.0
0.0,0.0,1.0,0.0,107014.0,12.98,2017.0,6.0,116.0,1197.0,4.0
0.0,0.0,1.0,0.0,35148.0,16.46,2019.0,6.0,116.0,1197.0,4.0
1.0,1.0,0.0,0.0,124796.0,10.75,2016.0,6.0,73.0,1497.0,4.0
0.0,0.0,1.0,0.0,212864.0,4.9,2011.0,6.0,99.0,1329.0,4.0
0.0,0.0,1.0,0.0,126700.0,5.49,2009.0,6.0,101.0,1329.0,4.0
1.0,1.0,0.0,0.0,21385.0,23.99,2024.0,6.0,131.0,1490.0,4.0
1.0,1.0,0.0,0.0,186388.0,11.999,2018.0,6.0,136.0,1798.0,4.0
1.0,1.0,0.0,0.0,8490.0,24.89,2025.0,6.0,140.0,1798.0,4.0
1.0,1.0,0.0,0.0,58321.0,19.99,2022.0,6.0,116.0,1490.0,3.0
1.0,0.0,1.0,0.0,117662.0,18.5,2017.0,6.0,116.0,2275.0,5.0
1.0,1.0,0.0,0.0,43817.0,20.4,2023.0,6.0,116.0,1490.0,3.0
1.0,1.0,0.0,0.0,69670.0,15.79,2011.0,6.0,150.0,2231.0,4.0
1.0,1.0,0.0,0.0,14000.0,22.79,2022.0,6.0,98.0,1798.0,4.0
1.0,1.0,0.0,0.0,59000.0,36.4,2025.0,6.0,178.0,2487.0,4.0
0.0,0.0,1.0,0.0,54902.0,13.99,2012.0,6.0,147.0,1798.0,4.0
1.0,1.0,0.0,0.0,9619.0,25.95,2025.0,6.0,98.0,1798.0,4.0
1.0,1.0,0.0,0.0,51157.0,19.69,2022.0,6.0,92.0,1490.0,3.0
0.0,0.0,1.0,0.0,181747.0,8.95,2014.0,6.0,132.0,1598.0,4.0
1.0,1.0,0.0,0.0,106294.0,19.89,2018.0,6.0,197.0,2494.0,4.0
0.0,1.0,0.0,0.0,19821.0,21.97,2023.0,6.0,125.0,1490.0,4.0
1.0,1.0,0.0,0.0,69150.0,15.9,2021.0,6.0,116.0,1490.0,3.0
1.0,1.0,0.0,0.0,65612.0,23.498,2022.0,6.0,197.0,1987.0,4.0
1.0,1.0,0.0,0.0,7000.0,28.45,2025.0,6.0,131.0,1490.0,3.0
1.0,1.0,0.0,0.0,10.0,27.97,2025.0,6.0,140.0,1798.0,4.0
1.0,1.0,0.0,0.0,5547.0,29.95,2021.0,6.0,65.0,2275.0,5.0
1.0,1.0,0.0,0.0,120218.0,26.999,2021.0,6.0,178.0,2487.0,4.0
1.0,1.0,0.0,0.0,5270.0,22.88,2024.0,6.0,116.0,1490.0,3.0
1.0,1.0,0.0,0.0,87559.0,20.3,2022.0,6.0,92.0,1490.0,3.0
1.0,1.0,0.0,0.0,110056.0,15.3,2020.0,6.0,122.0,1798.0,4.0
0.0,1.0,0.0,0.0,85576.0,15.792,2016.0,6.0,122.0,1798.0,4.0
1.0,1.0,0.0,0.0,99273.0,15.8,2020.0,6.0,122.0,1798.0,4.0
0.0,1.0,0.0,0.0,41005.0,29.69,2020.0,6.0,178.0,2487.0,5.0
1.0,1.0,0.0,0.0,202278.0,7.49,2009.0,6.0,99.0,1798.0,4.0
0.0,0.0,1.0,0.0,88770.0,18.925,2017.0,6.0,147.0,1798.0,4.0
0.0,0.0,1.0,0.0,118245.0,7.95,2009.0,6.0,101.0,1329.0,4.0
0.0,0.0,1.0,0.0,62076.0,15.98,2019.0,6.0,116.0,1197.0,4.0
1.0,1.0,0.0,0.0,38219.0,32.99,2024.0,6.0,218.0,2487.0,4.0
1.0,1.0,0.0,0.0,12142.0,29.89,2024.0,6.0,196.0,1987.0,5.0
0.0,0.0,1.0,0.0,105966.0,13.845,2016.0,6.0,116.0,1197.0,4.0
1.0,1.0,0.0,0.0,150.0,23.99,2025.0,6.0,116.0,1490.0,3.0
1.0,1.0,0.0,0.0,68386.0,24.89,2021.0,6.0,184.0,1987.0,5.0
1.0,1.0,0.0,0.0,41354.0,29.995,2024.0,6.0,140.0,1798.0,4.0
0.0,0.0,1.0,0.0,23000.0,24.895,2024.0,6.0,110.0,1199.0,3.0
1.0,1.0,0.0,0.0,10201.0,24.89,2025.0,6.0,140.0,1798.0,5.0
1.0,1.0,0.0,0.0,37499.0,21.988,2021.0,6.0,184.0,1987.0,4.0
1.0,1.0,0.0,0.0,41000.0,22.9,2023.0,6.0,92.0,1490.0,3.0
1.0,1.0,0.0,0.0,26052.0,24.89,2024.0,6.0,140.0,1798.0,4.0
1.0,1.0,0.0,0.0,88118.0,17.95,2021.0,6.0,122.0,1798.0,4.0
1.0,1.0,0.0,0.0,85576.0,15.792,2016.0,6.0,122.0,1798.0,4.0
0.0,0.0,1.0,0.0,117500.0,10.98,2015.0,6.0,99.0,1329.0,4.0
1.0,1.0,0.0,0.0,76203.0,12.22,2019.0,6.0,73.0,1497.0,4.0
1.0,1.0,0.0,0.0,18350.0,26.95,2024.0,6.0,140.0,1798.0,4.0
1.0,1.0,0.0,0.0,10.0,32.915,2025.0,6.0,179.0,1998.0,4.0
1.0,1.0,0.0,0.0,17300.0,27.9,2024.0,6.0,98.0,1798.0,4.0
0.0,0.0,1.0,0.0,56621.0,21.97,2018.0,6.0,213.0,1798.0,4.0
1.0,1.0,0.0,0.0,27237.0,25.495,2021.0,6.0,184.0,1987.0,4.0
1.0,1.0,0.0,0.0,8984.0,38.89,2024.0,6.0,218.0,2487.0,4.0
1.0,1.0,0.0,0.0,60040.0,36.99,2024.0,6.0,222.0,163.0,4.0
1.0,1.0,0.0,0.0,102100.0,17.99,2021.0,6.0,116.0,1490.0,5.0
1.0,1.0,0.0,0.0,78280.0,11.9,2013.0,6.0,75.0,1500.0,4.0
1.0,1.0,0.0,0.0,85847.0,23.9,2020.0,6.0,184.0,1987.0,4.0
1.0,1.0,0.0,0.0,8972.0,21.89,2025.0,6.0,116.0,1490.0,5.0
1.0,1.0,0.0,0.0,49950.0,14.99,2019.0,6.0,101.0,1497.0,4.0
0.0,1.0,0.0,0.0,108047.0,21.99,2018.0,6.0,155.0,2494.0,4.0
0.0,1.0,0.0,0.0,36022.0,21.95,2017.0,6.0,147.0,1798.0,4.0
0.0,0.0,1.0,0.0,60752.0,12.49,2018.0,6.0,99.0,1329.0,5.0
1.0,1.0,0.0,0.0,29878.0,19.999,2023.0,6.0,116.0,1490.0,3.0
0.0,1.0,0.0,0.0,13997.0,18.88,2023.0,6.0,116.0,1490.0,3.0
1.0,1.0,0.0,0.0,38969.0,22.95,2022.0,6.0,98.0,1798.0,4.0
1.0,1.0,0.0,0.0,91051.0,18.9,2020.0,6.0,122.0,1798.0,4.0
0.0,0.0,1.0,0.0,89300.0,17.99,2020.0,6.0,110.0,1199.0,3.0
1.0,1.0,0.0,0.0,84000.0,27.855,2020.0,6.0,218.0,2487.0,5.0
1.0,1.0,0.0,0.0,96944.0,14.9,2019.0,6.0,122.0,1798.0,4.0
0.0,1.0,0.0,0.0,57598.0,21.425,2018.0,6.0,147.0,1798.0,4.0
1.0,1.0,0.0,0.0,161800.0,22.98,2020.0,6.0,218.0,2487.0,4.0
1.0,1.0,0.0,0.0,11894.0,29.995,2025.0,6.0,140.0,1798.0,4.0
1.0,1.0,0.0,0.0,96783.0,16.9,2020.0,6.0,122.0,1798.0,4.0
1.0,1.0,0.0,0.0,78202.0,24.8,2021.0,6.0,178.0,2500.0,5.0
0.0,1.0,0.0,0.0,105774.0,17.9,2013.0,6.0,151.0,1987.0,4.0
1.0,1.0,0.0,0.0,63162.0,16.795,2018.0,6.0,99.0,1798.0,4.0
1.0,1.0,0.0,0.0,6160.0,21.89,2025.0,6.0,116.0,1490.0,5.0
1.0,1.0,0.0,0.0,15.0,47.98,2025.0,6.0,230.0,2275.0,5.0
1.0,1.0,0.0,0.0,32580.0,37.9,2024.0,6.0,185.0,2487.0,4.0
1.0,1.0,0.0,0.0,16271.0,36.975,2024.0,6.0,218.0,2487.0,5.0
1.0,1.0,0.0,0.0,6301.0,25.49,2024.0,6.0,140.0,1798.0,4.0
1.0,1.0,0.0,0.0,9139.0,24.99,2024.0,6.0,92.0,1490.0,3.0
1.0,1.0,0.0,0.0,66226.0,27.97,2023.0,6.0,197.0,1987.0,4.0
1.0,1.0,0.0,0.0,90646.0,15.98,2018.0,6.0,136.0,1798.0,4.0
1.0,1.0,0.0,0.0,74827.0,27.49,2020.0,6.0,218.0,2487.0,5.0
1.0,1.0,0.0,0.0,19030.0,39.85,2021.0,6.0,182.0,2275.0,5.0
1.0,1.0,0.0,0.0,29316.0,37.99,2024.0,6.0,178.0,2487.0,5.0
1.0,1.0,0.0,0.0,20.0,49.98,2025.0,6.0,230.0,2487.0,5.0
0.0,0.0,1.0,0.0,67031.0,11.99,2019.0,6.0,72.0,998.0,3.0
1.0,1.0,0.0,0.0,16485.0,28.95,2025.0,6.0,140.0,1798.0,4.0
1.0,1.0,0.0,0.0,10.0,24.75,2025.0,6.0,116.0,1490.0,3.0
1.0,1.0,0.0,0.0,113826.0,26.495,2021.0,6.0,218.0,2487.0,4.0
0.0,0.0,1.0,0.0,101271.0,13.49,2017.0,6.0,116.0,1197.0,5.0
1.0,1.0,0.0,0.0,1.0,21.9,2025.0,6.0,116.0,2275.0,5.0
1.0,1.0,0.0,0.0,57011.0,20.51,2021.0,6.0,122.0,1798.0,4.0
1.0,1.0,0.0,0.0,10201.0,24.89,2025.0,6.0,140.0,1798.0,5.0
1.0,1.0,0.0,0.0,12310.0,39.995,2025.0,6.0,218.0,2487.0,4.0
1.0,1.0,0.0,0.0,3383.0,22.89,2025.0,6.0,116.0,1490.0,5.0
0.0,1.0,0.0,0.0,59089.0,18.5,2020.0,6.0,98.0,1798.0,4.0
1.0,0.0,1.0,0.0,180449.0,8.7,2009.0,6.0,177.0,2231.0,4.0
1.0,1.0,0.0,0.0,50916.0,19.95,2020.0,6.0,98.0,1798.0,5.0
0.0,1.0,0.0,0.0,147629.0,6.45,2009.0,6.0,101.0,1329.0,4.0
1.0,1.0,0.0,0.0,54000.0,22.25,2019.0,6.0,184.0,1987.0,4.0
1.0,1.0,0.0,0.0,22741.0,38.999,2024.0,6.0,218.0,2487.0,4.0
1.0,1.0,0.0,0.0,100.0,41.93,2023.0,6.0,218.0,2487.0,4.0
1.0,1.0,0.0,0.0,10.0,25.98,2025.0,6.0,140.0,1798.0,5.0
0.0,1.0,0.0,0.0,77852.0,14.95,2010.0,6.0,158.0,1987.0,4.0
1.0,1.0,0.0,0.0,98005.0,22.95,2019.0,6.0,184.0,1987.0,4.0
1.0,1.0,0.0,0.0,1000.0,31.98,2025.0,6.0,223.0,1987.0,5.0
1.0,1.0,0.0,0.0,9370.0,23.299,2024.0,6.0,92.0,1490.0,3.0
1.0,1.0,0.0,0.0,66251.0,20.7,2021.0,6.0,116.0,1490.0,3.0
1.0,1.0,0.0,0.0,140300.0,25.9,2021.0,6.0,178.0,2487.0,5.0
0.0,0.0,1.0,0.0,39362.0,18.9,2023.0,6.0,126.0,1490.0,3.0
0.0,0.0,1.0,0.0,69063.0,11.98,2017.0,6.0,99.0,1329.0,4.0
1.0,1.0,0.0,0.0,23800.0,25.99,2024.0,6.0,140.0,1798.0,4.0
1.0,1.0,0.0,0.0,199000.0,24.675,2020.0,6.0,178.0,2487.0,4.0
0.0,0.0,1.0,0.0,97984.0,6.85,2012.0,6.0,69.0,998.0,3.0
1.0,1.0,0.0,0.0,115000.0,9.9,2016.0,6.0,75.0,1497.0,4.0
1.0,1.0,0.0,0.0,105000.0,13.49,2015.0,6.0,99.0,1798.0,5.0
1.0,1.0,0.0,0.0,19405.0,24.91,2024.0,6.0,122.0,1798.0,4.0
1.0,1.0,0.0,0.0,64030.0,47.4,2021.0,6.0,204.0,2755.0,4.0
1.0,1.0,0.0,0.0,47113.0,23.79,2021.0,6.0,98.0,1798.0,4.0
1.0,1.0,0.0,0.0,55754.0,18.495,2019.0,6.0,136.0,1798.0,4.0
0.0,1.0,0.0,0.0,192218.0,16.75,2015.0,6.0,151.0,1987.0,4.0
1.0,1.0,0.0,0.0,79815.0,47.9,2023.0,6.0,204.0,2755.0,4.0
1.0,1.0,0.0,0.0,65385.0,14.495,2019.0,6.0,73.0,1497.0,4.0
1.0,1.0,0.0,0.0,29500.0,26.9,2023.0,6.0,92.0,1490.0,3.0
1.0,1.0,0.0,0.0,1001.0,44.7,2025.0,6.0,222.0,2487.0,4.0
1.0,1.0,0.0,0.0,65790.0,22.749,2021.0,6.0,116.0,1490.0,5.0
0.0,0.0,1.0,0.0,110905.0,8.95,2011.0,6.0,132.0,1598.0,4.0
1.0,1.0,0.0,0.0,152397.0,11.745,2013.0,6.0,99.0,1798.0,4.0
1.0,0.0,1.0,0.0,72980.0,17.9,2020.0,6.0,122.0,1798.0,4.0
1.0,1.0,0.0,0.0,67907.0,29.9,2019.0,6.0,218.0,2487.0,4.0
1.0,1.0,0.0,0.0,500.0,26.48,2025.0,6.0,140.0,1798.0,5.0
1.0,1.0,0.0,0.0,69015.0,16.28,2021.0,6.0,116.0,1490.0,3.0
1.0,1.0,0.0,0.0,10966.0,29.44,2024.0,6.0,197.0,1987.0,4.0
1.0,1.0,0.0,0.0,10.0,36.88,2025.0,6.0,179.0,1987.0,5.0
1.0,1.0,0.0,0.0,64000.0,19.99,2021.0,6.0,98.0,1798.0,4.0
1.0,1.0,0.0,0.0,15.0,30.99,2025.0,6.0,140.0,1798.0,4.0
1.0,1.0,0.0,0.0,10.0,39.4,2025.0,6.0,197.0,1987.0,4.0
1.0,1.0,0.0,0.0,7560.0,27.49,2024.0,6.0,116.0,1490.0,5.0
1.0,1.0,0.0,0.0,44645.0,14.75,2019.0,6.0,101.0,1497.0,4.0
1.0,1.0,0.0,0.0,140000.0,10.89,2014.0,6.0,136.0,1798.0,4.0
1.0,1.0,0.0,0.0,13505.0,24.849,2022.0,6.0,116.0,1490.0,5.0
0.0,0.0,1.0,0.0,200751.0,4.25,2011.0,6.0,69.0,998.0,3.0
1.0,1.0,0.0,0.0,48400.0,22.99,2021.0,6.0,92.0,1490.0,5.0
1.0,1.0,0.0,0.0,149575.0,15.8,2018.0,6.0,122.0,1798.0,4.0
1.0,1.0,0.0,0.0,55800.0,14.98,2018.0,6.0,101.0,1497.0,4.0
1.0,1.0,0.0,0.0,14996.0,16.85,2020.0,6.0,73.0,1497.0,4.0
1.0,1.0,0.0,0.0,94000.0,19.888,2020.0,6.0,184.0,1987.0,4.0
1.0,1.0,0.0,0.0,13505.0,24.849,2022.0,6.0,116.0,1490.0,5.0
1.0,1.0,0.0,0.0,10198.0,34.899,2024.0,6.0,204.0,2275.0,5.0
1.0,0.0,1.0,0.0,46652.0,37.99,2022.0,6.0,150.0,2393.0,4.0
0.0,0.0,1.0,0.0,5000.0,28.98,2025.0,6.0,110.0,1198.0,4.0
0.0,0.0,1.0,0.0,96994.0,11.99,2011.0,6.0,158.0,1987.0,5.0
1.0,1.0,0.0,0.0,83137.0,23.95,2020.0,6.0,197.0,1987.0,4.0
1.0,1.0,0.0,0.0,115000.0,9.9,2016.0,6.0,75.0,1497.0,4.0
1.0,1.0,0.0,0.0,15.0,43.99,2025.0,6.0,178.0,2487.0,5.0
1.0,1.0,0.0,0.0,10.0,33.99,2025.0,6.0,197.0,1987.0,5.0
0.0,0.0,1.0,0.0,7000.0,15.5,2024.0,6.0,125.0,1490.0,3.0
1.0,1.0,0.0,0.0,109432.0,11.95,2015.0,6.0,101.0,1497.0,4.0
1.0,1.0,0.0,0.0,90854.0,18.79,2022.0,6.0,98.0,1798.0,4.0
0.0,1.0,0.0,0.0,28142.0,13.999,2014.0,6.0,99.0,1329.0,4.0
1.0,1.0,0.0,0.0,5.0,24.24,2025.0,6.0,116.0,1490.0,3.0
0.0,1.0,0.0,0.0,19290.0,15.79,2019.0,6.0,73.0,1496.0,4.0
1.0,1.0,0.0,0.0,64088.0,28.888,2020.0,6.0,178.0,2487.0,4.0
1.0,0.0,1.0,0.0,149945.0,19.5,2020.0,6.0,131.0,1499.0,4.0
1.0,1.0,0.0,0.0,21000.0,39.9,2024.0,6.0,178.0,2275.0,4.0
0.0,1.0,0.0,0.0,50770.0,19.95,2018.0,6.0,116.0,1197.0,4.0
1.0,1.0,0.0,0.0,20.0,49.98,2025.0,6.0,230.0,2487.0,5.0
0.0,1.0,0.0,0.0,90643.0,19.9,2021.0,6.0,152.0,1987.0,5.0
1.0,1.0,0.0,0.0,5.0,48.663,2025.0,6.0,179.0,1987.0,4.0
1.0,1.0,0.0,0.0,14462.0,32.88,2024.0,6.0,196.0,1987.0,4.0
1.0,1.0,0.0,0.0,28000.0,21.39,2021.0,6.0,116.0,1490.0,3.0
1.0,1.0,0.0,0.0,43818.0,32.49,2023.0,6.0,152.0,1987.0,4.0
1.0,1.0,0.0,0.0,117345.0,29.75,2019.0,6.0,218.0,2487.0,4.0
1.0,1.0,0.0,0.0,47764.0,17.98,2022.0,6.0,116.0,1490.0,3.0
1.0,1.0,0.0,0.0,79976.0,21.9,2020.0,6.0,184.0,1987.0,4.0
1.0,1.0,0.0,0.0,59980.0,17.68,2022.0,6.0,116.0,1490.0,3.0
1.0,1.0,0.0,0.0,8629.0,25.99,2023.0,6.0,98.0,1798.0,5.0
1.0,1.0,0.0,0.0,10511.0,33.489,2025.0,6.0,152.0,1987.0,4.0
0.0,1.0,0.0,0.0,1450.0,39.98,2025.0,6.0,178.0,1987.0,5.0
1.0,1.0,0.0,0.0,68500.0,17.89,2018.0,6.0,122.0,1800.0,5.0
1.0,1.0,0.0,0.0,189460.0,11.95,2016.0,6.0,99.0,1798.0,4.0
1.0,1.0,0.0,0.0,87400.0,17.98,2019.0,6.0,122.0,1798.0,4.0
0.0,0.0,1.0,0.0,185606.0,14.95,2012.0,6.0,158.0,1987.0,4.0
1.0,1.0,0.0,0.0,1.0,27.95,2024.0,6.0,140.0,1798.0,4.0
1.0,1.0,0.0,0.0,18099.0,36.9,2024.0,6.0,223.0,1987.0,4.0
1.0,1.0,0.0,0.0,29400.0,25.9,2021.0,6.0,178.0,2487.0,4.0
1.0,1.0,0.0,0.0,124226.0,8.5,2015.0,6.0,75.0,1497.0,4.0
1.0,1.0,0.0,0.0,17069.0,30.99,2024.0,6.0,197.0,1987.0,4.0
1.0,1.0,0.0,0.0,101181.0,29.95,2019.0,6.0,178.0,2487.0,4.0
1.0,1.0,0.0,0.0,89765.0,27.95,2020.0,6.0,178.0,2487.0,4.0
1.0,1.0,0.0,0.0,2094.0,33.95,2023.0,6.0,184.0,1987.0,4.0
1.0,1.0,0.0,0.0,32000.0,18.79,2021.0,6.0,116.0,1490.0,3.0
1.0,1.0,0.0,0.0,199776.0,8.75,2015.0,6.0,101.0,1497.0,4.0
1.0,1.0,0.0,0.0,91911.0,17.9,2022.0,6.0,114.0,2275.0,5.0
0.0,1.0,0.0,0.0,214296.0,9.45,2013.0,6.0,152.0,1987.0,4.0
1.0,1.0,0.0,0.0,24636.0,33.99,2024.0,6.0,196.0,1987.0,4.0
1.0,1.0,0.0,0.0,10.0,32.9,2025.0,6.0,140.0,1798.0,4.0
1.0,1.0,0.0,0.0,44373.0,17.444,2022.0,6.0,116.0,1490.0,3.0
1.0,1.0,0.0,0.0,18607.0,24.95,2020.0,6.0,184.0,1987.0,4.0
1.0,1.0,0.0,0.0,24769.0,24.75,2022.0,6.0,116.0,1490.0,5.0
1.0,1.0,0.0,0.0,260.0,46.89,2024.0,6.0,150.0,2393.0,4.0
1.0,1.0,0.0,0.0,96554.0,29.935,2021.0,6.0,218.0,2487.0,4.0
1.0,1.0,0.0,0.0,50.0,33.99,2025.0,6.0,178.0,1987.0,4.0
1.0,1.0,0.0,0.0,185111.0,9.75,2013.0,6.0,99.0,1798.0,4.0
1.0,1.0,0.0,0.0,45000.0,21.9,2021.0,6.0,92.0,1490.0,3.0
1.0,1.0,0.0,0.0,34725.0,23.9,2023.0,6.0,152.0,1987.0,5.0
1.0,1.0,0.0,0.0,33888.0,41.95,2023.0,6.0,218.0,2487.0,4.0
1.0,1.0,0.0,0.0,10.0,36.65,2025.0,6.0,131.0,1490.0,5.0
1.0,1.0,0.0,0.0,43945.0,22.5,2023.0,6.0,92.0,1490.0,3.0
1.0,1.0,0.0,0.0,45421.0,26.49,2024.0,6.0,196.0,1987.0,4.0
0.0,0.0,1.0,0.0,46888.0,17.19,2021.0,6.0,116.0,1197.0,4.0
0.0,0.0,1.0,0.0,99986.0,6.25,2010.0,6.0,101.0,1329.0,4.0
1.0,1.0,0.0,0.0,82000.0,22.49,2019.0,6.0,197.0,2494.0,4.0
0.0,0.0,1.0,0.0,188700.0,4.69,2011.0,6.0,86.0,1197.0,4.0
0.0,0.0,1.0,0.0,157735.0,7.595,2015.0,6.0,75.0,999.0,3.0
0.0,0.0,1.0,0.0,173560.0,12.799,2016.0,6.0,230.0,1984.0,4.0
0.0,0.0,1.0,0.0,123780.0,7.25,2011.0,6.0,122.0,1390.0,4.0
0.0,0.0,1.0,0.0,108645.0,6.75,2009.0,6.0,102.0,1595.0,4.0
0.0,0.0,1.0,0.0,111252.0,6.499,2008.0,6.0,122.0,1390.0,4.0
0.0,0.0,1.0,0.0,119615.0,7.45,2012.0,6.0,105.0,1198.0,4.0
0.0,0.0,1.0,0.0,166974.0,5.735,2010.0,6.0,122.0,1390.0,4.0
1.0,1.0,0.0,0.0,189053.0,8.888,2016.0,6.0,110.0,1598.0,4.0
0.0,0.0,1.0,0.0,180500.0,7.9,2016.0,6.0,150.0,1395.0,4.0
0.0,0.0,1.0,0.0,140532.0,9.45,2011.0,6.0,160.0,1390.0,4.0
0.0,0.0,1.0,0.0,219988.0,3.749,2008.0,6.0,141.0,1390.0,4.0
0.0,0.0,1.0,0.0,24500.0,22.89,2025.0,6.0,116.0,999.0,3.0
0.0,0.0,1.0,0.0,211508.0,4.45,2009.0,6.0,122.0,1390.0,4.0
1.0,1.0,0.0,0.0,221508.0,11.44,2016.0,6.0,218.0,1395.0,4.0
0.0,0.0,1.0,0.0,203548.0,7.95,2013.0,6.0,105.0,1197.0,4.0
0.0,0.0,1.0,0.0,190704.0,13.39,2020.0,6.0,131.0,1498.0,4.0
0.0,0.0,1.0,0.0,33161.0,17.99,2022.0,6.0,110.0,999.0,3.0
1.0,0.0,1.0,0.0,158168.0,10.99,2018.0,6.0,116.0,1598.0,4.0
1.0,0.0,1.0,0.0,149900.0,12.999,2017.0,6.0,102.0,1968.0,4.0
0.0,0.0,1.0,0.0,193713.0,7.249,2014.0,6.0,105.0,1197.0,4.0
0.0,0.0,1.0,0.0,170000.0,6.99,2010.0,6.0,150.0,1390.0,4.0
0.0,0.0,1.0,0.0,189958.0,5.45,2013.0,6.0,69.0,1198.0,3.0
0.0,0.0,1.0,0.0,214693.0,4.95,2010.0,6.0,122.0,1390.0,4.0
0.0,0.0,1.0,0.0,187700.0,4.999,2008.0,6.0,150.0,1781.0,4.0
0.0,1.0,0.0,0.0,103821.0,13.95,2018.0,6.0,95.0,999.0,3.0
1.0,0.0,1.0,0.0,107604.0,9.98,2014.0,6.0,105.0,1598.0,4.0
0.0,0.0,1.0,0.0,115989.0,10.95,2012.0,6.0,160.0,1390.0,4.0
1.0,1.0,0.0,0.0,200000.0,10.99,2019.0,6.0,150.0,1968.0,4.0
1.0,0.0,1.0,0.0,144936.0,10.49,2017.0,6.0,120.0,1598.0,4.0
0.0,0.0,1.0,0.0,55708.0,19.99,2022.0,6.0,150.0,1498.0,4.0
1.0,1.0,0.0,0.0,111241.0,13.87,2016.0,6.0,150.0,1968.0,4.0
1.0,1.0,0.0,0.0,96038.0,19.9,2021.0,6.0,204.0,2275.0,5.0
1.0,0.0,1.0,0.0,146359.0,13.64,2015.0,6.0,140.0,1968.0,4.0
0.0,1.0,0.0,0.0,41645.0,15.89,2022.0,6.0,95.0,999.0,5.0
0.0,0.0,1.0,0.0,150941.0,5.999,2009.0,6.0,122.0,1390.0,4.0
0.0,1.0,0.0,0.0,50000.0,18.75,2022.0,6.0,110.0,999.0,3.0
1.0,1.0,0.0,0.0,154000.0,11.999,2012.0,6.0,106.0,1598.0,4.0
0.0,0.0,1.0,0.0,103978.0,13.55,2018.0,6.0,116.0,999.0,3.0
0.0,1.0,0.0,0.0,104432.0,13.999,2014.0,6.0,211.0,1984.0,4.0
0.0,0.0,1.0,0.0,203208.0,4.75,2012.0,6.0,105.0,1197.0,4.0
0.0,0.0,1.0,0.0,21709.0,22.49,2024.0,6.0,116.0,999.0,3.0
0.0,0.0,1.0,0.0,161581.0,5.69,2009.0,6.0,80.0,1390.0,4.0
1.0,0.0,1.0,0.0,212780.0,12.988,2020.0,6.0,150.0,1968.0,4.0
0.0,1.0,0.0,0.0,45000.0,19.49,2022.0,6.0,110.0,999.0,5.0
0.0,0.0,1.0,0.0,65433.0,14.5,2019.0,6.0,116.0,999.0,3.0
0.0,0.0,1.0,0.0,141407.0,10.75,2015.0,6.0,105.0,1197.0,4.0
0.0,0.0,1.0,0.0,57170.0,17.445,2022.0,6.0,110.0,999.0,3.0
1.0,0.0,1.0,0.0,140518.0,15.999,2017.0,6.0,150.0,1968.0,4.0
0.0,1.0,0.0,0.0,159664.0,19.899,2017.0,6.0,179.0,1984.0,4.0
0.0,0.0,1.0,0.0,34297.0,17.9,2023.0,6.0,110.0,999.0,3.0
0.0,1.0,0.0,0.0,29796.0,21.75,2025.0,6.0,116.0,999.0,3.0
0.0,1.0,0.0,0.0,14854.0,26.49,2024.0,6.0,207.0,2275.0,5.0
0.0,1.0,0.0,0.0,161117.0,17.45,2016.0,6.0,230.0,1984.0,4.0
0.0,1.0,0.0,0.0,50358.0,18.95,2022.0,6.0,110.0,999.0,3.0
1.0,1.0,0.0,0.0,23299.0,34.989,2022.0,6.0,245.0,1395.0,4.0
0.0,1.0,0.0,0.0,111600.0,13.899,2012.0,6.0,179.0,1984.0,4.0
0.0,1.0,0.0,0.0,61030.0,18.97,2020.0,6.0,150.0,1498.0,4.0
1.0,1.0,0.0,0.0,40430.0,16.45,2021.0,6.0,150.0,2275.0,5.0
1.0,1.0,0.0,0.0,127790.0,27.98,2021.0,6.0,200.0,1968.0,4.0
0.0,0.0,1.0,0.0,100.0,23.9,2025.0,6.0,116.0,999.0,3.0
0.0,1.0,0.0,0.0,38027.0,21.89,2022.0,6.0,207.0,1984.0,5.0
0.0,0.0,1.0,0.0,186122.0,11.89,2022.0,6.0,95.0,999.0,3.0
0.0,0.0,1.0,0.0,134398.0,16.995,2019.0,6.0,150.0,1498.0,4.0
0.0,0.0,1.0,0.0,61700.0,16.899,2018.0,6.0,110.0,1197.0,4.0
0.0,0.0,1.0,0.0,38744.0,14.9,2019.0,6.0,116.0,999.0,3.0
0.0,0.0,1.0,0.0,173365.0,16.8,2018.0,6.0,150.0,1395.0,4.0
1.0,1.0,0.0,0.0,36800.0,20.95,2021.0,6.0,148.0,2275.0,5.0
1.0,0.0,1.0,0.0,163740.0,16.757,2019.0,6.0,150.0,1968.0,4.0
1.0,1.0,0.0,0.0,136587.0,20.75,2021.0,6.0,150.0,1968.0,4.0
1.0,0.0,1.0,0.0,29510.0,25.89,2021.0,6.0,122.0,1968.0,4.0
0.0,0.0,1.0,0.0,17280.0,26.95,2022.0,6.0,245.0,1984.0,4.0
0.0,0.0,1.0,0.0,63849.0,21.79,2023.0,6.0,131.0,1498.0,4.0
1.0,1.0,0.0,0.0,122800.0,20.8,2022.0,6.0,204.0,2275.0,5.0
0.0,0.0,1.0,0.0,15300.0,21.25,2024.0,6.0,116.0,999.0,3.0
0.0,0.0,1.0,0.0,157591.0,12.445,2019.0,6.0,131.0,1498.0,4.0
0.0,0.0,1.0,0.0,90000.0,15.49,2016.0,6.0,125.0,1395.0,4.0
1.0,1.0,0.0,0.0,136680.0,18.49,2018.0,6.0,150.0,1968.0,4.0
1.0,1.0,0.0,0.0,160000.0,9.68,2011.0,6.0,140.0,1968.0,4.0
0.0,0.0,1.0,0.0,56830.0,15.595,2022.0,6.0,110.0,999.0,3.0
0.0,0.0,1.0,0.0,65876.0,17.912,2020.0,6.0,131.0,1498.0,4.0
0.0,0.0,1.0,0.0,202889.0,4.495,2012.0,6.0,69.0,1198.0,3.0
1.0,1.0,0.0,0.0,127128.0,18.344,2022.0,6.0,218.0,1395.0,4.0
1.0,1.0,0.0,0.0,23707.0,27.98,2023.0,6.0,204.0,2275.0,5.0
0.0,0.0,1.0,0.0,67946.0,18.9,2019.0,6.0,116.0,999.0,3.0
0.0,1.0,0.0,0.0,111404.0,18.48,2017.0,6.0,150.0,1395.0,4.0
0.0,1.0,0.0,0.0,198145.0,16.995,2020.0,6.0,150.0,1498.0,4.0
0.0,0.0,1.0,0.0,34368.0,18.99,2021.0,6.0,110.0,999.0,3.0
0.0,0.0,1.0,0.0,127481.0,8.499,2011.0,6.0,105.0,1197.0,4.0
0.0,0.0,1.0,0.0,15000.0,30.98,2025.0,6.0,116.0,999.0,3.0
1.0,0.0,1.0,0.0,178930.0,13.888,2022.0,6.0,116.0,1968.0,4.0
0.0,0.0,1.0,0.0,146857.0,13.88,2017.0,6.0,110.0,1197.0,4.0
0.0,1.0,0.0,0.0,29000.0,29.99,2024.0,6.0,150.0,1498.0,5.0
0.0,0.0,1.0,0.0,18459.0,16.98,2023.0,6.0,110.0,999.0,3.0
0.0,0.0,1.0,0.0,24270.0,19.389,2021.0,6.0,110.0,999.0,3.0
0.0,1.0,0.0,0.0,161713.0,9.15,2016.0,6.0,90.0,1197.0,4.0
1.0,1.0,0.0,0.0,54072.0,23.9,2020.0,6.0,245.0,1395.0,4.0
0.0,0.0,1.0,0.0,12500.0,25.19,2024.0,6.0,116.0,999.0,3.0
0.0,0.0,1.0,0.0,106835.0,16.93,2017.0,6.0,150.0,1395.0,4.0
1.0,1.0,0.0,0.0,45230.0,26.62,2022.0,6.0,245.0,1395.0,4.0
1.0,1.0,0.0,0.0,130768.0,14.45,2020.0,6.0,95.0,2275.0,5.0
1.0,0.0,1.0,0.0,93300.0,21.349,2018.0,6.0,150.0,1968.0,4.0
1.0,1.0,0.0,0.0,119000.0,22.99,2020.0,6.0,150.0,1968.0,5.0
1.0,1.0,0.0,0.0,50923.0,24.78,2022.0,6.0,156.0,1395.0,4.0
1.0,1.0,0.0,0.0,66000.0,11.9,2015.0,6.0,116.0,2275.0,5.0
0.0,1.0,0.0,0.0,53361.0,19.9,2023.0,6.0,110.0,999.0,3.0
0.0,0.0,1.0,0.0,11000.0,22.86,2025.0,6.0,95.0,999.0,3.0
0.0,1.0,0.0,0.0,17700.0,26.9,2022.0,6.0,150.0,1498.0,4.0
1.0,0.0,1.0,0.0,114601.0,17.47,2018.0,6.0,116.0,1598.0,4.0
1.0,0.0,1.0,0.0,22000.0,22.9,2023.0,6.0,116.0,1968.0,4.0
0.0,1.0,0.0,0.0,199222.0,14.4,2020.0,6.0,190.0,1998.0,4.0
0.0,0.0,1.0,0.0,176250.0,6.499,2013.0,6.0,86.0,1197.0,4.0
1.0,1.0,0.0,0.0,187400.0,14.89,2022.0,6.0,150.0,1968.0,4.0
1.0,1.0,0.0,0.0,71000.0,22.89,2023.0,6.0,150.0,1968.0,4.0
0.0,1.0,0.0,0.0,141730.0,17.45,2019.0,6.0,150.0,1498.0,4.0
0.0,0.0,1.0,0.0,60649.0,24.46,2023.0,6.0,150.0,1498.0,4.0
0.0,1.0,0.0,0.0,69366.0,32.5,2021.0,6.0,190.0,1984.0,4.0
0.0,0.0,1.0,0.0,15031.0,20.49,2024.0,6.0,116.0,2275.0,5.0
1.0,1.0,0.0,0.0,33538.0,31.495,2024.0,6.0,150.0,1498.0,4.0
1.0,1.0,0.0,0.0,37898.0,23.99,2021.0,6.0,204.0,2275.0,5.0
1.0,0.0,1.0,0.0,182307.0,9.79,2015.0,6.0,150.0,1968.0,4.0
0.0,1.0,0.0,0.0,97500.0,16.29,2022.0,6.0,110.0,999.0,3.0
0.0,0.0,1.0,0.0,91280.0,10.888,2017.0,6.0,90.0,1197.0,4.0
1.0,1.0,0.0,0.0,113217.0,11.4,2019.0,6.0,136.0,2275.0,5.0
0.0,1.0,0.0,0.0,64150.0,13.99,2015.0,6.0,150.0,1395.0,4.0
0.0,0.0,1.0,0.0,6666.0,23.211,2025.0,6.0,116.0,999.0,3.0
1.0,1.0,0.0,0.0,93000.0,20.99,2023.0,6.0,150.0,1968.0,4.0
1.0,0.0,1.0,0.0,101700.0,22.97,2020.0,6.0,150.0,1968.0,4.0
1.0,0.0,1.0,0.0,59259.0,26.87,2023.0,6.0,150.0,1968.0,4.0
0.0,0.0,1.0,0.0,146520.0,13.9,2016.0,6.0,126.0,1395.0,4.0
1.0,1.0,0.0,0.0,121900.0,24.59,2021.0,6.0,150.0,1968.0,4.0
0.0,1.0,0.0,0.0,65487.0,25.79,2023.0,6.0,150.0,1498.0,4.0
0.0,1.0,0.0,0.0,13.0,35.89,2025.0,6.0,116.0,1498.0,4.0
0.0,0.0,1.0,0.0,49047.0,23.75,2022.0,6.0,150.0,1498.0,4.0
1.0,1.0,0.0,0.0,80778.0,26.95,2022.0,6.0,200.0,1968.0,4.0
1.0,0.0,1.0,0.0,72600.0,19.99,2022.0,6.0,150.0,1968.0,4.0
0.0,0.0,1.0,0.0,63800.0,17.425,2021.0,6.0,110.0,999.0,3.0
0.0,0.0,1.0,0.0,38944.0,18.999,2018.0,6.0,131.0,1395.0,4.0
0.0,0.0,1.0,0.0,60807.0,18.795,2022.0,6.0,110.0,999.0,3.0
0.0,1.0,0.0,0.0,83771.0,20.9,2020.0,6.0,200.0,1498.0,4.0
0.0,0.0,1.0,0.0,19500.0,21.81,2024.0,6.0,110.0,999.0,3.0
0.0,1.0,0.0,0.0,55000.0,21.98,2020.0,6.0,156.0,1395.0,4.0
0.0,1.0,0.0,0.0,149063.0,14.999,2013.0,6.0,211.0,1984.0,4.0
0.0,0.0,1.0,0.0,31828.0,22.995,2022.0,6.0,150.0,1498.0,4.0
0.0,0.0,1.0,0.0,159527.0,18.885,2019.0,6.0,150.0,1498.0,4.0
1.0,1.0,0.0,0.0,127826.0,13.95,2014.0,6.0,102.0,1598.0,4.0
0.0,0.0,1.0,0.0,88358.0,14.49,2017.0,6.0,110.0,1197.0,4.0
0.0,1.0,0.0,0.0,133231.0,9.999,2010.0,6.0,140.0,1390.0,4.0
0.0,0.0,1.0,0.0,54144.0,16.44,2021.0,6.0,110.0,999.0,3.0
1.0,1.0,0.0,0.0,38171.0,28.79,2023.0,6.0,150.0,1968.0,4.0
0.0,0.0,1.0,0.0,49832.0,16.89,2021.0,6.0,110.0,999.0,3.0
0.0,0.0,1.0,0.0,13769.0,20.5,2023.0,6.0,110.0,999.0,3.0
0.0,0.0,1.0,0.0,15199.0,22.995,2024.0,6.0,116.0,999.0,3.0
1.0,1.0,0.0,0.0,34059.0,20.888,2021.0,6.0,204.0,1395.0,4.0
0.0,1.0,0.0,0.0,28000.0,20.88,2023.0,6.0,110.0,999.0,3.0
0.0,1.0,0.0,0.0,54045.0,12.895,2013.0,6.0,105.0,1197.0,4.0
0.0,0.0,1.0,0.0,25469.0,22.02,2025.0,6.0,116.0,999.0,3.0
0.0,0.0,1.0,0.0,53852.0,28.49,2023.0,6.0,150.0,1498.0,5.0
0.0,0.0,1.0,0.0,28600.0,14.979,2015.0,6.0,125.0,1395.0,4.0
0.0,1.0,0.0,0.0,65300.0,26.99,2021.0,6.0,114.0,1498.0,4.0
0.0,0.0,1.0,0.0,18300.0,24.9,2022.0,6.0,150.0,1498.0,4.0
0.0,0.0,1.0,0.0,186089.0,9.945,2014.0,6.0,122.0,1390.0,4.0
1.0,1.0,0.0,0.0,168393.0,9.77,2016.0,6.0,150.0,1969.0,4.0
1.0,1.0,0.0,0.0,198291.0,11.95,2015.0,6.0,224.0,1969.0,4.0
1.0,1.0,0.0,0.0,34196.0,35.8,2023.0,6.0,197.0,2275.0,5.0
1.0,0.0,1.0,0.0,167000.0,6.5,2012.0,6.0,114.0,1560.0,4.0
0.0,1.0,0.0,0.0,119600.0,16.685,2016.0,6.0,245.0,1969.0,4.0
1.0,1.0,0.0,0.0,118140.0,22.6,2021.0,6.0,150.0,1969.0,4.0
0.0,0.0,1.0,0.0,122851.0,14.999,2016.0,6.0,152.0,1969.0,4.0
1.0,1.0,0.0,0.0,93000.0,14.985,2014.0,6.0,181.0,1969.0,4.0
0.0,1.0,0.0,0.0,5500.0,39.99,2025.0,6.0,197.0,2275.0,5.0
1.0,0.0,1.0,0.0,153000.0,8.95,2011.0,6.0,114.0,1560.0,4.0
0.0,1.0,0.0,0.0,46700.0,25.99,2022.0,6.0,163.0,1477.0,3.0
1.0,1.0,0.0,0.0,193000.0,14.35,2013.0,6.0,163.0,1984.0,5.0
0.0,0.0,1.0,0.0,197844.0,9.999,2012.0,6.0,179.0,1596.0,4.0
1.0,0.0,1.0,0.0,150000.0,21.95,2019.0,6.0,150.0,1969.0,4.0
1.0,1.0,0.0,0.0,142500.0,18.99,2015.0,6.0,220.0,2400.0,5.0
0.0,1.0,0.0,0.0,16043.0,36.9,2025.0,6.0,190.0,2275.0,5.0
0.0,1.0,0.0,0.0,98389.0,25.0,2020.0,6.0,177.0,1969.0,4.0
1.0,1.0,0.0,0.0,188412.0,16.895,2017.0,6.0,190.0,1969.0,4.0
0.0,0.0,1.0,0.0,64405.0,21.95,2018.0,6.0,156.0,1477.0,4.0
1.0,1.0,0.0,0.0,87700.0,25.89,2022.0,6.0,197.0,1969.0,4.0
1.0,1.0,0.0,0.0,100500.0,22.98,2021.0,6.0,211.0,1477.0,3.0
0.0,1.0,0.0,0.0,18238.0,33.85,2023.0,6.0,197.0,1969.0,4.0
0.0,0.0,1.0,0.0,61463.0,22.7,2019.0,6.0,163.0,1477.0,3.0
0.0,0.0,1.0,0.0,35600.0,24.9,2021.0,6.0,129.0,1477.0,5.0
0.0,0.0,1.0,0.0,159450.0,9.995,2012.0,6.0,150.0,1596.0,4.0
0.0,0.0,1.0,0.0,124400.0,9.75,2011.0,6.0,150.0,1598.0,4.0
0.0,1.0,0.0,0.0,32884.0,33.99,2024.0,6.0,197.0,2275.0,5.0
1.0,1.0,0.0,0.0,173617.0,11.95,2018.0,6.0,120.0,1969.0,4.0
1.0,1.0,0.0,0.0,109890.0,22.6,2020.0,6.0,150.0,1969.0,4.0
0.0,1.0,0.0,0.0,94800.0,23.98,2019.0,6.0,247.0,1969.0,4.0
1.0,0.0,1.0,0.0,81140.0,25.9,2020.0,6.0,150.0,1969.0,4.0
0.0,1.0,0.0,0.0,172231.0,14.495,2011.0,6.0,203.0,1999.0,4.0
1.0,0.0,1.0,0.0,141108.0,14.999,2017.0,6.0,190.0,1969.0,4.0
0.0,1.0,0.0,0.0,45000.0,29.99,2022.0,6.0,197.0,1969.0,4.0
0.0,0.0,1.0,0.0,47529.0,28.48,2023.0,6.0,231.0,2275.0,5.0
1.0,1.0,0.0,0.0,151940.0,25.99,2022.0,6.0,197.0,1969.0,4.0
0.0,0.0,1.0,0.0,159010.0,8.899,2012.0,6.0,150.0,1596.0,4.0
0.0,1.0,0.0,0.0,141639.0,12.95,2012.0,6.0,179.0,1596.0,4.0
1.0,1.0,0.0,0.0,38200.0,26.95,2022.0,6.0,231.0,2275.0,5.0
0.0,1.0,0.0,0.0,74431.0,28.99,2021.0,6.0,163.0,2275.0,5.0
0.0,0.0,1.0,0.0,88587.0,21.98,2019.0,6.0,165.0,1477.0,3.0
1.0,1.0,0.0,0.0,99060.0,29.98,2021.0,6.0,190.0,1969.0,4.0
0.0,1.0,0.0,0.0,44490.0,30.99,2021.0,6.0,197.0,1969.0,4.0
1.0,0.0,1.0,0.0,87270.0,20.43,2020.0,6.0,150.0,1969.0,4.0
1.0,1.0,0.0,0.0,131813.0,29.99,2016.0,6.0,235.0,1969.0,4.0
1.0,1.0,0.0,0.0,50462.0,31.45,2022.0,6.0,197.0,1969.0,4.0
1.0,1.0,0.0,0.0,199944.0,11.95,2015.0,6.0,220.0,2400.0,5.0
1.0,1.0,0.0,0.0,32788.0,33.8,2023.0,6.0,231.0,2275.0,5.0
0.0,1.0,0.0,0.0,35190.0,30.99,2022.0,6.0,197.0,1969.0,4.0
1.0,1.0,0.0,0.0,78416.0,28.4,2021.0,6.0,197.0,1969.0,4.0
0.0,1.0,0.0,0.0,17690.0,33.99,2022.0,6.0,197.0,1969.0,4.0
0.0,1.0,0.0,0.0,10.0,39.79,2025.0,6.0,197.0,1969.0,4.0
0.0,1.0,0.0,0.0,19046.0,32.48,2025.0,6.0,163.0,1969.0,4.0
0.0,1.0,0.0,0.0,30184.0,29.411,2022.0,6.0,197.0,1969.0,4.0
0.0,1.0,0.0,0.0,71400.0,23.89,2021.0,6.0,163.0,1477.0,3.0
0.0,0.0,1.0,0.0,119544.0,14.9,2015.0,6.0,150.0,1596.0,4.0
1.0,1.0,0.0,0.0,50000.0,26.99,2022.0,6.0,231.0,2275.0,5.0
0.0,1.0,0.0,0.0,1096.0,41.48,2025.0,6.0,163.0,1969.0,4.0
1.0,1.0,0.0,0.0,105000.0,21.95,2019.0,6.0,150.0,1969.0,5.0
1.0,1.0,0.0,0.0,74466.0,36.98,2022.0,6.0,197.0,1969.0,5.0
1.0,1.0,0.0,0.0,61500.0,34.55,2021.0,6.0,197.0,1969.0,4.0
1.0,1.0,0.0,0.0,78500.0,24.5,2021.0,6.0,218.0,2275.0,5.0
1.0,1.0,0.0,0.0,58985.0,29.944,2021.0,6.0,211.0,1477.0,3.0
0.0,1.0,0.0,0.0,25000.0,32.98,2021.0,6.0,197.0,1969.0,4.0
1.0,1.0,0.0,0.0,43122.0,24.99,2022.0,6.0,231.0,2275.0,5.0
1.0,1.0,0.0,0.0,10000.0,37.99,2023.0,6.0,197.0,1969.0,4.0
0.0,1.0,0.0,0.0,41750.0,27.95,2022.0,6.0,163.0,1477.0,3.0
1.0,1.0,0.0,0.0,90310.0,28.7,2021.0,6.0,163.0,1969.0,4.0
1.0,1.0,0.0,0.0,72500.0,33.89,2021.0,6.0,197.0,1969.0,4.0
0.0,1.0,0.0,0.0,19685.0,30.9,2024.0,6.0,163.0,1969.0,4.0
1.0,0.0,1.0,0.0,126863.0,12.95,2016.0,6.0,150.0,1969.0,5.0
0.0,1.0,0.0,0.0,20868.0,35.9,2025.0,6.0,197.0,1969.0,4.0
1.0,0.0,1.0,0.0,157486.0,13.6,2015.0,6.0,150.0,1969.0,4.0
0.0,1.0,0.0,0.0,96000.0,24.999,2023.0,6.0,163.0,1969.0,4.0
0.0,1.0,0.0,0.0,21682.0,29.99,2022.0,6.0,163.0,1969.0,4.0
1.0,1.0,0.0,0.0,14300.0,28.95,2022.0,6.0,231.0,2275.0,5.0
1.0,1.0,0.0,0.0,42917.0,26.495,2021.0,6.0,211.0,1477.0,3.0
1.0,1.0,0.0,0.0,28886.0,38.85,2023.0,6.0,197.0,1969.0,4.0
1.0,1.0,0.0,0.0,156100.0,31.89,2019.0,6.0,235.0,1969.0,4.0
0.0,1.0,0.0,0.0,40838.0,34.95,2022.0,6.0,197.0,1969.0,5.0
1.0,1.0,0.0,0.0,4903.0,39.9,2024.0,6.0,238.0,2275.0,5.0
1.0,1.0,0.0,0.0,14385.0,37.98,2022.0,6.0,197.0,1969.0,4.0
0.0,1.0,0.0,0.0,17927.0,32.98,2023.0,6.0,197.0,1969.0,4.0
1.0,1.0,0.0,0.0,106100.0,33.89,2022.0,6.0,197.0,1969.0,4.0
0.0,1.0,0.0,0.0,21100.0,33.99,2023.0,6.0,197.0,1969.0,5.0
1.0,1.0,0.0,0.0,82546.0,27.994,2020.0,6.0,179.0,1477.0,3.0
0.0,1.0,0.0,0.0,12687.0,32.39,2023.0,6.0,163.0,1969.0,4.0
0.0,1.0,0.0,0.0,93370.0,28.7,2021.0,6.0,197.0,1969.0,4.0
0.0,0.0,1.0,0.0,191451.0,9.99,2013.0,6.0,150.0,1596.0,4.0
1.0,1.0,0.0,0.0,70590.0,37.99,2022.0,6.0,235.0,1969.0,4.0
0.0,1.0,0.0,0.0,17183.0,33.48,2023.0,6.0,197.0,1969.0,4.0
0.0,1.0,0.0,0.0,19750.0,31.48,2023.0,6.0,163.0,1969.0,4.0
1.0,1.0,0.0,0.0,37000.0,27.888,2022.0,6.0,231.0,2275.0,5.0
1.0,1.0,0.0,0.0,10900.0,39.9,2023.0,6.0,197.0,1969.0,5.0
0.0,1.0,0.0,0.0,47700.0,32.9,2022.0,6.0,197.0,1969.0,4.0
1.0,1.0,0.0,0.0,77511.0,30.9,2022.0,6.0,197.0,1969.0,4.0
0.0,0.0,1.0,0.0,94777.0,22.65,2019.0,6.0,163.0,1477.0,3.0
0.0,1.0,0.0,0.0,24001.0,31.68,2023.0,6.0,163.0,1969.0,4.0
1.0,1.0,0.0,0.0,147550.0,22.99,2020.0,6.0,150.0,2275.0,5.0
1.0,1.0,0.0,0.0,20487.0,33.98,2023.0,6.0,211.0,1477.0,3.0
0.0,1.0,0.0,0.0,42930.0,25.29,2021.0,6.0,129.0,1477.0,3.0
1.0,1.0,0.0,0.0,184538.0,13.885,2017.0,6.0,120.0,1969.0,4.0
1.0,1.0,0.0,0.0,164996.0,11.45,2015.0,6.0,220.0,2400.0,5.0
0.0,1.0,0.0,0.0,43332.0,34.95,2021.0,6.0,197.0,1969.0,5.0
1.0,1.0,0.0,0.0,18491.0,32.8,2024.0,6.0,163.0,1969.0,4.0
0.0,1.0,0.0,0.0,113171.0,17.4,2019.0,6.0,152.0,1498.0,4.0
0.0,1.0,0.0,0.0,16476.0,33.78,2023.0,6.0,197.0,1969.0,4.0
1.0,1.0,0.0,0.0,19500.0,39.9,2024.0,6.0,197.0,1969.0,5.0
0.0,1.0,0.0,0.0,13383.0,33.89,2024.0,6.0,163.0,1969.0,4.0
0.0,1.0,0.0,0.0,49500.0,34.75,2022.0,6.0,197.0,1969.0,4.0
1.0,1.0,0.0,0.0,37570.0,39.99,2023.0,6.0,197.0,1969.0,4.0
0.0,1.0,0.0,0.0,4337.0,40.999,2025.0,6.0,197.0,1969.0,4.0
1.0,1.0,0.0,0.0,22250.0,36.9,2023.0,6.0,197.0,1969.0,4.0
1.0,1.0,0.0,0.0,63700.0,29.89,2022.0,6.0,231.0,2275.0,5.0
1.0,1.0,0.0,0.0,40000.0,41.5,2024.0,6.0,197.0,1969.0,4.0
0.0,1.0,0.0,0.0,42500.0,33.99,2022.0,6.0,197.0,1969.0,4.0
0.0,0.0,1.0,0.0,90781.0,18.5,2019.0,6.0,163.0,1477.0,5.0
1.0,1.0,0.0,0.0,22300.0,39.99,2023.0,6.0,197.0,1969.0,4.0
0.0,1.0,0.0,0.0,164437.0,19.95,2021.0,6.0,163.0,1477.0,3.0
0.0,1.0,0.0,0.0,46531.0,29.5,2023.0,6.0,129.0,1477.0,3.0
1.0,1.0,0.0,0.0,21132.0,37.85,2023.0,6.0,197.0,1969.0,5.0
1.0,1.0,0.0,0.0,57631.0,28.999,2022.0,6.0,211.0,1477.0,3.0
1.0,0.0,1.0,0.0,197297.0,8.95,2015.0,6.0,120.0,1969.0,4.0
1.0,1.0,0.0,0.0,59850.0,43.95,2021.0,6.0,235.0,1969.0,4.0
0.0,1.0,0.0,0.0,57954.0,28.994,2020.0,6.0,247.0,1477.0,4.0
1.0,1.0,0.0,0.0,51558.0,24.75,2022.0,6.0,231.0,2275.0,5.0
1.0,1.0,0.0,0.0,75000.0,39.0,2021.0,6.0,197.0,1969.0,4.0
1.0,1.0,0.0,0.0,51295.0,31.6,2022.0,6.0,197.0,2275.0,5.0
0.0,1.0,0.0,0.0,187040.0,12.95,2012.0,6.0,241.0,1999.0,4.0
1.0,1.0,0.0,0.0,17096.0,26.95,2022.0,6.0,231.0,2275.0,5.0
1.0,1.0,0.0,0.0,112000.0,29.79,2022.0,6.0,197.0,1969.0,4.0
1.0,0.0,1.0,0.0,107590.0,18.39,2018.0,6.0,150.0,1969.0,4.0
1.0,1.0,0.0,0.0,68000.0,28.0,2022.0,6.0,197.0,1969.0,4.0
0.0,0.0,1.0,0.0,67658.0,22.4,2022.0,6.0,129.0,1477.0,3.0
1.0,1.0,0.0,0.0,19500.0,39.99,2023.0,6.0,197.0,1969.0,4.0
1.0,1.0,0.0,0.0,17338.0,33.48,2023.0,6.0,211.0,1477.0,3.0
0.0,1.0,0.0,0.0,61100.0,34.93,2022.0,6.0,197.0,1969.0,4.0
1.0,0.0,1.0,0.0,159989.0,13.948,2016.0,6.0,150.0,1969.0,4.0
0.0,1.0,0.0,0.0,8661.0,40.9,2025.0,6.0,197.0,1969.0,4.0
1.0,1.0,0.0,0.0,52750.0,34.93,2019.0,6.0,235.0,1969.0,4.0
1.0,1.0,0.0,0.0,26300.0,41.9,2024.0,6.0,197.0,1969.0,5.0
1.0,1.0,0.0,0.0,120000.0,29.0,2017.0,6.0,190.0,1969.0,5.0
1.0,1.0,0.0,0.0,99862.0,19.718,2021.0,6.0,197.0,1969.0,5.0
0.0,0.0,1.0,0.0,90452.0,10.95,2013.0,6.0,120.0,1596.0,4.0
0.0,1.0,0.0,0.0,58618.0,29.75,2023.0,6.0,129.0,1477.0,3.0
1.0,1.0,0.0,0.0,35295.0,31.95,2023.0,6.0,231.0,2275.0,5.0
0.0,1.0,0.0,0.0,141565.0,13.45,2015.0,6.0,150.0,1596.0,4.0
1.0,1.0,0.0,0.0,93769.0,22.9,2020.0,6.0,190.0,2275.0,5.0
1.0,1.0,0.0,0.0,87055.0,22.09,2021.0,6.0,212.0,2275.0,5.0
1.0,1.0,0.0,0.0,73627.0,32.99,2023.0,6.0,197.0,1969.0,5.0
