Sex,Marital status,Age,Education,Income,Occupation,Settlement size
0.0,0.0,0.9245283018867925,1.0,0.45288539967373576,0.5,1.0
1.0,1.0,0.07547169811320753,0.5,0.5859553425774878,0.5,1.0
0.0,0.0,0.5849056603773586,0.5,0.2721146003262642,0.0,0.0
0.0,0.0,0.5094339622641508,0.5,0.6919504486133768,0.5,0.5
0.0,0.0,0.6603773584905661,0.5,0.577074836867863,0.5,0.5
0.0,0.0,0.32075471698113206,0.5,0.5557504078303426,0.0,0.0
0.0,0.0,0.6603773584905661,0.5,0.6151254078303426,0.5,0.5
0.0,0.0,0.32075471698113206,0.5,0.8043892740619902,1.0,0.5
0.0,1.0,0.8113207547169812,1.0,0.5901254078303426,0.0,0.0
0.0,1.0,0.18867924528301888,0.5,0.7076570146818923,1.0,0.0
1.0,1.0,0.13207547169811323,0.5,0.3702946574225122,0.5,0.0
1.0,1.0,0.11320754716981135,0.5,0.46780179445350734,0.5,0.0
1.0,1.0,0.07547169811320753,0.5,0.3714059951060359,0.5,1.0
0.0,0.0,0.7924528301886793,1.0,0.2729506525285481,0.0,0.0
1.0,1.0,0.18867924528301888,0.5,0.34189946982055464,0.5,0.5
1.0,1.0,0.2641509433962264,0.5,0.2681280587275693,0.0,0.0
0.0,0.0,0.6603773584905661,0.5,0.45737153344208814,0.5,0.0
0.0,0.0,0.13207547169811323,0.0,0.6199123164763458,0.5,1.0
0.0,0.0,0.24528301886792453,0.0,0.5547767128874389,0.5,0.5
0.0,0.0,0.5660377358490567,0.5,0.4228435970636215,0.5,0.5
0.0,0.0,0.490566037735849,0.5,0.5693260603588908,0.5,0.5
0.0,0.0,0.5660377358490567,0.5,0.27514274061990207,0.0,0.0
0.0,0.0,0.490566037735849,0.5,0.5051284665579119,0.5,1.0
0.0,1.0,0.15094339622641512,0.5,0.3458146411092986,0.5,1.0
0.0,0.0,0.33962264150943394,0.5,0.18391619086460034,0.0,0.0
0.0,1.0,0.3962264150943396,0.5,0.16533442088091352,0.0,0.0
1.0,1.0,0.45283018867924524,1.0,0.64841455954323,0.5,0.5
0.0,0.0,0.3018867924528302,0.5,0.42554547308319746,0.5,0.5
0.0,0.0,0.8490566037735849,1.0,0.7139579934747146,0.5,0.0
0.0,1.0,0.33962264150943394,0.5,0.6311888254486134,0.5,0.5
0.0,0.0,0.169811320754717,0.0,0.4297461256117455,0.5,0.5
0.0,0.0,0.22641509433962265,0.0,0.6469871533442089,0.5,1.0
0.0,0.0,0.7358490566037736,1.0,0.2639325040783034,0.0,0.0
1.0,1.0,0.2830188679245283,0.5,0.6104047716150082,1.0,0.5
0.0,0.0,0.13207547169811323,0.0,0.35008666394779775,0.0,0.0
0.0,0.0,0.24528301886792453,0.0,0.5482922104404568,0.5,1.0
0.0,0.0,0.3584905660377358,0.5,0.46820962479608486,0.5,0.5
0.0,0.0,0.3584905660377358,0.5,0.4253874388254486,0.5,0.5
0.0,0.0,0.11320754716981135,0.0,0.2891007340946167,0.5,0.5
0.0,0.0,0.22641509433962265,0.0,0.6499643148450245,1.0,0.5
0.0,1.0,0.15094339622641512,0.5,0.48475224306688425,0.5,0.0
0.0,0.0,0.490566037735849,0.5,0.49870513866231647,0.0,0.0
0.0,1.0,0.11320754716981135,0.5,0.6080342577487765,0.5,0.5
1.0,1.0,0.7547169811320755,1.0,0.5429394371941273,0.0,0.5
1.0,1.0,0.32075471698113206,0.5,0.5228130097879282,1.0,0.5
0.0,0.0,0.3962264150943396,0.5,0.5319637030995106,0.5,0.0
1.0,1.0,0.09433962264150941,0.5,0.15084115008156604,0.0,0.0
0.0,0.0,0.3962264150943396,0.5,0.48260603588907014,0.0,0.0
1.0,1.0,0.18867924528301888,0.5,0.44351039967373573,0.5,0.0
0.0,0.0,0.20754716981132076,0.0,0.24826162316476344,0.0,0.0
0.0,0.0,0.22641509433962265,0.0,0.7359502446982056,1.0,1.0
0.0,0.0,0.13207547169811323,0.0,0.2866333605220228,0.5,1.0
0.0,0.0,0.24528301886792453,0.0,0.4145901305057097,0.5,0.0
0.0,0.0,0.7358490566037736,1.0,0.5097777324632953,0.5,0.5
0.0,0.0,0.15094339622641512,0.0,0.11432504078303427,0.0,0.0
0.0,0.0,0.6415094339622642,0.5,0.8500356851549755,1.0,1.0
1.0,1.0,0.24528301886792453,0.5,0.7535940048939641,0.5,0.5
1.0,1.0,0.09433962264150941,0.5,0.5935715742251224,1.0,0.5
1.0,1.0,0.09433962264150941,0.5,0.4048123980424144,0.0,0.0
0.0,1.0,0.169811320754717,0.5,0.3625764681892333,0.5,1.0
0.0,0.0,0.6037735849056605,0.5,0.44763968189233283,0.5,0.5
0.0,0.0,0.8113207547169812,1.0,0.66567088091354,1.0,0.5
0.0,0.0,0.13207547169811323,0.0,0.9765140701468189,0.5,1.0
1.0,1.0,0.15094339622641512,0.5,0.420778955954323,0.5,0.5
0.0,0.0,0.5660377358490567,0.5,0.5724051794453507,0.5,0.5
1.0,1.0,0.20754716981132076,0.5,0.38354914355628056,0.5,0.0
0.0,1.0,0.07547169811320753,0.5,0.5299143556280588,0.5,0.0
0.0,0.0,0.3584905660377358,0.5,0.3626937194127243,0.5,1.0
1.0,1.0,0.13207547169811323,0.5,0.3781963703099511,0.5,1.0
1.0,1.0,0.22641509433962265,0.5,0.6793943719412725,0.5,0.5
0.0,0.0,0.5283018867924527,0.5,0.1930617862969005,0.0,0.0
0.0,0.0,0.6226415094339623,0.5,0.540507748776509,1.0,1.0
1.0,1.0,0.43396226415094336,1.0,0.5104353588907015,0.0,0.0
0.0,0.0,0.4150943396226415,0.5,0.535562805872757,1.0,1.0
0.0,0.0,0.9056603773584906,1.0,0.6192241027732464,1.0,1.0
0.0,0.0,0.3018867924528302,0.5,0.4555210032626428,0.5,0.5
0.0,0.0,0.6226415094339623,0.5,0.6099816476345841,0.5,1.0
0.0,0.0,0.3962264150943396,0.5,0.5906657830342578,0.0,0.0
0.0,1.0,0.07547169811320753,0.5,0.46170473083197394,0.5,0.5
1.0,1.0,0.490566037735849,1.0,0.629149673735726,0.5,1.0
0.0,0.0,0.5471698113207546,0.5,0.5113478792822186,0.5,0.5
1.0,1.0,0.11320754716981135,0.5,0.2495921696574225,0.0,0.0
1.0,1.0,0.7547169811320755,1.0,0.3281912724306688,0.0,0.0
0.0,0.0,0.6415094339622642,0.5,0.29503466557911906,0.0,0.0
1.0,1.0,0.20754716981132076,0.5,0.4993423735725938,1.0,0.5
1.0,1.0,0.169811320754717,0.5,0.37842577487765094,0.5,1.0
0.0,0.0,0.22641509433962265,0.0,0.577028955954323,1.0,1.0
0.0,0.0,0.18867924528301888,0.0,0.2912979200652529,0.5,1.0
0.0,0.0,0.7169811320754718,0.5,0.38118372756933117,0.5,0.5
0.0,0.0,0.679245283018868,0.5,0.41176590538336055,0.5,0.5
1.0,1.0,0.2830188679245283,0.5,0.17963907014681893,0.0,0.0
0.0,0.0,0.037735849056603765,0.0,0.4733176998368679,0.5,0.5
0.0,0.0,0.679245283018868,0.5,0.6596553833605221,0.5,1.0
1.0,1.0,0.8113207547169812,1.0,0.5059033442088091,0.5,0.5
0.0,0.0,0.3018867924528302,0.5,0.5044963295269168,0.5,1.0
0.0,0.0,0.33962264150943394,0.5,0.4298582789559543,0.5,0.5
0.0,0.0,0.33962264150943394,0.5,0.8137897634584014,1.0,1.0
0.0,1.0,0.43396226415094336,0.5,0.2933319738988581,0.0,0.0
0.0,0.0,0.11320754716981135,0.0,0.3803731647634584,0.5,0.0
1.0,1.0,0.11320754716981135,0.5,0.30257952691680257,0.5,0.5
0.0,0.0,0.32075471698113206,0.5,0.4053374796084829,0.5,0.5
0.0,1.0,0.15094339622641512,0.5,0.3642128874388255,0.5,0.5
0.0,0.0,0.3962264150943396,0.5,0.7507952691680261,1.0,1.0
0.0,0.0,0.2641509433962264,0.0,0.5966761827079935,0.5,1.0
1.0,1.0,0.22641509433962265,0.5,0.6592322593800979,0.5,0.0
0.0,1.0,0.32075471698113206,0.5,0.5336867862969005,0.5,0.0
0.0,1.0,0.24528301886792453,0.5,0.45050469004893967,0.5,0.5
1.0,1.0,0.09433962264150941,0.5,0.36385093800978796,0.5,0.5
0.0,0.0,0.18867924528301888,0.0,0.4363784665579119,0.0,1.0
1.0,1.0,0.13207547169811323,0.5,0.6454577895595432,0.5,0.0
0.0,1.0,0.32075471698113206,0.5,0.5010195758564437,0.5,0.5
0.0,0.0,0.5471698113207546,0.5,0.4894473898858075,0.5,0.5
1.0,1.0,0.22641509433962265,0.5,0.785399673735726,1.0,0.0
1.0,1.0,0.169811320754717,0.5,0.3735063213703099,0.5,1.0
1.0,1.0,0.09433962264150941,0.5,0.6000560766721045,0.5,0.5
0.0,1.0,0.33962264150943394,0.5,0.7374745106035889,1.0,0.5
1.0,1.0,0.13207547169811323,0.5,0.35084115008156613,0.5,1.0
1.0,1.0,0.43396226415094336,1.0,0.6683370717781403,1.0,1.0
0.0,0.0,0.11320754716981135,0.0,0.15439437194127245,0.0,0.0
0.0,0.0,0.8490566037735849,1.0,0.5093902936378467,0.5,0.0
1.0,1.0,0.169811320754717,0.5,0.40921186786296904,0.5,1.0
0.0,0.0,0.22641509433962265,0.0,0.34900591353996735,0.5,0.5
0.0,1.0,0.4150943396226415,0.5,0.18286092985318106,0.0,0.0
0.0,0.0,0.22641509433962265,0.0,0.3223592985318108,0.5,1.0
0.0,0.0,0.3018867924528302,0.5,0.5513203507340947,1.0,1.0
1.0,1.0,0.20754716981132076,0.5,0.44854200652528553,0.5,0.0
1.0,1.0,0.11320754716981135,0.5,0.7181994290375204,0.5,1.0
0.0,0.0,0.20754716981132076,0.0,0.5781861745513867,0.5,1.0
0.0,0.0,0.169811320754717,0.0,0.21259685970636213,0.0,0.0
0.0,0.0,0.5471698113207546,0.5,0.41143964110929854,0.5,0.5
1.0,1.0,0.05660377358490565,0.5,0.8100326264274063,0.5,0.0
1.0,1.0,0.3773584905660377,0.5,0.3745870717781403,0.5,1.0
0.0,0.0,0.169811320754717,0.0,0.860985929853181,0.5,1.0
0.0,0.0,0.9056603773584906,1.0,0.45968087275693315,0.0,0.0
0.0,0.0,0.32075471698113206,0.5,0.4449276101141926,0.5,0.5
1.0,1.0,0.490566037735849,1.0,0.36918331973898866,0.0,0.0
0.0,1.0,0.169811320754717,0.5,0.2756729200652529,0.0,0.0
1.0,1.0,0.22641509433962265,0.5,0.7148501223491028,1.0,0.5
0.0,0.0,0.169811320754717,0.0,0.5531199021207178,1.0,1.0
0.0,0.0,0.07547169811320753,0.0,0.33316170473083195,0.5,0.5
1.0,1.0,0.09433962264150941,0.5,0.36487561174551386,0.5,1.0
0.0,0.0,0.22641509433962265,0.0,0.5344259787928222,0.5,0.5
1.0,1.0,0.3962264150943396,1.0,0.3600581158238173,0.5,0.0
1.0,1.0,0.6226415094339623,1.0,0.4689692088091354,0.5,0.0
0.0,0.0,0.18867924528301888,0.0,0.4999286296900489,0.5,0.5
0.0,0.0,0.5283018867924527,0.5,0.5941629282218598,0.5,1.0
0.0,0.0,0.45283018867924524,0.5,0.4287010603588908,0.5,0.0
0.0,0.0,0.3773584905660377,0.5,0.37190048939641107,0.5,1.0
0.0,0.0,0.11320754716981135,0.0,0.5987663132137031,0.5,0.5
1.0,1.0,0.20754716981132076,0.5,0.9093189233278955,0.5,1.0
0.0,0.0,0.33962264150943394,0.5,0.8782065660685154,1.0,1.0
1.0,1.0,0.037735849056603765,0.5,0.30344106851549757,0.5,0.5
0.0,0.0,0.5660377358490567,0.5,0.4502650897226754,0.5,0.5
0.0,1.0,0.5094339622641508,1.0,0.18547614192495923,0.0,0.0
0.0,0.0,0.3773584905660377,0.5,0.5643199429037521,0.5,1.0
0.0,0.0,0.3018867924528302,0.5,0.20142230831973898,0.0,0.0
0.0,0.0,0.33962264150943394,0.5,0.47898144371941276,0.5,0.5
1.0,1.0,0.22641509433962265,0.5,0.33299857259380106,0.5,0.5
0.0,0.0,0.33962264150943394,0.5,0.4690099918433932,0.5,1.0
0.0,0.0,0.9811320754716981,1.0,0.9643454323001632,1.0,1.0
0.0,0.0,0.33962264150943394,0.5,0.45173837683523654,0.5,1.0
0.0,0.0,0.2641509433962264,0.0,0.5367251223491029,0.5,0.5
1.0,1.0,0.2830188679245283,0.5,0.3489192495921697,0.5,1.0
1.0,1.0,0.037735849056603765,0.5,0.5702232871125612,0.5,1.0
1.0,1.0,0.13207547169811323,0.5,0.4554241435562806,0.5,0.5
0.0,1.0,0.24528301886792453,0.5,0.4054700244698206,0.5,1.0
0.0,0.0,0.2830188679245283,0.5,0.3038998776508972,0.5,0.0
1.0,1.0,0.15094339622641512,0.5,0.3024418841761827,0.5,0.5
1.0,1.0,0.3018867924528302,0.5,0.5974663539967374,1.0,1.0
0.0,0.0,0.2830188679245283,0.5,0.3724867455138663,0.5,0.0
0.0,0.0,0.15094339622641512,0.0,0.39601855628058735,0.5,0.5
1.0,1.0,0.6603773584905661,1.0,0.8941527324632954,1.0,0.0
0.0,1.0,0.45283018867924524,1.0,0.43574123164763456,0.5,0.0
0.0,0.0,0.6415094339622642,0.5,0.4888611337683524,0.5,1.0
0.0,0.0,0.24528301886792453,0.0,0.4982769168026101,1.0,0.5
0.0,0.0,0.8867924528301887,1.0,0.41548735725938013,0.5,0.0
0.0,1.0,0.18867924528301888,0.5,0.7211409053833605,0.5,1.0
0.0,1.0,0.22641509433962265,0.5,0.6776661908646003,1.0,0.5
0.0,0.0,0.4150943396226415,0.5,0.2135399673735726,0.0,0.0
0.0,0.0,0.6037735849056605,0.5,0.7178476753670473,0.5,1.0
0.0,0.0,0.33962264150943394,0.5,0.35875305872756935,0.5,0.5
0.0,0.0,0.24528301886792453,0.0,0.31582891517128875,0.5,0.5
0.0,0.0,0.9433962264150944,1.0,0.1972522430668842,0.0,0.0
0.0,1.0,0.037735849056603765,0.5,0.3219616639477978,0.5,0.0
1.0,1.0,0.2830188679245283,0.5,0.4982106443719413,0.5,0.5
0.0,0.0,0.679245283018868,0.5,0.9268913132137031,1.0,1.0
0.0,0.0,0.3018867924528302,0.5,0.4113631729200653,0.0,0.0
0.0,0.0,0.33962264150943394,0.5,0.5070860522022839,0.5,1.0
0.0,1.0,0.20754716981132076,0.5,0.3599204730831974,0.5,0.5
0.0,0.0,0.05660377358490565,0.0,0.4716455954323002,0.5,1.0
1.0,1.0,0.3018867924528302,0.5,0.5699123164763459,1.0,1.0
1.0,1.0,0.18867924528301888,0.5,0.34086969820554647,0.5,0.0
1.0,1.0,0.169811320754717,0.5,0.43041394779771613,0.5,0.0
0.0,0.0,0.33962264150943394,0.5,0.45056076672104406,0.5,1.0
0.0,1.0,0.4150943396226415,0.5,0.7105984910277325,1.0,0.5
0.0,0.0,0.6415094339622642,0.5,0.5181229608482871,0.5,0.0
0.0,1.0,0.169811320754717,0.5,0.1528497145187602,0.0,0.0
0.0,0.0,0.15094339622641512,0.0,0.47936378466557916,0.5,0.5
0.0,1.0,0.05660377358490565,0.5,0.26836765905383364,0.5,0.5
0.0,0.0,0.3773584905660377,0.5,0.19797104404567697,0.0,0.0
0.0,0.0,0.3773584905660377,0.5,0.9505607667210441,1.0,1.0
0.0,0.0,0.4716981132075471,0.5,0.3927712071778141,0.5,0.0
0.0,0.0,0.15094339622641512,0.0,0.34450958401305065,0.5,1.0
0.0,1.0,0.05660377358490565,0.5,0.3927202283849919,0.0,0.0
0.0,0.0,0.6981132075471699,0.5,0.6224918433931484,0.5,1.0
0.0,0.0,0.2830188679245283,0.5,0.40784563621533443,0.5,1.0
1.0,1.0,0.5094339622641508,1.0,0.3771156199021207,0.0,0.0
0.0,0.0,0.6037735849056605,0.5,0.5855780995106036,0.5,0.5
0.0,0.0,0.9056603773584906,1.0,0.7296849510603589,1.0,0.0
0.0,0.0,0.6226415094339623,0.5,0.4941629282218597,0.5,0.0
1.0,1.0,0.3962264150943396,1.0,0.25652528548123976,0.0,0.0
0.0,0.0,0.24528301886792453,0.0,0.4011827079934748,0.5,1.0
0.0,0.0,0.09433962264150941,0.0,0.5,0.5,0.5
0.0,1.0,0.11320754716981135,0.5,0.2313315660685155,0.0,0.0
0.0,1.0,0.15094339622641512,0.5,0.16808727569331158,0.0,0.0
1.0,1.0,0.09433962264150941,0.5,0.31162826264274057,0.5,0.5
0.0,0.0,0.22641509433962265,0.0,0.27980730016313216,0.5,1.0
0.0,0.0,0.2641509433962264,0.0,0.39908238172920063,0.5,0.5
0.0,0.0,0.22641509433962265,0.0,0.47311888254486134,0.5,0.5
0.0,0.0,0.169811320754717,0.0,0.36088397226753677,0.5,0.5
0.0,0.0,0.6603773584905661,0.5,0.8765854404567701,1.0,0.5
0.0,0.0,0.07547169811320753,0.0,0.2850071370309951,0.5,0.5
0.0,0.0,0.07547169811320753,0.0,0.3667822185970636,0.5,1.0
0.0,0.0,0.15094339622641512,0.0,0.5267383768352366,0.5,1.0
0.0,0.0,0.6226415094339623,0.5,0.4380046900489397,0.0,0.0
0.0,0.0,0.32075471698113206,0.5,0.4391415171288744,0.5,0.0
0.0,1.0,0.13207547169811323,0.5,0.17581566068515495,0.0,0.0
0.0,0.0,0.45283018867924524,0.5,0.2166343800978793,0.0,0.0
0.0,0.0,0.22641509433962265,0.0,0.48736235725938015,1.0,0.0
0.0,0.0,0.09433962264150941,0.0,0.6690660685154975,0.0,1.0
0.0,1.0,0.8113207547169812,1.0,0.4840742251223491,0.0,0.0
1.0,1.0,0.32075471698113206,0.5,0.3648858075040783,0.5,0.5
0.0,0.0,0.3962264150943396,0.5,0.4052355220228385,0.5,0.5
1.0,1.0,0.20754716981132076,0.5,0.322084013050571,0.5,0.0
0.0,0.0,0.6226415094339623,0.5,0.4086663947797716,0.5,0.5
0.0,0.0,0.11320754716981135,0.0,0.44617149265905387,0.5,0.5
1.0,1.0,0.169811320754717,0.5,0.32716150081566076,0.5,0.0
1.0,1.0,0.32075471698113206,0.5,0.45510297716150083,0.0,0.0
0.0,0.0,0.13207547169811323,0.0,0.28643964110929854,0.5,1.0
0.0,0.0,0.6415094339622642,0.5,0.3697644779771615,0.5,1.0
0.0,0.0,0.32075471698113206,0.5,0.39328609298531814,0.5,0.0
0.0,0.0,0.15094339622641512,0.0,0.41491129690048945,0.5,0.5
1.0,1.0,0.07547169811320753,0.5,0.2700244698205546,0.5,1.0
1.0,1.0,0.3962264150943396,1.0,0.4040935970636216,0.0,0.0
1.0,1.0,0.5283018867924527,1.0,0.39542720228385,0.0,0.0
1.0,1.0,0.11320754716981135,0.5,0.4080699429037521,0.5,0.5
0.0,0.0,0.32075471698113206,0.5,0.5375101957585645,0.5,1.0
0.0,0.0,0.11320754716981135,0.0,0.3660328303425775,0.5,0.5
0.0,0.0,0.169811320754717,0.0,0.4889834828711256,0.0,0.0
0.0,0.0,0.32075471698113206,0.5,0.24395901305057097,0.0,0.0
0.0,1.0,0.20754716981132076,0.5,0.3619290375203915,0.5,1.0
1.0,1.0,0.09433962264150941,0.5,0.5082840538336052,0.5,0.5
1.0,1.0,0.7358490566037736,1.0,0.3635297716150082,0.0,0.0
0.0,0.0,0.169811320754717,0.0,0.3141007340946166,0.5,0.5
1.0,1.0,0.6981132075471699,1.0,0.46148552202283855,0.5,1.0
0.0,0.0,0.33962264150943394,0.5,0.682019779771615,1.0,0.5
1.0,1.0,0.7358490566037736,1.0,0.37272124796084827,0.0,0.0
0.0,0.0,0.2641509433962264,0.0,0.16064946982055464,0.0,0.0
0.0,0.0,0.3584905660377358,0.5,0.3588040375203916,0.5,0.0
0.0,0.0,0.33962264150943394,0.5,0.578125,0.5,0.0
1.0,1.0,0.3773584905660377,0.5,0.3889274061990212,0.5,0.0
0.0,1.0,0.5094339622641508,1.0,0.9141415171288745,1.0,1.0
0.0,0.0,0.13207547169811323,0.0,0.27376631321370315,0.5,0.5
0.0,0.0,0.2641509433962264,0.0,0.3836154159869495,0.5,1.0
1.0,1.0,0.3584905660377358,0.5,0.5160940048939642,0.5,0.5
0.0,0.0,0.18867924528301888,0.0,0.43270799347471456,0.5,0.5
0.0,1.0,0.3018867924528302,0.5,0.711332585644372,0.0,0.0
0.0,0.0,0.2641509433962264,0.0,0.38532830342577495,0.5,0.5
1.0,1.0,0.15094339622641512,0.5,0.3827538743882545,0.5,0.0
0.0,1.0,0.5849056603773586,1.0,0.24691578303425774,0.0,0.0
1.0,1.0,0.2641509433962264,0.5,0.5151610929853181,0.5,1.0
0.0,0.0,0.20754716981132076,0.0,0.5559339314845024,1.0,1.0
0.0,0.0,0.09433962264150941,0.0,0.5880301794453507,0.5,0.5
0.0,0.0,0.6037735849056605,0.5,0.4035736133768353,0.5,0.5
0.0,0.0,0.5849056603773586,0.5,0.332019779771615,0.0,0.0
0.0,0.0,0.8490566037735849,1.0,0.4537979200652529,0.5,1.0
0.0,1.0,0.3584905660377358,0.5,0.5937805872756934,0.5,1.0
1.0,1.0,0.32075471698113206,0.5,0.6734961256117455,0.0,0.5
0.0,0.0,0.15094339622641512,0.0,0.46326468189233283,0.5,1.0
0.0,0.0,0.24528301886792453,0.0,0.8879741027732464,1.0,1.0
1.0,1.0,0.5849056603773586,1.0,0.45795778955954325,0.5,0.5
0.0,1.0,0.5660377358490567,1.0,0.3841353996737358,0.5,0.5
0.0,1.0,0.15094339622641512,0.5,0.2972165579119086,0.5,0.0
0.0,1.0,0.18867924528301888,0.5,0.9114396411092986,1.0,0.5
1.0,1.0,0.490566037735849,1.0,0.8053833605220229,1.0,0.5
0.0,0.0,0.7169811320754718,0.5,0.6774163947797717,0.5,0.5
0.0,1.0,0.5283018867924527,1.0,0.8521869902120718,1.0,0.5
1.0,1.0,0.15094339622641512,0.5,0.7984247553017945,0.5,1.0
1.0,1.0,0.037735849056603765,0.5,0.46949429037520396,0.5,1.0
0.0,0.0,0.5094339622641508,0.5,0.2162571370309951,0.0,0.0
0.0,0.0,0.4716981132075471,0.5,0.42115619902120716,0.5,0.5
0.0,0.0,0.2641509433962264,0.0,0.6400234502446982,0.5,1.0
1.0,1.0,0.679245283018868,1.0,0.10598491027732462,0.0,0.0
1.0,1.0,0.45283018867924524,1.0,0.5622196166394781,0.5,0.5
0.0,0.0,0.3584905660377358,0.5,0.2782728384991844,0.0,0.0
0.0,0.0,0.5849056603773586,0.5,0.37327181892332795,0.5,0.0
0.0,0.0,0.490566037735849,0.5,0.9353945758564437,0.5,0.0
0.0,1.0,0.2830188679245283,0.5,0.5550010195758565,0.5,0.5
1.0,1.0,0.11320754716981135,0.5,0.339483075040783,0.0,0.0
0.0,1.0,0.2830188679245283,0.5,0.22448511419249592,0.0,0.0
1.0,1.0,0.11320754716981135,0.5,0.36338703099510605,0.5,1.0
0.0,1.0,0.07547169811320753,0.5,0.1347420473083197,0.0,0.0
0.0,0.0,0.4150943396226415,0.5,0.28922818107667214,0.0,0.0
0.0,0.0,0.13207547169811323,0.0,0.5634023246329527,0.5,0.0
1.0,1.0,0.15094339622641512,0.5,0.5403395187601958,0.5,0.5
0.0,1.0,0.13207547169811323,0.5,0.16695554649265906,0.0,0.0
0.0,0.0,0.20754716981132076,0.0,0.2530791190864601,0.0,0.0
0.0,0.0,0.24528301886792453,0.0,0.38366129690048945,0.5,1.0
0.0,0.0,0.3773584905660377,0.5,0.15945146818923325,0.0,0.0
1.0,1.0,0.5660377358490567,1.0,0.4604506525285481,0.0,0.0
0.0,0.0,0.2641509433962264,0.0,0.2876478384991843,0.5,1.0
1.0,1.0,0.169811320754717,0.5,0.29451977977161503,0.0,0.0
0.0,1.0,0.18867924528301888,0.5,0.6594514681892333,1.0,0.0
0.0,1.0,0.2641509433962264,0.5,0.36379995921696573,0.5,0.0
0.0,0.0,0.3018867924528302,0.5,0.5568260603588907,1.0,0.0
0.0,0.0,0.18867924528301888,0.0,0.573669453507341,0.5,0.0
1.0,1.0,0.33962264150943394,0.5,0.3560817699836868,0.5,1.0
0.0,0.0,0.3962264150943396,0.5,0.2951672104404568,0.0,0.0
0.0,0.0,0.5849056603773586,0.5,0.6063723491027733,0.5,1.0
1.0,1.0,0.3018867924528302,0.5,0.5787316476345841,0.5,1.0
0.0,0.0,0.24528301886792453,0.0,0.5599408646003263,0.5,0.5
0.0,0.0,0.18867924528301888,0.0,0.3352212479608483,0.5,1.0
1.0,1.0,0.22641509433962265,0.5,0.44141517128874386,0.5,0.0
1.0,1.0,0.11320754716981135,0.5,0.8871533442088091,1.0,0.5
1.0,1.0,0.11320754716981135,0.5,0.740064233278956,0.0,0.0
0.0,0.0,0.09433962264150941,0.0,0.4178833605220229,0.5,0.5
0.0,1.0,0.490566037735849,1.0,0.6363070962479609,1.0,0.5
1.0,1.0,0.09433962264150941,0.5,0.24866945350734096,0.0,0.0
1.0,1.0,0.11320754716981135,0.5,0.31936684339314847,0.5,1.0
0.0,0.0,0.18867924528301888,0.0,0.44110420065252853,0.5,1.0
0.0,1.0,0.24528301886792453,0.5,0.23226957585644373,0.0,0.0
1.0,1.0,0.11320754716981135,0.5,0.5839110929853182,0.5,0.5
1.0,1.0,0.15094339622641512,0.5,0.2883003670473083,0.0,0.0
0.0,1.0,0.13207547169811323,0.5,0.5812550978792822,0.5,1.0
0.0,0.0,0.2830188679245283,0.5,0.6734655383360523,1.0,0.5
0.0,0.0,0.3584905660377358,0.5,0.4057606035889071,0.0,0.0
1.0,1.0,0.4716981132075471,1.0,0.25270187601957583,0.0,0.0
0.0,0.0,0.09433962264150941,0.0,0.3057860929853181,0.5,1.0
1.0,1.0,0.09433962264150941,0.5,0.3144677814029364,0.0,0.0
0.0,0.0,0.3018867924528302,0.5,0.2626580342577488,0.0,0.0
0.0,0.0,0.2641509433962264,0.0,0.5612816068515498,0.5,0.5
1.0,1.0,0.09433962264150941,0.5,0.3133921288743883,0.5,0.0
1.0,1.0,0.20754716981132076,0.5,0.37011623164763463,0.5,1.0
0.0,0.0,0.3773584905660377,0.5,0.5887030995106036,1.0,0.5
0.0,0.0,0.18867924528301888,0.0,0.5404516721044046,0.5,0.5
0.0,0.0,0.5283018867924527,0.5,0.4834981647634584,0.5,1.0
0.0,0.0,0.09433962264150941,0.0,0.17066170473083195,0.0,0.0
0.0,0.0,0.5849056603773586,0.5,0.43655179445350734,0.5,1.0
0.0,0.0,0.15094339622641512,0.0,0.6002956769983687,1.0,1.0
0.0,1.0,0.18867924528301888,0.5,0.2906657830342577,0.5,0.0
1.0,1.0,0.09433962264150941,0.5,0.3706515089722676,0.5,1.0
0.0,0.0,0.8113207547169812,1.0,0.47779363784665585,0.5,1.0
0.0,0.0,0.3584905660377358,0.5,0.6847165579119087,1.0,0.0
1.0,1.0,0.33962264150943394,0.5,0.5074989804241435,0.5,0.5
0.0,1.0,0.05660377358490565,0.5,0.31064946982055464,0.5,1.0
0.0,0.0,0.13207547169811323,0.0,0.040028548123980406,0.0,0.0
0.0,0.0,0.33962264150943394,0.5,0.34507035073409464,0.5,0.0
0.0,0.0,0.169811320754717,0.0,0.4214263866231648,0.5,0.5
1.0,1.0,0.07547169811320753,0.5,0.4274673735725938,0.5,1.0
0.0,0.0,0.45283018867924524,0.5,0.4626529363784666,0.5,0.5
1.0,1.0,0.4150943396226415,1.0,0.514783849918434,0.5,1.0
0.0,0.0,0.33962264150943394,0.5,0.42029465742251226,0.5,0.5
0.0,0.0,0.2830188679245283,0.5,0.5544708401305057,0.5,0.5
1.0,1.0,0.09433962264150941,0.5,0.35792720228385,0.5,0.0
1.0,1.0,0.3584905660377358,0.5,0.6859400489396411,0.5,0.5
0.0,1.0,0.3018867924528302,0.5,0.39063009787928227,0.5,0.0
0.0,0.0,0.33962264150943394,0.5,0.3110114192495922,0.5,0.5
1.0,1.0,0.6415094339622642,1.0,0.30444025285481235,0.0,0.0
0.0,0.0,0.3962264150943396,0.5,0.390064233278956,0.5,1.0
1.0,1.0,0.13207547169811323,0.5,0.32382748776508974,0.5,0.0
0.0,0.0,0.15094339622641512,0.0,0.38579221044045675,0.5,1.0
0.0,0.0,0.15094339622641512,0.0,0.353894779771615,0.0,0.0
1.0,1.0,0.13207547169811323,0.5,0.37056484502446985,0.5,0.0
1.0,1.0,0.05660377358490565,0.5,0.2998725530179446,0.5,0.5
0.0,0.0,0.4150943396226415,0.5,0.845569942903752,1.0,0.5
0.0,0.0,0.169811320754717,0.0,0.530362969004894,0.5,1.0
1.0,1.0,0.169811320754717,0.5,0.3400846247960848,0.5,0.5
0.0,1.0,0.22641509433962265,0.5,0.5028293230016313,1.0,1.0
1.0,1.0,0.018867924528301883,0.5,0.38415069331158236,0.0,0.0
0.0,0.0,0.3962264150943396,0.5,0.59375,1.0,0.5
1.0,1.0,0.24528301886792453,0.5,0.3812092169657423,0.5,1.0
0.0,0.0,0.24528301886792453,0.0,0.5199581973898858,1.0,1.0
0.0,0.0,0.2641509433962264,0.0,0.9435715742251223,0.5,1.0
1.0,1.0,0.6981132075471699,1.0,0.6621380505709625,1.0,1.0
0.0,1.0,0.5283018867924527,1.0,0.4407983278955955,0.5,0.0
0.0,1.0,0.5283018867924527,1.0,0.431622145187602,0.5,0.0
1.0,1.0,0.4716981132075471,1.0,0.4619545269168026,0.0,0.0
0.0,1.0,0.3962264150943396,0.5,0.36950958401305056,0.5,1.0
0.0,1.0,0.18867924528301888,0.5,0.39092067699836874,0.5,0.5
0.0,0.0,0.169811320754717,0.0,0.6562347063621534,0.5,0.5
0.0,0.0,0.169811320754717,0.0,0.11932096247960847,0.0,0.0
0.0,0.0,0.4716981132075471,0.5,0.48583299347471454,0.5,0.0
0.0,1.0,0.07547169811320753,0.5,0.3739600326264274,0.5,0.0
0.0,0.0,0.4716981132075471,0.5,0.4055923735725938,0.5,0.5
0.0,1.0,0.169811320754717,0.5,0.3001580342577488,0.5,1.0
0.0,1.0,0.15094339622641512,0.5,0.6934543230016313,1.0,0.0
0.0,1.0,0.18867924528301888,0.5,0.5280485318107667,0.5,1.0
1.0,1.0,0.037735849056603765,0.5,0.3828456362153344,0.5,0.5
0.0,0.0,0.32075471698113206,0.5,0.773434951060359,1.0,1.0
0.0,0.0,0.45283018867924524,0.5,0.5591150081566069,1.0,0.0
0.0,0.0,0.4150943396226415,0.5,0.34873572593800983,0.0,0.0
1.0,1.0,0.32075471698113206,0.5,0.36929037520391517,0.5,0.5
0.0,0.0,0.32075471698113206,0.5,0.5514477977161502,0.5,1.0
0.0,0.0,0.2830188679245283,0.5,0.23068413539967372,0.0,0.0
1.0,1.0,0.09433962264150941,0.5,0.6674704323001631,0.5,0.5
1.0,1.0,0.24528301886792453,0.5,0.7121635399673736,1.0,0.5
1.0,1.0,0.2830188679245283,0.5,0.3904465742251224,0.5,0.5
1.0,1.0,0.037735849056603765,0.5,0.6030893148450245,0.5,1.0
0.0,0.0,0.22641509433962265,0.0,0.3903395187601958,0.5,0.5
0.0,0.0,0.5471698113207546,0.5,0.2541700652528548,0.0,0.0
0.0,0.0,0.3018867924528302,0.5,0.5610929853181077,1.0,1.0
1.0,1.0,0.13207547169811323,0.5,0.44208809135399674,0.5,1.0
0.0,1.0,0.05660377358490565,0.5,0.40610725938009795,0.5,1.0
0.0,0.0,0.20754716981132076,0.0,0.3753823409461664,0.5,0.0
0.0,0.0,0.5283018867924527,0.5,0.572971044045677,0.5,1.0
0.0,0.0,0.037735849056603765,0.0,0.26879588091354,0.5,0.5
1.0,1.0,0.6981132075471699,1.0,0.13540477161500816,0.0,0.0
0.0,0.0,0.20754716981132076,0.0,0.9943464518760197,1.0,1.0
0.0,0.0,0.33962264150943394,0.5,0.514156810766721,1.0,1.0
0.0,1.0,0.2830188679245283,0.5,0.373740823817292,0.5,0.0
0.0,0.0,0.13207547169811323,0.0,0.3294096655791191,0.5,1.0
0.0,1.0,0.13207547169811323,0.5,0.35899775693311586,0.5,0.0
0.0,1.0,0.09433962264150941,0.5,0.2493627650897227,0.0,0.0
1.0,1.0,0.3584905660377358,0.5,0.5792873164763459,0.5,0.5
0.0,0.0,0.8867924528301887,1.0,0.24777222675367047,0.0,0.0
1.0,1.0,0.15094339622641512,0.5,0.08079628874388253,0.0,0.0
0.0,0.0,0.3962264150943396,0.5,0.5269473898858076,1.0,0.5
1.0,1.0,0.22641509433962265,0.5,0.3606494698205547,0.5,0.5
0.0,0.0,0.20754716981132076,0.0,0.4156810766721044,0.5,1.0
0.0,0.0,0.43396226415094336,0.5,0.17219106851549756,0.0,0.0
1.0,1.0,0.22641509433962265,0.5,0.7295829934747146,1.0,1.0
1.0,1.0,0.43396226415094336,1.0,0.234048735725938,0.0,0.0
1.0,1.0,0.3018867924528302,0.5,0.3877854812398043,0.5,0.5
0.0,0.0,0.32075471698113206,0.5,0.4374898042414356,0.5,0.0
1.0,1.0,0.6981132075471699,1.0,0.6974255709624796,1.0,1.0
0.0,1.0,0.8113207547169812,1.0,0.7132340946166396,0.5,0.5
0.0,0.0,0.22641509433962265,0.0,0.9391211256117455,1.0,1.0
1.0,1.0,0.20754716981132076,0.5,0.30265089722675365,0.5,0.5
0.0,0.0,0.3018867924528302,0.5,0.39649775693311584,0.5,0.5
0.0,0.0,0.32075471698113206,0.5,0.5491435562805873,1.0,1.0
0.0,0.0,0.24528301886792453,0.0,0.4850173327895596,0.5,1.0
1.0,1.0,0.20754716981132076,0.5,0.5613478792822186,1.0,1.0
0.0,0.0,0.33962264150943394,0.5,0.46071574225122347,0.5,0.5
0.0,0.0,0.32075471698113206,0.5,0.43125,0.5,0.0
1.0,1.0,0.169811320754717,0.5,0.2859553425774878,0.5,1.0
0.0,0.0,0.2641509433962264,0.0,0.47817088091354,0.5,1.0
0.0,0.0,0.3584905660377358,0.5,0.45083605220228384,0.5,1.0
0.0,0.0,0.33962264150943394,0.5,0.35383360522022844,0.5,0.5
1.0,1.0,0.3018867924528302,0.5,0.6441068515497553,1.0,0.0
0.0,0.0,0.3773584905660377,0.5,0.3605220228384992,0.5,1.0
0.0,0.0,0.3018867924528302,0.5,0.35690762642740625,0.5,1.0
0.0,0.0,0.8490566037735849,1.0,0.5225071370309952,0.5,0.5
1.0,1.0,0.20754716981132076,0.5,0.2055566884176183,0.0,0.0
0.0,0.0,0.2641509433962264,0.0,0.6075652528548124,0.5,0.5
1.0,1.0,0.15094339622641512,0.5,0.400372145187602,0.5,0.5
0.0,0.0,0.32075471698113206,0.5,0.3415935970636216,0.0,0.0
0.0,1.0,0.07547169811320753,0.5,0.4943107667210441,0.5,0.0
1.0,1.0,0.09433962264150941,0.5,0.2748266721044046,0.5,1.0
0.0,0.0,0.18867924528301888,0.0,0.1161449836867863,0.0,0.0
0.0,0.0,0.33962264150943394,0.5,0.4831311174551387,1.0,1.0
0.0,1.0,0.2830188679245283,0.5,0.37983278955954325,0.5,0.0
1.0,1.0,0.15094339622641512,0.5,0.4175010195758565,0.5,1.0
0.0,0.0,0.11320754716981135,0.0,0.48417618270799345,0.5,0.0
0.0,0.0,0.13207547169811323,0.0,0.5687703915171289,0.5,1.0
0.0,0.0,0.3962264150943396,0.5,0.29432606035889075,0.0,0.0
0.0,0.0,0.490566037735849,0.5,0.37447491843393155,0.5,0.5
1.0,1.0,0.09433962264150941,0.5,0.32070758564437196,0.0,0.0
0.0,0.0,0.15094339622641512,0.0,0.3335950244698206,0.5,0.0
1.0,1.0,0.7358490566037736,1.0,0.7748929445350734,0.5,0.5
1.0,1.0,0.22641509433962265,0.5,0.5348134176182708,0.5,0.0
0.0,0.0,0.490566037735849,0.5,0.49670167210440463,0.5,1.0
0.0,0.0,0.5471698113207546,0.5,0.5723287112561175,1.0,1.0
0.0,0.0,0.6415094339622642,0.5,0.485262030995106,0.5,1.0
1.0,1.0,0.8301886792452831,1.0,0.5953711256117455,0.5,1.0
0.0,0.0,0.32075471698113206,0.5,0.2508207585644372,0.0,0.0
0.0,0.0,0.15094339622641512,0.0,0.4011113376835237,0.5,0.5
0.0,0.0,0.15094339622641512,0.0,0.3235878874388255,0.5,0.5
1.0,1.0,0.45283018867924524,1.0,0.9360674959216966,1.0,1.0
1.0,1.0,0.169811320754717,0.5,0.3985267128874389,0.5,0.0
0.0,0.0,0.3773584905660377,0.5,0.3416292822185971,0.5,0.0
0.0,0.0,0.3962264150943396,0.5,0.23272328711256116,0.0,0.0
0.0,1.0,0.037735849056603765,0.5,0.36677712071778146,0.5,1.0
0.0,0.0,0.20754716981132076,0.0,0.9508972267536706,1.0,1.0
0.0,0.0,0.4150943396226415,0.5,0.36344310766721044,0.5,0.0
0.0,1.0,0.2641509433962264,0.5,0.22557096247960848,0.0,0.0
0.0,1.0,0.18867924528301888,0.5,0.4780179445350734,0.5,0.0
1.0,1.0,0.169811320754717,0.5,0.42200754486133774,0.5,0.5
0.0,0.0,0.45283018867924524,0.5,0.5628313621533443,0.5,0.5
0.0,1.0,0.5849056603773586,1.0,0.553777528548124,0.5,1.0
0.0,0.0,0.3773584905660377,0.5,0.4519524877650898,0.5,0.0
1.0,1.0,0.11320754716981135,0.5,0.3160379282218597,0.5,0.0
0.0,0.0,0.169811320754717,0.0,0.14413234094616637,0.0,0.0
0.0,0.0,0.33962264150943394,0.5,0.6145085644371941,0.5,1.0
0.0,0.0,0.3018867924528302,0.5,0.8643505301794454,1.0,1.0
0.0,1.0,0.18867924528301888,0.5,0.3218393148450245,0.5,1.0
0.0,0.0,0.5094339622641508,0.5,0.9482565252854813,1.0,1.0
0.0,0.0,0.15094339622641512,0.0,0.26608380913539964,0.5,1.0
0.0,0.0,0.2641509433962264,0.0,0.6356086867862969,1.0,1.0
0.0,0.0,0.15094339622641512,0.0,0.45220228384991845,0.5,1.0
0.0,1.0,0.037735849056603765,0.5,0.29466761827079935,0.5,0.0
0.0,0.0,0.679245283018868,0.5,0.4531657830342578,0.5,0.0
1.0,1.0,0.3584905660377358,0.5,0.33964110929853186,0.5,0.0
0.0,0.0,0.4150943396226415,0.5,0.19954628874388255,0.0,0.0
1.0,1.0,0.09433962264150941,0.5,0.6016975938009789,0.5,0.5
0.0,0.0,0.4716981132075471,0.5,0.425769779771615,0.5,1.0
0.0,0.0,0.33962264150943394,0.5,0.30386419249592167,0.5,1.0
0.0,0.0,0.490566037735849,0.5,0.5716506933115824,0.5,1.0
1.0,1.0,0.11320754716981135,0.5,0.4130862561174552,0.5,0.5
0.0,0.0,0.6603773584905661,0.5,0.6871431484502447,0.5,0.5
1.0,1.0,0.09433962264150941,0.5,0.4924245513866232,0.5,0.5
1.0,1.0,0.15094339622641512,0.5,0.21251529363784663,0.0,0.0
0.0,0.0,0.22641509433962265,0.0,0.6809390293637847,0.5,1.0
1.0,1.0,0.24528301886792453,0.5,0.4292312398042415,0.5,0.0
0.0,0.0,0.45283018867924524,0.5,0.21462581566068514,0.0,0.0
0.0,1.0,0.24528301886792453,0.5,0.37754893964110936,0.5,0.5
0.0,0.0,0.43396226415094336,0.5,0.16940252854812396,0.0,0.0
0.0,0.0,0.2641509433962264,0.0,0.4104608482871126,0.5,0.0
1.0,1.0,0.18867924528301888,0.5,0.5167006525285481,0.5,0.5
0.0,1.0,0.43396226415094336,0.5,0.3791139885807504,0.5,0.0
0.0,1.0,0.15094339622641512,0.5,0.37753874388254494,0.5,0.5
0.0,0.0,0.13207547169811323,0.0,0.3768301386623165,0.5,1.0
0.0,1.0,0.2830188679245283,0.5,0.4782779363784666,0.5,0.5
1.0,1.0,0.3584905660377358,0.5,0.5324887846655791,0.5,0.5
0.0,0.0,0.45283018867924524,0.5,0.8268607259380099,1.0,1.0
1.0,1.0,0.5094339622641508,1.0,0.43041394779771613,0.0,0.0
0.0,1.0,0.09433962264150941,0.5,0.3533085236541599,0.5,0.5
0.0,0.0,0.7924528301886793,1.0,0.46665477161500823,0.5,0.0
0.0,0.0,0.24528301886792453,0.0,0.5600377243066884,0.5,0.0
0.0,0.0,0.3018867924528302,0.5,0.34046186786296906,0.0,0.5
0.0,0.0,0.8113207547169812,1.0,0.2797563213703099,0.0,0.0
0.0,0.0,0.4716981132075471,0.5,0.3633105628058728,0.5,0.5
1.0,1.0,0.3584905660377358,0.5,0.4087938417618271,0.5,1.0
0.0,0.0,0.2641509433962264,0.0,0.32929241435562806,0.5,1.0
1.0,1.0,0.11320754716981135,0.5,0.13467067699836868,0.0,0.0
0.0,0.0,0.32075471698113206,0.5,0.6990466965742251,0.5,0.5
1.0,1.0,0.09433962264150941,0.5,0.3016466150081566,0.5,0.5
0.0,0.0,0.5094339622641508,0.5,0.3765599510603589,0.0,0.0
0.0,1.0,0.3018867924528302,0.5,0.6196166394779772,0.5,0.0
0.0,0.0,0.169811320754717,0.0,0.4453456362153344,0.5,1.0
0.0,0.0,0.07547169811320753,0.0,0.3236949429037521,0.5,0.0
1.0,1.0,0.18867924528301888,0.5,0.4994239396411093,0.5,1.0
1.0,1.0,0.20754716981132076,0.5,0.5221451876019576,0.5,1.0
0.0,0.0,0.169811320754717,0.0,0.4068413539967374,0.5,0.0
0.0,0.0,0.24528301886792453,0.0,0.2365721859706362,0.0,0.0
0.0,0.0,0.5849056603773586,0.5,0.4675316068515498,0.5,0.5
0.0,0.0,0.11320754716981135,0.0,0.14353079119086462,0.0,0.0
1.0,1.0,0.20754716981132076,0.5,0.4024877650897227,0.5,0.0
0.0,0.0,0.3584905660377358,0.5,0.9258666394779771,0.5,0.5
0.0,0.0,0.3584905660377358,0.5,0.7030944127243067,1.0,1.0
1.0,1.0,0.09433962264150941,0.5,0.44360725938009793,0.5,0.0
0.0,1.0,0.33962264150943394,0.5,0.35237051386623164,0.5,0.0
0.0,0.0,0.3018867924528302,0.5,0.5941017536704731,0.5,0.5
0.0,0.0,0.43396226415094336,0.5,0.5305515905383361,0.5,0.0
1.0,1.0,0.24528301886792453,0.5,0.6161704730831974,0.5,0.5
1.0,1.0,0.09433962264150941,0.5,0.25823817292006523,0.0,0.0
0.0,0.0,0.3773584905660377,0.5,0.5691272430668842,0.5,0.0
1.0,1.0,0.15094339622641512,0.5,0.6839263866231647,1.0,0.0
1.0,1.0,0.07547169811320753,0.5,0.1353435970636215,0.0,0.0
0.0,0.0,0.169811320754717,0.0,0.17890497553017945,0.0,0.0
1.0,1.0,0.11320754716981135,0.5,0.3934135399673736,0.5,0.5
1.0,1.0,0.169811320754717,0.5,0.458442088091354,0.5,0.0
1.0,1.0,0.2830188679245283,0.5,0.3878772430668842,0.5,1.0
0.0,1.0,0.169811320754717,0.5,0.4325142740619903,0.5,0.5
0.0,1.0,0.169811320754717,0.5,0.14154261827079936,0.0,0.0
0.0,0.0,0.22641509433962265,0.0,0.3427661092985318,0.5,0.5
0.0,0.0,0.5849056603773586,0.5,0.36830648450244696,0.0,0.0
1.0,1.0,0.15094339622641512,0.5,0.33302915986949433,0.5,0.5
0.0,0.0,0.2830188679245283,0.5,0.2670218189233279,0.0,0.0
1.0,1.0,0.6415094339622642,1.0,0.6281606851549756,1.0,0.5
1.0,1.0,0.037735849056603765,0.5,0.34049245513866233,0.5,1.0
0.0,0.0,0.33962264150943394,0.5,0.4065915579119087,0.5,0.0
0.0,0.0,0.05660377358490565,0.0,0.1187550978792822,0.0,0.0
0.0,1.0,0.5471698113207546,1.0,0.23658238172920062,0.0,0.0
0.0,0.0,0.7924528301886793,1.0,0.47712581566068524,0.5,0.5
1.0,1.0,0.7547169811320755,1.0,0.2611439641109299,0.0,0.0
1.0,1.0,0.45283018867924524,1.0,0.47221655791190864,0.5,1.0
1.0,1.0,0.33962264150943394,0.5,0.4362306280587276,0.0,0.0
1.0,1.0,0.037735849056603765,0.5,0.2666649673735726,0.0,0.0
0.0,0.0,0.4150943396226415,0.5,0.505271207177814,1.0,1.0
1.0,1.0,0.2641509433962264,0.5,0.29682911908646004,0.0,0.0
1.0,1.0,0.09433962264150941,0.5,0.3234757340946167,0.5,0.5
0.0,0.0,0.33962264150943394,0.5,0.3701060358890702,0.0,0.0
0.0,0.0,0.24528301886792453,0.0,0.3850785073409462,0.5,0.0
0.0,0.0,0.2641509433962264,0.0,0.4423939641109299,0.5,1.0
1.0,1.0,0.5094339622641508,1.0,0.5022328711256118,0.5,0.0
1.0,1.0,0.22641509433962265,0.5,0.37217577487765097,0.5,1.0
1.0,1.0,0.3018867924528302,0.5,0.2804853181076672,0.0,0.0
1.0,1.0,0.18867924528301888,0.5,0.5900693311582382,1.0,1.0
1.0,1.0,0.09433962264150941,0.5,0.40706056280587277,0.5,0.5
0.0,0.0,0.07547169811320753,0.0,0.4887183931484502,0.5,0.5
1.0,1.0,0.6037735849056605,1.0,0.6081260195758564,0.5,1.0
0.0,0.0,0.2830188679245283,0.5,0.35778446166394784,0.5,1.0
0.0,0.0,0.5094339622641508,0.5,0.3698307504078304,0.5,0.0
1.0,1.0,0.07547169811320753,0.5,0.3539202691680261,0.5,0.5
1.0,1.0,0.5660377358490567,1.0,0.422899673735726,0.0,0.0
1.0,1.0,0.20754716981132076,0.5,0.6480577079934747,0.5,1.0
1.0,1.0,0.07547169811320753,0.5,0.42658544045677005,0.5,1.0
1.0,1.0,0.07547169811320753,0.5,0.33731647634584017,0.5,0.0
0.0,0.0,0.169811320754717,0.0,0.8799653344208809,1.0,1.0
0.0,0.0,0.3584905660377358,0.5,0.4535736133768352,0.5,0.0
1.0,1.0,0.05660377358490565,0.5,0.5278701060358891,0.5,0.0
0.0,1.0,0.5849056603773586,1.0,0.2164763458401305,0.0,0.0
0.0,0.0,0.169811320754717,0.0,0.45761623164763465,0.5,0.5
0.0,0.0,0.2641509433962264,0.0,0.32821676182707993,0.5,1.0
0.0,1.0,0.3773584905660377,0.5,0.4849051794453507,0.5,1.0
1.0,1.0,0.07547169811320753,0.5,0.33976345840130506,0.5,1.0
0.0,0.0,0.8867924528301887,1.0,0.514783849918434,0.5,0.5
0.0,0.0,0.32075471698113206,0.5,0.3623929445350734,0.5,0.5
0.0,0.0,0.43396226415094336,0.5,0.48525693311582385,0.5,1.0
0.0,0.0,0.20754716981132076,0.0,0.4261674143556281,0.5,0.5
0.0,0.0,0.33962264150943394,0.5,0.605062194127243,0.5,0.5
0.0,0.0,0.8679245283018868,1.0,0.4180770799347472,0.0,0.0
1.0,1.0,0.18867924528301888,0.5,0.45235522022838504,0.5,1.0
0.0,0.0,0.490566037735849,0.5,0.3781453915171289,0.5,1.0
0.0,0.0,0.09433962264150941,0.0,0.3332891517128874,0.5,0.5
1.0,1.0,0.018867924528301883,0.5,0.33353384991843393,0.5,0.0
1.0,1.0,0.13207547169811323,0.5,0.22029465742251222,0.0,0.0
0.0,0.0,0.5471698113207546,0.5,0.38251427406199023,0.5,0.0
1.0,1.0,0.18867924528301888,0.5,0.4782218597063622,0.5,1.0
0.0,0.0,0.05660377358490565,0.0,0.9746584420880915,0.5,0.5
1.0,1.0,0.3018867924528302,0.5,0.37070248776508974,0.5,0.5
0.0,0.0,0.15094339622641512,0.0,0.4428068923327896,0.5,0.0
1.0,1.0,0.169811320754717,0.5,0.0,0.0,0.0
0.0,0.0,0.3773584905660377,0.5,0.23469616639477978,0.0,0.0
0.0,0.0,0.4150943396226415,0.5,0.7338805057096248,1.0,1.0
0.0,1.0,0.2830188679245283,0.5,0.3636113376835237,0.5,0.5
0.0,1.0,0.2641509433962264,0.5,0.513896818923328,1.0,0.5
0.0,0.0,0.169811320754717,0.0,0.6235471044045677,0.5,1.0
0.0,1.0,0.2641509433962264,0.5,0.4932453099510604,0.5,1.0
1.0,1.0,0.15094339622641512,0.5,0.47057504078303425,0.5,1.0
0.0,0.0,0.3773584905660377,0.5,0.4158493066884177,0.5,0.5
0.0,0.0,0.4150943396226415,0.5,0.16641007340946165,0.0,0.0
0.0,0.0,0.6037735849056605,0.5,0.8453507340946167,1.0,1.0
0.0,0.0,0.3584905660377358,0.5,0.260680057096248,0.0,0.0
0.0,0.0,0.5094339622641508,0.5,0.4189131321370311,0.5,0.5
0.0,0.0,0.45283018867924524,0.5,0.957371533442088,1.0,1.0
0.0,0.0,0.32075471698113206,0.5,0.38035277324632955,0.5,0.0
0.0,0.0,0.07547169811320753,0.0,0.407111541598695,0.5,1.0
0.0,0.0,0.43396226415094336,0.5,0.2263458401305057,0.0,0.0
0.0,0.0,0.3584905660377358,0.5,0.7739345432300163,0.5,0.5
1.0,1.0,0.18867924528301888,0.5,0.5256933115823818,0.5,0.5
0.0,0.0,0.43396226415094336,0.5,0.6471247960848288,0.5,1.0
0.0,1.0,0.09433962264150941,0.5,0.38759176182708,0.5,0.5
0.0,1.0,0.09433962264150941,0.5,0.27640191680261006,0.5,0.5
0.0,0.0,0.6037735849056605,0.5,0.4362153344208809,0.5,0.5
0.0,0.0,0.32075471698113206,0.5,0.515742251223491,1.0,1.0
1.0,1.0,0.6037735849056605,1.0,0.35276814845024473,0.0,0.0
0.0,0.0,0.169811320754717,0.0,0.6949480016313214,1.0,1.0
0.0,0.0,0.3018867924528302,0.5,0.6849102773246329,0.5,0.5
1.0,1.0,0.169811320754717,0.5,0.44579424959216973,0.5,0.5
0.0,0.0,0.4716981132075471,0.5,0.5350887030995106,0.5,0.0
0.0,0.0,0.5471698113207546,0.5,0.5537520391517129,0.5,0.0
0.0,0.0,0.169811320754717,0.0,0.35145289559543236,0.0,0.0
0.0,0.0,0.24528301886792453,0.0,0.5991078711256118,0.5,0.5
0.0,0.0,0.45283018867924524,0.5,0.9542516313213703,1.0,0.5
0.0,1.0,0.11320754716981135,0.5,0.475861541598695,0.5,1.0
0.0,0.0,0.43396226415094336,0.5,0.40091252039151715,0.0,0.5
1.0,1.0,0.15094339622641512,0.5,0.639737969004894,1.0,0.5
0.0,0.0,0.2830188679245283,0.5,0.5094463703099511,0.5,1.0
0.0,1.0,0.11320754716981135,0.5,0.6249439233278956,0.5,0.0
0.0,0.0,0.8679245283018868,1.0,0.3472114600326265,0.0,0.0
1.0,1.0,0.15094339622641512,0.5,0.33621023654159876,0.5,1.0
1.0,1.0,0.7169811320754718,1.0,0.46237255301794455,0.5,0.5
0.0,0.0,0.3584905660377358,0.5,0.38520595432300164,0.5,0.5
0.0,1.0,0.2830188679245283,0.5,0.34535583197389885,0.5,1.0
0.0,1.0,0.5471698113207546,1.0,0.5796951468189233,0.5,0.5
0.0,0.0,0.24528301886792453,0.0,0.6934390293637847,0.0,0.0
0.0,0.0,0.3018867924528302,0.5,0.5809033442088092,0.5,0.5
0.0,0.0,0.169811320754717,0.0,0.3906912724306689,0.5,0.5
0.0,0.0,0.22641509433962265,0.0,0.4999745106035889,0.5,1.0
0.0,0.0,0.32075471698113206,0.5,0.4690915579119087,0.5,0.5
0.0,0.0,0.24528301886792453,0.0,0.6344157830342578,0.5,1.0
0.0,1.0,0.13207547169811323,0.5,0.28820350734094613,0.5,1.0
1.0,1.0,0.13207547169811323,0.5,0.35155995106035887,0.0,0.0
0.0,0.0,0.20754716981132076,0.0,0.49757340946166395,0.5,0.5
0.0,0.0,0.490566037735849,0.5,0.3800061174551387,0.0,0.0
0.0,0.0,0.18867924528301888,0.0,0.3488529771615009,0.5,0.5
0.0,0.0,0.6037735849056605,0.5,0.524673735725938,0.5,0.0
0.0,0.0,0.20754716981132076,0.0,0.3410022430668842,0.5,0.0
1.0,1.0,0.3773584905660377,0.5,0.053349306688417614,0.0,0.0
0.0,0.0,0.11320754716981135,0.0,0.30889579934747147,0.5,0.5
0.0,0.0,0.4150943396226415,0.5,0.6238019983686787,1.0,0.5
1.0,1.0,0.20754716981132076,0.5,0.31696574225122354,0.0,0.0
0.0,0.0,0.5283018867924527,0.5,0.6201111337683524,0.5,0.0
1.0,1.0,0.5471698113207546,1.0,0.5784767536704731,0.5,0.0
0.0,0.0,0.43396226415094336,0.5,0.5271411092985319,0.5,0.5
1.0,1.0,0.2641509433962264,0.5,0.45910481239804246,0.5,1.0
1.0,1.0,0.32075471698113206,0.5,0.6998980424143556,0.5,0.5
0.0,0.0,0.11320754716981135,0.0,0.6565507748776509,0.5,0.5
1.0,1.0,0.13207547169811323,0.5,0.45221757748776514,0.5,0.5
1.0,1.0,0.13207547169811323,0.5,0.3659359706362154,0.5,0.5
0.0,0.0,0.3584905660377358,0.5,0.2702742659053834,0.0,0.0
0.0,0.0,0.2641509433962264,0.0,0.5747043230016313,1.0,1.0
1.0,1.0,0.32075471698113206,0.5,0.3603334013050571,0.5,1.0
0.0,0.0,0.5283018867924527,0.5,0.5843851957585645,1.0,0.5
0.0,0.0,0.13207547169811323,0.0,0.12763050570962478,0.0,0.0
0.0,0.0,0.8490566037735849,1.0,0.7511521207177815,0.5,0.5
0.0,0.0,0.4150943396226415,0.5,0.4364600326264274,0.5,1.0
0.0,0.0,0.2641509433962264,0.0,0.4799296492659054,1.0,1.0
0.0,0.0,0.24528301886792453,0.0,0.4950958401305058,0.5,1.0
0.0,1.0,0.24528301886792453,0.5,0.6804751223491028,0.5,0.5
0.0,0.0,0.3018867924528302,0.5,0.5716048123980424,1.0,0.5
1.0,1.0,0.11320754716981135,0.5,0.5305057096247962,0.5,1.0
1.0,1.0,0.11320754716981135,0.5,0.16413132137030997,0.0,0.0
1.0,1.0,0.05660377358490565,0.5,0.370544453507341,0.5,1.0
1.0,1.0,0.43396226415094336,1.0,0.39186378466557914,0.0,0.0
0.0,1.0,0.5471698113207546,1.0,0.37906810766721044,0.0,0.0
1.0,1.0,0.13207547169811323,0.5,0.3531402936378467,0.5,0.5
1.0,1.0,0.7735849056603774,1.0,0.7591812805872757,0.5,0.5
0.0,1.0,0.33962264150943394,0.5,0.6458452283849919,0.5,1.0
0.0,0.0,0.2830188679245283,0.5,0.616649673735726,0.5,0.5
0.0,0.0,0.05660377358490565,0.0,0.1529108890701468,0.0,0.0
1.0,1.0,0.490566037735849,1.0,0.2684441272430669,0.0,0.0
1.0,1.0,0.18867924528301888,0.5,0.6070911500815661,0.5,1.0
1.0,1.0,0.3584905660377358,0.5,0.4752548939641109,0.5,0.0
1.0,1.0,0.20754716981132076,0.5,0.2125815660685155,0.0,0.0
0.0,0.0,0.32075471698113206,0.5,0.395778955954323,0.0,0.0
0.0,0.0,0.5094339622641508,0.5,0.7900234502446982,1.0,1.0
1.0,1.0,0.15094339622641512,0.5,0.43633258564437194,0.0,0.0
0.0,0.0,0.2641509433962264,0.0,0.4359451468189234,0.5,0.5
0.0,0.0,0.09433962264150941,0.0,0.1609706362153344,0.0,0.0
0.0,0.0,0.43396226415094336,0.5,0.44459115008156613,0.5,0.5
0.0,0.0,0.07547169811320753,0.0,0.47183421696574224,0.5,1.0
0.0,0.0,0.18867924528301888,0.0,0.17208401305057094,0.0,0.0
1.0,1.0,0.09433962264150941,0.5,0.3757901712887439,0.5,0.5
1.0,1.0,0.3584905660377358,0.5,0.21924959216965742,0.0,0.0
0.0,0.0,0.15094339622641512,0.0,0.48577691680261015,0.5,0.0
0.0,0.0,0.2830188679245283,0.5,0.40564335236541604,0.5,0.5
1.0,1.0,0.5849056603773586,1.0,0.3795829934747146,0.5,1.0
1.0,1.0,0.09433962264150941,0.5,0.14773144371941274,0.0,0.0
1.0,1.0,0.09433962264150941,0.5,0.2558268760195759,0.0,0.0
1.0,1.0,0.13207547169811323,0.5,0.5434645187601957,0.5,1.0
0.0,0.0,0.6981132075471699,0.5,0.6294402528548124,0.5,0.5
1.0,1.0,0.2641509433962264,0.5,0.3523909053833606,0.5,0.5
0.0,0.0,0.3962264150943396,0.5,0.43577181892332795,0.5,0.5
0.0,0.0,0.24528301886792453,0.0,0.317444942903752,0.5,0.0
0.0,0.0,0.32075471698113206,0.5,0.29935766721044044,0.5,0.5
1.0,1.0,0.7735849056603774,1.0,0.6462020799347472,0.5,0.5
1.0,1.0,0.11320754716981135,0.5,0.36091455954323004,0.5,1.0
0.0,0.0,0.11320754716981135,0.0,0.17622349102773247,0.0,0.0
0.0,1.0,0.169811320754717,0.5,0.43798429853181076,0.5,1.0
0.0,1.0,0.4150943396226415,0.5,0.2509584013050571,0.0,0.0
0.0,1.0,0.24528301886792453,0.5,0.26405995106035884,0.0,0.0
1.0,1.0,0.24528301886792453,0.5,0.4274112969004894,0.5,0.0
0.0,0.0,0.18867924528301888,0.0,0.4599714518760196,0.5,1.0
0.0,0.0,0.8490566037735849,1.0,0.3074683931484502,0.0,0.0
1.0,1.0,0.15094339622641512,0.5,0.4027222675367047,0.5,0.0
1.0,1.0,0.13207547169811323,0.5,0.8086714926590539,1.0,1.0
0.0,0.0,0.33962264150943394,0.5,0.5828201468189234,1.0,1.0
0.0,0.0,0.6415094339622642,0.5,0.5122909869494291,0.5,1.0
0.0,0.0,0.9056603773584906,1.0,0.38757137030995104,0.0,0.0
1.0,1.0,0.13207547169811323,0.5,0.32813009787928227,0.5,0.0
0.0,0.0,0.3584905660377358,0.5,0.4466761827079935,0.5,1.0
1.0,1.0,0.13207547169811323,0.5,0.43276407014681895,0.5,0.5
0.0,0.0,0.3773584905660377,0.5,0.9166343800978793,1.0,0.5
0.0,0.0,0.13207547169811323,0.0,0.512173735725938,0.5,0.5
0.0,0.0,0.7924528301886793,1.0,0.6686174551386623,0.5,1.0
0.0,0.0,0.24528301886792453,0.0,0.2112204323001631,0.0,0.0
1.0,1.0,0.09433962264150941,0.5,0.25558217781402937,0.0,0.0
0.0,1.0,0.7924528301886793,1.0,0.8981851549755302,1.0,0.0
0.0,0.0,0.32075471698113206,0.5,0.45994086460032624,0.0,0.0
0.0,0.0,0.4150943396226415,0.5,0.554430057096248,0.5,0.0
0.0,0.0,0.3773584905660377,0.5,0.4123725530179445,0.5,0.5
0.0,0.0,0.6037735849056605,0.5,0.6770238580750408,0.5,0.5
0.0,0.0,0.169811320754717,0.0,0.5265446574225122,0.5,0.5
1.0,1.0,0.3962264150943396,1.0,0.42199225122349104,0.5,1.0
0.0,0.0,0.43396226415094336,0.5,0.7518352365415987,1.0,1.0
0.0,1.0,0.169811320754717,0.5,0.30837581566068517,0.5,0.0
0.0,1.0,0.6226415094339623,1.0,0.5795167210440457,0.5,1.0
0.0,0.0,0.2641509433962264,0.0,0.540834013050571,0.5,1.0
1.0,1.0,0.07547169811320753,0.5,0.4302661092985318,0.5,0.0
0.0,0.0,0.6226415094339623,0.5,0.6981953507340947,0.5,0.5
1.0,1.0,0.07547169811320753,0.5,0.157463295269168,0.0,0.0
0.0,1.0,0.679245283018868,1.0,0.39351549755301796,0.5,0.5
0.0,0.0,0.32075471698113206,0.5,0.08135705546492658,0.0,0.0
0.0,0.0,0.679245283018868,0.5,0.4209624796084829,0.5,1.0
1.0,1.0,0.5660377358490567,1.0,0.3353588907014682,0.0,0.0
1.0,1.0,0.11320754716981135,0.5,0.46603792822185974,0.5,0.0
0.0,0.0,0.32075471698113206,0.5,0.3133054649265905,0.5,0.0
1.0,1.0,0.11320754716981135,0.5,0.36265293637846663,0.0,0.0
0.0,0.0,0.11320754716981135,0.0,0.6745258972267537,0.5,1.0
0.0,1.0,0.15094339622641512,0.5,0.1663743882544861,0.0,0.0
0.0,0.0,0.8867924528301887,1.0,0.4330546492659054,0.5,1.0
0.0,0.0,0.6981132075471699,0.5,1.0,1.0,1.0
1.0,1.0,0.15094339622641512,0.5,0.09212377650897227,0.0,0.0
0.0,1.0,0.15094339622641512,0.5,0.3348236133768353,0.5,1.0
0.0,1.0,0.18867924528301888,0.5,0.16932096247960846,0.0,0.0
0.0,0.0,0.11320754716981135,0.0,0.692047308319739,0.5,0.5
0.0,0.0,0.679245283018868,0.5,0.4921237765089723,0.5,1.0
0.0,0.0,0.5283018867924527,0.5,0.5026559951060359,0.5,1.0
1.0,1.0,0.679245283018868,1.0,0.788570554649266,0.5,0.0
0.0,1.0,0.8301886792452831,1.0,0.5940813621533443,0.5,0.5
1.0,1.0,0.11320754716981135,0.5,0.3330189641109299,0.5,0.5
0.0,1.0,0.15094339622641512,0.5,0.310379282218597,0.5,1.0
0.0,1.0,0.169811320754717,0.5,0.30250305872756933,0.5,0.0
0.0,1.0,0.11320754716981135,0.5,0.47578507340946175,0.5,1.0
0.0,0.0,0.43396226415094336,0.5,0.4226651712887439,0.5,0.0
0.0,0.0,0.5471698113207546,0.5,0.1971808727569331,0.0,0.0
0.0,1.0,0.32075471698113206,0.5,0.6190864600326265,1.0,0.5
0.0,1.0,0.22641509433962265,0.5,0.3392230831973899,0.5,0.0
1.0,1.0,0.2830188679245283,0.5,0.48766313213703105,0.5,0.0
0.0,0.0,0.33962264150943394,0.5,0.4734400489396411,0.5,1.0
0.0,0.0,0.5471698113207546,0.5,0.7222522430668842,0.5,1.0
0.0,0.0,0.3773584905660377,0.5,0.6505862561174551,0.5,0.5
0.0,0.0,0.490566037735849,0.5,0.5560154975530179,0.5,0.5
1.0,1.0,0.09433962264150941,0.5,0.31241333605220223,0.5,1.0
0.0,0.0,0.20754716981132076,0.0,0.8194127243066884,0.5,1.0
1.0,1.0,0.45283018867924524,1.0,0.6248623572593801,0.5,0.0
1.0,1.0,0.13207547169811323,0.5,0.3137438825448613,0.0,0.0
0.0,0.0,0.5660377358490567,0.5,0.3713601141924959,0.5,0.5
1.0,1.0,0.05660377358490565,0.5,0.2881270391517129,0.5,0.0
1.0,1.0,0.09433962264150941,0.5,0.1293790783034258,0.0,0.0
0.0,0.0,0.8490566037735849,1.0,0.5241231647634584,0.5,0.0
0.0,1.0,0.5283018867924527,1.0,0.4536704730831974,0.5,1.0
0.0,0.0,0.20754716981132076,0.0,0.49459624796084833,0.5,0.0
0.0,0.0,0.18867924528301888,0.0,0.2306127650897227,0.0,0.0
1.0,1.0,0.09433962264150941,0.5,0.3479914355628059,0.5,1.0
0.0,0.0,0.6037735849056605,0.5,0.40283951876019575,0.5,0.0
0.0,0.0,0.5471698113207546,0.5,0.48181076672104406,0.5,1.0
0.0,0.0,0.32075471698113206,0.5,0.5060053017944536,0.5,0.0
0.0,0.0,0.9433962264150944,1.0,0.7306229608482872,0.5,1.0
0.0,1.0,0.18867924528301888,0.5,0.3138152528548124,0.5,0.5
0.0,0.0,0.7735849056603774,1.0,0.42989396411092984,0.5,0.0
0.0,0.0,0.7358490566037736,1.0,0.23677100326264275,0.0,0.0
0.0,1.0,0.2830188679245283,0.5,0.38240212071778146,0.5,1.0
0.0,0.0,0.4716981132075471,0.5,0.4958860114192496,0.5,0.0
0.0,0.0,0.32075471698113206,0.5,0.3375305872756933,0.5,0.0
0.0,0.0,0.2641509433962264,0.0,0.17097267536704733,0.0,0.0
0.0,0.0,0.5094339622641508,0.5,0.8384278140293637,0.5,0.5
0.0,1.0,0.2830188679245283,0.5,0.41398348287112563,0.5,1.0
1.0,1.0,0.4150943396226415,1.0,0.365788132137031,0.5,1.0
0.0,0.0,0.18867924528301888,0.0,0.40067801794453506,0.5,0.0
1.0,1.0,0.20754716981132076,0.5,0.47105424143556285,0.5,1.0
0.0,0.0,0.15094339622641512,0.0,0.47281810766721044,0.5,1.0
0.0,0.0,0.169811320754717,0.0,0.7235165171288744,0.5,0.5
0.0,1.0,0.18867924528301888,0.5,0.3588397226753671,0.5,0.0
1.0,1.0,0.32075471698113206,0.5,0.42106443719412723,0.5,1.0
0.0,0.0,0.2641509433962264,0.0,0.5283696982055465,0.0,0.0
0.0,0.0,0.13207547169811323,0.0,0.18009278140293636,0.0,0.0
1.0,1.0,0.037735849056603765,0.5,0.4870411908646004,0.5,1.0
1.0,1.0,0.169811320754717,0.5,0.3860878874388255,0.5,1.0
0.0,0.0,0.45283018867924524,0.5,0.4570248776508973,0.5,1.0
0.0,0.0,0.3584905660377358,0.5,0.6362663132137031,0.5,1.0
1.0,1.0,0.11320754716981135,0.5,0.288876427406199,0.5,0.0
1.0,1.0,0.4150943396226415,1.0,0.8354353588907015,0.5,1.0
0.0,0.0,0.5283018867924527,0.5,0.46776101141924964,0.5,1.0
0.0,0.0,0.15094339622641512,0.0,0.36539559543230016,0.5,1.0
1.0,1.0,0.11320754716981135,0.5,0.29974000815660684,0.5,1.0
0.0,0.0,0.20754716981132076,0.0,0.26389681892332795,0.0,1.0
1.0,1.0,0.4150943396226415,1.0,0.6390803425774878,0.5,0.5
0.0,0.0,0.33962264150943394,0.5,0.5174857259380098,1.0,1.0
0.0,0.0,0.18867924528301888,0.0,0.41300978792822185,0.5,0.5
0.0,0.0,0.169811320754717,0.0,0.45553629690048947,1.0,0.5
0.0,0.0,0.33962264150943394,0.5,0.599556484502447,0.5,0.0
0.0,0.0,0.3773584905660377,0.5,0.8130913539967374,1.0,1.0
0.0,1.0,0.5660377358490567,1.0,0.788035277324633,0.5,0.0
0.0,0.0,0.33962264150943394,0.5,0.42222675367047313,0.5,0.5
0.0,1.0,0.4716981132075471,1.0,0.5581209216965742,0.5,0.5
1.0,1.0,0.6603773584905661,1.0,0.4138101549755302,0.5,0.5
0.0,0.0,0.3018867924528302,0.5,0.44561072593800977,0.5,0.5
0.0,0.0,0.3018867924528302,0.5,0.7380964518760196,1.0,1.0
0.0,0.0,0.4150943396226415,0.5,0.6687754893964111,0.5,0.0
0.0,0.0,0.4716981132075471,0.5,0.5705189641109298,1.0,1.0
0.0,0.0,0.5283018867924527,0.5,0.3997858890701469,0.5,0.5
0.0,0.0,0.3773584905660377,0.5,0.2310511827079935,0.0,0.0
0.0,0.0,0.3018867924528302,0.5,0.5912061582381729,0.5,1.0
0.0,0.0,0.20754716981132076,0.0,0.2983482871125611,0.5,1.0
0.0,0.0,0.24528301886792453,0.0,0.8400744290375204,1.0,1.0
1.0,1.0,0.18867924528301888,0.5,0.5537112561174552,1.0,0.5
1.0,1.0,0.32075471698113206,0.5,0.586077691680261,0.5,0.0
1.0,1.0,0.2830188679245283,0.5,0.24761419249592168,0.0,0.0
0.0,0.0,0.45283018867924524,0.5,0.4972522430668842,0.5,1.0
0.0,0.0,0.4716981132075471,0.5,0.4265395595432301,0.5,1.0
0.0,1.0,0.490566037735849,1.0,0.4883105628058728,0.5,0.0
0.0,0.0,0.45283018867924524,0.5,0.8067495921696575,0.5,1.0
0.0,1.0,0.4150943396226415,0.5,0.36932096247960855,0.5,0.5
0.0,0.0,0.33962264150943394,0.5,0.4850887030995106,1.0,0.5
0.0,0.0,0.037735849056603765,0.0,0.4116537520391518,1.0,1.0
0.0,0.0,0.11320754716981135,0.0,0.25202895595432295,0.0,0.0
0.0,1.0,0.169811320754717,0.5,0.4761164355628059,0.5,0.0
1.0,1.0,0.5283018867924527,1.0,0.36938723491027736,0.0,0.0
1.0,1.0,0.2830188679245283,0.5,0.3428782626427407,0.0,0.0
1.0,1.0,0.3018867924528302,0.5,0.5156148042414356,0.5,0.5
1.0,1.0,0.13207547169811323,0.5,0.3857565252854812,0.0,0.0
1.0,1.0,0.13207547169811323,0.5,0.4532932300163133,0.5,0.5
0.0,1.0,0.18867924528301888,0.5,0.5639834828711257,0.5,1.0
0.0,0.0,0.24528301886792453,0.0,0.40397124796084827,0.5,0.0
0.0,0.0,0.2641509433962264,0.0,0.46154159869494293,0.5,0.0
0.0,1.0,0.2830188679245283,0.5,0.4572950652528548,0.5,1.0
0.0,0.0,0.3962264150943396,0.5,0.5984451468189234,1.0,1.0
1.0,1.0,0.18867924528301888,0.5,0.36215844208809134,0.5,0.5
1.0,1.0,0.07547169811320753,0.5,0.3156861745513866,0.5,1.0
0.0,0.0,0.22641509433962265,0.0,0.3890650489396411,0.5,0.5
0.0,1.0,0.6981132075471699,1.0,0.6988019983686786,0.5,0.0
0.0,0.0,0.5283018867924527,0.5,0.34438723491027734,0.5,0.5
1.0,1.0,0.05660377358490565,0.5,0.29610522022838504,0.5,1.0
0.0,0.0,0.3962264150943396,0.5,0.7857412316476347,0.5,1.0
0.0,0.0,0.7547169811320755,1.0,0.450443515497553,0.5,0.0
0.0,0.0,0.4716981132075471,0.5,0.21091455954323,0.0,0.0
0.0,0.0,0.11320754716981135,0.0,0.1533696982055465,0.0,0.0
1.0,1.0,0.07547169811320753,0.5,0.3764477977161501,0.5,0.0
0.0,0.0,0.22641509433962265,0.0,0.3051080750407831,0.5,1.0
0.0,0.0,0.45283018867924524,0.5,0.4571982055464927,0.5,1.0
1.0,1.0,0.09433962264150941,0.5,0.3262132952691681,0.5,0.0
0.0,0.0,0.22641509433962265,0.0,0.6067597879282219,1.0,0.5
1.0,1.0,0.18867924528301888,0.5,0.2485216150081566,0.0,0.0
0.0,1.0,0.22641509433962265,0.5,0.5606035889070147,1.0,0.0
0.0,0.0,0.45283018867924524,0.5,0.6476192903752039,0.5,0.5
0.0,0.0,0.5283018867924527,0.5,0.7980577079934748,1.0,1.0
0.0,0.0,0.5094339622641508,0.5,0.6317546900489397,1.0,1.0
0.0,0.0,0.24528301886792453,0.0,0.17199734910277323,0.0,0.0
0.0,0.0,0.24528301886792453,0.0,0.2947389885807504,0.5,1.0
0.0,0.0,0.45283018867924524,0.5,0.2122756933115824,0.0,0.0
1.0,1.0,0.5283018867924527,1.0,0.43673022022838504,0.5,0.0
1.0,1.0,0.22641509433962265,0.5,0.873929445350734,0.5,0.0
0.0,0.0,0.22641509433962265,0.0,0.5467475530179445,0.5,1.0
0.0,0.0,0.3773584905660377,0.5,0.5705954323001632,1.0,0.5
0.0,1.0,0.4716981132075471,1.0,0.23577691680261012,0.0,0.0
0.0,0.0,0.24528301886792453,0.0,0.49530485318107675,0.5,0.5
0.0,1.0,0.4150943396226415,0.5,0.21719004893964108,0.0,0.0
0.0,0.0,0.11320754716981135,0.0,0.32577997553017946,0.5,1.0
1.0,1.0,0.18867924528301888,0.5,0.6580495513866232,0.5,0.0
1.0,1.0,0.15094339622641512,0.5,0.9551029771615009,1.0,0.5
1.0,1.0,0.20754716981132076,0.5,0.3699429037520392,0.5,1.0
1.0,1.0,0.7358490566037736,1.0,0.8108176998368679,1.0,0.5
0.0,0.0,0.5849056603773586,0.5,0.4402222675367048,0.0,0.0
0.0,0.0,0.3584905660377358,0.5,0.22309339314845025,0.0,0.0
0.0,0.0,0.5094339622641508,0.5,0.34932198205546494,0.0,0.0
0.0,0.0,0.22641509433962265,0.0,0.5101039967373573,0.5,1.0
0.0,1.0,0.22641509433962265,0.5,0.3459777732463295,0.5,0.5
0.0,1.0,0.5471698113207546,1.0,0.4909920473083198,0.5,0.5
0.0,0.0,0.20754716981132076,0.0,0.41517128874388254,0.5,1.0
0.0,0.0,0.32075471698113206,0.5,0.5204934747145188,0.5,0.0
0.0,1.0,0.07547169811320753,0.5,0.14345432300163133,0.0,0.0
1.0,1.0,0.15094339622641512,0.5,0.3949174143556281,0.5,1.0
0.0,0.0,0.09433962264150941,0.0,0.3706566068515498,0.0,0.0
1.0,1.0,0.679245283018868,1.0,0.7065252854812398,1.0,1.0
0.0,1.0,0.20754716981132076,0.5,0.6074581973898858,0.5,1.0
0.0,0.0,0.4150943396226415,0.5,0.3257086052202284,0.0,0.0
0.0,0.0,0.07547169811320753,0.0,0.401468189233279,0.5,1.0
0.0,0.0,0.4716981132075471,0.5,0.506948409461664,0.0,0.0
1.0,1.0,0.20754716981132076,0.5,0.02981239804241434,0.0,0.0
0.0,0.0,0.33962264150943394,0.5,0.6267179853181077,0.5,0.5
1.0,1.0,0.2830188679245283,0.5,0.4321166394779772,0.5,0.0
1.0,1.0,0.7358490566037736,1.0,0.5292057504078304,0.0,0.0
0.0,0.0,0.45283018867924524,0.5,0.45866639477977167,0.5,1.0
0.0,0.0,0.5471698113207546,0.5,0.2856137846655791,0.0,0.0
0.0,1.0,0.13207547169811323,0.5,0.4170524061990213,0.5,1.0
0.0,0.0,0.5849056603773586,0.5,0.7787622349102774,0.5,0.5
0.0,0.0,0.2830188679245283,0.5,0.6474051794453508,1.0,1.0
1.0,1.0,0.18867924528301888,0.5,0.7298073001631322,1.0,1.0
0.0,0.0,0.15094339622641512,0.0,0.6316629282218598,0.5,0.5
0.0,0.0,0.22641509433962265,0.0,0.19152222675367045,0.0,0.0
1.0,1.0,0.13207547169811323,0.5,0.33116843393148454,0.5,1.0
0.0,1.0,0.2830188679245283,0.5,0.6725683115823817,0.5,0.5
0.0,0.0,0.20754716981132076,0.0,0.7160481239804242,1.0,0.5
0.0,0.0,0.5660377358490567,0.5,0.2966557911908646,0.0,0.0
0.0,0.0,0.3584905660377358,0.5,0.2952079934747145,0.0,0.0
0.0,0.0,0.3018867924528302,0.5,0.2541445758564437,0.0,0.0
0.0,1.0,0.09433962264150941,0.5,0.17416904567699834,0.0,0.0
0.0,0.0,0.22641509433962265,0.0,0.5918943719412725,1.0,1.0
0.0,0.0,0.6037735849056605,0.5,0.4435053017944536,0.5,0.5
1.0,1.0,0.24528301886792453,0.5,0.2174602365415987,0.0,0.0
0.0,1.0,0.4150943396226415,0.5,0.6431841353996738,1.0,0.5
0.0,0.0,0.3773584905660377,0.5,0.31708809135399674,0.5,1.0
0.0,0.0,0.09433962264150941,0.0,0.3070350734094617,0.5,0.0
0.0,0.0,0.169811320754717,0.0,0.5716557911908646,0.5,0.5
1.0,1.0,0.8490566037735849,1.0,0.5047971044045677,0.5,0.5
0.0,0.0,0.9056603773584906,1.0,0.6206362153344209,1.0,1.0
0.0,1.0,0.4716981132075471,1.0,0.8559645187601959,1.0,0.5
0.0,0.0,0.7924528301886793,1.0,0.5140650489396411,0.5,0.5
0.0,1.0,0.8301886792452831,1.0,0.7060817699836868,0.5,0.5
1.0,1.0,0.7547169811320755,1.0,0.4632850734094617,0.5,0.5
1.0,1.0,0.4716981132075471,1.0,0.6693872349102774,1.0,1.0
0.0,0.0,0.8679245283018868,1.0,0.4397532626427406,0.5,1.0
1.0,1.0,0.5283018867924527,1.0,0.7996839314845025,1.0,0.5
0.0,1.0,0.7358490566037736,1.0,0.5524316884176182,0.5,1.0
0.0,1.0,0.6226415094339623,1.0,0.4985267128874389,0.5,0.5
0.0,0.0,0.8679245283018868,1.0,0.48256525285481244,0.5,1.0
0.0,0.0,0.9433962264150944,1.0,0.5091404975530179,0.5,0.5
1.0,1.0,0.6981132075471699,1.0,0.6931688417618271,1.0,1.0
0.0,1.0,0.490566037735849,1.0,0.5652732463295269,0.5,0.5
1.0,1.0,0.8867924528301887,1.0,0.5422155383360522,0.0,0.5
1.0,1.0,0.7169811320754718,1.0,0.7541445758564438,0.5,0.5
1.0,1.0,0.45283018867924524,1.0,0.9320554649265906,1.0,1.0
0.0,0.0,0.7924528301886793,1.0,0.6650999184339316,1.0,0.5
0.0,0.0,0.8490566037735849,1.0,0.4790273246329527,0.5,0.5
1.0,1.0,0.5283018867924527,1.0,0.636449836867863,0.5,1.0
0.0,0.0,0.8867924528301887,1.0,0.7277681484502447,0.5,1.0
0.0,1.0,0.679245283018868,1.0,0.5790069331158239,0.5,1.0
0.0,1.0,0.5849056603773586,1.0,0.4528242251223491,0.5,1.0
1.0,1.0,0.8679245283018868,1.0,0.6005964518760196,0.5,1.0
1.0,1.0,0.7358490566037736,1.0,0.6078201468189234,0.5,1.0
1.0,1.0,0.45283018867924524,1.0,0.8351447797716149,0.5,1.0
0.0,0.0,0.8301886792452831,1.0,0.4531555872756934,0.5,1.0
1.0,1.0,0.43396226415094336,1.0,0.4685970636215334,0.5,1.0
1.0,1.0,0.6226415094339623,1.0,0.620733075040783,1.0,0.5
1.0,1.0,0.3773584905660377,1.0,0.5082687601957586,0.5,1.0
1.0,1.0,0.7169811320754718,1.0,0.6649265905383361,1.0,1.0
1.0,1.0,0.4716981132075471,1.0,0.5680413947797717,0.5,0.5
1.0,1.0,0.5660377358490567,1.0,0.6386827079934747,0.5,0.5
0.0,0.0,0.8113207547169812,1.0,0.5278752039151713,0.5,0.5
0.0,1.0,0.5660377358490567,1.0,0.9070962479608484,1.0,1.0
0.0,0.0,0.9433962264150944,1.0,0.4591710848287113,0.5,1.0
1.0,1.0,0.8301886792452831,1.0,0.6530791190864601,0.5,0.5
1.0,1.0,0.7169811320754718,1.0,0.7011929037520391,1.0,1.0
1.0,1.0,0.6603773584905661,1.0,0.4639834828711257,0.5,0.5
1.0,1.0,0.7924528301886793,1.0,0.7816782218597064,0.5,0.5
1.0,1.0,0.5471698113207546,1.0,0.6417312398042415,0.5,0.5
0.0,0.0,0.8679245283018868,1.0,0.7588091353996738,0.5,0.5
0.0,1.0,0.9056603773584906,1.0,0.5948970228384992,0.5,0.5
1.0,1.0,0.7924528301886793,1.0,0.8090334420880914,1.0,0.5
1.0,1.0,0.7358490566037736,1.0,0.4590691272430669,0.5,1.0
0.0,1.0,0.4716981132075471,1.0,0.6323817292006526,1.0,0.5
0.0,0.0,0.7358490566037736,1.0,0.6611286704730832,0.5,1.0
0.0,1.0,0.6226415094339623,1.0,0.580245717781403,0.5,0.5
1.0,1.0,0.8113207547169812,1.0,0.5009685970636215,0.5,0.5
0.0,0.0,0.8679245283018868,1.0,0.6298225938009788,1.0,1.0
0.0,1.0,0.43396226415094336,1.0,0.8648246329526916,1.0,0.5
0.0,0.0,0.7735849056603774,1.0,0.5112714110929854,0.5,0.5
0.0,1.0,0.7924528301886793,1.0,0.7164559543230017,0.5,0.5
1.0,1.0,0.7924528301886793,1.0,0.47124286296900497,0.5,0.5
1.0,1.0,0.5094339622641508,1.0,0.6789763458401306,1.0,1.0
0.0,0.0,0.8490566037735849,1.0,0.44063519575856447,0.5,1.0
1.0,1.0,0.5283018867924527,1.0,0.7989855220228386,1.0,0.5
0.0,1.0,0.6981132075471699,1.0,0.5605067292006526,0.5,1.0
0.0,1.0,0.6037735849056605,1.0,0.507463295269168,0.5,0.5
0.0,0.0,0.8490566037735849,1.0,0.4722522430668842,0.5,1.0
0.0,0.0,0.9245283018867925,1.0,0.5084369902120718,0.5,0.5
1.0,1.0,0.679245283018868,1.0,0.6872553017944535,1.0,1.0
0.0,0.0,1.0,1.0,0.7979608482871126,1.0,0.5
0.0,0.0,0.8301886792452831,1.0,0.6575448613376835,1.0,0.5
0.0,0.0,0.8867924528301887,1.0,0.4792312398042414,0.5,0.5
1.0,1.0,0.5660377358490567,1.0,0.6192546900489396,0.5,1.0
0.0,0.0,0.3773584905660377,0.5,0.23738784665579118,0.5,0.5
0.0,1.0,0.4150943396226415,0.5,0.3664253670473083,0.5,0.5
0.0,0.0,0.5849056603773586,0.5,0.4410379282218597,0.5,0.5
0.0,1.0,0.2641509433962264,0.5,0.6102569331158239,1.0,0.5
0.0,0.0,0.5094339622641508,0.5,0.46767944535073414,0.5,0.5
0.0,0.0,0.4150943396226415,0.5,0.602564233278956,1.0,0.5
0.0,0.0,0.9056603773584906,1.0,0.6581311174551387,1.0,1.0
0.0,0.0,0.3773584905660377,0.5,0.4443872349102773,0.5,1.0
0.0,1.0,0.037735849056603765,0.5,0.2741282626427406,0.5,0.5
0.0,0.0,0.5660377358490567,0.5,0.4174602365415987,0.5,0.5
0.0,1.0,0.5283018867924527,1.0,0.6783849918433932,1.0,0.5
0.0,0.0,0.2641509433962264,0.5,0.518678629690049,1.0,1.0
0.0,0.0,0.679245283018868,0.5,0.3845942088091354,0.5,0.5
0.0,1.0,0.11320754716981135,0.5,0.2978028140293638,1.0,1.0
0.0,1.0,0.169811320754717,0.5,0.7397430668841762,1.0,0.5
0.0,0.0,0.7358490566037736,0.5,0.45473083197389885,0.5,1.0
0.0,0.0,0.3773584905660377,0.5,0.520896207177814,1.0,0.5
0.0,0.0,0.4150943396226415,0.5,0.555760603588907,0.5,0.5
0.0,1.0,0.037735849056603765,0.5,0.36418230016313213,0.5,1.0
0.0,0.0,0.33962264150943394,0.5,0.39545778955954325,1.0,1.0
0.0,0.0,0.5471698113207546,0.5,0.5174653344208809,0.5,1.0
0.0,0.0,0.8679245283018868,1.0,0.4551743474714519,0.0,1.0
0.0,0.0,0.45283018867924524,0.5,0.631693515497553,1.0,1.0
0.0,0.0,0.490566037735849,0.5,0.7413845840130506,1.0,1.0
0.0,1.0,0.22641509433962265,0.5,0.2786908646003262,1.0,1.0
0.0,0.0,0.3584905660377358,0.5,0.34105322185970643,0.5,0.5
0.0,0.0,0.45283018867924524,0.5,0.5080597471451876,0.5,1.0
0.0,1.0,0.8301886792452831,1.0,0.6790986949429038,0.5,0.5
0.0,0.0,0.5849056603773586,0.5,0.7275540375203915,0.5,1.0
0.0,0.0,0.6415094339622642,0.5,0.6315456769983687,0.5,1.0
0.0,1.0,0.33962264150943394,0.5,0.6845738172920065,1.0,0.5
0.0,0.0,0.5849056603773586,0.5,0.5508462479608484,0.0,0.5
0.0,0.0,0.45283018867924524,0.5,0.4808931484502448,1.0,1.0
0.0,0.0,0.3773584905660377,0.5,0.4009176182707994,0.5,0.5
0.0,0.0,0.6037735849056605,0.5,0.4603945758564437,0.5,0.5
0.0,1.0,0.3018867924528302,0.5,0.4782932300163132,1.0,1.0
0.0,0.0,0.4716981132075471,0.5,0.4454017128874389,0.5,1.0
0.0,0.0,0.4150943396226415,0.5,0.6356647634584013,0.5,0.5
0.0,0.0,0.7169811320754718,1.0,0.4642842577487766,0.5,0.5
0.0,0.0,0.43396226415094336,0.5,0.5513968189233279,1.0,1.0
0.0,1.0,0.22641509433962265,0.5,0.44700754486133776,1.0,1.0
0.0,1.0,0.18867924528301888,0.5,0.47523960032626433,0.5,1.0
0.0,0.0,0.8679245283018868,1.0,0.5122349102773247,0.0,1.0
0.0,0.0,0.9245283018867925,1.0,0.3907728384991843,0.5,1.0
0.0,0.0,0.3584905660377358,0.5,0.5942546900489397,1.0,0.5
0.0,0.0,0.24528301886792453,0.5,0.620009176182708,1.0,0.5
0.0,0.0,0.2641509433962264,0.5,0.5456668026101142,1.0,1.0
0.0,1.0,0.6415094339622642,1.0,0.5169198613376835,0.5,1.0
0.0,1.0,0.24528301886792453,0.5,0.34958197389885814,0.5,0.5
0.0,0.0,0.33962264150943394,0.5,0.558487969004894,1.0,0.5
0.0,1.0,0.2641509433962264,0.5,0.5642689641109299,1.0,0.5
0.0,0.0,0.6226415094339623,0.5,0.4608227977161501,0.5,1.0
0.0,0.0,0.5471698113207546,0.5,0.3894524877650898,1.0,0.5
0.0,1.0,0.3018867924528302,0.5,0.3788387030995106,0.5,1.0
0.0,1.0,0.5283018867924527,1.0,0.5790528140293638,0.5,0.5
0.0,1.0,0.45283018867924524,0.5,0.7178527732463296,0.5,0.5
0.0,0.0,0.3962264150943396,0.5,0.28133666394779766,1.0,0.5
0.0,0.0,0.6037735849056605,0.5,0.6818260603588907,0.5,1.0
0.0,0.0,0.45283018867924524,0.5,0.5427865008156607,0.5,1.0
0.0,1.0,0.33962264150943394,0.5,0.48312601957585644,0.5,0.5
0.0,1.0,0.0,0.5,0.32198205546492664,0.5,0.5
0.0,0.0,0.32075471698113206,0.5,0.7447695758564438,1.0,1.0
0.0,0.0,0.3773584905660377,0.5,0.5966150081566068,0.5,1.0
0.0,0.0,0.3962264150943396,0.5,0.5098134176182708,1.0,1.0
0.0,1.0,0.11320754716981135,0.5,0.438035277324633,0.0,1.0
0.0,0.0,0.43396226415094336,0.5,0.7465436378466558,0.5,0.5
0.0,0.0,0.33962264150943394,0.5,0.577120717781403,1.0,1.0
0.0,0.0,0.3584905660377358,0.5,0.6034053833605221,1.0,1.0
0.0,1.0,0.5094339622641508,1.0,0.5072389885807504,0.5,0.5
0.0,0.0,0.43396226415094336,0.5,0.501468189233279,1.0,1.0
0.0,0.0,0.33962264150943394,0.5,0.7205291598694943,1.0,1.0
0.0,0.0,0.3773584905660377,0.5,0.4085032626427406,0.0,1.0
0.0,0.0,0.3773584905660377,0.5,0.5150846247960849,0.0,0.5
0.0,1.0,0.6603773584905661,1.0,0.6307453099510604,1.0,1.0
0.0,0.0,0.32075471698113206,0.5,0.3978690864600326,0.5,1.0
0.0,0.0,0.5660377358490567,0.5,0.6901050163132137,1.0,1.0
0.0,0.0,0.33962264150943394,0.5,0.33823409461663956,0.5,1.0
0.0,1.0,0.07547169811320753,0.5,0.412989396411093,1.0,0.5
0.0,0.0,0.32075471698113206,0.5,0.5302406199021208,1.0,1.0
0.0,0.0,0.45283018867924524,0.5,0.6147991435562806,0.0,0.5
0.0,0.0,0.3962264150943396,0.5,0.40938519575856447,0.0,0.5
0.0,0.0,0.24528301886792453,0.5,0.5467424551386624,0.5,0.5
0.0,0.0,0.2830188679245283,0.5,0.6119392332789559,1.0,1.0
0.0,1.0,0.24528301886792453,0.5,0.36241843393148454,0.0,0.5
0.0,0.0,0.45283018867924524,0.5,0.3379944942903752,0.5,0.5
0.0,0.0,0.8113207547169812,1.0,0.5576825040783034,0.0,0.5
0.0,0.0,0.3773584905660377,0.5,0.6304445350734095,1.0,1.0
0.0,0.0,0.2830188679245283,0.5,0.31946370309951067,0.0,0.5
0.0,0.0,0.5660377358490567,0.5,0.6315354812398043,0.5,1.0
0.0,0.0,0.24528301886792453,0.5,0.43851957585644374,0.0,0.5
0.0,0.0,0.6415094339622642,0.5,0.5375152936378467,1.0,1.0
0.0,1.0,0.169811320754717,0.5,0.4454577895595433,0.5,1.0
0.0,0.0,0.4150943396226415,0.5,0.5500152936378467,1.0,0.5
0.0,0.0,0.3018867924528302,0.5,0.3910379282218598,0.0,0.5
0.0,1.0,0.15094339622641512,0.5,0.31657830342577487,1.0,1.0
0.0,0.0,0.22641509433962265,0.5,0.6024214926590539,0.0,0.5
0.0,0.0,0.6603773584905661,0.5,0.7205699429037521,0.5,0.5
0.0,0.0,0.5094339622641508,0.5,0.47012642740619903,0.5,1.0
0.0,0.0,0.2641509433962264,0.5,0.40163641924959215,1.0,0.5
0.0,0.0,0.32075471698113206,0.5,0.7493372756933117,1.0,1.0
0.0,1.0,0.15094339622641512,0.5,0.720753466557912,0.5,1.0
0.0,0.0,0.22641509433962265,0.5,0.38283544045677,0.5,0.5
0.0,0.0,0.3584905660377358,0.5,0.387382748776509,0.5,0.5
0.0,0.0,0.2641509433962264,0.5,0.313387030995106,1.0,0.5
0.0,1.0,0.4150943396226415,0.5,0.6188774469820555,0.5,0.5
0.0,0.0,0.490566037735849,0.5,0.4642842577487766,0.0,1.0
0.0,0.0,0.4716981132075471,0.5,0.49658951876019575,0.5,1.0
0.0,0.0,0.6226415094339623,0.5,0.3895697389885808,0.5,0.5
0.0,0.0,0.3584905660377358,0.5,0.34929139477977167,0.0,0.5
0.0,0.0,0.2830188679245283,0.5,0.5892587683523655,0.5,1.0
0.0,1.0,0.2641509433962264,0.5,0.7251682300163133,1.0,0.5
0.0,0.0,0.32075471698113206,0.5,0.3790222267536705,0.0,1.0
0.0,1.0,0.22641509433962265,0.5,0.3934543230016313,0.5,0.5
0.0,1.0,0.32075471698113206,0.5,0.6053884584013051,1.0,1.0
0.0,0.0,0.4150943396226415,0.5,0.5550163132137031,1.0,0.5
0.0,0.0,0.3584905660377358,0.5,0.5393556280587276,1.0,1.0
0.0,0.0,0.3584905660377358,0.5,0.35289049755301793,0.5,1.0
0.0,0.0,0.3584905660377358,0.5,0.4525132544861338,0.5,1.0
0.0,0.0,0.6603773584905661,0.5,0.6338295269168026,1.0,0.5
0.0,0.0,0.3018867924528302,0.5,0.5909563621533442,1.0,0.5
0.0,0.0,0.6226415094339623,0.5,0.6103130097879282,0.5,0.5
0.0,1.0,0.15094339622641512,0.5,0.30155995106035893,0.5,1.0
0.0,0.0,0.3018867924528302,0.5,0.7135399673735726,0.0,0.5
0.0,0.0,0.6226415094339623,0.5,0.4609196574225123,1.0,0.5
0.0,0.0,0.2830188679245283,0.5,0.41001733278955954,0.5,1.0
0.0,1.0,0.2641509433962264,0.5,0.4178425774877651,0.0,1.0
0.0,0.0,0.3962264150943396,0.5,0.40543943719412723,0.5,0.5
0.0,0.0,0.6603773584905661,0.5,0.6792618270799348,0.5,0.5
0.0,0.0,0.3018867924528302,0.5,0.31424347471451874,1.0,1.0
0.0,0.0,0.3584905660377358,0.5,0.5327742659053833,0.5,1.0
0.0,1.0,0.18867924528301888,0.5,0.4010552610114193,0.5,0.5
0.0,1.0,0.13207547169811323,0.5,0.342093189233279,0.5,1.0
0.0,0.0,0.33962264150943394,0.5,0.5910940048939641,1.0,1.0
0.0,1.0,0.33962264150943394,0.5,0.4450499592169658,0.5,1.0
0.0,0.0,0.32075471698113206,0.5,0.4233635807504078,0.5,1.0
0.0,1.0,0.05660377358490565,0.5,0.626279567699837,0.5,0.5
0.0,1.0,0.20754716981132076,0.5,0.36542618270799354,0.5,1.0
0.0,0.0,0.7924528301886793,1.0,0.8057045269168026,0.5,0.5
0.0,0.0,0.5094339622641508,0.5,0.5057657014681892,0.5,0.5
0.0,1.0,0.7169811320754718,1.0,0.37075346655791197,0.0,0.5
0.0,1.0,0.22641509433962265,0.5,0.4343699021207178,0.5,1.0
0.0,0.0,0.6415094339622642,0.5,0.5919402528548124,1.0,1.0
0.0,1.0,0.15094339622641512,0.5,0.4230628058727569,0.5,0.5
0.0,0.0,0.4716981132075471,0.5,0.43681178629690054,0.5,0.5
0.0,0.0,0.3018867924528302,0.5,0.3963091353996737,0.5,0.5
0.0,1.0,0.07547169811320753,0.5,0.48602161500815666,0.5,1.0
0.0,0.0,0.45283018867924524,0.5,0.28852977161500815,0.0,0.5
0.0,0.0,0.3773584905660377,0.5,0.4522940456769984,0.0,0.5
0.0,1.0,0.20754716981132076,0.5,0.40862561174551393,0.5,1.0
0.0,0.0,0.490566037735849,0.5,0.364340334420881,0.5,1.0
0.0,1.0,0.20754716981132076,0.5,0.34632442903752036,1.0,0.5
0.0,0.0,0.490566037735849,0.5,0.5386470228384992,0.5,1.0
0.0,0.0,0.3773584905660377,0.5,0.6041343800978793,0.5,1.0
0.0,1.0,0.15094339622641512,0.5,0.3901763866231648,0.0,0.5
0.0,0.0,0.6603773584905661,0.5,0.6237816068515498,0.5,0.5
0.0,0.0,0.4716981132075471,0.5,0.5500713703099511,0.5,0.5
0.0,0.0,0.2830188679245283,0.5,0.438713295269168,0.5,0.5
0.0,0.0,0.6415094339622642,0.5,0.46786806688417626,0.0,0.5
0.0,1.0,0.15094339622641512,0.5,0.29984706362153346,0.0,1.0
0.0,0.0,0.3773584905660377,0.5,0.712030995106036,1.0,0.5
0.0,0.0,0.5471698113207546,0.5,0.66100632137031,0.5,1.0
0.0,1.0,0.15094339622641512,0.5,0.4310613784665579,0.5,0.5
0.0,1.0,0.33962264150943394,0.5,0.6602161500815661,0.5,0.5
0.0,0.0,0.33962264150943394,0.5,0.42807911908646,0.5,0.5
0.0,0.0,0.7358490566037736,1.0,0.6041598694942905,1.0,0.5
0.0,1.0,0.24528301886792453,0.5,0.3590640293637847,1.0,1.0
0.0,0.0,0.5094339622641508,0.5,0.5113019983686786,0.5,0.5
0.0,0.0,0.4150943396226415,0.5,0.5917720228384992,1.0,0.5
0.0,1.0,0.05660377358490565,0.5,0.4365874796084829,0.5,0.5
0.0,0.0,0.5283018867924527,0.5,0.4655128466557912,0.5,1.0
0.0,0.0,0.32075471698113206,0.5,0.4565405791190865,0.5,1.0
0.0,1.0,0.24528301886792453,0.5,0.5284359706362154,0.0,1.0
0.0,0.0,0.6226415094339623,0.5,0.4545167210440457,0.5,1.0
0.0,1.0,0.05660377358490565,0.5,0.3346196982055465,1.0,0.5
0.0,0.0,0.5660377358490567,0.5,0.6111133768352366,0.5,0.5
0.0,0.0,0.5660377358490567,0.5,0.5429904159869494,0.5,1.0
0.0,0.0,0.9433962264150944,1.0,0.5752599918433932,0.0,0.5
0.0,1.0,0.5094339622641508,1.0,0.41115415986949433,0.5,1.0
0.0,0.0,0.32075471698113206,0.5,0.5832228792822186,1.0,1.0
0.0,1.0,0.07547169811320753,0.5,0.32851243882544867,0.5,1.0
0.0,0.0,0.490566037735849,0.5,0.44076264274061994,0.0,0.5
0.0,0.0,0.6415094339622642,0.5,0.6289967373572594,0.5,0.5
0.0,0.0,0.5660377358490567,0.5,0.48047512234910283,0.5,1.0
0.0,0.0,0.2830188679245283,0.5,0.5287265497553019,0.5,1.0
0.0,1.0,0.32075471698113206,0.5,0.44383666394779775,0.5,0.5
0.0,1.0,0.8679245283018868,1.0,0.6052049347471452,0.5,0.5
0.0,0.0,0.7547169811320755,0.5,0.5785226345840131,0.0,1.0
0.0,1.0,0.11320754716981135,0.5,0.41939743066884183,0.0,1.0
0.0,0.0,0.4150943396226415,0.5,0.4078252446982056,0.0,1.0
0.0,0.0,0.5849056603773586,0.5,0.4217934339314845,1.0,1.0
0.0,0.0,0.24528301886792453,0.5,0.5254588091353997,0.5,1.0
0.0,0.0,0.5283018867924527,0.5,0.31957585644371944,0.5,1.0
0.0,0.0,0.5283018867924527,0.5,0.3606443719412724,0.5,0.5
0.0,0.0,0.5849056603773586,0.5,0.43719412724306694,0.5,0.5
0.0,0.0,0.20754716981132076,0.5,0.5086307096247961,0.0,0.5
0.0,0.0,0.3584905660377358,0.5,0.401305057096248,0.5,1.0
0.0,0.0,0.2830188679245283,0.5,0.5888407422512235,1.0,0.5
0.0,0.0,1.0,1.0,0.6859451468189234,0.5,1.0
0.0,0.0,0.32075471698113206,0.5,0.42035073409461665,0.5,1.0
0.0,0.0,0.4150943396226415,0.5,0.37805872756933123,0.5,1.0
1.0,0.0,0.169811320754717,0.5,0.27947593800978787,0.0,0.0
1.0,0.0,0.8113207547169812,1.0,0.39487153344208814,0.0,0.0
1.0,1.0,0.20754716981132076,0.5,0.3275948205546493,0.5,0.5
1.0,0.0,0.2830188679245283,0.5,0.3754944942903752,0.5,0.0
1.0,0.0,0.7169811320754718,1.0,0.5281148042414356,0.0,0.0
1.0,1.0,0.169811320754717,0.5,0.4464671696574225,0.5,0.5
1.0,1.0,0.07547169811320753,0.5,0.5204577895595432,0.5,0.0
1.0,1.0,0.018867924528301883,0.5,0.3226294861337684,0.5,0.0
1.0,1.0,0.18867924528301888,0.5,0.28166802610114194,0.5,0.5
1.0,1.0,0.11320754716981135,0.5,0.3787979200652529,0.5,0.5
1.0,1.0,0.169811320754717,0.5,0.15909971451876018,0.0,0.0
1.0,1.0,0.22641509433962265,0.5,0.4662877243066884,0.5,0.5
1.0,0.0,0.15094339622641512,0.5,0.2483839722675367,0.0,0.0
1.0,1.0,0.15094339622641512,0.5,0.44893454323001636,0.5,0.0
1.0,1.0,0.09433962264150941,0.5,0.2981851549755302,0.5,0.5
1.0,1.0,0.18867924528301888,0.5,0.3070452691680261,0.5,0.0
1.0,1.0,0.169811320754717,0.5,0.3652783442088091,0.5,0.5
1.0,1.0,0.2641509433962264,0.5,0.31984604404567707,0.5,0.0
1.0,0.0,0.11320754716981135,0.5,0.3651610929853182,0.0,0.0
1.0,1.0,0.18867924528301888,0.5,0.4077130913539968,0.5,0.5
1.0,0.0,0.5660377358490567,1.0,0.42270085644371946,0.0,0.0
1.0,1.0,0.2641509433962264,0.5,0.5265089722675367,0.5,0.5
1.0,1.0,0.13207547169811323,0.5,0.2969157830342577,0.5,0.0
1.0,1.0,0.7358490566037736,1.0,0.1334115008156607,0.0,0.0
1.0,1.0,0.18867924528301888,0.5,0.4660991027732464,0.5,0.0
1.0,1.0,0.11320754716981135,0.5,0.4435868678629691,0.5,0.5
1.0,1.0,0.13207547169811323,0.5,0.13292720228384994,0.0,0.0
1.0,0.0,0.24528301886792453,0.5,0.27250713703099505,0.0,0.0
1.0,0.0,0.2830188679245283,0.5,0.3459624796084829,0.5,0.5
1.0,1.0,0.6037735849056605,1.0,0.5697950652528548,0.5,0.0
1.0,1.0,0.7547169811320755,1.0,0.5271054241435563,0.0,0.5
1.0,1.0,0.169811320754717,0.5,0.36755709624796085,0.0,0.0
1.0,1.0,0.5660377358490567,1.0,0.4098847879282219,0.0,0.0
1.0,1.0,0.07547169811320753,0.5,0.2556178629690049,0.0,0.0
1.0,1.0,0.4150943396226415,0.5,0.4494749184339315,0.0,0.0
1.0,1.0,0.2641509433962264,0.5,0.43635807504078306,0.5,0.0
1.0,0.0,0.13207547169811323,0.5,0.2926233686786297,0.0,0.0
1.0,1.0,0.169811320754717,0.5,0.16381015497553017,0.0,0.0
1.0,1.0,0.169811320754717,0.5,0.265951264274062,0.0,0.0
1.0,1.0,0.09433962264150941,0.5,0.4755301794453508,0.5,0.0
1.0,1.0,0.2641509433962264,0.5,0.37465334420880914,0.5,0.5
1.0,1.0,0.13207547169811323,0.5,0.3922971044045678,0.5,0.5
1.0,1.0,0.5283018867924527,1.0,0.5143913132137031,0.0,0.0
1.0,1.0,0.05660377358490565,0.5,0.36677712071778146,0.5,0.5
1.0,1.0,0.20754716981132076,0.5,0.34509584013050576,0.5,0.0
1.0,1.0,0.24528301886792453,0.5,0.2923073001631321,0.0,0.0
1.0,0.0,0.15094339622641512,0.5,0.36055770799347475,0.0,0.0
1.0,1.0,0.09433962264150941,0.5,0.3920065252854813,0.5,0.5
1.0,0.0,0.3773584905660377,0.5,0.3416751631321371,0.5,0.5
1.0,0.0,0.32075471698113206,0.5,0.2525948205546492,0.0,0.0
1.0,1.0,0.169811320754717,0.5,0.33100530179445353,0.5,0.5
1.0,1.0,0.07547169811320753,0.5,0.4874235318107667,0.5,0.5
1.0,1.0,0.6415094339622642,1.0,0.4453609298531811,0.5,0.0
1.0,1.0,0.018867924528301883,0.5,0.3246686378466558,0.5,0.5
1.0,1.0,0.09433962264150941,0.5,0.39264376019575864,0.5,0.0
1.0,0.0,0.45283018867924524,0.5,0.38069433115823825,0.5,0.0
1.0,1.0,0.169811320754717,0.5,0.35998164763458407,0.5,0.5
1.0,1.0,0.3962264150943396,1.0,0.27443413539967376,0.0,0.0
1.0,1.0,0.6037735849056605,1.0,0.4710491435562806,0.5,0.5
1.0,1.0,0.33962264150943394,0.5,0.4984859298531811,0.5,0.0
1.0,1.0,0.13207547169811323,0.5,0.40783544045677,0.5,0.5
1.0,1.0,0.169811320754717,0.5,0.15154975530179446,0.0,0.0
1.0,1.0,0.22641509433962265,0.5,0.42215538336052205,0.5,0.0
1.0,0.0,0.07547169811320753,0.5,0.14173633768352364,0.0,0.0
1.0,1.0,0.169811320754717,0.5,0.4425825856443719,0.5,0.5
1.0,0.0,0.24528301886792453,0.5,0.5479659461663948,1.0,0.5
1.0,1.0,0.20754716981132076,0.5,0.3248572593800979,0.5,0.0
1.0,0.0,0.3018867924528302,0.5,0.004730831973898841,0.0,0.0
1.0,0.0,0.2830188679245283,0.5,0.18404873572593802,0.0,0.0
1.0,1.0,0.15094339622641512,0.5,0.40347165579119093,0.5,0.0
1.0,1.0,0.33962264150943394,0.5,0.57024367862969,0.5,0.5
1.0,1.0,0.15094339622641512,0.5,0.09412724306688416,0.0,0.0
1.0,1.0,0.3962264150943396,0.5,0.22523450244698204,0.0,0.0
1.0,1.0,0.490566037735849,1.0,0.2143913132137031,0.0,0.0
1.0,1.0,0.5283018867924527,1.0,0.31956056280587275,0.0,0.0
1.0,1.0,0.24528301886792453,0.5,0.34247553017944543,0.0,0.0
1.0,0.0,0.15094339622641512,0.5,0.43609808319738996,0.5,0.0
1.0,1.0,0.07547169811320753,0.5,0.283069942903752,0.5,0.5
1.0,0.0,0.5660377358490567,1.0,0.3517587683523654,0.0,0.0
1.0,1.0,0.169811320754717,0.5,0.33328405383360526,0.5,0.0
1.0,0.0,0.22641509433962265,0.5,0.11406504893964112,0.0,0.0
1.0,1.0,0.169811320754717,0.5,0.4122960848287113,0.5,0.5
1.0,1.0,0.33962264150943394,0.5,0.36520697389885814,0.5,0.5
1.0,1.0,0.24528301886792453,0.5,0.4723847879282219,0.5,0.0
1.0,0.0,0.05660377358490565,0.5,0.4518556280587276,0.5,0.0
1.0,1.0,0.15094339622641512,0.5,0.3624082381729201,0.5,0.5
1.0,0.0,0.11320754716981135,0.5,0.3489957177814029,0.5,0.0
1.0,1.0,0.20754716981132076,0.5,0.3179649265905383,0.5,0.0
1.0,1.0,0.2641509433962264,0.5,0.4651254078303426,0.5,0.0
1.0,1.0,0.5094339622641508,1.0,0.25123878466557914,0.0,0.0
1.0,1.0,0.7547169811320755,1.0,0.3475785073409462,0.0,0.0
1.0,1.0,0.13207547169811323,0.5,0.27544351549755297,0.5,0.0
1.0,1.0,0.6603773584905661,1.0,0.3671951468189234,0.0,0.0
1.0,1.0,0.11320754716981135,0.5,0.44943923327895596,0.5,0.0
1.0,0.0,0.037735849056603765,0.5,0.2826162316476346,0.0,0.0
1.0,1.0,0.24528301886792453,0.5,0.42191068515497554,0.5,0.5
1.0,1.0,0.169811320754717,0.5,0.024337275693311566,0.0,0.0
1.0,1.0,0.33962264150943394,0.5,0.47650897226753675,0.0,0.0
1.0,1.0,0.13207547169811323,0.5,0.39399469820554656,0.5,0.0
1.0,0.0,0.43396226415094336,0.5,0.49601855628058733,0.5,0.0
1.0,1.0,0.22641509433962265,0.5,0.36217373572593803,0.5,0.5
1.0,1.0,0.2641509433962264,0.5,0.48449225122349104,0.5,0.5
1.0,1.0,0.20754716981132076,0.5,0.4577334828711256,0.0,0.0
1.0,0.0,0.169811320754717,0.5,0.21967271615008158,0.0,0.0
1.0,1.0,0.2641509433962264,0.5,0.4493831566068516,0.5,0.0
1.0,1.0,0.13207547169811323,0.5,0.2006117455138662,0.0,0.0
1.0,0.0,0.11320754716981135,0.5,0.3765344616639478,0.5,0.0
1.0,1.0,0.8490566037735849,1.0,0.25714212887438825,0.0,0.0
1.0,0.0,0.45283018867924524,1.0,0.39436174551386627,0.0,0.0
1.0,1.0,0.07547169811320753,0.5,0.3743984502446982,0.0,0.0
1.0,1.0,0.5283018867924527,1.0,0.5488223898858076,0.5,0.5
1.0,1.0,0.11320754716981135,0.5,0.324928629690049,0.5,0.5
1.0,0.0,0.22641509433962265,0.5,0.5283238172920065,0.5,0.5
1.0,1.0,0.490566037735849,1.0,0.37110012234910283,0.0,0.0
1.0,0.0,0.13207547169811323,0.5,0.35951774061990216,0.5,0.0
1.0,1.0,0.169811320754717,0.5,0.3115823817292006,0.5,0.0
1.0,1.0,0.169811320754717,0.5,0.5386929037520392,0.5,0.5
1.0,1.0,0.3018867924528302,0.5,0.38024061990212077,0.5,0.5
1.0,1.0,0.0,0.5,0.3156046084828711,0.5,0.5
1.0,1.0,0.13207547169811323,0.5,0.3249949021207178,0.5,0.5
1.0,1.0,0.05660377358490565,0.5,0.14205750407830345,0.0,0.0
1.0,1.0,0.15094339622641512,0.5,0.4121941272430669,0.5,0.5
1.0,1.0,0.169811320754717,0.5,0.487918026101142,1.0,0.5
1.0,0.0,0.13207547169811323,0.5,0.5109247553017945,0.5,0.5
1.0,1.0,0.22641509433962265,0.5,0.3281148042414356,0.5,0.5
1.0,1.0,0.13207547169811323,0.5,0.34782830342577487,0.5,0.5
1.0,1.0,0.4716981132075471,1.0,0.5192546900489396,0.5,0.0
1.0,1.0,0.32075471698113206,0.5,0.5193362561174552,0.5,0.5
1.0,0.0,0.32075471698113206,0.5,0.1677151305057096,0.0,0.0
1.0,1.0,0.15094339622641512,0.5,0.3563111745513866,0.5,0.0
1.0,0.0,0.20754716981132076,0.5,0.21536500815660684,0.0,0.0
1.0,1.0,0.07547169811320753,0.5,0.3823562398042415,0.0,0.0
1.0,0.0,0.15094339622641512,0.5,0.40629588091353996,0.5,0.5
1.0,1.0,0.33962264150943394,0.5,0.2900234502446982,0.0,0.0
1.0,1.0,0.32075471698113206,0.5,0.3654006933115824,0.5,0.5
1.0,1.0,0.18867924528301888,0.5,0.4125764681892333,0.5,0.5
1.0,1.0,0.11320754716981135,0.5,0.3308574632952692,0.5,0.0
1.0,1.0,0.3018867924528302,0.5,0.28966150081566067,0.0,0.0
1.0,1.0,0.13207547169811323,0.5,0.3627396003262643,0.5,0.0
1.0,1.0,0.679245283018868,1.0,0.08182096247960849,0.0,0.0
1.0,0.0,0.5283018867924527,1.0,0.35134074225122347,0.0,0.0
1.0,1.0,0.45283018867924524,0.5,0.07705444535073411,0.0,0.0
1.0,0.0,0.5094339622641508,1.0,0.464692088091354,0.0,0.0
1.0,0.0,0.5660377358490567,1.0,0.3792363376835237,0.0,0.0
1.0,0.0,0.05660377358490565,0.5,0.3301335644371941,0.0,0.0
1.0,1.0,0.24528301886792453,0.5,0.44568209624796085,0.5,0.0
1.0,0.0,0.32075471698113206,0.5,0.5194942903752039,0.5,0.5
1.0,1.0,0.33962264150943394,0.5,0.3792261419249593,0.5,0.5
1.0,1.0,0.2641509433962264,0.5,0.325606647634584,0.0,0.0
1.0,1.0,0.15094339622641512,0.5,0.3611082789559543,0.0,0.0
1.0,1.0,0.3018867924528302,0.5,0.5479557504078304,0.5,0.0
1.0,1.0,0.8867924528301887,1.0,0.5083860114192497,0.5,0.5
1.0,1.0,0.6037735849056605,1.0,0.29342373572593805,0.0,0.0
1.0,1.0,0.3962264150943396,0.5,0.3147685562805873,0.5,0.0
1.0,0.0,0.6415094339622642,1.0,0.45046900489396413,0.0,0.0
1.0,1.0,0.33962264150943394,0.5,0.2309543230016313,0.0,0.0
1.0,1.0,0.20754716981132076,0.5,0.4262183931484502,0.5,0.0
1.0,1.0,0.33962264150943394,0.5,0.5577028955954323,0.5,0.5
1.0,1.0,0.33962264150943394,0.5,0.2538285073409462,0.0,0.0
1.0,1.0,0.169811320754717,0.5,0.5584267944535074,0.5,0.5
1.0,1.0,0.33962264150943394,0.5,0.5101141924959217,1.0,0.5
1.0,1.0,0.15094339622641512,0.5,0.36010399673735727,0.5,0.5
1.0,0.0,0.7358490566037736,1.0,0.3950958401305057,0.5,0.5
1.0,0.0,0.169811320754717,0.5,0.32997553017944536,0.0,0.0
1.0,1.0,0.7547169811320755,1.0,0.3701570146818923,0.0,0.0
1.0,1.0,0.169811320754717,0.5,0.14600326264274063,0.0,0.0
1.0,1.0,0.5849056603773586,1.0,0.4301335644371942,0.5,0.0
1.0,1.0,0.4716981132075471,1.0,0.3356851549755302,0.5,0.0
1.0,0.0,0.5094339622641508,1.0,0.28808115823817293,0.0,0.0
1.0,1.0,0.169811320754717,0.5,0.32003976345840135,0.0,0.0
1.0,1.0,0.3018867924528302,0.5,0.31495207993474716,0.5,0.5
1.0,1.0,0.05660377358490565,0.5,0.2368780587275693,0.0,0.0
1.0,1.0,0.679245283018868,1.0,0.4561072593800979,0.5,0.5
1.0,1.0,0.4716981132075471,1.0,0.37159971451876017,0.0,0.0
1.0,0.0,0.13207547169811323,0.5,0.2535532218597064,0.0,0.0
1.0,0.0,0.7358490566037736,1.0,0.37999592169657426,0.0,0.0
1.0,1.0,0.15094339622641512,0.5,0.3297257340946167,0.5,0.5
1.0,0.0,0.22641509433962265,0.5,0.38041904567699836,0.5,0.0
1.0,0.0,0.7547169811320755,1.0,0.5411959624796085,0.0,0.0
1.0,1.0,0.13207547169811323,0.5,0.438198409461664,0.5,0.5
1.0,1.0,0.09433962264150941,0.5,0.525769779771615,0.5,0.0
1.0,0.0,0.07547169811320753,0.5,0.3537826264274062,0.5,0.0
1.0,1.0,0.05660377358490565,0.5,0.2794861337683524,0.5,0.5
1.0,1.0,0.037735849056603765,0.5,0.40585746329526917,0.5,0.5
1.0,1.0,0.07547169811320753,0.5,0.12297614192495923,0.0,0.0
1.0,0.0,0.169811320754717,0.5,0.46103181076672106,0.5,0.5
1.0,0.0,0.11320754716981135,0.5,0.2293943719412724,0.0,0.0
1.0,1.0,0.09433962264150941,0.5,0.4475581158238173,0.5,0.0
1.0,1.0,0.15094339622641512,0.5,0.3400846247960848,0.5,0.5
1.0,0.0,0.18867924528301888,0.5,0.3370513866231648,0.5,0.0
1.0,1.0,0.15094339622641512,0.5,0.3548225938009788,0.5,0.5
1.0,1.0,0.24528301886792453,0.5,0.3582942495921697,0.5,0.0
1.0,0.0,0.18867924528301888,0.5,0.383487969004894,0.0,0.0
1.0,1.0,0.13207547169811323,0.5,0.4176488580750408,0.5,0.5
1.0,0.0,0.5849056603773586,1.0,0.4209013050570962,0.0,0.0
1.0,1.0,0.2830188679245283,0.5,0.5119698205546493,0.5,0.5
1.0,0.0,0.169811320754717,0.5,0.31280587275693317,0.5,0.0
1.0,1.0,0.7735849056603774,1.0,0.1339161908646003,0.0,0.0
1.0,1.0,0.18867924528301888,0.5,0.4469055872756933,0.5,0.0
1.0,1.0,0.11320754716981135,0.5,0.43074021207177815,0.5,0.5
1.0,1.0,0.15094339622641512,0.5,0.15708095432300165,0.0,0.0
1.0,0.0,0.2830188679245283,0.5,0.24264376019575853,0.0,0.0
1.0,0.0,0.3584905660377358,0.5,0.365553629690049,0.5,0.5
1.0,1.0,0.5283018867924527,1.0,0.601794453507341,0.5,0.0
1.0,1.0,0.8301886792452831,1.0,0.5319433115823817,0.0,0.5
1.0,0.0,0.15094339622641512,0.5,0.32917006525285486,0.0,0.0
1.0,1.0,0.5849056603773586,1.0,0.44007952691680263,0.0,0.0
1.0,1.0,0.13207547169811323,0.5,0.2727314437194127,0.0,0.0
1.0,1.0,0.3584905660377358,0.5,0.45639783849918436,0.0,0.0
1.0,0.0,0.24528301886792453,0.5,0.45003058727569334,0.5,0.0
1.0,0.0,0.13207547169811323,0.5,0.2941170473083198,0.0,0.0
1.0,1.0,0.05660377358490565,0.5,0.1750509787928222,0.0,0.0
1.0,1.0,0.169811320754717,0.5,0.2371788336052202,0.0,0.0
1.0,1.0,0.20754716981132076,0.5,0.4634634991843394,0.5,0.0
1.0,1.0,0.22641509433962265,0.5,0.344076264274062,0.5,0.5
1.0,1.0,0.15094339622641512,0.5,0.408931484502447,0.5,0.5
1.0,1.0,0.4150943396226415,1.0,0.5163285073409462,0.0,0.0
1.0,1.0,0.09433962264150941,0.5,0.3544708401305058,0.5,0.5
1.0,1.0,0.24528301886792453,0.5,0.30627548939641114,0.5,0.0
1.0,1.0,0.20754716981132076,0.5,0.269356647634584,0.0,0.0
1.0,0.0,0.07547169811320753,0.5,0.34637030995106044,0.0,0.0
1.0,1.0,0.15094339622641512,0.5,0.3723083197389886,0.5,0.5
1.0,0.0,0.3962264150943396,0.5,0.3578966150081566,0.5,0.5
1.0,0.0,0.32075471698113206,0.5,0.2498929445350734,0.0,0.0
1.0,1.0,0.15094339622641512,0.5,0.3054445350734094,0.5,0.5
1.0,1.0,0.18867924528301888,0.5,0.49849102773246334,0.5,0.5
1.0,1.0,0.7169811320754718,1.0,0.49408646003262646,0.5,0.0
1.0,1.0,0.07547169811320753,0.5,0.30526101141924955,0.5,0.5
1.0,1.0,0.15094339622641512,0.5,0.37332279771615007,0.5,0.0
1.0,0.0,0.43396226415094336,0.5,0.3960491435562806,0.5,0.0
1.0,1.0,0.20754716981132076,0.5,0.37493882544861346,0.5,0.5
1.0,1.0,0.45283018867924524,1.0,0.23820350734094617,0.0,0.0
1.0,1.0,0.6037735849056605,1.0,0.45343087275693317,0.5,0.5
1.0,1.0,0.2830188679245283,0.5,0.4981137846655791,0.5,0.0
1.0,1.0,0.18867924528301888,0.5,0.411194942903752,0.5,0.5
1.0,1.0,0.169811320754717,0.5,0.1682402120717781,0.0,0.0
1.0,1.0,0.169811320754717,0.5,0.4495870717781403,0.5,0.0
1.0,0.0,0.18867924528301888,0.5,0.14299551386623163,0.0,0.0
1.0,1.0,0.11320754716981135,0.5,0.4417822185970637,0.5,0.5
1.0,0.0,0.18867924528301888,0.5,0.5384431076672105,1.0,0.5
1.0,1.0,0.2641509433962264,0.5,0.32368984502446985,0.5,0.0
1.0,0.0,0.2641509433962264,0.5,0.04974510603588905,0.0,0.0
1.0,0.0,0.22641509433962265,0.5,0.1801335644371941,0.0,0.0
1.0,1.0,0.20754716981132076,0.5,0.38825448613376834,0.5,0.0
1.0,1.0,0.3584905660377358,0.5,0.5572389885807504,0.5,0.5
1.0,1.0,0.11320754716981135,0.5,0.07055464926590535,0.0,0.0
1.0,1.0,0.33962264150943394,0.5,0.20240619902120718,0.0,0.0
1.0,1.0,0.4150943396226415,1.0,0.25942088091354,0.0,0.0
1.0,1.0,0.6226415094339623,1.0,0.31554343393148454,0.0,0.0
1.0,1.0,0.2830188679245283,0.5,0.36182707993474716,0.0,0.0
1.0,0.0,0.24528301886792453,0.5,0.4187347063621534,0.5,0.0
1.0,1.0,0.20754716981132076,0.5,0.31555362969004896,0.5,0.5
1.0,0.0,0.5660377358490567,1.0,0.3740008156606852,0.0,0.0
1.0,1.0,0.13207547169811323,0.5,0.30114702283849915,0.5,0.0
1.0,0.0,0.18867924528301888,0.5,0.11035889070146818,0.0,0.0
1.0,1.0,0.09433962264150941,0.5,0.3738937601957586,0.5,0.5
1.0,1.0,0.2641509433962264,0.5,0.38408442088091355,0.5,0.5
1.0,1.0,0.3018867924528302,0.5,0.46606341761827086,0.5,0.0
1.0,0.0,0.09433962264150941,0.5,0.40613274877650896,0.5,0.0
1.0,1.0,0.13207547169811323,0.5,0.3755454730831974,0.5,0.5
1.0,0.0,0.13207547169811323,0.5,0.35106035889070153,0.5,0.0
1.0,1.0,0.169811320754717,0.5,0.34989294453507347,0.5,0.0
1.0,1.0,0.20754716981132076,0.5,0.42987867047308326,0.5,0.0
1.0,1.0,0.5283018867924527,1.0,0.2312805872756933,0.0,0.0
1.0,1.0,0.8113207547169812,1.0,0.3146716965742251,0.0,0.0
1.0,1.0,0.13207547169811323,0.5,0.3062907830342577,0.5,0.0
1.0,1.0,0.5849056603773586,1.0,0.33596044045677,0.0,0.0
1.0,1.0,0.05660377358490565,0.5,0.4597114600326264,0.5,0.0
1.0,0.0,0.018867924528301883,0.5,0.28242251223491033,0.0,0.0
1.0,1.0,0.24528301886792453,0.5,0.37830342577487763,0.5,0.5
1.0,1.0,0.169811320754717,0.5,0.012311378466557915,0.0,0.0
1.0,1.0,0.3584905660377358,0.5,0.4750968597063622,0.0,0.0
1.0,1.0,0.169811320754717,0.5,0.4037214518760196,0.5,0.0
1.0,0.0,0.33962264150943394,0.5,0.48170371125611744,0.5,0.0
1.0,1.0,0.11320754716981135,0.5,0.3433370717781403,0.5,0.5
1.0,1.0,0.24528301886792453,0.5,0.5224051794453508,0.5,0.5
1.0,1.0,0.20754716981132076,0.5,0.4421492659053834,0.0,0.0
1.0,0.0,0.18867924528301888,0.5,0.23714824632952694,0.0,0.0
1.0,1.0,0.3018867924528302,0.5,0.45635705546492666,0.5,0.0
1.0,1.0,0.15094339622641512,0.5,0.24015089722675367,0.0,0.0
1.0,0.0,0.05660377358490565,0.5,0.368051590538336,0.5,0.0
1.0,1.0,0.8490566037735849,1.0,0.23910073409461666,0.0,0.0
1.0,0.0,0.3773584905660377,1.0,0.41284665579119084,0.0,0.0
1.0,1.0,0.037735849056603765,0.5,0.39579934747145196,0.0,0.0
1.0,1.0,0.490566037735849,1.0,0.5480780995106036,0.5,0.5
1.0,1.0,0.24528301886792453,0.5,0.3478894779771615,0.5,0.5
1.0,0.0,0.2830188679245283,0.5,0.5235165171288744,0.5,0.5
1.0,1.0,0.5849056603773586,1.0,0.3626019575856444,0.0,0.0
1.0,0.0,0.15094339622641512,0.5,0.36955036704730837,0.5,0.0
1.0,1.0,0.18867924528301888,0.5,0.3056280587275694,0.5,0.0
1.0,1.0,0.22641509433962265,0.5,0.53446676182708,0.5,0.5
1.0,1.0,0.33962264150943394,0.5,0.3487102365415987,0.5,0.5
1.0,1.0,0.169811320754717,0.5,0.09282728384991842,0.0,0.0
0.0,0.0,0.09433962264150941,0.0,0.36770493474714516,0.0,0.0
0.0,0.0,0.24528301886792453,0.0,0.3972522430668842,0.5,0.0
1.0,1.0,0.169811320754717,0.5,0.30103996737357264,0.5,0.0
1.0,1.0,0.13207547169811323,0.5,0.4598745921696574,0.5,0.0
1.0,1.0,0.09433962264150941,0.5,0.14845024469820553,0.0,0.0
0.0,1.0,0.169811320754717,0.5,0.15768760195758566,0.0,0.0
1.0,0.0,0.3773584905660377,0.5,0.16327997553017945,0.0,0.0
0.0,0.0,0.490566037735849,0.5,0.3960236541598695,0.0,0.0
1.0,1.0,0.45283018867924524,0.5,0.052390905383360525,0.0,0.0
1.0,1.0,0.13207547169811323,0.5,0.3457330750407831,0.0,0.0
0.0,1.0,0.4150943396226415,0.5,0.19989294453507342,0.0,0.0
1.0,1.0,0.11320754716981135,0.5,0.41109808319738994,0.0,0.0
1.0,0.0,0.3962264150943396,0.5,0.3098592985318107,0.0,0.0
0.0,0.0,0.11320754716981135,0.0,0.15607157422512233,0.0,0.0
1.0,0.0,0.6037735849056605,0.5,0.42432707993474716,0.5,0.0
1.0,1.0,0.18867924528301888,0.5,0.44423429853181085,0.0,0.0
1.0,1.0,0.33962264150943394,0.5,0.2333656199021207,0.0,0.0
0.0,0.0,0.33962264150943394,0.5,0.35525591353996744,0.5,0.0
1.0,1.0,0.4150943396226415,0.5,0.25905893148450243,0.0,0.0
1.0,0.0,0.24528301886792453,0.0,0.20672920065252856,0.0,0.0
0.0,1.0,0.169811320754717,0.5,0.15958401305057093,0.0,0.0
1.0,1.0,0.32075471698113206,0.5,0.2922257340946166,0.0,0.0
0.0,0.0,0.6226415094339623,0.5,0.4504027324632953,0.0,0.0
1.0,0.0,0.15094339622641512,0.0,0.1479812398042414,0.0,0.0
0.0,0.0,0.2830188679245283,0.5,0.2620309951060359,0.0,0.0
1.0,1.0,0.169811320754717,0.5,0.28788743882544865,0.0,0.0
0.0,0.0,0.3773584905660377,0.5,0.24684951060358892,0.0,0.0
1.0,0.0,0.22641509433962265,0.0,0.36125611745513864,0.5,0.0
0.0,0.0,0.18867924528301888,0.0,0.39447389885807504,0.5,0.0
0.0,0.0,0.09433962264150941,0.0,0.17966965742251226,0.0,0.0
1.0,1.0,0.09433962264150941,0.5,0.3998674551386624,0.0,0.0
1.0,1.0,0.15094339622641512,0.5,0.4573103588907015,0.5,0.0
1.0,1.0,0.05660377358490565,0.5,0.2885909461663948,0.0,0.0
1.0,0.0,0.33962264150943394,0.5,0.20118780587275695,0.0,0.0
1.0,1.0,0.11320754716981135,0.5,0.15229914355628058,0.0,0.0
0.0,0.0,0.43396226415094336,0.5,0.4310511827079935,0.5,0.0
0.0,0.0,0.45283018867924524,0.5,0.43390089722675373,0.5,0.0
0.0,0.0,0.169811320754717,0.0,0.19082891517128872,0.0,0.0
0.0,1.0,0.4150943396226415,0.5,0.21232157422512235,0.0,0.0
1.0,1.0,0.3018867924528302,0.5,0.28267740619902115,0.0,0.0
0.0,0.0,0.4150943396226415,0.5,0.3495768760195759,0.0,0.0
0.0,0.0,0.2830188679245283,0.5,0.32531606851549755,0.5,0.0
1.0,0.0,0.5849056603773586,0.5,0.315859502446982,0.0,0.0
0.0,0.0,0.18867924528301888,0.0,0.23473694942903753,0.0,0.0
1.0,1.0,0.15094339622641512,0.5,0.36743474714518765,0.5,0.0
1.0,0.0,0.4150943396226415,0.5,0.32002446982055466,0.0,0.0
0.0,0.0,0.5471698113207546,0.5,0.3027936378466558,0.0,0.0
1.0,1.0,0.43396226415094336,0.5,0.4706922920065253,0.5,0.0
1.0,1.0,0.20754716981132076,0.5,0.2981902528548124,0.0,0.0
1.0,1.0,0.3584905660377358,0.5,0.28029669657422507,0.0,0.0
0.0,0.0,0.24528301886792453,0.0,0.4327436786296901,0.5,0.0
0.0,0.0,0.32075471698113206,0.5,0.3789100734094617,0.5,0.0
0.0,0.0,0.32075471698113206,0.5,0.45196778140293636,0.5,0.0
1.0,1.0,0.20754716981132076,0.5,0.20049449429037522,0.0,0.0
1.0,0.0,0.3584905660377358,0.5,0.4658136215334421,0.5,0.0
0.0,0.0,0.3584905660377358,0.5,0.24382137030995107,0.0,0.0
1.0,1.0,0.15094339622641512,0.5,0.2628874388254486,0.0,0.0
1.0,1.0,0.18867924528301888,0.5,0.21976957585644372,0.0,0.0
1.0,1.0,0.09433962264150941,0.5,0.2682504078303426,0.0,0.0
0.0,0.0,0.3773584905660377,0.5,0.3481647634584013,0.5,0.0
1.0,1.0,0.22641509433962265,0.5,0.3287163539967374,0.5,0.0
1.0,0.0,0.5094339622641508,0.5,0.3647787520391518,0.5,0.0
0.0,0.0,0.11320754716981135,0.0,0.247364396411093,0.0,0.0
1.0,0.0,0.32075471698113206,0.5,0.3919810358890702,0.5,0.0
1.0,1.0,0.43396226415094336,0.5,0.4081362153344209,0.5,0.0
0.0,1.0,0.22641509433962265,0.5,0.36075142740619903,0.5,0.0
1.0,1.0,0.22641509433962265,0.5,0.435843189233279,0.5,0.0
1.0,1.0,0.15094339622641512,0.5,0.28918739804241433,0.0,0.0
1.0,1.0,0.13207547169811323,0.5,0.2635858482871125,0.0,0.0
1.0,1.0,0.09433962264150941,0.5,0.1770850326264274,0.0,0.0
1.0,1.0,0.169811320754717,0.5,0.25215130505709626,0.0,0.0
1.0,0.0,0.15094339622641512,0.0,0.17879792006525283,0.0,0.0
0.0,0.0,0.13207547169811323,0.0,0.3460644371941273,0.0,0.0
0.0,1.0,0.169811320754717,0.5,0.3013611337683524,0.5,0.0
1.0,0.0,0.45283018867924524,0.5,0.22575448613376833,0.0,0.0
0.0,0.0,0.32075471698113206,0.5,0.2582585644371941,0.0,0.0
1.0,1.0,0.13207547169811323,0.5,0.2693719412724307,0.0,0.0
1.0,1.0,0.15094339622641512,0.5,0.24037520391517128,0.0,0.0
0.0,0.0,0.3773584905660377,0.5,0.47037112561174554,0.5,0.0
1.0,0.0,0.18867924528301888,0.0,0.1888101549755302,0.0,0.0
0.0,1.0,0.2830188679245283,0.5,0.3894524877650898,0.5,0.0
1.0,0.0,0.4150943396226415,0.5,0.29996941272430666,0.0,0.0
1.0,1.0,0.09433962264150941,0.5,0.33223389070146825,0.5,0.0
1.0,0.0,0.13207547169811323,0.0,0.3930057096247961,0.5,0.0
1.0,0.0,0.18867924528301888,0.0,0.37119188417618276,0.0,0.0
0.0,0.0,0.43396226415094336,0.5,0.17120207993474715,0.0,0.0
1.0,0.0,0.6037735849056605,0.5,0.38933523654159874,0.0,0.0
1.0,1.0,0.09433962264150941,0.5,0.3765701468189233,0.5,0.0
1.0,1.0,0.15094339622641512,0.5,0.34997960848287113,0.5,0.0
1.0,1.0,0.07547169811320753,0.5,0.1295218189233279,0.0,0.0
0.0,0.0,0.3584905660377358,0.5,0.42704934747145196,0.0,0.0
1.0,0.0,0.3773584905660377,0.5,0.23033238172920065,0.0,0.0
1.0,1.0,0.07547169811320753,0.5,0.16482973083197391,0.0,0.0
1.0,0.0,0.22641509433962265,0.0,0.26926998368678634,0.0,0.0
0.0,0.0,0.3773584905660377,0.5,0.20326774061990213,0.0,0.0
1.0,1.0,0.33962264150943394,0.5,0.34847573409461663,0.5,0.0
0.0,0.0,0.43396226415094336,0.5,0.18235623980424145,0.0,0.0
1.0,1.0,0.20754716981132076,0.5,0.43883564437194134,0.5,0.0
1.0,1.0,0.24528301886792453,0.5,0.36095534257748774,0.5,0.0
1.0,0.0,0.24528301886792453,0.0,0.3261011419249592,0.5,0.0
1.0,0.0,0.05660377358490565,0.0,0.16209726753670475,0.0,0.0
0.0,0.0,0.2641509433962264,0.0,0.4308829526916803,0.5,0.0
1.0,1.0,0.32075471698113206,0.5,0.4398348287112561,0.5,0.0
0.0,0.0,0.20754716981132076,0.0,0.2719106851549755,0.0,0.0
1.0,0.0,0.3018867924528302,0.5,0.37399571778140295,0.5,0.0
1.0,0.0,0.3773584905660377,0.5,0.28833605220228387,0.0,0.0
1.0,1.0,0.2830188679245283,0.5,0.04064539151712887,0.0,0.0
1.0,1.0,0.18867924528301888,0.5,0.16597165579119086,0.0,0.0
1.0,1.0,0.18867924528301888,0.5,0.390951264274062,0.5,0.0
0.0,0.0,0.05660377358490565,0.0,0.11940762642740618,0.0,0.0
1.0,1.0,0.20754716981132076,0.5,0.3200448613376835,0.0,0.0
1.0,1.0,0.15094339622641512,0.5,0.17749286296900488,0.0,0.0
1.0,0.0,0.4150943396226415,0.5,0.3027936378466558,0.0,0.0
1.0,0.0,0.13207547169811323,0.0,0.05624490212071778,0.0,0.0
0.0,1.0,0.037735849056603765,0.5,0.335725938009788,0.5,0.0
1.0,1.0,0.09433962264150941,0.5,0.13655179445350732,0.0,0.0
1.0,0.0,0.169811320754717,0.0,0.34002345024469827,0.5,0.0
1.0,0.0,0.33962264150943394,0.5,0.33087785481239806,0.5,0.0
1.0,1.0,0.13207547169811323,0.5,0.36444229200652534,0.5,0.0
1.0,1.0,0.13207547169811323,0.5,0.39277630505709626,0.0,0.0
1.0,1.0,0.3018867924528302,0.5,0.4564641109298532,0.0,0.0
1.0,0.0,0.11320754716981135,0.0,0.171222471451876,0.0,0.0
1.0,0.0,0.33962264150943394,0.5,0.45333911092985324,0.5,0.0
1.0,0.0,0.4150943396226415,0.5,0.22045269168026102,0.0,0.0
0.0,0.0,0.3962264150943396,0.5,0.24952589722675364,0.0,0.0
1.0,0.0,0.45283018867924524,0.5,0.21187296084828713,0.0,0.0
0.0,0.0,0.32075471698113206,0.5,0.3943464518760196,0.0,0.0
1.0,1.0,0.169811320754717,0.5,0.3225326264274062,0.5,0.0
0.0,0.0,0.169811320754717,0.0,0.14846044045676995,0.0,0.0
1.0,1.0,0.09433962264150941,0.5,0.34365823817292007,0.5,0.0
1.0,1.0,0.2641509433962264,0.5,0.4544402528548124,0.5,0.0
0.0,1.0,0.18867924528301888,0.5,0.4983176998368679,0.5,0.0
0.0,0.0,0.07547169811320753,0.0,0.3450601549755302,0.5,0.0
0.0,0.0,0.24528301886792453,0.0,0.41792924143556287,0.5,0.0
1.0,1.0,0.07547169811320753,0.5,0.42857871125611746,0.5,0.0
0.0,0.0,0.09433962264150941,0.0,0.17817597879282218,0.0,0.0
1.0,1.0,0.32075471698113206,0.5,0.4569637030995106,0.0,0.0
1.0,1.0,0.15094339622641512,0.5,0.37698817292006526,0.0,0.0
1.0,1.0,0.18867924528301888,0.5,0.2166088907014682,0.0,0.0
0.0,0.0,0.679245283018868,0.5,0.45720330342577487,0.5,0.0
1.0,0.0,0.5849056603773586,0.5,0.3396767944535074,0.0,0.0
1.0,0.0,0.3773584905660377,0.5,0.27261929037520394,0.0,0.0
1.0,0.0,0.5471698113207546,0.5,0.3795626019575856,0.5,0.0
1.0,0.0,0.5849056603773586,0.5,0.44126733278955954,0.0,0.0
1.0,1.0,0.22641509433962265,0.5,0.4107208401305057,0.5,0.0
1.0,0.0,0.2641509433962264,0.0,0.23488478792822184,0.0,0.0
1.0,1.0,0.11320754716981135,0.5,0.3164610522022838,0.0,0.0
1.0,0.0,0.13207547169811323,0.0,0.16424857259380096,0.0,0.0
0.0,0.0,0.2830188679245283,0.5,0.2374694127243067,0.0,0.0
1.0,1.0,0.3018867924528302,0.5,0.4448256525285481,0.5,0.0
1.0,1.0,0.11320754716981135,0.5,0.15653038336052202,0.0,0.0
1.0,0.0,0.33962264150943394,0.5,0.46948409461663954,0.0,0.0
1.0,0.0,0.43396226415094336,0.5,0.21987663132137028,0.0,0.0
0.0,1.0,0.2830188679245283,0.5,0.37144168026101143,0.5,0.0
1.0,1.0,0.15094339622641512,0.5,0.331668026101142,0.5,0.0
1.0,0.0,0.33962264150943394,0.5,0.4268352365415987,0.5,0.0
1.0,0.0,0.32075471698113206,0.5,0.409584013050571,0.0,0.0
0.0,0.0,0.20754716981132076,0.0,0.3875509787928222,0.5,0.0
1.0,1.0,0.15094339622641512,0.5,0.17332279771615008,0.0,0.0
0.0,0.0,0.24528301886792453,0.0,0.1709981647634584,0.0,0.0
0.0,1.0,0.15094339622641512,0.5,0.18086256117455138,0.0,0.0
0.0,0.0,0.5471698113207546,0.5,0.1941323409461664,0.0,0.0
0.0,1.0,0.037735849056603765,0.5,0.30413947797716145,0.5,0.0
0.0,0.0,0.5094339622641508,0.5,0.37467883360522025,0.0,0.0
0.0,0.0,0.33962264150943394,0.5,0.40882442903752036,0.5,0.0
0.0,1.0,0.24528301886792453,0.5,0.23529261827079936,0.0,0.0
1.0,0.0,0.43396226415094336,0.5,0.24290884991843395,0.0,0.0
1.0,0.0,0.24528301886792453,0.0,0.18622043230016314,0.0,0.0
1.0,1.0,0.169811320754717,0.5,0.3608941680261012,0.0,0.0
1.0,1.0,0.2641509433962264,0.5,0.44797614192495927,0.5,0.0
1.0,0.0,0.4716981132075471,0.5,0.22186480424143554,0.0,0.0
1.0,0.0,0.2641509433962264,0.0,0.16575754486133767,0.0,0.0
1.0,1.0,0.20754716981132076,0.5,0.40783034257748774,0.5,0.0
0.0,0.0,0.3584905660377358,0.5,0.2758666394779772,0.0,0.0
1.0,0.0,0.32075471698113206,0.5,0.25737663132137034,0.0,0.0
1.0,1.0,0.09433962264150941,0.5,0.17909359706362152,0.0,0.0
0.0,0.0,0.4150943396226415,0.5,0.3583197389885808,0.5,0.0
1.0,1.0,0.15094339622641512,0.5,0.3161908646003263,0.5,0.0
0.0,0.0,0.18867924528301888,0.0,0.13250407830342578,0.0,0.0
1.0,1.0,0.4150943396226415,0.5,0.34703813213703105,0.5,0.0
1.0,1.0,0.15094339622641512,0.5,0.3268811174551387,0.0,0.0
1.0,1.0,0.09433962264150941,0.5,0.39549857259380106,0.5,0.0
0.0,0.0,0.15094339622641512,0.0,0.363269779771615,0.0,0.0
0.0,0.0,0.15094339622641512,0.0,0.45346146003262644,0.5,0.0
1.0,0.0,0.5849056603773586,0.5,0.2877701876019576,0.0,0.0
1.0,1.0,0.15094339622641512,0.5,0.30784563621533445,0.5,0.0
1.0,0.0,0.32075471698113206,0.5,0.2568770391517129,0.0,0.0
1.0,1.0,0.11320754716981135,0.5,0.2300672920065253,0.0,0.0
1.0,0.0,0.5283018867924527,0.5,0.21881117455138663,0.0,0.0
0.0,0.0,0.15094339622641512,0.0,0.12333809135399673,0.0,0.0
0.0,0.0,0.5471698113207546,0.5,0.2667465334420881,0.0,0.0
0.0,0.0,0.169811320754717,0.0,0.12259889885807504,0.0,0.0
0.0,1.0,0.43396226415094336,0.5,0.39246533442088094,0.5,0.0
1.0,1.0,0.20754716981132076,0.5,0.33859094616639485,0.5,0.0
1.0,1.0,0.18867924528301888,0.5,0.016048123980424128,0.0,0.0
1.0,1.0,0.2830188679245283,0.5,0.23437499999999997,0.0,0.0
1.0,0.0,0.6037735849056605,0.5,0.29219004893964107,0.0,0.0
1.0,1.0,0.2641509433962264,0.5,0.3680668841761827,0.5,0.0
0.0,1.0,0.24528301886792453,0.5,0.27275183523654156,0.0,0.0
0.0,0.0,0.6415094339622642,0.5,0.3048888662316477,0.0,0.0
0.0,0.0,0.6603773584905661,0.5,0.4540681076672105,0.5,0.0
1.0,1.0,0.3018867924528302,0.5,0.26493168841761827,0.0,0.0
1.0,1.0,0.07547169811320753,0.5,0.2890803425774877,0.5,0.0
0.0,1.0,0.2830188679245283,0.5,0.24395901305057097,0.0,0.0
0.0,0.0,0.2641509433962264,0.0,0.4714416802610114,0.5,0.0
1.0,0.0,0.5094339622641508,0.5,0.35135603588907016,0.0,0.0
0.0,1.0,0.13207547169811323,0.5,0.16512030995106033,0.0,0.0
1.0,1.0,0.43396226415094336,0.5,0.3118576672104405,0.0,0.0
1.0,0.0,0.33962264150943394,0.5,0.36470228384991843,0.0,0.0
1.0,1.0,0.169811320754717,0.5,0.3807045269168027,0.5,0.0
0.0,0.0,0.4150943396226415,0.5,0.1853639885807504,0.0,0.0
1.0,0.0,0.3584905660377358,0.5,0.30658646003262646,0.0,0.0
0.0,0.0,0.32075471698113206,0.5,0.35544453507340945,0.0,0.0
0.0,0.0,0.3018867924528302,0.5,0.269519779771615,0.0,0.0
1.0,0.0,0.18867924528301888,0.0,0.4174041598694943,0.5,0.0
1.0,0.0,0.490566037735849,0.5,0.20506219412724305,0.0,0.0
0.0,1.0,0.169811320754717,0.5,0.32911908646003263,0.5,0.0
1.0,0.0,0.6037735849056605,0.5,0.39496329526916807,0.5,0.0
1.0,1.0,0.0,0.5,0.331831158238173,0.5,0.0
1.0,0.0,0.13207547169811323,0.0,0.18533849918433928,0.0,0.0
1.0,1.0,0.4150943396226415,0.5,0.17638152528548126,0.0,0.0
0.0,1.0,0.18867924528301888,0.5,0.3786245921696575,0.5,0.0
1.0,1.0,0.09433962264150941,0.5,0.12741129690048938,0.0,0.0
1.0,1.0,0.32075471698113206,0.5,0.20018352365415984,0.0,0.0
1.0,1.0,0.18867924528301888,0.5,0.4766262234910278,0.5,0.0
1.0,0.0,0.09433962264150941,0.0,0.30438927406199023,0.5,0.0
0.0,1.0,0.3018867924528302,0.5,0.39225632137030997,0.5,0.0
1.0,1.0,0.20754716981132076,0.5,0.07985318107667208,0.0,0.0
1.0,0.0,0.32075471698113206,0.5,0.34129792006525284,0.5,0.0
1.0,1.0,0.2641509433962264,0.5,0.2633666394779771,0.0,0.0
1.0,0.0,0.5283018867924527,0.5,0.18809135399673735,0.0,0.0
1.0,1.0,0.169811320754717,0.5,0.40244188417618276,0.5,0.0
1.0,1.0,0.13207547169811323,0.5,0.45129995921696575,0.5,0.0
1.0,1.0,0.169811320754717,0.5,0.33537928221859714,0.0,0.0
1.0,1.0,0.11320754716981135,0.5,0.2657626427406199,0.0,0.0
1.0,0.0,0.2830188679245283,0.0,0.17175265089722677,0.0,0.0
1.0,1.0,0.11320754716981135,0.5,0.3754792006525286,0.5,0.0
1.0,0.0,0.18867924528301888,0.0,0.21091965742251226,0.0,0.0
1.0,0.0,0.32075471698113206,0.5,0.09061990212071777,0.0,0.0
1.0,1.0,0.22641509433962265,0.5,0.42233380913539975,0.5,0.0
0.0,0.0,0.4716981132075471,0.5,0.4112969004893965,0.5,0.0
0.0,1.0,0.05660377358490565,0.5,0.40234502446982057,0.0,0.0
1.0,1.0,0.11320754716981135,0.5,0.15303833605220227,0.0,0.0
0.0,0.0,0.3018867924528302,0.5,0.20286500815660682,0.0,0.0
1.0,1.0,0.15094339622641512,0.5,0.4670829934747145,0.5,0.0
0.0,0.0,0.3584905660377358,0.5,0.3631780179445351,0.5,0.0
1.0,1.0,0.2641509433962264,0.5,0.23635807504078302,0.0,0.0
1.0,1.0,0.2830188679245283,0.5,0.36148552202283857,0.0,0.0
0.0,1.0,0.18867924528301888,0.5,0.2991741435562806,0.5,0.0
1.0,1.0,0.22641509433962265,0.5,0.4006831158238173,0.5,0.0
1.0,1.0,0.15094339622641512,0.5,0.10875305872756932,0.0,0.0
1.0,0.0,0.13207547169811323,0.0,0.37611133768352367,0.0,0.0
0.0,0.0,0.2830188679245283,0.0,0.3965487357259381,0.5,0.0
1.0,1.0,0.22641509433962265,0.5,0.29578915171288744,0.5,0.0
1.0,1.0,0.15094339622641512,0.5,0.47507137030995106,0.5,0.0
0.0,1.0,0.09433962264150941,0.5,0.15789151712887436,0.0,0.0
0.0,1.0,0.13207547169811323,0.5,0.13691374388254487,0.0,0.0
1.0,0.0,0.4150943396226415,0.5,0.16204628874388252,0.0,0.0
0.0,0.0,0.5283018867924527,0.5,0.3959165986949429,0.0,0.0
1.0,1.0,0.4716981132075471,0.5,0.06525285481239804,0.0,0.0
1.0,1.0,0.07547169811320753,0.5,0.3648144371941273,0.0,0.0
0.0,1.0,0.3962264150943396,0.5,0.1863427814029364,0.0,0.0
1.0,1.0,0.169811320754717,0.5,0.40835032626427414,0.0,0.0
0.0,0.0,0.4150943396226415,0.5,0.29236847471451877,0.0,0.0
0.0,0.0,0.11320754716981135,0.0,0.14107871125611746,0.0,0.0
1.0,0.0,0.6415094339622642,0.5,0.3965487357259381,0.5,0.0
1.0,1.0,0.22641509433962265,0.5,0.43621023654159874,0.0,0.0
1.0,1.0,0.3018867924528302,0.5,0.21639987765089722,0.0,0.0
1.0,0.0,0.3773584905660377,0.5,0.34713499184339314,0.5,0.0
0.0,1.0,0.3962264150943396,0.5,0.27153853996737354,0.0,0.0
1.0,0.0,0.20754716981132076,0.0,0.22950652528548124,0.0,0.0
0.0,1.0,0.13207547169811323,0.5,0.14975020391517127,0.0,0.0
1.0,1.0,0.32075471698113206,0.5,0.2939590130505709,0.0,0.0
0.0,0.0,0.6603773584905661,0.5,0.43912112561174554,0.0,0.0
0.0,0.0,0.15094339622641512,0.0,0.13353894779771616,0.0,0.0
0.0,0.0,0.2830188679245283,0.5,0.2690150897226754,0.0,0.0
0.0,1.0,0.20754716981132076,0.5,0.2757035073409462,0.0,0.0
0.0,0.0,0.3962264150943396,0.5,0.24220024469820553,0.0,0.0
0.0,0.0,0.20754716981132076,0.0,0.3446523246329527,0.5,0.0
0.0,0.0,0.15094339622641512,0.0,0.40588805057096256,0.5,0.0
0.0,0.0,0.11320754716981135,0.0,0.1652630505709625,0.0,0.0
1.0,1.0,0.05660377358490565,0.5,0.39660481239804246,0.0,0.0
1.0,1.0,0.15094339622641512,0.5,0.45905383360522023,0.5,0.0
1.0,1.0,0.037735849056603765,0.5,0.2821421288743883,0.0,0.0
1.0,0.0,0.32075471698113206,0.5,0.19083401305057093,0.0,0.0
1.0,1.0,0.11320754716981135,0.5,0.169193515497553,0.0,0.0
1.0,0.0,0.4150943396226415,0.5,0.4422971044045677,0.5,0.0
1.0,0.0,0.490566037735849,0.5,0.4401916802610114,0.5,0.0
0.0,0.0,0.20754716981132076,0.0,0.200489396411093,0.0,0.0
1.0,1.0,0.3962264150943396,0.5,0.23522124796084828,0.0,0.0
1.0,1.0,0.32075471698113206,0.5,0.28732667210440455,0.0,0.0
0.0,0.0,0.45283018867924524,0.5,0.36474306688417624,0.0,0.0
1.0,0.0,0.2641509433962264,0.5,0.3170422104404568,0.5,0.0
0.0,0.0,0.5660377358490567,0.5,0.30095840130505713,0.0,0.0
0.0,0.0,0.15094339622641512,0.0,0.2427100326264274,0.0,0.0
1.0,1.0,0.15094339622641512,0.5,0.37752345024469824,0.5,0.0
0.0,0.0,0.45283018867924524,0.5,0.32139070146818927,0.0,0.0
0.0,0.0,0.5660377358490567,0.5,0.3014376019575856,0.0,0.0
1.0,1.0,0.45283018867924524,0.5,0.4838295269168026,0.5,0.0
1.0,1.0,0.169811320754717,0.5,0.29701774061990216,0.0,0.0
1.0,1.0,0.3584905660377358,0.5,0.30199327079934746,0.0,0.0
0.0,0.0,0.2830188679245283,0.0,0.4153548123980424,0.5,0.0
0.0,0.0,0.2830188679245283,0.5,0.3887693719412725,0.5,0.0
1.0,0.0,0.3584905660377358,0.5,0.44892434747145193,0.5,0.0
1.0,1.0,0.24528301886792453,0.5,0.2261266313213703,0.0,0.0
0.0,0.0,0.3962264150943396,0.5,0.4499235318107667,0.5,0.0
1.0,0.0,0.4150943396226415,0.5,0.23878976345840128,0.0,0.0
1.0,1.0,0.18867924528301888,0.5,0.27032014681892336,0.0,0.0
1.0,1.0,0.15094339622641512,0.5,0.22791598694942902,0.0,0.0
1.0,1.0,0.11320754716981135,0.5,0.24671696574225124,0.0,0.0
0.0,0.0,0.4150943396226415,0.5,0.34732361337683526,0.5,0.0
1.0,1.0,0.20754716981132076,0.5,0.33934033442088096,0.5,0.0
0.0,0.0,0.4716981132075471,0.5,0.38606749592169665,0.5,0.0
0.0,0.0,0.09433962264150941,0.0,0.26727161500815655,0.0,0.0
1.0,0.0,0.3018867924528302,0.5,0.40240110114192496,0.5,0.0
1.0,1.0,0.45283018867924524,0.5,0.3947950652528548,0.5,0.0
1.0,1.0,0.2830188679245283,0.5,0.35136113376835243,0.5,0.0
1.0,1.0,0.2641509433962264,0.5,0.4317546900489396,0.5,0.0
1.0,1.0,0.15094339622641512,0.5,0.30714722675367045,0.0,0.0
1.0,1.0,0.09433962264150941,0.5,0.2620055057096248,0.0,0.0
1.0,1.0,0.15094339622641512,0.5,0.1707840538336052,0.0,0.0
1.0,1.0,0.169811320754717,0.5,0.26480933931484507,0.0,0.0
0.0,0.0,0.11320754716981135,0.0,0.1791700652528548,0.0,0.0
0.0,0.0,0.169811320754717,0.0,0.34851141924959217,0.0,0.0
1.0,1.0,0.15094339622641512,0.5,0.3146360114192496,0.5,0.0
1.0,0.0,0.45283018867924524,0.5,0.21995819738988578,0.0,0.0
1.0,0.0,0.3584905660377358,0.5,0.23790783034257748,0.0,0.0
1.0,1.0,0.15094339622641512,0.5,0.2573103588907014,0.0,0.0
1.0,1.0,0.11320754716981135,0.5,0.21885195758564438,0.0,0.0
1.0,0.0,0.3962264150943396,0.5,0.4573358482871126,0.5,0.0
0.0,0.0,0.15094339622641512,0.0,0.17589722675367045,0.0,0.0
0.0,1.0,0.32075471698113206,0.5,0.3932657014681893,0.5,0.0
0.0,0.0,0.3773584905660377,0.5,0.3102008564437194,0.0,0.0
1.0,1.0,0.11320754716981135,0.5,0.32162520391517135,0.5,0.0
1.0,0.0,0.15094339622641512,0.0,0.374276101141925,0.5,0.0
0.0,0.0,0.13207547169811323,0.0,0.3727977161500816,0.0,0.0
0.0,0.0,0.4150943396226415,0.5,0.18082177814029363,0.0,0.0
1.0,0.0,0.5660377358490567,0.5,0.36666496737357257,0.0,0.0
1.0,1.0,0.07547169811320753,0.5,0.38625611745513866,0.5,0.0
1.0,1.0,0.13207547169811323,0.5,0.34228181076672104,0.5,0.0
0.0,1.0,0.11320754716981135,0.5,0.14075244698205544,0.0,0.0
0.0,0.0,0.3962264150943396,0.5,0.42353690864600324,0.0,0.0
0.0,0.0,0.3962264150943396,0.5,0.23019473898858075,0.0,0.0
1.0,1.0,0.05660377358490565,0.5,0.1680159053833605,0.0,0.0
1.0,0.0,0.169811320754717,0.0,0.2581056280587276,0.0,0.0
0.0,0.0,0.4150943396226415,0.5,0.20926284665579117,0.0,0.0
1.0,1.0,0.3584905660377358,0.5,0.36489090538336055,0.5,0.0
1.0,0.0,0.45283018867924524,0.5,0.16966761827079932,0.0,0.0
1.0,1.0,0.24528301886792453,0.5,0.42483176998368677,0.5,0.0
1.0,1.0,0.24528301886792453,0.5,0.3374082381729201,0.5,0.0
0.0,0.0,0.22641509433962265,0.0,0.31529363784665576,0.5,0.0
1.0,0.0,0.09433962264150941,0.0,0.14901101141924958,0.0,0.0
0.0,0.0,0.2830188679245283,0.0,0.4196166394779772,0.5,0.0
1.0,1.0,0.3584905660377358,0.5,0.4522634584013051,0.5,0.0
1.0,0.0,0.20754716981132076,0.0,0.2538998776508973,0.0,0.0
1.0,0.0,0.24528301886792453,0.5,0.3939437194127243,0.5,0.0
0.0,0.0,0.3962264150943396,0.5,0.2942597879282218,0.0,0.0
1.0,1.0,0.2830188679245283,0.5,0.03407422512234909,0.0,0.0
0.0,1.0,0.15094339622641512,0.5,0.186567088091354,0.0,0.0
1.0,1.0,0.169811320754717,0.5,0.3788845840130506,0.5,0.0
1.0,0.0,0.037735849056603765,0.0,0.12812500000000002,0.0,0.0
1.0,1.0,0.169811320754717,0.5,0.3302712071778141,0.0,0.0
1.0,1.0,0.15094339622641512,0.5,0.1793892740619902,0.0,0.0
0.0,0.0,0.4150943396226415,0.5,0.29749694127243065,0.0,0.0
0.0,0.0,0.11320754716981135,0.0,0.045422104404567704,0.0,0.0
1.0,1.0,0.07547169811320753,0.5,0.3434390293637847,0.5,0.0
1.0,1.0,0.11320754716981135,0.5,0.13510909461663947,0.0,0.0
1.0,0.0,0.169811320754717,0.0,0.34642638662316483,0.5,0.0
0.0,0.0,0.32075471698113206,0.5,0.324067088091354,0.5,0.0
0.0,1.0,0.169811320754717,0.5,0.35361439641109305,0.5,0.0
1.0,1.0,0.13207547169811323,0.5,0.40647430668841766,0.0,0.0
1.0,1.0,0.3018867924528302,0.5,0.4588652120717782,0.0,0.0
1.0,0.0,0.11320754716981135,0.0,0.16366231647634585,0.0,0.0
1.0,0.0,0.3018867924528302,0.5,0.4334777732463295,0.5,0.0
0.0,0.0,0.45283018867924524,0.5,0.21148552202283852,0.0,0.0
1.0,0.0,0.3773584905660377,0.5,0.24888356443719414,0.0,0.0
0.0,0.0,0.45283018867924524,0.5,0.23335032626427407,0.0,0.0
1.0,0.0,0.32075471698113206,0.5,0.3953303425774878,0.0,0.0
1.0,1.0,0.169811320754717,0.5,0.33040375203915173,0.5,0.0
0.0,0.0,0.13207547169811323,0.0,0.1437856851549755,0.0,0.0
1.0,1.0,0.09433962264150941,0.5,0.3340028548123981,0.5,0.0
1.0,1.0,0.3018867924528302,0.5,0.4613682707993475,0.5,0.0
1.0,1.0,0.18867924528301888,0.5,0.4845279363784666,0.5,0.0
0.0,0.0,0.05660377358490565,0.0,0.34481035889070144,0.5,0.0
1.0,0.0,0.2641509433962264,0.0,0.40148858075040783,0.5,0.0
1.0,1.0,0.05660377358490565,0.5,0.432555057096248,0.5,0.0
0.0,0.0,0.13207547169811323,0.0,0.15699429037520393,0.0,0.0
1.0,1.0,0.32075471698113206,0.5,0.45174857259380097,0.0,0.0
1.0,1.0,0.13207547169811323,0.5,0.36059849102773245,0.0,0.0
1.0,1.0,0.24528301886792453,0.5,0.21883156606851548,0.0,0.0
0.0,0.0,0.679245283018868,0.5,0.47259889885807504,0.5,0.0
1.0,0.0,0.6226415094339623,0.5,0.3325958401305057,0.0,0.0
1.0,0.0,0.3773584905660377,0.5,0.26426386623164766,0.0,0.0
0.0,0.0,0.5094339622641508,0.5,0.3955036704730832,0.5,0.0
1.0,0.0,0.5471698113207546,0.5,0.44704832789559545,0.0,0.0
1.0,1.0,0.169811320754717,0.5,0.41757748776508974,0.5,0.0
0.0,0.0,0.24528301886792453,0.0,0.25778955954323,0.0,0.0
1.0,1.0,0.11320754716981135,0.5,0.3167618270799347,0.0,0.0
0.0,0.0,0.13207547169811323,0.0,0.16610929853181075,0.0,0.0
