fuel,location,price,year,subcategory,transmission
gasolina,lima,10900.0,2021,otros,mecanica
gasolina,lima,30990.0,2020,camioneta,secuencial
gasolina,lima,19900.0,2020,camioneta,automatica
gasolina,lima,279000.0,2022,deportivo,secuencial
gasolina,lima,13900.0,2017,camioneta,secuencial
otro,lima,99900.0,2023,camioneta,automatica
gasolina,lima,15900.0,2018,camioneta,automatica
gasolina,lima,27990.0,2024,camioneta,automatica
gasolina,lima,7900.0,2015,otros,mecanica
gasolina,lima,18900.0,2020,camioneta,automatica
gasolina,lima,32500.0,2019,camioneta,secuencial
gasolina,lima,57900.0,2022,otros,automatica
gasolina,lima,23000.0,2023,camioneta,automatica
gasolina,lima,22900.0,2014,camioneta,secuencial
otro,lima,26900.0,2024,camioneta,secuencial
otro,lima,53900.0,2025,camioneta,automatica
gasolina,provincia,15900.0,2016,otros,secuencial
gasolina,lima,55900.0,2022,camioneta,secuencial
gasolina,lima,22900.0,2018,camioneta,secuencial
gasolina,lima,19900.0,2017,camioneta,automatica
otro,lima,16500.0,2015,camioneta,secuencial
otro,lima,75000.0,2022,camioneta,secuencial
gasolina,lima,11900.0,2015,camioneta,mecanica
gasolina,lima,30900.0,2023,otros,automatica
gasolina,lima,27000.0,2022,camioneta,automatica
gasolina,lima,21900.0,2016,camioneta,secuencial
gasolina,lima,99990.0,2024,otros,secuencial
gasolina,lima,16990.0,2023,otros,mecanica
otro,lima,52500.0,2024,otros,secuencial
gasolina,lima,36000.0,2025,camioneta,automatica
gasolina,lima,20900.0,2020,otros,secuencial
otro,lima,25900.0,2016,otros,mecanica
otro,lima,32000.0,2025,camioneta,secuencial
gasolina,lima,64900.0,2025,deportivo,secuencial
gasolina,lima,62990.0,2023,camioneta,secuencial
gasolina,lima,11900.0,2015,camioneta,automatica
gasolina,lima,26000.0,2017,camioneta,automatica
otro,lima,109900.0,2024,camioneta,automatica
gasolina,lima,12900.0,2020,camioneta,mecanica
gasolina,lima,164000.0,2024,camioneta,secuencial
gasolina,lima,32500.0,2020,camioneta,automatica
gasolina,lima,23000.0,2022,camioneta,secuencial
gasolina,lima,81500.0,2019,camioneta,secuencial
otro,lima,33900.0,2017,camioneta,secuencial
gasolina,lima,15990.0,2018,otros,secuencial
otro,provincia,42000.0,2024,otros,automatica
gasolina,lima,23000.0,2021,camioneta,automatica
gasolina,lima,47500.0,2015,otros,secuencial
gasolina,lima,43900.0,2023,camioneta,secuencial
gasolina,lima,23000.0,2013,camioneta,secuencial
otro,provincia,38000.0,2024,otros,secuencial
gasolina,lima,32900.0,2018,camioneta,automatica
otro,lima,78900.0,2023,camioneta,secuencial
gasolina,lima,17900.0,2021,camioneta,mecanica
gasolina,lima,72500.0,2025,otros,automatica
otro,lima,27990.0,2023,otros,mecanica
gasolina,lima,19900.0,2018,camioneta,secuencial
gasolina,lima,37500.0,2023,camioneta,automatica
gasolina,provincia,59000.0,2023,camioneta,secuencial
gasolina,lima,28590.0,2025,camioneta,automatica
gasolina,lima,22900.0,1981,deportivo,automatica
gasolina,lima,52900.0,2022,camioneta,automatica
otro,lima,18500.0,2021,otros,automatica
gasolina,lima,23200.0,2024,camioneta,secuencial
gasolina,lima,16300.0,2014,camioneta,secuencial
gasolina,lima,17500.0,2018,camioneta,automatica
gasolina,lima,24900.0,2018,camioneta,automatica
otro,lima,25990.0,2025,camioneta,automatica
gasolina,lima,14500.0,2018,otros,secuencial
gasolina,lima,23500.0,2018,camioneta,secuencial
gasolina,lima,154990.0,2023,camioneta,automatica
otro,lima,59900.0,2025,camioneta,automatica
gasolina,lima,23700.0,2019,camioneta,automatica
gasolina,lima,15900.0,2012,camioneta,secuencial
gasolina,lima,100000.0,2020,otros,secuencial
gasolina,lima,19900.0,2017,camioneta,secuencial
otro,lima,39990.0,2024,camioneta,automatica
gasolina,lima,69000.0,2019,camioneta,secuencial
gasolina,provincia,18500.0,2018,camioneta,automatica
gasolina,lima,17500.0,2012,camioneta,automatica
gasolina,lima,42500.0,2021,otros,secuencial
gasolina,lima,26900.0,2021,otros,secuencial
gasolina,provincia,19500.0,2019,camioneta,secuencial
otro,lima,85900.0,2024,camioneta,secuencial
otro,lima,25800.0,2022,otros,mecanica
gasolina,lima,15790.0,2024,otros,automatica
gasolina,lima,36690.0,2023,camioneta,automatica
otro,lima,32500.0,2015,camioneta,automatica
gasolina,lima,26900.0,2020,camioneta,secuencial
gasolina,lima,165000.0,2023,camioneta,secuencial
gasolina,lima,179990.0,2025,camioneta,secuencial
gasolina,lima,22500.0,2019,camioneta,secuencial
gasolina,lima,10990.0,2023,otros,mecanica
gasolina,lima,18900.0,2021,camioneta,automatica
gasolina,lima,22900.0,2008,camioneta,automatica
gasolina,lima,18900.0,2015,otros,secuencial
gasolina,lima,34900.0,2019,camioneta,secuencial
otro,lima,67900.0,2025,camioneta,secuencial
otro,lima,45900.0,2023,camioneta,automatica
gasolina,lima,12490.0,2026,otros,mecanica
gasolina,lima,21500.0,2022,camioneta,secuencial
otro,lima,33500.0,2026,camioneta,secuencial
gasolina,lima,14490.0,2023,camioneta,mecanica
gasolina,lima,36900.0,2019,camioneta,mecanica
gasolina,lima,18900.0,2018,camioneta,automatica
otro,provincia,12300.0,2025,camioneta,mecanica
otro,lima,14700.0,2023,otros,mecanica
otro,lima,45000.0,2022,otros,secuencial
gasolina,lima,34990.0,2020,camioneta,automatica
gasolina,lima,22500.0,2023,camioneta,automatica
gasolina,lima,62990.0,2024,camioneta,automatica
gasolina,lima,65900.0,2019,otros,automatica
gasolina,lima,22900.0,2022,camioneta,automatica
gasolina,lima,28500.0,2017,camioneta,automatica
otro,lima,14490.0,2021,camioneta,mecanica
otro,lima,59991.0,2023,camioneta,automatica
gasolina,lima,27490.0,2023,otros,automatica
gasolina,lima,43900.0,2025,camioneta,secuencial
otro,lima,21900.0,2023,otros,mecanica
gasolina,lima,25700.0,2024,camioneta,automatica
otro,lima,132000.0,2025,camioneta,automatica
gasolina,lima,22490.0,2022,camioneta,automatica
otro,lima,26500.0,2015,camioneta,secuencial
gasolina,provincia,8000.0,2016,otros,mecanica
gasolina,lima,25900.0,2022,camioneta,automatica
gasolina,lima,30990.0,2015,camioneta,secuencial
otro,lima,49900.0,2004,camioneta,secuencial
gasolina,lima,22900.0,2024,otros,secuencial
gasolina,lima,69900.0,2022,camioneta,secuencial
otro,lima,55000.0,2016,camioneta,secuencial
otro,lima,24900.0,2022,camioneta,secuencial
gasolina,lima,89900.0,2019,camioneta,secuencial
gasolina,lima,39900.0,2018,camioneta,secuencial
gasolina,lima,44990.0,2025,camioneta,secuencial
otro,lima,35900.0,2021,camioneta,automatica
gasolina,lima,31900.0,2017,otros,secuencial
gasolina,lima,29900.0,2022,camioneta,automatica
gasolina,lima,29900.0,2019,camioneta,secuencial
gasolina,lima,16900.0,2019,otros,automatica
otro,lima,20500.0,2021,otros,secuencial
gasolina,lima,19000.0,2023,camioneta,mecanica
gasolina,lima,34900.0,2013,camioneta,mecanica
gasolina,lima,35990.0,2023,camioneta,automatica
gasolina,lima,25900.0,2025,otros,secuencial
gasolina,lima,30900.0,2020,camioneta,secuencial
gasolina,lima,29900.0,2021,camioneta,secuencial
gasolina,lima,19900.0,2018,camioneta,automatica
otro,lima,6900.0,2012,otros,mecanica
otro,lima,36800.0,2023,camioneta,automatica
gasolina,lima,36900.0,2024,otros,secuencial
gasolina,lima,118000.0,2026,camioneta,secuencial
gasolina,lima,22290.0,2022,camioneta,automatica
gasolina,lima,16900.0,2017,camioneta,automatica
gasolina,lima,14500.0,2023,camioneta,automatica
gasolina,lima,32900.0,2011,deportivo,secuencial
gasolina,lima,17900.0,2019,camioneta,automatica
gasolina,lima,17900.0,2017,otros,secuencial
gasolina,lima,52000.0,2021,camioneta,secuencial
gasolina,lima,27900.0,2024,camioneta,secuencial
gasolina,lima,19500.0,2018,camioneta,secuencial
gasolina,lima,24490.0,2023,camioneta,automatica
gasolina,lima,32500.0,2024,camioneta,automatica
gasolina,lima,25900.0,2020,otros,secuencial
gasolina,lima,74900.0,2024,camioneta,secuencial
otro,lima,18000.0,2024,otros,mecanica
gasolina,lima,11900.0,2018,otros,mecanica
gasolina,lima,18500.0,2018,camioneta,secuencial
otro,lima,23500.0,2015,otros,secuencial
gasolina,lima,42900.0,2022,otros,secuencial
gasolina,lima,16900.0,2013,camioneta,secuencial
gasolina,lima,21900.0,2018,camioneta,automatica
otro,lima,49900.0,2022,otros,secuencial
otro,lima,76991.0,2024,deportivo,automatica
otro,lima,19900.0,2021,otros,secuencial
otro,lima,29500.0,2023,camioneta,secuencial
otro,lima,48990.0,2022,camioneta,automatica
otro,lima,19900.0,2017,otros,automatica
gasolina,lima,35900.0,2021,camioneta,automatica
otro,lima,135000.0,2024,camioneta,secuencial
gasolina,lima,25900.0,2010,camioneta,secuencial
gasolina,lima,62900.0,2020,camioneta,secuencial
gasolina,lima,18900.0,2020,otros,secuencial
gasolina,lima,35500.0,2024,camioneta,secuencial
gasolina,lima,17700.0,2024,camioneta,automatica
gasolina,lima,60000.0,2022,camioneta,automatica
gasolina,provincia,13500.0,2011,camioneta,automatica
gasolina,lima,32500.0,2025,camioneta,secuencial
otro,lima,24500.0,2018,otros,mecanica
otro,provincia,56900.0,2024,camioneta,secuencial
gasolina,lima,34200.0,2021,camioneta,automatica
otro,lima,18900.0,2020,camioneta,secuencial
otro,lima,95900.0,2024,camioneta,automatica
gasolina,lima,31900.0,2022,camioneta,automatica
gasolina,lima,15990.0,2023,otros,automatica
gasolina,lima,39900.0,2020,camioneta,secuencial
otro,lima,92900.0,2023,camioneta,secuencial
gasolina,lima,98991.0,2024,camioneta,automatica
gasolina,lima,52900.0,2021,camioneta,automatica
otro,lima,18990.0,2024,camioneta,mecanica
gasolina,lima,16900.0,2015,otros,secuencial
gasolina,lima,12900.0,2023,camioneta,mecanica
gasolina,lima,22500.0,2025,camioneta,automatica
otro,lima,25000.0,2023,camioneta,secuencial
otro,lima,145900.0,2023,camioneta,automatica
gasolina,lima,65900.0,2017,camioneta,secuencial
gasolina,lima,23900.0,2026,otros,secuencial
otro,lima,93991.0,2024,camioneta,automatica
gasolina,lima,16000.0,2019,camioneta,automatica
gasolina,lima,7900.0,2017,otros,automatica
otro,lima,16490.0,2023,camioneta,mecanica
gasolina,lima,18900.0,2023,camioneta,mecanica
gasolina,lima,69900.0,2024,camioneta,secuencial
gasolina,lima,53900.0,2025,deportivo,automatica
gasolina,lima,18900.0,2018,camioneta,automatica
gasolina,lima,16500.0,2023,camioneta,automatica
otro,lima,43900.0,2023,camioneta,automatica
gasolina,lima,39900.0,2014,otros,mecanica
gasolina,lima,27900.0,2024,camioneta,automatica
gasolina,lima,13700.0,2023,camioneta,automatica
gasolina,lima,21500.0,2014,camioneta,secuencial
gasolina,lima,39900.0,2025,camioneta,automatica
gasolina,lima,18800.0,2014,camioneta,secuencial
gasolina,lima,30500.0,2022,otros,automatica
gasolina,lima,20500.0,2016,otros,secuencial
otro,lima,42991.0,2023,otros,automatica
gasolina,lima,43900.0,2014,deportivo,secuencial
gasolina,provincia,47900.0,2022,camioneta,secuencial
gasolina,lima,27500.0,2017,camioneta,secuencial
gasolina,lima,36900.0,2022,camioneta,automatica
gasolina,lima,49900.0,2015,otros,secuencial
gasolina,lima,35000.0,2025,camioneta,automatica
gasolina,lima,52000.0,2023,camioneta,mecanica
gasolina,lima,19490.0,2024,otros,automatica
gasolina,lima,31900.0,2023,otros,secuencial
gasolina,lima,20500.0,2018,camioneta,automatica
otro,lima,82900.0,2024,camioneta,automatica
gasolina,lima,40900.0,2021,camioneta,automatica
gasolina,lima,11000.0,2022,otros,automatica
gasolina,lima,17900.0,2018,camioneta,automatica
gasolina,lima,58900.0,2016,otros,secuencial
gasolina,lima,34900.0,2017,camioneta,secuencial
gasolina,lima,26000.0,2020,camioneta,automatica
otro,lima,19490.0,2024,otros,automatica
otro,lima,21500.0,2016,otros,mecanica
gasolina,lima,18490.0,2024,camioneta,automatica
otro,provincia,34000.0,2025,camioneta,secuencial
gasolina,lima,24900.0,2016,camioneta,automatica
gasolina,lima,39900.0,2025,camioneta,secuencial
gasolina,lima,46900.0,2015,deportivo,automatica
otro,lima,45900.0,2024,camioneta,automatica
otro,lima,51000.0,2023,otros,automatica
gasolina,provincia,10800.0,2021,otros,mecanica
gasolina,lima,24500.0,1966,deportivo,mecanica
gasolina,lima,17900.0,2023,camioneta,secuencial
gasolina,lima,39900.0,2024,camioneta,automatica
otro,lima,84900.0,2023,camioneta,secuencial
gasolina,lima,42900.0,2022,camioneta,automatica
gasolina,lima,10500.0,2012,otros,secuencial
otro,lima,24000.0,2022,camioneta,secuencial
otro,lima,55500.0,2025,deportivo,automatica
otro,lima,45500.0,2024,camioneta,secuencial
gasolina,lima,32500.0,2021,camioneta,automatica
otro,lima,50000.0,2024,camioneta,automatica
gasolina,lima,84900.0,2023,otros,secuencial
gasolina,lima,19900.0,2019,camioneta,automatica
otro,lima,44500.0,2023,camioneta,secuencial
gasolina,lima,27000.0,2022,camioneta,automatica
otro,lima,50000.0,2024,camioneta,automatica
gasolina,lima,12300.0,2011,otros,automatica
gasolina,lima,18900.0,2020,camioneta,secuencial
otro,lima,48000.0,2019,camioneta,secuencial
gasolina,lima,42500.0,2022,otros,secuencial
gasolina,lima,39900.0,2018,camioneta,secuencial
gasolina,lima,12490.0,2020,otros,automatica
otro,lima,42900.0,2024,otros,secuencial
gasolina,lima,19990.0,2021,camioneta,secuencial
gasolina,lima,17900.0,2017,camioneta,automatica
gasolina,lima,16990.0,2021,camioneta,mecanica
gasolina,lima,12390.0,2015,camioneta,mecanica
gasolina,lima,48990.0,2022,otros,secuencial
gasolina,lima,24490.0,2022,otros,automatica
otro,lima,18900.0,2009,camioneta,secuencial
gasolina,lima,34500.0,2024,camioneta,automatica
gasolina,lima,83000.0,2025,camioneta,secuencial
otro,lima,55900.0,2024,deportivo,automatica
gasolina,lima,62000.0,2022,camioneta,secuencial
gasolina,lima,39500.0,2025,otros,automatica
gasolina,lima,39900.0,2016,otros,secuencial
gasolina,lima,66900.0,2023,camioneta,automatica
gasolina,lima,30900.0,2023,camioneta,secuencial
otro,lima,45900.0,2024,camioneta,automatica
gasolina,lima,45900.0,2023,camioneta,automatica
otro,lima,28900.0,2023,camioneta,automatica
gasolina,lima,36900.0,2021,camioneta,automatica
otro,lima,29500.0,2024,camioneta,secuencial
gasolina,lima,33900.0,2021,camioneta,automatica
gasolina,lima,22750.0,2023,camioneta,secuencial
otro,lima,42000.0,2023,camioneta,automatica
gasolina,lima,27500.0,2024,camioneta,secuencial
gasolina,lima,10900.0,2013,camioneta,automatica
gasolina,lima,16990.0,2012,camioneta,automatica
gasolina,lima,69900.0,2017,camioneta,secuencial
otro,lima,112900.0,2024,camioneta,secuencial
gasolina,lima,27990.0,2020,camioneta,automatica
gasolina,lima,73000.0,2016,camioneta,automatica
gasolina,lima,36900.0,2019,camioneta,secuencial
gasolina,lima,30990.0,2024,otros,secuencial
gasolina,lima,44500.0,2024,camioneta,automatica
otro,lima,35990.0,2024,camioneta,automatica
gasolina,lima,16000.0,2024,otros,mecanica
gasolina,lima,56000.0,2025,camioneta,automatica
gasolina,lima,19900.0,2023,camioneta,automatica
gasolina,lima,115000.0,2024,camioneta,secuencial
gasolina,lima,18900.0,2019,camioneta,automatica
gasolina,provincia,38500.0,2023,camioneta,automatica
otro,lima,39500.0,2023,otros,automatica
gasolina,lima,68900.0,2023,camioneta,secuencial
gasolina,lima,83000.0,2018,camioneta,automatica
otro,provincia,14000.0,2014,otros,automatica
gasolina,lima,18900.0,2018,camioneta,automatica
gasolina,lima,64900.0,2021,camioneta,secuencial
gasolina,lima,11500.0,2009,otros,mecanica
gasolina,lima,85991.0,2023,camioneta,automatica
otro,lima,18990.0,2025,otros,mecanica
otro,lima,50990.0,2023,camioneta,automatica
gasolina,lima,37900.0,2021,otros,secuencial
gasolina,lima,35990.0,2026,camioneta,automatica
gasolina,lima,15500.0,2023,camioneta,secuencial
gasolina,lima,34900.0,2019,camioneta,secuencial
gasolina,lima,22500.0,2019,camioneta,automatica
otro,lima,45900.0,2018,camioneta,secuencial
gasolina,lima,25900.0,2025,camioneta,automatica
otro,lima,33000.0,2026,camioneta,secuencial
otro,lima,27000.0,2024,camioneta,secuencial
gasolina,lima,24900.0,2018,otros,secuencial
gasolina,lima,16900.0,2024,camioneta,secuencial
gasolina,provincia,15500.0,2017,camioneta,automatica
gasolina,lima,32000.0,2022,camioneta,automatica
gasolina,lima,15500.0,2022,camioneta,automatica
otro,lima,96900.0,2023,camioneta,automatica
gasolina,lima,35000.0,2022,camioneta,automatica
otro,lima,51500.0,2024,camioneta,secuencial
gasolina,lima,19000.0,2022,camioneta,automatica
gasolina,lima,13900.0,2015,camioneta,mecanica
gasolina,lima,12900.0,2010,camioneta,secuencial
otro,lima,31990.0,2025,camioneta,automatica
otro,lima,20000.0,2022,camioneta,automatica
gasolina,lima,56000.0,2019,camioneta,automatica
gasolina,lima,27900.0,2023,otros,secuencial
gasolina,lima,16900.0,2015,camioneta,automatica
gasolina,lima,165900.0,2025,camioneta,secuencial
gasolina,lima,100000.0,2020,camioneta,secuencial
gasolina,lima,19900.0,2014,camioneta,secuencial
otro,lima,24490.0,2023,otros,mecanica
gasolina,lima,25500.0,2024,camioneta,automatica
otro,lima,11490.0,2022,otros,mecanica
gasolina,lima,21990.0,2021,camioneta,automatica
otro,lima,14500.0,2018,camioneta,automatica
gasolina,lima,44900.0,2021,camioneta,automatica
otro,lima,21990.0,2023,camioneta,automatica
gasolina,lima,46000.0,2024,camioneta,automatica
gasolina,lima,95000.0,2021,camioneta,secuencial
gasolina,lima,87991.0,2025,camioneta,automatica
gasolina,lima,16900.0,2016,camioneta,automatica
gasolina,lima,23900.0,2024,camioneta,automatica
gasolina,lima,25500.0,2020,otros,automatica
gasolina,lima,24900.0,2023,camioneta,secuencial
gasolina,lima,49500.0,2022,otros,automatica
gasolina,lima,29000.0,2024,camioneta,automatica
gasolina,lima,28900.0,2023,camioneta,automatica
gasolina,lima,54990.0,2023,deportivo,secuencial
gasolina,lima,19900.0,2022,camioneta,automatica
gasolina,lima,47000.0,2024,camioneta,automatica
otro,lima,60900.0,2025,camioneta,automatica
otro,lima,20990.0,2022,camioneta,mecanica
gasolina,lima,229000.0,2021,camioneta,secuencial
gasolina,lima,22500.0,2022,camioneta,secuencial
otro,lima,101900.0,2023,camioneta,automatica
otro,lima,33000.0,2023,camioneta,secuencial
gasolina,lima,18900.0,2012,camioneta,secuencial
gasolina,lima,13900.0,2016,otros,secuencial
gasolina,lima,8990.0,2014,otros,mecanica
gasolina,lima,42900.0,2020,camioneta,automatica
gasolina,lima,18200.0,2023,camioneta,automatica
gasolina,lima,44900.0,2018,camioneta,secuencial
gasolina,lima,17900.0,2017,otros,automatica
gasolina,lima,11500.0,2023,otros,automatica
gasolina,lima,16900.0,2017,camioneta,automatica
otro,lima,24500.0,2016,otros,mecanica
gasolina,provincia,26000.0,2025,camioneta,automatica
gasolina,lima,30500.0,2023,deportivo,automatica
gasolina,lima,26500.0,2024,camioneta,secuencial
gasolina,lima,37900.0,2023,otros,secuencial
gasolina,lima,160000.0,2022,otros,secuencial
gasolina,lima,17990.0,2022,camioneta,mecanica
gasolina,lima,12900.0,2017,camioneta,mecanica
otro,lima,36800.0,2024,camioneta,secuencial
gasolina,lima,56990.0,2023,deportivo,secuencial
gasolina,lima,15900.0,2019,otros,automatica
gasolina,lima,29900.0,2008,deportivo,mecanica
gasolina,lima,18900.0,2024,camioneta,automatica
gasolina,lima,9900.0,2020,camioneta,secuencial
gasolina,lima,75000.0,2018,camioneta,secuencial
otro,lima,17000.0,2023,camioneta,mecanica
gasolina,lima,10900.0,2015,camioneta,secuencial
gasolina,lima,24900.0,2024,camioneta,automatica
otro,lima,98900.0,2024,camioneta,secuencial
gasolina,provincia,17500.0,2025,camioneta,mecanica
gasolina,lima,54500.0,2025,camioneta,automatica
gasolina,lima,28000.0,2023,otros,automatica
gasolina,lima,21990.0,2022,camioneta,automatica
gasolina,lima,53900.0,2021,camioneta,secuencial
gasolina,lima,16700.0,2023,camioneta,secuencial
otro,lima,18990.0,2025,otros,mecanica
gasolina,lima,57900.0,2024,camioneta,secuencial
gasolina,lima,36500.0,2022,camioneta,automatica
gasolina,lima,24900.0,2018,camioneta,secuencial
gasolina,lima,15900.0,2020,camioneta,automatica
gasolina,lima,36900.0,2020,camioneta,secuencial
gasolina,lima,31900.0,2021,camioneta,secuencial
gasolina,lima,40900.0,2023,otros,automatica
gasolina,lima,15290.0,2022,otros,automatica
otro,lima,12000.0,2023,otros,automatica
gasolina,lima,21500.0,2016,camioneta,secuencial
gasolina,lima,40900.0,2022,camioneta,secuencial
gasolina,lima,19990.0,2021,camioneta,secuencial
gasolina,lima,20500.0,2024,otros,secuencial
gasolina,lima,29200.0,2024,camioneta,secuencial
gasolina,lima,33900.0,2025,otros,secuencial
gasolina,lima,49990.0,2017,camioneta,secuencial
gasolina,lima,20900.0,2018,camioneta,secuencial
otro,lima,16000.0,2023,camioneta,mecanica
gasolina,lima,26900.0,2020,otros,automatica
gasolina,lima,22490.0,2018,camioneta,automatica
gasolina,lima,19990.0,2024,camioneta,automatica
gasolina,provincia,16800.0,2019,camioneta,automatica
otro,lima,25900.0,2023,otros,mecanica
gasolina,lima,99990.0,2017,camioneta,secuencial
gasolina,lima,12500.0,2021,camioneta,secuencial
gasolina,lima,35190.0,2024,camioneta,automatica
gasolina,lima,12190.0,2023,camioneta,secuencial
gasolina,lima,8500.0,2019,camioneta,automatica
otro,lima,32990.0,2025,camioneta,secuencial
otro,lima,69991.0,2023,camioneta,automatica
otro,lima,29000.0,2023,camioneta,secuencial
otro,lima,76900.0,2026,deportivo,automatica
gasolina,lima,22900.0,2024,camioneta,secuencial
gasolina,lima,23990.0,2024,camioneta,automatica
otro,lima,119900.0,2025,camioneta,secuencial
gasolina,lima,63500.0,2024,camioneta,automatica
otro,lima,29500.0,2019,camioneta,secuencial
otro,lima,12000.0,2023,camioneta,automatica
gasolina,lima,29990.0,2019,camioneta,secuencial
gasolina,lima,24500.0,2025,camioneta,secuencial
otro,lima,69900.0,2023,otros,secuencial
otro,lima,52990.0,2022,camioneta,automatica
gasolina,lima,33900.0,2022,camioneta,automatica
gasolina,lima,30000.0,2023,camioneta,automatica
gasolina,lima,10500.0,2020,otros,automatica
otro,lima,23900.0,2024,camioneta,automatica
gasolina,lima,22900.0,2019,deportivo,secuencial
gasolina,lima,22500.0,2016,camioneta,automatica
otro,lima,83000.0,2025,camioneta,automatica
gasolina,lima,62900.0,2019,deportivo,secuencial
gasolina,lima,13900.0,2020,otros,automatica
gasolina,lima,18900.0,2024,camioneta,automatica
gasolina,lima,16800.0,2021,camioneta,automatica
otro,lima,38000.0,2019,camioneta,secuencial
otro,lima,22490.0,2023,otros,mecanica
gasolina,lima,19900.0,2024,camioneta,automatica
gasolina,lima,18900.0,2024,camioneta,automatica
gasolina,lima,20900.0,2020,camioneta,secuencial
gasolina,lima,15990.0,2018,camioneta,secuencial
gasolina,lima,72900.0,2016,otros,secuencial
gasolina,lima,30900.0,2022,otros,secuencial
otro,provincia,33000.0,2025,camioneta,secuencial
otro,lima,159990.0,2024,camioneta,automatica
otro,lima,13990.0,2023,camioneta,mecanica
gasolina,lima,26500.0,2018,camioneta,secuencial
gasolina,lima,109990.0,2025,camioneta,secuencial
gasolina,lima,28000.0,2019,camioneta,automatica
gasolina,lima,19900.0,2020,camioneta,secuencial
gasolina,lima,21900.0,2017,otros,secuencial
gasolina,lima,43990.0,2020,camioneta,automatica
gasolina,lima,24000.0,2024,camioneta,automatica
gasolina,provincia,23900.0,2020,camioneta,automatica
gasolina,lima,59990.0,2024,otros,secuencial
gasolina,lima,29900.0,2022,camioneta,secuencial
gasolina,provincia,26900.0,2022,camioneta,secuencial
gasolina,lima,9500.0,2015,otros,mecanica
otro,lima,24900.0,2023,otros,mecanica
otro,lima,52000.0,2024,camioneta,automatica
gasolina,lima,106990.0,2024,deportivo,automatica
gasolina,lima,29900.0,2017,otros,secuencial
otro,lima,55991.0,2023,camioneta,automatica
gasolina,lima,69990.0,2018,camioneta,secuencial
gasolina,lima,14900.0,2011,camioneta,automatica
gasolina,provincia,26000.0,2020,camioneta,automatica
gasolina,provincia,13900.0,2015,camioneta,secuencial
gasolina,lima,27900.0,2019,camioneta,automatica
gasolina,lima,56000.0,2024,camioneta,automatica
gasolina,lima,23900.0,2018,camioneta,automatica
gasolina,lima,20900.0,2024,camioneta,automatica
gasolina,lima,44900.0,2018,camioneta,secuencial
gasolina,lima,159000.0,2021,camioneta,secuencial
gasolina,lima,19990.0,2018,camioneta,secuencial
otro,lima,26900.0,2022,otros,mecanica
gasolina,lima,32900.0,2023,deportivo,automatica
gasolina,lima,23900.0,2022,otros,automatica
gasolina,lima,24900.0,2020,otros,secuencial
gasolina,lima,15800.0,2019,otros,secuencial
gasolina,lima,99900.0,2024,otros,secuencial
gasolina,lima,62900.0,2021,camioneta,secuencial
otro,lima,34500.0,2017,camioneta,automatica
gasolina,lima,33500.0,2023,camioneta,automatica
gasolina,lima,27000.0,2020,camioneta,automatica
gasolina,lima,84900.0,2025,camioneta,automatica
otro,lima,47500.0,2022,camioneta,mecanica
otro,lima,17900.0,2017,otros,mecanica
gasolina,lima,31990.0,2024,camioneta,secuencial
otro,lima,38500.0,2025,camioneta,secuencial
gasolina,provincia,20500.0,2024,camioneta,mecanica
otro,lima,28000.0,2019,camioneta,secuencial
gasolina,lima,29900.0,2019,camioneta,automatica
gasolina,lima,24900.0,2022,camioneta,automatica
otro,lima,67990.0,2022,camioneta,automatica
otro,lima,46000.0,2024,camioneta,automatica
gasolina,lima,28500.0,2022,camioneta,automatica
gasolina,lima,23000.0,2018,camioneta,automatica
gasolina,lima,19500.0,2015,otros,secuencial
gasolina,lima,45900.0,2023,camioneta,secuencial
gasolina,lima,18900.0,2015,camioneta,secuencial
otro,lima,39900.0,2023,otros,secuencial
gasolina,provincia,30000.0,2021,camioneta,automatica
gasolina,lima,9900.0,2011,camioneta,secuencial
gasolina,lima,17500.0,2018,otros,secuencial
gasolina,lima,24900.0,2019,camioneta,automatica
gasolina,lima,40700.0,2020,camioneta,automatica
gasolina,lima,22000.0,2021,camioneta,automatica
gasolina,lima,26000.0,2019,camioneta,automatica
gasolina,lima,12000.0,2023,otros,mecanica
gasolina,lima,99000.0,2012,deportivo,secuencial
otro,lima,34990.0,2023,camioneta,automatica
otro,lima,55900.0,2020,camioneta,secuencial
gasolina,lima,63900.0,2020,camioneta,secuencial
gasolina,lima,13900.0,2019,camioneta,secuencial
gasolina,lima,180000.0,2025,camioneta,secuencial
gasolina,lima,29990.0,2024,camioneta,secuencial
otro,lima,20990.0,2024,camioneta,automatica
gasolina,lima,19990.0,2018,camioneta,automatica
gasolina,lima,58900.0,2023,otros,secuencial
gasolina,lima,16990.0,2018,camioneta,automatica
gasolina,lima,39900.0,2018,camioneta,secuencial
otro,lima,16500.0,2024,camioneta,automatica
gasolina,lima,22990.0,2020,camioneta,secuencial
otro,lima,75991.0,2023,otros,automatica
gasolina,lima,51991.0,2024,camioneta,automatica
gasolina,lima,127900.0,2018,otros,secuencial
gasolina,lima,42490.0,2025,camioneta,automatica
gasolina,provincia,20900.0,2020,otros,automatica
otro,lima,27500.0,2025,camioneta,automatica
otro,lima,19490.0,2024,camioneta,automatica
gasolina,lima,18900.0,2017,otros,automatica
gasolina,lima,31500.0,2022,camioneta,automatica
gasolina,lima,72900.0,2024,camioneta,automatica
gasolina,lima,18990.0,2023,camioneta,mecanica
gasolina,lima,16000.0,2018,camioneta,automatica
gasolina,lima,24990.0,2024,camioneta,secuencial
otro,lima,52991.0,2024,otros,automatica
gasolina,lima,27000.0,2019,camioneta,automatica
gasolina,lima,21500.0,2018,camioneta,automatica
gasolina,lima,23000.0,2024,camioneta,automatica
gasolina,provincia,12900.0,2018,otros,mecanica
otro,lima,43991.0,2025,otros,automatica
gasolina,lima,20100.0,2020,camioneta,automatica
gasolina,lima,75991.0,2023,camioneta,automatica
gasolina,lima,31900.0,2024,camioneta,automatica
gasolina,lima,76991.0,2023,camioneta,automatica
gasolina,lima,17000.0,2022,camioneta,secuencial
gasolina,lima,52991.0,2025,camioneta,automatica
gasolina,lima,18990.0,2018,camioneta,automatica
otro,lima,17800.0,2020,otros,mecanica
otro,lima,15900.0,2024,otros,mecanica
gasolina,provincia,41900.0,2022,camioneta,secuencial
otro,lima,25000.0,2022,otros,automatica
gasolina,lima,30900.0,2018,camioneta,secuencial
otro,lima,15200.0,2024,otros,mecanica
otro,lima,28900.0,2025,otros,automatica
gasolina,lima,18000.0,2023,camioneta,automatica
gasolina,lima,14990.0,2023,camioneta,automatica
gasolina,lima,18500.0,2021,otros,mecanica
otro,lima,21900.0,2020,otros,mecanica
gasolina,lima,26700.0,2024,otros,automatica
otro,lima,15250.0,2024,otros,mecanica
gasolina,lima,27100.0,2018,camioneta,automatica
gasolina,lima,21500.0,2021,camioneta,secuencial
otro,lima,52991.0,2024,camioneta,automatica
otro,lima,32991.0,2024,otros,automatica
otro,lima,21500.0,2020,otros,mecanica
gasolina,lima,78991.0,2024,camioneta,automatica
gasolina,lima,45991.0,2023,otros,automatica
otro,lima,21500.0,2023,otros,mecanica
otro,lima,12990.0,2025,camioneta,mecanica
gasolina,lima,24000.0,2022,camioneta,secuencial
gasolina,lima,28900.0,2018,deportivo,secuencial
gasolina,lima,53900.0,2025,otros,automatica
gasolina,lima,14000.0,2020,camioneta,mecanica
gasolina,lima,37000.0,2023,camioneta,automatica
gasolina,lima,16000.0,2019,camioneta,automatica
otro,lima,26000.0,2021,otros,mecanica
gasolina,lima,43991.0,2023,otros,automatica
gasolina,lima,21990.0,2021,camioneta,automatica
otro,lima,29991.0,2023,otros,automatica
otro,lima,13000.0,2022,otros,mecanica
otro,lima,15500.0,2024,otros,mecanica
gasolina,lima,53991.0,2023,otros,automatica
otro,lima,26500.0,2022,otros,mecanica
otro,lima,73000.0,2021,camioneta,automatica
otro,lima,14250.0,2022,otros,mecanica
otro,lima,46991.0,2024,camioneta,automatica
gasolina,lima,35991.0,2022,camioneta,automatica
gasolina,lima,22300.0,2023,camioneta,automatica
gasolina,provincia,20900.0,2020,camioneta,secuencial
otro,lima,15300.0,2024,otros,mecanica
otro,lima,83991.0,2024,otros,automatica
gasolina,lima,120000.0,2015,deportivo,secuencial
gasolina,provincia,32900.0,2022,camioneta,secuencial
gasolina,lima,18991.0,2018,otros,mecanica
otro,lima,200000.0,2025,deportivo,secuencial
gasolina,lima,16490.0,2023,camioneta,automatica
otro,lima,15000.0,2023,otros,mecanica
gasolina,lima,19000.0,2022,camioneta,automatica
gasolina,lima,15490.0,2020,camioneta,mecanica
gasolina,lima,56991.0,2024,otros,automatica
gasolina,lima,15500.0,2018,camioneta,automatica
otro,lima,15100.0,2024,otros,mecanica
gasolina,lima,37900.0,2023,camioneta,secuencial
otro,lima,15500.0,2023,otros,mecanica
gasolina,lima,37990.0,2025,camioneta,secuencial
otro,lima,26990.0,2023,camioneta,automatica
otro,lima,55991.0,2023,otros,automatica
gasolina,lima,15000.0,2019,camioneta,mecanica
gasolina,lima,22990.0,2022,camioneta,mecanica
gasolina,lima,19990.0,2023,camioneta,automatica
otro,lima,59991.0,2024,camioneta,automatica
otro,lima,15350.0,2024,otros,mecanica
gasolina,lima,124991.0,2026,deportivo,automatica
gasolina,lima,69991.0,2022,camioneta,automatica
gasolina,lima,16000.0,2023,otros,automatica
gasolina,lima,16500.0,2018,camioneta,automatica
gasolina,lima,35991.0,2023,otros,automatica
gasolina,lima,29990.0,2024,camioneta,secuencial
gasolina,lima,21990.0,2025,camioneta,mecanica
gasolina,lima,27500.0,2024,camioneta,automatica
otro,lima,42991.0,2024,camioneta,automatica
gasolina,provincia,16900.0,2018,camioneta,mecanica
gasolina,lima,28500.0,2023,camioneta,secuencial
gasolina,lima,15500.0,2019,camioneta,mecanica
gasolina,lima,13200.0,2023,otros,mecanica
otro,provincia,23900.0,2024,camioneta,secuencial
gasolina,lima,20500.0,2019,camioneta,automatica
gasolina,lima,49991.0,2019,camioneta,automatica
otro,lima,15400.0,2024,otros,mecanica
gasolina,lima,26000.0,2025,otros,automatica
otro,lima,17990.0,2025,camioneta,secuencial
otro,lima,36000.0,2018,camioneta,automatica
otro,lima,15000.0,2024,otros,mecanica
gasolina,lima,75900.0,2024,camioneta,automatica
otro,lima,15900.0,2023,otros,mecanica
gasolina,lima,40000.0,2022,camioneta,automatica
gasolina,lima,26990.0,2024,camioneta,secuencial
gasolina,lima,15000.0,2021,camioneta,mecanica
gasolina,lima,190000.0,2024,otros,secuencial
gasolina,lima,155000.0,2022,camioneta,secuencial
gasolina,lima,12000.0,2018,otros,mecanica
gasolina,lima,40500.0,2022,camioneta,secuencial
gasolina,lima,20500.0,2023,camioneta,automatica
gasolina,lima,24990.0,2020,camioneta,secuencial
otro,lima,45991.0,2024,otros,automatica
gasolina,lima,14990.0,2023,camioneta,mecanica
gasolina,lima,21500.0,2022,camioneta,automatica
gasolina,lima,16200.0,2023,otros,automatica
gasolina,lima,11990.0,2022,otros,mecanica
gasolina,lima,50000.0,2019,camioneta,automatica
otro,lima,26990.0,2023,camioneta,secuencial
gasolina,lima,70991.0,2023,camioneta,automatica
gasolina,provincia,16900.0,2022,camioneta,automatica
gasolina,lima,16900.0,1973,otros,mecanica
gasolina,lima,16990.0,2022,camioneta,mecanica
gasolina,lima,24000.0,2024,camioneta,automatica
gasolina,lima,25990.0,2018,camioneta,secuencial
gasolina,lima,28490.0,2024,camioneta,automatica
gasolina,lima,20990.0,2023,camioneta,automatica
gasolina,lima,35000.0,2022,camioneta,automatica
gasolina,lima,18500.0,2024,otros,mecanica
gasolina,lima,19000.0,2024,camioneta,automatica
gasolina,lima,16990.0,2023,camioneta,automatica
gasolina,lima,20990.0,2025,otros,automatica
gasolina,lima,23990.0,2026,camioneta,secuencial
gasolina,lima,19900.0,2020,camioneta,secuencial
gasolina,lima,22900.0,2025,otros,secuencial
gasolina,lima,14900.0,2009,otros,secuencial
gasolina,lima,13900.0,2023,otros,mecanica
gasolina,lima,27900.0,2024,camioneta,secuencial
gasolina,lima,32990.0,2025,otros,automatica
gasolina,lima,23290.0,2026,camioneta,automatica
gasolina,lima,37900.0,2022,camioneta,automatica
gasolina,lima,27900.0,2020,camioneta,automatica
gasolina,lima,29900.0,2014,deportivo,secuencial
gasolina,lima,44900.0,2021,camioneta,automatica
gasolina,lima,51990.0,2025,otros,automatica
gasolina,lima,19900.0,2020,camioneta,automatica
gasolina,lima,25590.0,2026,otros,mecanica
gasolina,lima,17900.0,2023,camioneta,automatica
gasolina,lima,18900.0,2016,camioneta,secuencial
gasolina,lima,25990.0,2026,camioneta,mecanica
gasolina,lima,18900.0,2022,camioneta,automatica
gasolina,lima,22500.0,2016,camioneta,automatica
gasolina,lima,16900.0,2020,camioneta,secuencial
gasolina,lima,27900.0,2023,camioneta,automatica
otro,lima,43990.0,2026,camioneta,automatica
gasolina,lima,33900.0,2022,camioneta,automatica
gasolina,lima,39900.0,2015,deportivo,secuencial
gasolina,lima,22900.0,2024,otros,secuencial
otro,lima,16900.0,2021,camioneta,automatica
gasolina,lima,19900.0,2018,camioneta,automatica
gasolina,lima,23900.0,2024,camioneta,secuencial
gasolina,lima,25900.0,2020,otros,automatica
gasolina,lima,19900.0,2018,camioneta,secuencial
otro,lima,74900.0,2020,camioneta,secuencial
gasolina,lima,12790.0,2025,otros,mecanica
otro,lima,47810.0,2026,camioneta,automatica
gasolina,lima,27990.0,2026,camioneta,mecanica
gasolina,lima,28990.0,2025,otros,automatica
gasolina,lima,52990.0,2025,camioneta,automatica
gasolina,lima,34860.0,2026,camioneta,automatica
otro,lima,37090.0,2025,otros,mecanica
gasolina,lima,84990.0,2025,camioneta,automatica
gasolina,lima,17990.0,2026,camioneta,mecanica
gasolina,lima,19990.0,2024,camioneta,automatica
gasolina,lima,10490.0,2025,otros,mecanica
otro,lima,43590.0,2026,otros,mecanica
gasolina,lima,18990.0,2026,camioneta,automatica
gasolina,lima,16990.0,2025,camioneta,mecanica
otro,lima,30990.0,2026,otros,mecanica
gasolina,lima,13490.0,2026,camioneta,mecanica
gasolina,lima,20790.0,2025,otros,mecanica
otro,lima,32990.0,2025,otros,mecanica
gasolina,lima,28090.0,2026,camioneta,mecanica
otro,lima,48990.0,2025,camioneta,mecanica
otro,lima,48240.0,2026,camioneta,automatica
gasolina,lima,22190.0,2026,camioneta,mecanica
gasolina,lima,67990.0,2025,otros,secuencial
gasolina,lima,14590.0,2023,otros,mecanica
gasolina,lima,17590.0,2025,camioneta,automatica
gasolina,lima,54490.0,2026,camioneta,automatica
gasolina,lima,61990.0,2025,otros,automatica
gasolina,lima,39990.0,2025,camioneta,automatica
gasolina,lima,25990.0,2025,otros,mecanica
gasolina,lima,17890.0,2026,camioneta,mecanica
gasolina,lima,21590.0,2026,camioneta,mecanica
gasolina,lima,15790.0,2026,camioneta,automatica
gasolina,lima,32590.0,2026,otros,mecanica
gasolina,lima,22490.0,2025,camioneta,automatica
gasolina,lima,19690.0,2026,camioneta,mecanica
gasolina,lima,12990.0,2026,otros,mecanica
otro,lima,25990.0,2025,camioneta,automatica
gasolina,lima,17990.0,2025,camioneta,mecanica
gasolina,lima,10990.0,2026,camioneta,mecanica
gasolina,lima,25990.0,2026,camioneta,automatica
gasolina,lima,29490.0,2026,camioneta,mecanica
gasolina,lima,28490.0,2025,camioneta,automatica
gasolina,lima,18190.0,2024,otros,mecanica
gasolina,lima,25990.0,2025,camioneta,automatica
gasolina,lima,21490.0,2025,otros,automatica
gasolina,lima,17990.0,2026,otros,mecanica
gasolina,lima,26190.0,2026,otros,mecanica
gasolina,lima,17990.0,2026,camioneta,mecanica
gasolina,lima,34990.0,2024,otros,automatica
otro,lima,37990.0,2024,camioneta,automatica
gasolina,lima,24490.0,2026,camioneta,automatica
otro,lima,30890.0,2026,otros,mecanica
gasolina,lima,43990.0,2026,camioneta,automatica
gasolina,lima,54990.0,2025,camioneta,automatica
gasolina,lima,14990.0,2025,otros,automatica
gasolina,lima,58990.0,2024,deportivo,mecanica
gasolina,lima,21490.0,2026,otros,mecanica
gasolina,lima,43990.0,2025,otros,automatica
gasolina,lima,25990.0,2025,camioneta,automatica
gasolina,lima,34730.0,2026,camioneta,mecanica
gasolina,lima,36990.0,2026,camioneta,secuencial
gasolina,lima,37490.0,2026,camioneta,secuencial
gasolina,lima,39990.0,2025,camioneta,automatica
gasolina,lima,19990.0,2024,otros,automatica
gasolina,lima,20990.0,2025,otros,mecanica
gasolina,lima,51990.0,2025,otros,mecanica
gasolina,lima,25590.0,2026,camioneta,mecanica
gasolina,lima,23490.0,2025,camioneta,mecanica
gasolina,lima,17990.0,2026,otros,mecanica
gasolina,lima,27990.0,2026,otros,mecanica
gasolina,lima,48490.0,2026,camioneta,automatica
gasolina,lima,16950.0,2026,otros,mecanica
gasolina,lima,26990.0,2026,camioneta,secuencial
gasolina,lima,26990.0,2025,camioneta,mecanica
gasolina,lima,17290.0,2026,otros,mecanica
gasolina,lima,99990.0,2025,otros,secuencial
gasolina,lima,12390.0,2026,otros,mecanica
gasolina,lima,11190.0,2025,otros,mecanica
gasolina,lima,24490.0,2024,camioneta,automatica
gasolina,lima,84800.0,2024,camioneta,automatica
gasolina,lima,45490.0,2026,deportivo,automatica
otro,lima,38490.0,2026,otros,mecanica
gasolina,lima,30990.0,2026,camioneta,automatica
gasolina,lima,28990.0,2025,otros,automatica
otro,lima,25990.0,2026,camioneta,mecanica
gasolina,lima,7369.0,2009,otros,automatica
gasolina,lima,20900.0,2018,camioneta,automatica
gasolina,lima,11800.0,2009,otros,secuencial
gasolina,lima,26500.0,2019,camioneta,automatica
gasolina,lima,15500.0,2012,camioneta,secuencial
gasolina,provincia,11000.0,2019,otros,mecanica
gasolina,lima,50000.0,2024,camioneta,secuencial
gasolina,lima,18800.0,2024,camioneta,automatica
otro,lima,11500.0,2020,camioneta,secuencial
gasolina,lima,27500.0,2020,camioneta,secuencial
gasolina,lima,10500.0,2017,camioneta,secuencial
gasolina,lima,28500.0,2018,camioneta,secuencial
gasolina,lima,14800.0,2019,camioneta,mecanica
gasolina,lima,25500.0,2016,otros,secuencial
gasolina,lima,7399.0,2004,otros,automatica
gasolina,lima,33500.0,2019,camioneta,secuencial
otro,lima,11000.0,2016,otros,automatica
otro,lima,15500.0,2023,camioneta,automatica
gasolina,lima,16450.0,2010,camioneta,secuencial
gasolina,lima,13400.0,2020,otros,mecanica
gasolina,lima,26500.0,2021,camioneta,secuencial
otro,provincia,20500.0,2023,camioneta,secuencial
gasolina,lima,20000.0,2017,camioneta,secuencial
gasolina,lima,47500.0,2023,camioneta,secuencial
otro,lima,13500.0,2022,otros,automatica
gasolina,lima,53000.0,2019,camioneta,secuencial
gasolina,lima,20000.0,2016,camioneta,automatica
gasolina,provincia,26990.0,2023,camioneta,secuencial
gasolina,lima,18900.0,2023,camioneta,automatica
gasolina,lima,18500.0,2019,otros,secuencial
gasolina,lima,24900.0,2019,camioneta,secuencial
gasolina,lima,33500.0,2025,camioneta,automatica
otro,lima,12000.0,2019,otros,secuencial
gasolina,lima,13000.0,2025,camioneta,automatica
gasolina,lima,21500.0,2018,camioneta,secuencial
otro,lima,56000.0,2024,camioneta,secuencial
otro,lima,15900.0,2012,camioneta,secuencial
otro,lima,17000.0,2022,camioneta,automatica
gasolina,lima,17500.0,2020,otros,secuencial
gasolina,provincia,29300.0,2017,camioneta,secuencial
gasolina,lima,33000.0,2024,camioneta,secuencial
gasolina,lima,18500.0,2014,camioneta,secuencial
otro,lima,12200.0,2024,camioneta,automatica
gasolina,lima,14800.0,2013,otros,secuencial
otro,lima,13000.0,2016,camioneta,secuencial
gasolina,lima,17000.0,2023,otros,automatica
gasolina,lima,16000.0,2014,otros,secuencial
gasolina,lima,14200.0,2019,otros,automatica
gasolina,lima,63600.0,2023,camioneta,secuencial
otro,lima,20500.0,2024,otros,mecanica
gasolina,lima,14700.0,2011,camioneta,automatica
gasolina,lima,21900.0,2021,camioneta,secuencial
gasolina,lima,18700.0,2022,camioneta,secuencial
gasolina,lima,34500.0,2023,camioneta,secuencial
gasolina,lima,8500.0,2016,otros,mecanica
gasolina,lima,49990.0,2017,camioneta,secuencial
otro,lima,18750.0,2022,otros,secuencial
gasolina,lima,24000.0,2023,camioneta,automatica
otro,lima,16000.0,2024,otros,automatica
gasolina,lima,23500.0,2018,otros,secuencial
gasolina,lima,35000.0,2017,otros,automatica
gasolina,lima,33900.0,2022,camioneta,secuencial
gasolina,lima,24000.0,2024,camioneta,secuencial
gasolina,lima,17900.0,2025,camioneta,mecanica
gasolina,lima,23500.0,2018,camioneta,secuencial
gasolina,lima,30000.0,2022,camioneta,automatica
otro,lima,24900.0,2023,otros,mecanica
gasolina,lima,20000.0,2017,otros,secuencial
gasolina,lima,39000.0,2015,deportivo,secuencial
gasolina,lima,40000.0,2017,camioneta,secuencial
otro,lima,9990.0,2018,otros,secuencial
gasolina,lima,15000.0,2012,camioneta,automatica
gasolina,lima,17300.0,2023,camioneta,secuencial
gasolina,lima,12850.0,2014,otros,secuencial
gasolina,lima,18500.0,2018,otros,secuencial
gasolina,lima,17000.0,2017,otros,automatica
gasolina,lima,16000.0,2016,deportivo,automatica
gasolina,lima,34090.0,2023,camioneta,secuencial
gasolina,lima,15800.0,2014,otros,automatica
gasolina,lima,17500.0,2021,camioneta,secuencial
gasolina,lima,19900.0,2018,camioneta,mecanica
gasolina,lima,68900.0,2022,camioneta,secuencial
otro,lima,12500.0,2023,camioneta,mecanica
gasolina,lima,12500.0,2013,camioneta,secuencial
gasolina,lima,22900.0,2014,otros,secuencial
gasolina,lima,22900.0,2018,camioneta,secuencial
gasolina,provincia,23990.0,2021,camioneta,secuencial
gasolina,lima,24000.0,2020,camioneta,secuencial
gasolina,lima,15000.0,2017,camioneta,secuencial
gasolina,lima,45000.0,2022,camioneta,secuencial
gasolina,lima,41600.0,2018,camioneta,secuencial
otro,lima,9500.0,2010,otros,automatica
gasolina,lima,22200.0,2019,camioneta,automatica
gasolina,lima,29000.0,2023,camioneta,secuencial
otro,lima,12500.0,2024,otros,mecanica
gasolina,lima,18000.0,2017,camioneta,secuencial
gasolina,lima,12500.0,2016,camioneta,mecanica
gasolina,lima,63000.0,2022,deportivo,secuencial
gasolina,lima,17000.0,2019,camioneta,automatica
otro,lima,11500.0,2020,camioneta,mecanica
gasolina,lima,32500.0,2020,camioneta,secuencial
otro,lima,19950.0,2024,camioneta,secuencial
otro,lima,21500.0,2025,camioneta,automatica
gasolina,lima,13499.0,2013,otros,secuencial
gasolina,lima,23900.0,2023,camioneta,secuencial
gasolina,lima,33000.0,2018,otros,secuencial
otro,lima,12000.0,2016,otros,automatica
gasolina,lima,20500.0,2022,camioneta,automatica
gasolina,lima,21000.0,2016,camioneta,automatica
gasolina,lima,14999.0,2011,camioneta,mecanica
gasolina,lima,22000.0,2019,camioneta,automatica
gasolina,provincia,23500.0,2019,camioneta,automatica
gasolina,lima,17000.0,2020,camioneta,secuencial
gasolina,lima,15590.0,2022,camioneta,mecanica
gasolina,lima,22500.0,2018,camioneta,secuencial
gasolina,lima,15500.0,2017,camioneta,automatica
gasolina,lima,13750.0,2020,camioneta,automatica
gasolina,lima,20500.0,2021,camioneta,automatica
gasolina,lima,15000.0,2015,camioneta,automatica
gasolina,lima,18000.0,2016,otros,secuencial
gasolina,lima,19000.0,2016,camioneta,secuencial
gasolina,lima,16000.0,2018,camioneta,automatica
gasolina,lima,47000.0,2023,camioneta,secuencial
gasolina,lima,23900.0,2022,camioneta,secuencial
gasolina,lima,10550.0,2012,otros,mecanica
gasolina,lima,21500.0,2013,camioneta,secuencial
gasolina,lima,75000.0,2023,camioneta,secuencial
gasolina,lima,17500.0,2015,camioneta,automatica
gasolina,lima,19500.0,2023,camioneta,mecanica
gasolina,lima,13500.0,2013,otros,secuencial
gasolina,lima,10900.0,2012,otros,secuencial
otro,lima,20000.0,2023,camioneta,secuencial
gasolina,lima,69900.0,2019,otros,automatica
gasolina,lima,10000.0,2012,camioneta,mecanica
gasolina,lima,15550.0,2014,camioneta,secuencial
gasolina,lima,20700.0,2019,camioneta,secuencial
gasolina,lima,19000.0,2013,camioneta,secuencial
gasolina,lima,18900.0,2018,camioneta,automatica
gasolina,lima,22800.0,2024,otros,secuencial
gasolina,lima,14700.0,2014,otros,secuencial
gasolina,lima,24500.0,2018,camioneta,secuencial
gasolina,lima,19200.0,2024,otros,mecanica
gasolina,lima,26500.0,2022,camioneta,automatica
gasolina,lima,19000.0,2024,camioneta,secuencial
otro,lima,16900.0,2023,otros,mecanica
gasolina,lima,23500.0,2023,camioneta,automatica
gasolina,lima,31000.0,2024,camioneta,secuencial
gasolina,lima,44999.0,2019,camioneta,secuencial
gasolina,lima,11900.0,2015,camioneta,mecanica
otro,lima,16500.0,2023,otros,automatica
gasolina,lima,14500.0,2019,camioneta,automatica
gasolina,lima,18900.0,2019,otros,secuencial
gasolina,lima,42000.0,2017,camioneta,secuencial
gasolina,provincia,35500.0,2019,otros,secuencial
gasolina,lima,56000.0,2024,otros,mecanica
gasolina,lima,35500.0,2017,otros,secuencial
gasolina,lima,17000.0,2017,camioneta,automatica
gasolina,lima,31000.0,2021,camioneta,secuencial
gasolina,lima,24500.0,2013,camioneta,secuencial
gasolina,lima,13900.0,2018,otros,mecanica
gasolina,lima,7500.0,2014,otros,mecanica
otro,lima,9199.0,2014,camioneta,automatica
otro,lima,36000.0,2023,otros,automatica
gasolina,lima,23490.0,2021,camioneta,secuencial
gasolina,lima,13800.0,2012,otros,automatica
gasolina,lima,25000.0,2021,camioneta,automatica
gasolina,lima,28500.0,2022,camioneta,automatica
otro,lima,12999.0,2021,otros,mecanica
gasolina,provincia,32500.0,2019,deportivo,automatica
otro,lima,44990.0,2024,camioneta,automatica
otro,lima,18750.0,2021,camioneta,mecanica
gasolina,lima,28000.0,2020,camioneta,automatica
gasolina,lima,9900.0,2012,camioneta,automatica
otro,lima,9450.0,2014,otros,secuencial
otro,lima,11800.0,2013,otros,mecanica
otro,lima,75000.0,2023,camioneta,secuencial
gasolina,lima,10500.0,2019,camioneta,secuencial
gasolina,lima,21500.0,2019,camioneta,automatica
gasolina,lima,21500.0,2021,otros,secuencial
gasolina,lima,18000.0,2022,otros,secuencial
gasolina,lima,15900.0,2023,camioneta,mecanica
gasolina,lima,39000.0,2017,camioneta,secuencial
gasolina,lima,18900.0,2018,camioneta,secuencial
otro,lima,27600.0,2024,camioneta,secuencial
otro,lima,27900.0,2021,otros,secuencial
gasolina,lima,35000.0,2022,camioneta,secuencial
gasolina,lima,16900.0,2015,otros,secuencial
gasolina,lima,19900.0,2016,camioneta,secuencial
gasolina,lima,19500.0,2018,camioneta,secuencial
otro,provincia,28000.0,2021,otros,mecanica
gasolina,lima,20999.0,2023,camioneta,automatica
gasolina,lima,21850.0,2017,camioneta,secuencial
gasolina,lima,13500.0,2017,otros,automatica
gasolina,lima,42500.0,2022,camioneta,automatica
gasolina,lima,43900.0,2018,camioneta,automatica
gasolina,provincia,21000.0,2019,camioneta,secuencial
gasolina,lima,8000.0,2008,otros,automatica
gasolina,lima,11600.0,2009,camioneta,automatica
gasolina,lima,10800.0,2015,camioneta,mecanica
gasolina,lima,13800.0,2023,camioneta,secuencial
gasolina,lima,15000.0,2023,camioneta,secuencial
gasolina,lima,16900.0,2018,camioneta,secuencial
gasolina,lima,14000.0,2020,otros,automatica
gasolina,lima,31500.0,2021,camioneta,secuencial
gasolina,lima,10000.0,2015,otros,secuencial
gasolina,lima,18300.0,2021,camioneta,secuencial
gasolina,lima,18500.0,2019,camioneta,secuencial
gasolina,lima,20400.0,2020,camioneta,secuencial
gasolina,lima,16500.0,2015,otros,automatica
gasolina,lima,10000.0,2009,otros,secuencial
gasolina,lima,16500.0,2018,otros,secuencial
gasolina,lima,17500.0,2014,camioneta,secuencial
otro,provincia,33500.0,2022,otros,secuencial
gasolina,lima,17500.0,2016,otros,secuencial
gasolina,lima,32500.0,2019,camioneta,automatica
gasolina,lima,30000.0,2017,camioneta,automatica
gasolina,lima,23200.0,2023,camioneta,mecanica
gasolina,lima,29000.0,2023,camioneta,secuencial
otro,provincia,27000.0,2021,otros,secuencial
gasolina,lima,56000.0,2025,deportivo,secuencial
gasolina,lima,26300.0,2023,camioneta,automatica
gasolina,lima,12599.0,2018,camioneta,automatica
gasolina,lima,22000.0,2021,camioneta,automatica
otro,lima,24000.0,2022,otros,mecanica
gasolina,lima,12800.0,2018,camioneta,automatica
otro,lima,85000.0,2024,camioneta,secuencial
otro,lima,32000.0,2019,otros,mecanica
gasolina,provincia,18000.0,2015,otros,secuencial
gasolina,lima,22900.0,2018,camioneta,secuencial
gasolina,lima,7500.0,2022,otros,mecanica
gasolina,lima,26900.0,2024,camioneta,automatica
gasolina,lima,38500.0,2024,camioneta,automatica
gasolina,lima,34499.0,2024,camioneta,automatica
otro,lima,10400.0,2023,camioneta,mecanica
gasolina,lima,61900.0,2023,camioneta,secuencial
gasolina,lima,42500.0,2018,camioneta,secuencial
otro,lima,18500.0,2025,camioneta,mecanica
otro,lima,15200.0,2023,otros,mecanica
gasolina,lima,21000.0,2014,camioneta,secuencial
gasolina,lima,69000.0,2020,deportivo,secuencial
gasolina,lima,10990.0,2012,camioneta,secuencial
otro,lima,11000.0,2020,camioneta,secuencial
gasolina,lima,14700.0,2017,otros,mecanica
otro,lima,21500.0,2018,deportivo,secuencial
gasolina,lima,14000.0,2014,deportivo,automatica
gasolina,lima,11500.0,1963,otros,mecanica
gasolina,lima,21800.0,2024,camioneta,automatica
gasolina,lima,10800.0,2012,deportivo,mecanica
gasolina,lima,18400.0,2018,camioneta,automatica
gasolina,lima,129000.0,2020,deportivo,secuencial
gasolina,lima,18900.0,2015,camioneta,secuencial
gasolina,lima,13900.0,2018,otros,secuencial
otro,provincia,28000.0,2019,otros,mecanica
gasolina,lima,14500.0,2013,camioneta,automatica
otro,lima,22500.0,2022,otros,mecanica
gasolina,lima,21450.0,2018,camioneta,secuencial
gasolina,lima,32000.0,2020,camioneta,automatica
gasolina,lima,20500.0,2016,camioneta,secuencial
gasolina,lima,41900.0,2016,camioneta,secuencial
gasolina,provincia,36000.0,2022,camioneta,secuencial
gasolina,provincia,26000.0,2022,camioneta,secuencial
gasolina,lima,21900.0,2018,camioneta,secuencial
gasolina,lima,18500.0,2021,camioneta,secuencial
otro,lima,6400.0,1997,otros,mecanica
gasolina,lima,22200.0,2018,deportivo,secuencial
gasolina,lima,17300.0,2018,camioneta,automatica
gasolina,lima,29900.0,2018,camioneta,secuencial
otro,lima,9200.0,2014,otros,mecanica
gasolina,lima,43000.0,2018,camioneta,secuencial
otro,lima,8000.0,2013,otros,mecanica
gasolina,lima,23990.0,2025,camioneta,automatica
gasolina,lima,16500.0,2016,otros,automatica
otro,lima,68000.0,2024,camioneta,secuencial
otro,lima,20900.0,2022,otros,mecanica
gasolina,lima,16000.0,2012,otros,secuencial
gasolina,lima,18800.0,2020,camioneta,mecanica
gasolina,lima,149000.0,2026,deportivo,secuencial
gasolina,lima,9000.0,2015,otros,mecanica
gasolina,lima,42500.0,2015,camioneta,automatica
gasolina,lima,36900.0,2023,deportivo,secuencial
gasolina,lima,55000.0,2025,camioneta,secuencial
otro,lima,14250.0,2015,deportivo,automatica
gasolina,lima,21900.0,2021,otros,secuencial
gasolina,lima,16700.0,2022,camioneta,secuencial
gasolina,lima,8000.0,2013,otros,automatica
gasolina,lima,16900.0,2024,camioneta,automatica
gasolina,lima,18500.0,2013,camioneta,secuencial
gasolina,lima,26500.0,2021,camioneta,secuencial
otro,lima,8550.0,2019,otros,mecanica
gasolina,lima,17499.0,2017,camioneta,secuencial
gasolina,lima,35000.0,2021,camioneta,automatica
otro,provincia,25100.0,2023,otros,mecanica
gasolina,lima,70990.0,2022,otros,secuencial
gasolina,lima,75900.0,2023,camioneta,secuencial
gasolina,lima,18900.0,2020,camioneta,automatica
otro,lima,22000.0,2011,otros,mecanica
gasolina,lima,18900.0,2016,otros,secuencial
gasolina,lima,32500.0,2021,camioneta,automatica
gasolina,lima,5990.0,2010,camioneta,mecanica
otro,lima,24400.0,2022,camioneta,secuencial
gasolina,lima,51000.0,2018,otros,secuencial
otro,lima,24500.0,2023,camioneta,automatica
gasolina,lima,14000.0,2012,camioneta,secuencial
otro,lima,45000.0,2022,camioneta,secuencial
otro,lima,19500.0,2016,otros,automatica
gasolina,lima,28990.0,2021,camioneta,secuencial
otro,lima,82900.0,2023,camioneta,secuencial
gasolina,lima,16900.0,2023,camioneta,mecanica
otro,lima,55500.0,2025,camioneta,secuencial
gasolina,lima,18000.0,2019,camioneta,mecanica
gasolina,lima,20800.0,2022,camioneta,mecanica
gasolina,lima,65900.0,2023,camioneta,secuencial
gasolina,lima,10500.0,2013,camioneta,automatica
otro,lima,8500.0,2012,otros,secuencial
gasolina,lima,26500.0,2024,camioneta,secuencial
gasolina,lima,17700.0,2023,camioneta,mecanica
gasolina,lima,22000.0,2020,camioneta,secuencial
gasolina,provincia,21500.0,2019,camioneta,secuencial
gasolina,provincia,25500.0,2015,camioneta,secuencial
gasolina,lima,14000.0,2019,otros,automatica
gasolina,lima,49000.0,2025,otros,secuencial
gasolina,provincia,22500.0,2018,camioneta,secuencial
gasolina,provincia,35000.0,2020,camioneta,secuencial
gasolina,lima,27500.0,2025,camioneta,secuencial
gasolina,lima,26900.0,2019,camioneta,secuencial
gasolina,lima,45900.0,2024,camioneta,secuencial
gasolina,lima,17900.0,2022,camioneta,secuencial
gasolina,lima,25900.0,2024,camioneta,secuencial
gasolina,lima,13500.0,2023,otros,secuencial
gasolina,lima,14600.0,2012,otros,automatica
gasolina,lima,22200.0,2018,camioneta,automatica
gasolina,lima,66500.0,2022,camioneta,secuencial
gasolina,lima,28700.0,2024,camioneta,secuencial
gasolina,provincia,14500.0,2014,camioneta,secuencial
gasolina,lima,12700.0,2015,otros,secuencial
gasolina,lima,37000.0,2025,camioneta,secuencial
gasolina,lima,27000.0,2020,camioneta,secuencial
gasolina,lima,32900.0,2025,camioneta,secuencial
otro,lima,30000.0,2022,otros,secuencial
gasolina,lima,11300.0,2016,otros,mecanica
gasolina,lima,7200.0,2015,otros,mecanica
gasolina,lima,31900.0,2021,camioneta,secuencial
otro,lima,29500.0,2023,otros,mecanica
gasolina,lima,19000.0,2021,camioneta,secuencial
gasolina,lima,18500.0,2017,camioneta,automatica
gasolina,lima,18750.0,2018,otros,secuencial
gasolina,lima,49900.0,2016,camioneta,secuencial
gasolina,lima,29900.0,2024,camioneta,secuencial
gasolina,lima,96500.0,2018,deportivo,secuencial
gasolina,lima,38500.0,2024,camioneta,automatica
gasolina,lima,27800.0,2022,otros,secuencial
otro,provincia,30900.0,2014,camioneta,mecanica
gasolina,lima,20500.0,2012,otros,secuencial
otro,lima,17700.0,2024,camioneta,secuencial
gasolina,lima,17990.0,2023,camioneta,secuencial
gasolina,lima,27500.0,2024,camioneta,secuencial
gasolina,lima,7900.0,2014,camioneta,mecanica
otro,lima,19800.0,2023,otros,mecanica
gasolina,lima,53000.0,2024,camioneta,secuencial
gasolina,lima,39900.0,2016,camioneta,secuencial
gasolina,lima,11900.0,2022,otros,mecanica
gasolina,lima,33500.0,2021,camioneta,secuencial
gasolina,lima,11000.0,2010,otros,automatica
gasolina,lima,22500.0,2020,camioneta,secuencial
gasolina,lima,20900.0,2016,camioneta,automatica
gasolina,lima,33000.0,2023,camioneta,automatica
gasolina,lima,10700.0,2013,camioneta,automatica
gasolina,lima,16400.0,2018,otros,secuencial
gasolina,lima,20500.0,2019,otros,secuencial
gasolina,provincia,32000.0,2018,camioneta,secuencial
otro,lima,34900.0,2022,otros,automatica
otro,lima,16900.0,2016,camioneta,secuencial
gasolina,lima,30000.0,2017,deportivo,automatica
gasolina,lima,23000.0,2015,camioneta,secuencial
gasolina,provincia,32600.0,2023,camioneta,secuencial
gasolina,provincia,13500.0,2018,camioneta,mecanica
gasolina,lima,19000.0,2019,camioneta,secuencial
gasolina,lima,22800.0,2020,camioneta,automatica
gasolina,lima,26000.0,2005,deportivo,automatica
gasolina,lima,22500.0,2024,camioneta,secuencial
otro,lima,5000.0,2000,otros,automatica
gasolina,provincia,36000.0,2025,camioneta,secuencial
otro,lima,16950.0,2024,otros,automatica
gasolina,lima,42900.0,2018,camioneta,secuencial
gasolina,lima,23650.0,2019,otros,secuencial
gasolina,lima,13450.0,2013,camioneta,secuencial
gasolina,lima,11200.0,2011,camioneta,secuencial
gasolina,lima,21000.0,2018,camioneta,secuencial
gasolina,lima,12000.0,2023,otros,mecanica
gasolina,lima,19900.0,2019,otros,secuencial
gasolina,lima,20500.0,2014,camioneta,automatica
otro,lima,25000.0,2025,camioneta,secuencial
otro,lima,91900.0,2024,camioneta,secuencial
gasolina,lima,159900.0,2019,camioneta,secuencial
gasolina,lima,15350.0,2019,camioneta,automatica
gasolina,lima,59000.0,2016,deportivo,secuencial
gasolina,lima,15500.0,2019,camioneta,secuencial
gasolina,lima,15000.0,2020,camioneta,automatica
gasolina,lima,20900.0,2019,camioneta,secuencial
gasolina,lima,17900.0,2018,otros,secuencial
gasolina,lima,22000.0,2019,otros,mecanica
gasolina,lima,28900.0,2018,camioneta,secuencial
gasolina,provincia,25500.0,2025,camioneta,mecanica
gasolina,lima,18500.0,2017,otros,secuencial
gasolina,provincia,22500.0,2023,camioneta,secuencial
otro,lima,28000.0,2024,otros,automatica
gasolina,lima,33900.0,2023,otros,secuencial
gasolina,lima,35990.0,2019,camioneta,secuencial
gasolina,lima,33900.0,2025,camioneta,secuencial
gasolina,provincia,8000.0,2006,otros,secuencial
gasolina,lima,19900.0,2021,camioneta,secuencial
gasolina,lima,17000.0,2025,otros,mecanica
otro,lima,12900.0,2014,camioneta,automatica
gasolina,lima,18900.0,2017,otros,secuencial
otro,lima,34000.0,1998,camioneta,mecanica
gasolina,lima,14300.0,2013,deportivo,secuencial
gasolina,lima,28300.0,2020,camioneta,secuencial
gasolina,lima,29990.0,2021,camioneta,secuencial
otro,lima,36900.0,2022,camioneta,automatica
gasolina,lima,29000.0,2018,camioneta,secuencial
otro,lima,13300.0,2023,otros,mecanica
otro,provincia,29000.0,2020,otros,secuencial
gasolina,lima,24900.0,2020,camioneta,automatica
gasolina,lima,38000.0,2021,camioneta,automatica
gasolina,lima,44900.0,2018,deportivo,secuencial
gasolina,lima,22990.0,2019,camioneta,secuencial
gasolina,provincia,16500.0,2025,camioneta,secuencial
gasolina,lima,40000.0,2021,camioneta,automatica
gasolina,lima,11000.0,2013,camioneta,secuencial
gasolina,lima,27300.0,2019,camioneta,secuencial
otro,lima,39900.0,2023,otros,secuencial
gasolina,lima,36900.0,2017,camioneta,secuencial
gasolina,provincia,19000.0,2018,otros,automatica
gasolina,lima,16499.0,2018,camioneta,mecanica
otro,provincia,14800.0,2009,otros,automatica
gasolina,lima,33900.0,2021,camioneta,secuencial
gasolina,lima,18500.0,2023,camioneta,secuencial
otro,lima,42000.0,2022,camioneta,secuencial
gasolina,lima,14400.0,2017,camioneta,secuencial
gasolina,lima,15300.0,2018,camioneta,secuencial
gasolina,lima,21499.0,2020,camioneta,secuencial
gasolina,lima,18900.0,2025,otros,mecanica
gasolina,lima,29800.0,2016,camioneta,secuencial
gasolina,lima,75900.0,2023,deportivo,secuencial
gasolina,lima,15900.0,2014,camioneta,secuencial
gasolina,lima,6500.0,1964,deportivo,automatica
gasolina,lima,2500.0,1992,otros,mecanica
gasolina,lima,17999.0,2019,otros,automatica
otro,lima,5800.0,2019,otros,mecanica
gasolina,lima,19000.0,2018,otros,secuencial
gasolina,lima,24000.0,2022,camioneta,secuencial
gasolina,lima,29500.0,2020,otros,secuencial
otro,lima,16000.0,2024,otros,mecanica
gasolina,lima,1750.0,1996,otros,mecanica
gasolina,lima,18900.0,2022,camioneta,automatica
otro,lima,17800.0,2015,otros,mecanica
gasolina,lima,20500.0,2020,camioneta,automatica
gasolina,lima,52500.0,2022,otros,secuencial
gasolina,lima,9990.0,2011,otros,automatica
gasolina,lima,27200.0,2015,camioneta,secuencial
gasolina,lima,6350.0,2008,otros,mecanica
gasolina,lima,18500.0,2020,camioneta,automatica
gasolina,lima,11500.0,2014,otros,automatica
gasolina,lima,22900.0,2020,camioneta,secuencial
gasolina,lima,26500.0,2023,camioneta,secuencial
otro,lima,9999.0,2014,otros,mecanica
gasolina,lima,14000.0,2019,camioneta,mecanica
gasolina,lima,18000.0,2018,camioneta,automatica
gasolina,lima,17500.0,2023,camioneta,automatica
gasolina,lima,19600.0,2016,camioneta,secuencial
gasolina,lima,25000.0,2016,camioneta,secuencial
gasolina,lima,10700.0,2022,otros,mecanica
gasolina,lima,30000.0,2016,camioneta,automatica
otro,lima,25500.0,2022,otros,mecanica
gasolina,lima,23000.0,2022,camioneta,automatica
otro,lima,8500.0,2020,otros,mecanica
gasolina,provincia,8250.0,1967,otros,mecanica
gasolina,lima,22900.0,2018,camioneta,automatica
gasolina,lima,7900.0,2001,camioneta,secuencial
gasolina,provincia,29950.0,2022,camioneta,secuencial
gasolina,provincia,17000.0,2022,camioneta,mecanica
gasolina,lima,15000.0,2010,camioneta,secuencial
gasolina,lima,23990.0,2025,camioneta,automatica
gasolina,lima,10000.0,2009,otros,secuencial
otro,lima,23900.0,2007,camioneta,mecanica
gasolina,lima,19500.0,1964,deportivo,automatica
gasolina,provincia,8600.0,2018,otros,mecanica
gasolina,lima,14800.0,2019,otros,secuencial
gasolina,lima,7500.0,1967,otros,mecanica
gasolina,lima,28000.0,2024,camioneta,automatica
gasolina,lima,10700.0,2012,otros,secuencial
gasolina,lima,179000.0,2025,camioneta,secuencial
gasolina,lima,16000.0,2012,otros,secuencial
gasolina,lima,22000.0,2022,otros,automatica
gasolina,lima,45900.0,1999,deportivo,secuencial
gasolina,lima,5800.0,2001,camioneta,automatica
gasolina,lima,43500.0,2019,camioneta,secuencial
gasolina,lima,15800.0,2024,camioneta,secuencial
gasolina,lima,17800.0,2019,otros,automatica
gasolina,lima,11700.0,2016,otros,secuencial
gasolina,lima,14500.0,2018,otros,automatica
gasolina,lima,15000.0,2014,otros,secuencial
gasolina,lima,27800.0,2024,camioneta,automatica
gasolina,lima,7300.0,2004,camioneta,automatica
gasolina,lima,18900.0,2017,otros,secuencial
gasolina,lima,15600.0,2015,camioneta,automatica
gasolina,lima,16500.0,2016,camioneta,secuencial
gasolina,lima,33500.0,2024,camioneta,secuencial
gasolina,lima,32800.0,2023,deportivo,mecanica
gasolina,lima,52450.0,2019,camioneta,automatica
gasolina,lima,27000.0,2004,deportivo,mecanica
gasolina,lima,14000.0,2016,otros,secuencial
gasolina,lima,23800.0,2025,otros,automatica
otro,lima,5500.0,2010,otros,mecanica
gasolina,lima,26000.0,2024,camioneta,secuencial
gasolina,lima,14500.0,2014,camioneta,secuencial
gasolina,lima,14500.0,2015,camioneta,secuencial
otro,provincia,25200.0,2019,otros,secuencial
gasolina,lima,8600.0,2012,otros,automatica
gasolina,lima,7500.0,2010,otros,secuencial
gasolina,lima,14900.0,2015,otros,secuencial
gasolina,lima,19000.0,2023,camioneta,automatica
otro,provincia,24600.0,2024,otros,mecanica
gasolina,lima,16500.0,2016,deportivo,secuencial
gasolina,lima,41000.0,2017,camioneta,automatica
gasolina,lima,26900.0,2019,camioneta,secuencial
gasolina,lima,8500.0,2017,otros,automatica
gasolina,lima,28000.0,2018,camioneta,secuencial
gasolina,lima,5000.0,2008,otros,automatica
otro,lima,16900.0,2016,otros,mecanica
gasolina,lima,30000.0,2016,deportivo,secuencial
otro,lima,13000.0,2022,camioneta,automatica
gasolina,lima,39900.0,2023,otros,automatica
gasolina,lima,37400.0,2018,camioneta,secuencial
gasolina,provincia,16500.0,2022,camioneta,mecanica
gasolina,lima,22900.0,2017,camioneta,secuencial
gasolina,lima,16900.0,2024,camioneta,mecanica
gasolina,lima,15400.0,2013,camioneta,automatica
gasolina,provincia,9000.0,2010,camioneta,automatica
gasolina,lima,23000.0,2013,camioneta,automatica
gasolina,lima,23900.0,2023,camioneta,automatica
gasolina,lima,6950.0,2013,camioneta,mecanica
gasolina,lima,27000.0,2015,camioneta,automatica
gasolina,lima,10500.0,2014,otros,secuencial
gasolina,lima,19500.0,2023,camioneta,automatica
gasolina,lima,31000.0,2018,camioneta,secuencial
otro,lima,16300.0,2023,camioneta,secuencial
gasolina,lima,9500.0,2011,camioneta,mecanica
otro,lima,8900.0,2009,camioneta,secuencial
gasolina,provincia,15000.0,2014,camioneta,secuencial
gasolina,lima,15900.0,2022,camioneta,automatica
otro,lima,18200.0,2024,camioneta,mecanica
gasolina,lima,21000.0,2017,otros,secuencial
gasolina,lima,14900.0,2024,otros,automatica
gasolina,lima,26900.0,2022,otros,secuencial
gasolina,lima,11000.0,2017,otros,secuencial
gasolina,lima,15500.0,2013,deportivo,automatica
gasolina,lima,17800.0,2019,otros,secuencial
gasolina,lima,20600.0,2022,camioneta,secuencial
gasolina,lima,34500.0,2021,camioneta,secuencial
gasolina,lima,7700.0,2003,otros,secuencial
gasolina,lima,74900.0,2013,deportivo,secuencial
gasolina,lima,26500.0,2023,camioneta,secuencial
gasolina,provincia,58000.0,2022,camioneta,secuencial
otro,lima,25300.0,2024,camioneta,automatica
gasolina,lima,28700.0,2017,camioneta,secuencial
gasolina,lima,22000.0,2014,deportivo,secuencial
gasolina,lima,29900.0,2023,camioneta,secuencial
gasolina,lima,13900.0,2016,otros,automatica
gasolina,lima,7900.0,2010,otros,automatica
otro,provincia,26900.0,2022,otros,mecanica
gasolina,lima,21500.0,2022,camioneta,secuencial
gasolina,lima,64900.0,2023,deportivo,secuencial
gasolina,lima,8800.0,2009,otros,secuencial
gasolina,lima,19900.0,2018,otros,automatica
otro,lima,14200.0,2017,camioneta,secuencial
gasolina,lima,16000.0,2018,camioneta,automatica
gasolina,lima,15500.0,2017,otros,secuencial
gasolina,lima,27000.0,2016,camioneta,automatica
gasolina,lima,29200.0,2017,camioneta,automatica
gasolina,provincia,19600.0,2020,camioneta,secuencial
gasolina,lima,14700.0,2016,camioneta,mecanica
gasolina,lima,15700.0,2026,camioneta,mecanica
gasolina,lima,20500.0,2021,camioneta,secuencial
gasolina,lima,13000.0,2018,otros,secuencial
otro,lima,7900.0,2011,otros,secuencial
gasolina,lima,38500.0,2019,otros,secuencial
gasolina,lima,18999.0,2016,camioneta,secuencial
gasolina,lima,24500.0,2025,camioneta,secuencial
otro,lima,8000.0,2020,otros,mecanica
gasolina,lima,19500.0,2018,otros,secuencial
gasolina,lima,2500.0,1992,otros,mecanica
otro,lima,12300.0,2015,camioneta,mecanica
otro,lima,29900.0,2013,camioneta,mecanica
otro,lima,11900.0,2019,camioneta,mecanica
otro,lima,47500.0,2020,otros,mecanica
otro,lima,50000.0,2026,deportivo,automatica
gasolina,provincia,25000.0,2023,camioneta,mecanica
gasolina,lima,15000.0,2012,camioneta,automatica
gasolina,lima,8500.0,2005,otros,automatica
otro,lima,24000.0,2025,camioneta,automatica
gasolina,lima,50000.0,2025,camioneta,secuencial
gasolina,lima,16950.0,2016,deportivo,secuencial
gasolina,provincia,15000.0,2020,camioneta,automatica
otro,lima,9250.0,2009,camioneta,secuencial
otro,lima,11000.0,2009,otros,mecanica
gasolina,lima,33900.0,2023,camioneta,secuencial
gasolina,provincia,35000.0,2019,camioneta,mecanica
gasolina,provincia,11800.0,2017,otros,mecanica
gasolina,lima,22000.0,2016,camioneta,automatica
gasolina,lima,15500.0,2017,camioneta,secuencial
gasolina,lima,10500.0,2018,otros,automatica
gasolina,lima,36280.0,2020,camioneta,secuencial
gasolina,lima,19000.0,2022,camioneta,automatica
gasolina,lima,23000.0,2020,camioneta,secuencial
otro,lima,9700.0,2010,camioneta,secuencial
gasolina,lima,23000.0,2015,otros,automatica
gasolina,lima,16500.0,2019,otros,secuencial
gasolina,lima,18500.0,2017,camioneta,automatica
gasolina,lima,16000.0,2022,camioneta,secuencial
gasolina,lima,8990.0,1969,otros,mecanica
gasolina,lima,13000.0,2024,otros,automatica
otro,lima,12549.0,2011,camioneta,automatica
gasolina,lima,33500.0,2022,camioneta,automatica
gasolina,lima,16000.0,2018,camioneta,automatica
gasolina,lima,26900.0,2023,camioneta,automatica
gasolina,lima,12900.0,2019,otros,mecanica
gasolina,lima,28900.0,2020,otros,automatica
gasolina,lima,13900.0,2019,otros,automatica
gasolina,lima,13990.0,2016,camioneta,automatica
gasolina,lima,46990.0,2020,camioneta,secuencial
gasolina,lima,21200.0,2018,otros,automatica
gasolina,lima,11490.0,2016,otros,automatica
gasolina,lima,42900.0,2017,deportivo,secuencial
gasolina,lima,15990.0,2015,otros,automatica
gasolina,lima,15990.0,2015,camioneta,automatica
gasolina,lima,17990.0,2017,camioneta,automatica
otro,lima,21900.0,2023,otros,mecanica
gasolina,lima,23900.0,2020,otros,automatica
otro,lima,13990.0,2019,camioneta,automatica
gasolina,lima,21900.0,2018,camioneta,automatica
gasolina,lima,25500.0,2019,deportivo,automatica
gasolina,lima,33900.0,2018,camioneta,automatica
gasolina,lima,18990.0,2017,otros,automatica
gasolina,lima,39900.0,2023,camioneta,secuencial
gasolina,lima,10990.0,2012,otros,automatica
gasolina,lima,21500.0,2023,camioneta,automatica
gasolina,lima,11500.0,2022,camioneta,automatica
gasolina,lima,9500.0,2014,camioneta,automatica
gasolina,lima,15490.0,2018,camioneta,automatica
gasolina,lima,22500.0,2019,otros,automatica
gasolina,lima,15500.0,2015,otros,secuencial
otro,lima,29990.0,2016,camioneta,automatica
gasolina,lima,9900.0,2010,otros,automatica
gasolina,lima,52900.0,2025,camioneta,automatica
gasolina,lima,13990.0,2023,camioneta,mecanica
gasolina,lima,16990.0,2021,otros,automatica
otro,lima,22800.0,2022,otros,mecanica
otro,lima,27200.0,2022,otros,mecanica
otro,lima,25700.0,2022,otros,mecanica
otro,lima,20300.0,2022,otros,mecanica
otro,lima,23000.0,2022,otros,mecanica
gasolina,lima,62900.0,2019,deportivo,automatica
otro,lima,25000.0,2022,otros,mecanica
otro,lima,37700.0,2022,otros,automatica
gasolina,lima,9990.0,2015,otros,automatica
otro,lima,38000.0,2023,otros,automatica
otro,lima,26500.0,2020,otros,mecanica
otro,lima,25900.0,2022,otros,mecanica
gasolina,lima,12550.0,2021,otros,mecanica
otro,lima,26000.0,2022,otros,mecanica
otro,lima,22500.0,2022,otros,mecanica
otro,lima,19490.0,2020,camioneta,automatica
otro,lima,23500.0,2022,otros,mecanica
otro,lima,25100.0,2022,otros,mecanica
gasolina,lima,19990.0,2014,camioneta,automatica
gasolina,lima,7000.0,2005,otros,automatica
gasolina,lima,19990.0,2020,camioneta,automatica
gasolina,lima,54500.0,2024,deportivo,secuencial
gasolina,lima,12500.0,2011,camioneta,secuencial
gasolina,lima,17700.0,2014,camioneta,secuencial
gasolina,lima,19900.0,2017,otros,secuencial
gasolina,lima,13000.0,2017,otros,secuencial
gasolina,lima,14800.0,2020,camioneta,mecanica
otro,lima,8000.0,2021,otros,mecanica
otro,lima,10000.0,2022,otros,mecanica
gasolina,lima,16800.0,2017,camioneta,secuencial
gasolina,lima,14500.0,2023,otros,secuencial
gasolina,lima,19000.0,2017,camioneta,secuencial
gasolina,lima,14500.0,2017,otros,secuencial
gasolina,lima,21700.0,2015,camioneta,secuencial
gasolina,lima,26500.0,2022,camioneta,secuencial
gasolina,lima,20000.0,2017,camioneta,secuencial
otro,lima,18600.0,2023,camioneta,secuencial
otro,lima,33000.0,2022,otros,secuencial
gasolina,lima,28000.0,2018,camioneta,secuencial
gasolina,lima,9000.0,2013,otros,secuencial
otro,lima,9000.0,2021,otros,mecanica
otro,provincia,28200.0,2019,otros,mecanica
gasolina,lima,27550.0,2020,camioneta,secuencial
otro,lima,33800.0,2021,otros,mecanica
gasolina,lima,17000.0,2013,camioneta,secuencial
gasolina,lima,15000.0,2014,otros,secuencial
gasolina,lima,30900.0,2019,camioneta,secuencial
gasolina,lima,22700.0,2021,camioneta,secuencial
otro,lima,9500.0,2012,otros,automatica
gasolina,lima,22500.0,2017,otros,secuencial
gasolina,lima,9990.0,2015,otros,mecanica
gasolina,lima,19900.0,2021,camioneta,secuencial
otro,lima,10700.0,2021,otros,mecanica
gasolina,lima,15999.0,2022,camioneta,mecanica
gasolina,lima,16000.0,2014,camioneta,secuencial
otro,lima,43900.0,2022,camioneta,secuencial
gasolina,lima,8400.0,2017,camioneta,mecanica
gasolina,lima,34000.0,2024,camioneta,secuencial
otro,provincia,10900.0,2013,otros,mecanica
gasolina,lima,17500.0,2024,otros,secuencial
gasolina,provincia,25800.0,2020,camioneta,secuencial
gasolina,lima,10500.0,2022,otros,mecanica
gasolina,lima,19300.0,2019,camioneta,secuencial
gasolina,lima,18800.0,2017,otros,automatica
gasolina,lima,24900.0,2025,camioneta,secuencial
otro,lima,30500.0,2022,camioneta,secuencial
otro,lima,12500.0,2018,otros,secuencial
otro,lima,25000.0,2011,camioneta,mecanica
gasolina,lima,18000.0,2022,otros,mecanica
gasolina,lima,29800.0,2021,camioneta,automatica
gasolina,lima,13900.0,2016,camioneta,secuencial
gasolina,lima,10300.0,2018,otros,mecanica
gasolina,lima,16900.0,2016,camioneta,automatica
gasolina,lima,16800.0,2015,camioneta,automatica
gasolina,lima,13700.0,2020,camioneta,secuencial
gasolina,lima,15500.0,2013,otros,mecanica
otro,provincia,24000.0,2014,camioneta,automatica
otro,lima,10200.0,2018,otros,automatica
gasolina,lima,21000.0,2022,camioneta,automatica
gasolina,lima,13690.0,2020,camioneta,automatica
gasolina,lima,19000.0,2017,camioneta,automatica
gasolina,lima,12000.0,2011,camioneta,secuencial
otro,lima,27900.0,2016,camioneta,mecanica
gasolina,lima,19999.0,2024,otros,secuencial
gasolina,lima,21000.0,2016,camioneta,secuencial
gasolina,lima,26500.0,2022,otros,automatica
gasolina,lima,26000.0,2016,otros,automatica
otro,lima,6500.0,1987,otros,mecanica
gasolina,provincia,9500.0,2015,otros,automatica
gasolina,lima,18500.0,2018,otros,automatica
gasolina,lima,19900.0,2019,camioneta,secuencial
gasolina,lima,12500.0,2011,otros,secuencial
gasolina,lima,18900.0,2021,camioneta,secuencial
gasolina,lima,11500.0,2011,camioneta,secuencial
gasolina,provincia,16500.0,2015,camioneta,mecanica
gasolina,lima,15500.0,2015,camioneta,automatica
gasolina,lima,20900.0,2018,otros,secuencial
gasolina,lima,15600.0,2014,camioneta,automatica
gasolina,lima,8000.0,2019,otros,mecanica
gasolina,provincia,21900.0,2023,camioneta,automatica
gasolina,lima,19900.0,2019,camioneta,secuencial
gasolina,lima,21500.0,2024,camioneta,secuencial
gasolina,lima,19000.0,2016,camioneta,secuencial
gasolina,lima,16500.0,2019,camioneta,automatica
gasolina,lima,6900.0,2009,otros,secuencial
gasolina,provincia,28900.0,2019,camioneta,automatica
gasolina,lima,8500.0,2014,otros,automatica
gasolina,lima,17900.0,2020,camioneta,secuencial
gasolina,lima,30000.0,2024,camioneta,secuencial
otro,lima,21500.0,2025,camioneta,automatica
gasolina,lima,41900.0,2022,camioneta,secuencial
gasolina,lima,20300.0,2018,otros,secuencial
gasolina,lima,18300.0,2019,camioneta,secuencial
gasolina,lima,19000.0,2022,camioneta,mecanica
gasolina,lima,21000.0,2017,camioneta,automatica
otro,lima,9900.0,2018,otros,secuencial
gasolina,lima,39990.0,2024,deportivo,secuencial
gasolina,lima,16900.0,2023,camioneta,mecanica
gasolina,lima,14000.0,2018,camioneta,automatica
gasolina,lima,11900.0,2012,camioneta,automatica
gasolina,lima,7500.0,2010,otros,mecanica
gasolina,lima,17500.0,2014,camioneta,secuencial
gasolina,lima,13500.0,2017,camioneta,mecanica
gasolina,lima,16500.0,2016,camioneta,secuencial
gasolina,lima,5000.0,2012,otros,mecanica
gasolina,lima,11500.0,2015,camioneta,automatica
gasolina,lima,12500.0,2022,camioneta,mecanica
gasolina,lima,12000.0,2012,camioneta,automatica
gasolina,lima,27000.0,2023,otros,secuencial
gasolina,lima,18700.0,2024,camioneta,mecanica
otro,lima,12000.0,2020,camioneta,mecanica
otro,lima,17900.0,2016,camioneta,secuencial
gasolina,lima,10000.0,2008,camioneta,automatica
gasolina,lima,35900.0,2022,camioneta,secuencial
gasolina,lima,34000.0,2023,camioneta,automatica
gasolina,lima,50000.0,2021,camioneta,secuencial
gasolina,lima,10900.0,2011,otros,automatica
otro,lima,8700.0,1981,otros,automatica
gasolina,lima,14900.0,2015,camioneta,secuencial
gasolina,provincia,13300.0,2024,camioneta,mecanica
gasolina,lima,15900.0,2018,camioneta,mecanica
gasolina,lima,12500.0,2014,camioneta,automatica
gasolina,lima,8900.0,2012,otros,automatica
gasolina,lima,22200.0,2023,otros,automatica
gasolina,lima,11000.0,2016,otros,mecanica
gasolina,lima,11500.0,2014,otros,automatica
gasolina,provincia,14500.0,2023,camioneta,mecanica
gasolina,lima,8500.0,2010,camioneta,secuencial
gasolina,lima,27000.0,2017,camioneta,secuencial
gasolina,lima,21900.0,2019,camioneta,secuencial
gasolina,provincia,33000.0,2023,otros,automatica
gasolina,lima,12950.0,2023,otros,mecanica
otro,lima,10300.0,2023,otros,mecanica
gasolina,provincia,21900.0,2020,otros,secuencial
gasolina,provincia,20000.0,2011,camioneta,secuencial
gasolina,lima,9000.0,2014,otros,mecanica
gasolina,lima,14900.0,2023,otros,mecanica
gasolina,lima,11990.0,2013,otros,secuencial
gasolina,lima,38000.0,2019,camioneta,automatica
gasolina,lima,22000.0,2018,otros,secuencial
gasolina,lima,19100.0,2020,camioneta,secuencial
gasolina,lima,10000.0,2012,camioneta,mecanica
gasolina,lima,15000.0,2018,otros,secuencial
gasolina,lima,62500.0,2019,camioneta,secuencial
otro,lima,45600.0,2022,camioneta,mecanica
gasolina,lima,20900.0,2021,camioneta,secuencial
gasolina,lima,65500.0,2024,camioneta,secuencial
otro,lima,20200.0,2023,camioneta,secuencial
gasolina,provincia,19500.0,2014,camioneta,secuencial
gasolina,lima,17500.0,2022,camioneta,secuencial
gasolina,lima,35800.0,2019,camioneta,secuencial
gasolina,lima,22200.0,2022,camioneta,secuencial
gasolina,lima,7900.0,2008,camioneta,automatica
gasolina,lima,25000.0,2017,camioneta,automatica
gasolina,lima,12400.0,2017,deportivo,automatica
gasolina,lima,23500.0,2017,camioneta,secuencial
otro,lima,23000.0,2015,camioneta,automatica
gasolina,lima,16300.0,2018,camioneta,secuencial
gasolina,lima,21800.0,2020,camioneta,secuencial
gasolina,lima,24500.0,2023,camioneta,automatica
gasolina,lima,19900.0,2016,camioneta,automatica
gasolina,lima,14500.0,2019,otros,automatica
gasolina,lima,14900.0,2013,camioneta,automatica
gasolina,lima,14000.0,2013,camioneta,secuencial
gasolina,lima,17400.0,2018,camioneta,secuencial
gasolina,lima,32200.0,2020,camioneta,secuencial
gasolina,lima,18500.0,2023,camioneta,secuencial
gasolina,provincia,26000.0,2017,camioneta,automatica
gasolina,lima,15490.0,2021,camioneta,secuencial
gasolina,lima,22500.0,2011,deportivo,secuencial
otro,lima,33000.0,2022,otros,automatica
gasolina,provincia,13500.0,2012,camioneta,secuencial
gasolina,lima,15500.0,2018,camioneta,secuencial
gasolina,lima,18500.0,2017,otros,secuencial
gasolina,lima,21900.0,2019,camioneta,automatica
otro,provincia,11500.0,2013,otros,mecanica
gasolina,lima,13700.0,2013,camioneta,automatica
gasolina,lima,25800.0,2018,camioneta,secuencial
gasolina,lima,8800.0,2011,camioneta,automatica
gasolina,lima,33900.0,2023,camioneta,automatica
otro,lima,32500.0,2021,otros,secuencial
gasolina,provincia,20500.0,2024,camioneta,secuencial
gasolina,lima,21990.0,2012,otros,automatica
gasolina,lima,9300.0,2011,otros,automatica
gasolina,lima,114900.0,2024,camioneta,secuencial
gasolina,lima,16000.0,2015,otros,automatica
gasolina,lima,36500.0,2021,camioneta,secuencial
otro,lima,20900.0,2019,camioneta,secuencial
otro,lima,33000.0,2016,camioneta,secuencial
gasolina,provincia,10000.0,2016,camioneta,mecanica
gasolina,lima,29900.0,2017,camioneta,automatica
gasolina,lima,31990.0,2018,camioneta,automatica
gasolina,lima,20800.0,2018,otros,secuencial
otro,lima,46990.0,2021,camioneta,secuencial
gasolina,lima,19500.0,2024,camioneta,mecanica
otro,lima,23000.0,2021,otros,mecanica
gasolina,lima,22200.0,2017,camioneta,automatica
gasolina,lima,5450.0,2012,otros,mecanica
gasolina,provincia,18140.0,2021,camioneta,mecanica
gasolina,lima,24500.0,2015,camioneta,secuencial
gasolina,lima,54000.0,2024,camioneta,secuencial
gasolina,lima,17900.0,2020,camioneta,automatica
gasolina,lima,26950.0,2025,camioneta,secuencial
gasolina,lima,11200.0,2020,otros,mecanica
otro,lima,6500.0,2009,camioneta,secuencial
gasolina,lima,150000.0,2021,camioneta,secuencial
otro,lima,13950.0,2020,otros,mecanica
gasolina,lima,36900.0,2016,camioneta,secuencial
gasolina,provincia,40000.0,2023,camioneta,secuencial
gasolina,lima,8500.0,2013,camioneta,secuencial
gasolina,lima,10490.0,2012,camioneta,automatica
otro,lima,10450.0,2023,camioneta,mecanica
otro,provincia,42000.0,2022,otros,secuencial
gasolina,lima,21000.0,2017,camioneta,mecanica
gasolina,provincia,21700.0,2022,otros,secuencial
gasolina,lima,32900.0,2022,camioneta,secuencial
gasolina,lima,21990.0,2019,otros,secuencial
gasolina,provincia,13500.0,2010,camioneta,secuencial
gasolina,lima,19000.0,2013,camioneta,automatica
otro,lima,6500.0,2000,camioneta,automatica
gasolina,lima,7500.0,2016,otros,mecanica
otro,lima,9000.0,2010,camioneta,secuencial
gasolina,lima,25750.0,2018,camioneta,secuencial
gasolina,lima,18000.0,2023,camioneta,automatica
gasolina,lima,34500.0,2023,camioneta,automatica
gasolina,lima,24000.0,2019,camioneta,automatica
gasolina,lima,29000.0,2019,camioneta,automatica
gasolina,lima,51000.0,2024,camioneta,secuencial
otro,lima,15500.0,2022,camioneta,secuencial
gasolina,lima,19500.0,2019,camioneta,automatica
gasolina,provincia,12000.0,2009,otros,mecanica
gasolina,lima,18900.0,2025,otros,automatica
otro,provincia,40000.0,2024,camioneta,automatica
gasolina,lima,11200.0,2014,camioneta,automatica
otro,lima,28900.0,2011,camioneta,mecanica
gasolina,lima,49500.0,2018,camioneta,secuencial
gasolina,lima,21990.0,2015,camioneta,automatica
gasolina,lima,14800.0,2017,otros,secuencial
gasolina,lima,12700.0,2024,otros,secuencial
gasolina,lima,12499.0,2017,otros,automatica
gasolina,lima,15100.0,2018,otros,secuencial
otro,provincia,35600.0,2023,otros,mecanica
gasolina,lima,10200.0,2022,otros,mecanica
otro,lima,11400.0,2020,camioneta,mecanica
otro,lima,13800.0,2022,otros,mecanica
gasolina,lima,13000.0,2014,camioneta,secuencial
gasolina,lima,16500.0,2014,camioneta,automatica
gasolina,lima,18300.0,2018,camioneta,secuencial
otro,lima,22000.0,2023,camioneta,automatica
gasolina,lima,23000.0,2022,camioneta,secuencial
gasolina,lima,15000.0,2015,camioneta,automatica
gasolina,lima,15500.0,2018,camioneta,automatica
gasolina,lima,15500.0,2022,camioneta,secuencial
gasolina,lima,18000.0,2014,camioneta,secuencial
otro,lima,24800.0,2010,camioneta,secuencial
gasolina,lima,10500.0,2006,otros,automatica
gasolina,lima,35000.0,2020,camioneta,automatica
gasolina,lima,82900.0,2025,camioneta,secuencial
gasolina,lima,21500.0,2019,camioneta,automatica
gasolina,lima,9900.0,2012,camioneta,secuencial
gasolina,lima,9000.0,2018,otros,automatica
gasolina,lima,18300.0,2020,camioneta,automatica
gasolina,lima,15900.0,2017,camioneta,secuencial
otro,lima,25500.0,2020,otros,mecanica
gasolina,lima,10900.0,2016,otros,secuencial
gasolina,lima,19800.0,1964,deportivo,automatica
gasolina,lima,49500.0,2018,otros,automatica
gasolina,lima,44500.0,2017,otros,secuencial
otro,lima,20500.0,2012,otros,mecanica
otro,provincia,30000.0,2023,otros,mecanica
gasolina,lima,5000.0,1967,deportivo,automatica
gasolina,lima,11000.0,2013,otros,secuencial
gasolina,provincia,16500.0,2021,camioneta,secuencial
gasolina,lima,18900.0,2018,deportivo,automatica
otro,provincia,9000.0,2016,otros,mecanica
otro,lima,12500.0,2018,otros,mecanica
otro,lima,11500.0,2023,otros,mecanica
gasolina,lima,41000.0,2018,camioneta,automatica
gasolina,lima,10800.0,2012,otros,secuencial
gasolina,lima,14950.0,2015,camioneta,mecanica
gasolina,lima,10000.0,1981,deportivo,automatica
gasolina,lima,45500.0,2025,otros,secuencial
otro,lima,11500.0,2016,otros,secuencial
gasolina,lima,13500.0,2023,otros,mecanica
otro,lima,22500.0,2016,camioneta,secuencial
gasolina,lima,11200.0,2023,otros,mecanica
otro,lima,25500.0,2020,otros,mecanica
otro,lima,17000.0,2023,otros,mecanica
gasolina,lima,25000.0,2023,camioneta,secuencial
gasolina,lima,28600.0,2018,camioneta,secuencial
gasolina,lima,8000.0,2008,otros,secuencial
otro,lima,30000.0,2024,otros,mecanica
gasolina,lima,10800.0,2016,otros,mecanica
gasolina,lima,80000.0,2023,camioneta,secuencial
gasolina,lima,12000.0,2018,camioneta,automatica
gasolina,lima,35000.0,2020,camioneta,secuencial
gasolina,provincia,15500.0,2019,camioneta,mecanica
gasolina,lima,17000.0,2020,otros,secuencial
gasolina,lima,13500.0,2019,camioneta,mecanica
gasolina,lima,25000.0,2020,camioneta,automatica
gasolina,lima,13000.0,2014,camioneta,mecanica
gasolina,lima,22700.0,2023,camioneta,secuencial
gasolina,lima,16000.0,2018,otros,automatica
gasolina,lima,23900.0,2017,camioneta,secuencial
otro,provincia,29500.0,2025,camioneta,mecanica
gasolina,lima,10000.0,2012,otros,secuencial
gasolina,lima,7400.0,2010,camioneta,automatica
gasolina,lima,45500.0,2022,camioneta,secuencial
gasolina,lima,21000.0,2020,otros,automatica
otro,lima,9700.0,2015,otros,automatica
otro,lima,13500.0,2026,camioneta,mecanica
gasolina,lima,22500.0,2018,camioneta,secuencial
gasolina,lima,14200.0,2023,camioneta,secuencial
gasolina,lima,18900.0,2013,otros,secuencial
otro,lima,36500.0,2020,camioneta,secuencial
gasolina,lima,16900.0,2017,camioneta,automatica
gasolina,provincia,33900.0,2024,camioneta,secuencial
gasolina,provincia,22500.0,2021,camioneta,mecanica
gasolina,lima,12000.0,2010,camioneta,automatica
gasolina,lima,9800.0,2011,camioneta,secuencial
gasolina,lima,38800.0,2012,camioneta,secuencial
otro,lima,9000.0,2008,otros,mecanica
otro,lima,28500.0,2021,camioneta,secuencial
gasolina,lima,23900.0,2025,camioneta,secuencial
gasolina,provincia,20000.0,2020,camioneta,secuencial
gasolina,lima,15200.0,2017,camioneta,automatica
gasolina,lima,23500.0,2018,camioneta,secuencial
otro,lima,10300.0,2024,otros,mecanica
gasolina,lima,16500.0,2026,camioneta,mecanica
gasolina,provincia,61500.0,2023,deportivo,secuencial
otro,provincia,69000.0,2022,camioneta,secuencial
gasolina,lima,26000.0,2018,camioneta,secuencial
gasolina,lima,21500.0,2022,camioneta,mecanica
otro,lima,16000.0,2013,camioneta,secuencial
otro,provincia,13500.0,2018,otros,automatica
gasolina,lima,4000.0,1997,otros,mecanica
gasolina,lima,13000.0,2021,camioneta,automatica
gasolina,provincia,9700.0,2012,camioneta,mecanica
gasolina,lima,30500.0,2021,camioneta,automatica
gasolina,lima,60000.0,2025,otros,automatica
otro,lima,9500.0,2002,camioneta,secuencial
gasolina,lima,19890.0,2025,camioneta,automatica
gasolina,lima,15800.0,2024,camioneta,mecanica
gasolina,lima,29900.0,2018,camioneta,automatica
gasolina,lima,8900.0,2009,camioneta,automatica
gasolina,lima,21500.0,2018,camioneta,automatica
otro,lima,16000.0,2023,camioneta,mecanica
gasolina,provincia,47900.0,2019,deportivo,secuencial
gasolina,lima,18900.0,2022,otros,automatica
gasolina,provincia,11500.0,2017,otros,mecanica
otro,lima,30000.0,2023,otros,automatica
gasolina,lima,8500.0,2015,camioneta,mecanica
gasolina,lima,18000.0,2013,camioneta,mecanica
gasolina,lima,15000.0,2018,camioneta,secuencial
gasolina,lima,22300.0,2024,camioneta,secuencial
gasolina,lima,51500.0,2017,camioneta,secuencial
gasolina,provincia,18800.0,2019,camioneta,automatica
gasolina,provincia,26500.0,2023,camioneta,secuencial
gasolina,provincia,9500.0,2022,otros,mecanica
gasolina,lima,39900.0,2022,camioneta,automatica
gasolina,lima,13400.0,2018,camioneta,automatica
otro,provincia,14500.0,2015,camioneta,secuencial
gasolina,lima,13200.0,2021,otros,automatica
gasolina,lima,18900.0,2022,camioneta,automatica
otro,lima,19900.0,2017,otros,mecanica
gasolina,lima,9000.0,2011,camioneta,secuencial
gasolina,lima,21900.0,2023,camioneta,secuencial
otro,lima,46900.0,2023,camioneta,automatica
gasolina,lima,24500.0,2021,otros,automatica
otro,lima,18900.0,2022,otros,automatica
gasolina,lima,19900.0,2019,camioneta,automatica
gasolina,lima,11900.0,2017,camioneta,mecanica
gasolina,lima,20500.0,2018,otros,automatica
gasolina,lima,15900.0,2017,otros,automatica
gasolina,lima,32900.0,2022,camioneta,automatica
gasolina,lima,13490.0,2022,otros,automatica
gasolina,lima,57990.0,2019,deportivo,secuencial
gasolina,lima,31990.0,2017,otros,automatica
gasolina,lima,49500.0,2022,otros,automatica
gasolina,lima,92990.0,2019,otros,automatica
gasolina,lima,10900.0,2018,otros,automatica
gasolina,lima,22900.0,2017,camioneta,automatica
gasolina,lima,42000.0,2021,camioneta,automatica
gasolina,lima,30900.0,2021,camioneta,automatica
gasolina,lima,31200.0,2024,camioneta,automatica
gasolina,lima,11900.0,2012,camioneta,automatica
gasolina,lima,18900.0,2018,camioneta,automatica
gasolina,lima,52990.0,2023,otros,secuencial
gasolina,lima,25750.0,2017,otros,secuencial
gasolina,lima,12200.0,2013,otros,automatica
gasolina,lima,45990.0,2019,camioneta,secuencial
gasolina,lima,15900.0,2013,otros,mecanica
gasolina,lima,7000.0,1981,otros,automatica
gasolina,lima,17000.0,2020,camioneta,automatica
gasolina,lima,180000.0,2025,otros,secuencial
gasolina,lima,14000.0,2022,camioneta,automatica
gasolina,lima,15900.0,2017,otros,mecanica
gasolina,lima,38900.0,2020,camioneta,automatica
gasolina,lima,49500.0,2018,camioneta,secuencial
gasolina,lima,29900.0,2023,camioneta,automatica
gasolina,lima,25900.0,2022,otros,automatica
gasolina,lima,11900.0,2014,otros,automatica
gasolina,lima,69990.0,2022,deportivo,secuencial
gasolina,lima,20900.0,2018,otros,automatica
gasolina,lima,32900.0,2020,camioneta,automatica
gasolina,lima,26750.0,2023,camioneta,secuencial
gasolina,lima,21500.0,2018,otros,automatica
gasolina,lima,30900.0,2019,camioneta,automatica
gasolina,lima,24900.0,2017,camioneta,automatica
gasolina,lima,35900.0,2022,camioneta,automatica
gasolina,lima,44500.0,2017,deportivo,automatica
gasolina,lima,15500.0,2016,camioneta,automatica
gasolina,lima,27900.0,2015,otros,automatica
gasolina,lima,32900.0,2022,camioneta,automatica
gasolina,lima,18990.0,2013,camioneta,automatica
gasolina,lima,14300.0,2015,otros,automatica
gasolina,lima,23900.0,2015,camioneta,automatica
gasolina,lima,17000.0,2013,otros,automatica
gasolina,lima,13750.0,2013,otros,secuencial
gasolina,lima,84990.0,2020,otros,secuencial
gasolina,lima,12990.0,2013,otros,automatica
gasolina,lima,61900.0,2023,camioneta,automatica
gasolina,lima,57990.0,2013,deportivo,automatica
gasolina,lima,22500.0,2019,camioneta,automatica
gasolina,lima,28900.0,2024,camioneta,automatica
gasolina,lima,19890.0,2018,camioneta,automatica
gasolina,lima,70990.0,2023,camioneta,automatica
gasolina,lima,14900.0,2016,camioneta,automatica
gasolina,lima,22900.0,2018,camioneta,automatica
otro,lima,35500.0,2021,camioneta,automatica
gasolina,lima,22900.0,2016,otros,automatica
gasolina,lima,57500.0,2022,otros,secuencial
gasolina,lima,22000.0,2019,camioneta,automatica
gasolina,lima,30500.0,2016,camioneta,automatica
gasolina,lima,86990.0,2021,deportivo,secuencial
gasolina,lima,23900.0,2016,camioneta,automatica
gasolina,lima,34990.0,2016,camioneta,automatica
otro,lima,13900.0,2013,otros,automatica
otro,lima,119000.0,2025,otros,secuencial
gasolina,lima,25900.0,2021,camioneta,automatica
otro,lima,18500.0,2025,otros,mecanica
gasolina,lima,25900.0,2021,camioneta,automatica
gasolina,lima,32900.0,2023,camioneta,automatica
gasolina,lima,28000.0,2020,camioneta,secuencial
gasolina,lima,75990.0,2022,otros,secuencial
gasolina,lima,60900.0,2019,deportivo,automatica
gasolina,lima,33200.0,2020,camioneta,automatica
gasolina,lima,14900.0,2013,otros,automatica
gasolina,lima,30500.0,2022,camioneta,automatica
gasolina,lima,27900.0,2019,otros,automatica
gasolina,lima,25990.0,1958,otros,automatica
gasolina,lima,18990.0,2017,camioneta,automatica
gasolina,lima,23990.0,2018,otros,automatica
otro,lima,15900.0,2015,otros,automatica
gasolina,lima,42900.0,2020,camioneta,automatica
gasolina,lima,18900.0,2019,camioneta,automatica
gasolina,lima,23900.0,2013,camioneta,automatica
gasolina,lima,22900.0,2019,otros,automatica
gasolina,lima,32990.0,2017,camioneta,automatica
gasolina,lima,22900.0,2023,otros,automatica
gasolina,lima,17500.0,2018,otros,automatica
gasolina,lima,20500.0,2019,otros,automatica
gasolina,lima,12300.0,2014,otros,mecanica
gasolina,lima,36000.0,2022,camioneta,secuencial
gasolina,lima,25900.0,2016,camioneta,secuencial
gasolina,lima,52990.0,2021,camioneta,secuencial
gasolina,lima,16900.0,2019,camioneta,mecanica
gasolina,lima,37990.0,2020,otros,secuencial
gasolina,lima,11000.0,2011,camioneta,automatica
gasolina,lima,14000.0,2010,camioneta,secuencial
gasolina,lima,11900.0,2015,camioneta,mecanica
gasolina,lima,21500.0,2023,camioneta,mecanica
gasolina,lima,22500.0,2017,camioneta,secuencial
gasolina,lima,23500.0,2019,camioneta,secuencial
gasolina,lima,16990.0,2016,otros,secuencial
otro,lima,99900.0,2024,camioneta,secuencial
gasolina,lima,12800.0,2018,otros,automatica
gasolina,lima,10900.0,2018,camioneta,mecanica
otro,lima,13200.0,2019,camioneta,mecanica
gasolina,provincia,6000.0,2012,camioneta,mecanica
otro,lima,10990.0,2014,camioneta,mecanica
gasolina,lima,35500.0,2016,camioneta,secuencial
otro,lima,83000.0,2024,otros,automatica
otro,lima,22000.0,2022,otros,automatica
gasolina,lima,12900.0,2017,camioneta,mecanica
gasolina,lima,12800.0,2015,otros,automatica
otro,provincia,16300.0,2023,camioneta,mecanica
gasolina,lima,34500.0,2022,camioneta,secuencial
gasolina,lima,29500.0,2021,camioneta,secuencial
gasolina,lima,12900.0,2013,camioneta,secuencial
gasolina,lima,8400.0,2014,otros,mecanica
gasolina,lima,52500.0,2021,camioneta,secuencial
gasolina,lima,26500.0,2020,camioneta,secuencial
gasolina,lima,31000.0,2020,camioneta,secuencial
gasolina,lima,13800.0,2014,camioneta,automatica
gasolina,lima,16990.0,2022,camioneta,automatica
gasolina,lima,16500.0,2024,otros,mecanica
gasolina,lima,7000.0,2012,otros,mecanica
gasolina,lima,21000.0,2016,otros,secuencial
gasolina,lima,11700.0,2017,camioneta,secuencial
gasolina,lima,10500.0,2012,otros,secuencial
gasolina,lima,4600.0,2002,otros,automatica
gasolina,lima,4900.0,2000,otros,automatica
gasolina,lima,22850.0,2024,camioneta,secuencial
gasolina,lima,6500.0,2014,otros,mecanica
gasolina,lima,19000.0,2013,deportivo,secuencial
gasolina,lima,15700.0,2015,camioneta,automatica
otro,provincia,29900.0,2021,camioneta,secuencial
gasolina,lima,17600.0,2018,camioneta,secuencial
gasolina,lima,16500.0,2021,camioneta,secuencial
otro,lima,10400.0,2016,camioneta,secuencial
otro,lima,16900.0,2021,camioneta,secuencial
gasolina,lima,22900.0,2024,camioneta,secuencial
gasolina,provincia,10800.0,2026,otros,mecanica
gasolina,lima,34000.0,2026,camioneta,secuencial
gasolina,lima,17500.0,2023,camioneta,secuencial
gasolina,provincia,20000.0,2016,otros,secuencial
gasolina,provincia,26900.0,2022,camioneta,secuencial
otro,lima,17000.0,2023,otros,mecanica
gasolina,lima,9200.0,2017,otros,automatica
otro,lima,9000.0,2017,otros,mecanica
gasolina,lima,7800.0,2008,otros,secuencial
gasolina,lima,27500.0,2021,otros,secuencial
gasolina,lima,27900.0,2016,camioneta,secuencial
gasolina,lima,38000.0,2021,camioneta,secuencial
gasolina,lima,23000.0,2019,camioneta,secuencial
gasolina,lima,17500.0,2014,camioneta,secuencial
gasolina,lima,11500.0,2014,camioneta,secuencial
gasolina,lima,13000.0,2013,camioneta,automatica
otro,lima,9000.0,2016,otros,automatica
gasolina,lima,27800.0,2025,camioneta,secuencial
otro,lima,6800.0,2015,otros,mecanica
gasolina,lima,18500.0,2016,deportivo,automatica
gasolina,lima,4200.0,2004,otros,automatica
gasolina,lima,31500.0,2025,camioneta,secuencial
gasolina,lima,10990.0,2017,otros,secuencial
gasolina,provincia,20350.0,2018,otros,secuencial
gasolina,lima,18000.0,2016,camioneta,secuencial
gasolina,lima,9200.0,2012,otros,mecanica
gasolina,lima,9600.0,2014,camioneta,mecanica
gasolina,lima,15500.0,2013,deportivo,secuencial
gasolina,lima,19990.0,2018,camioneta,secuencial
gasolina,lima,27000.0,2018,otros,secuencial
otro,lima,58000.0,2023,camioneta,secuencial
gasolina,provincia,20000.0,2020,camioneta,mecanica
gasolina,lima,16450.0,2012,otros,secuencial
gasolina,lima,24000.0,2021,otros,secuencial
gasolina,lima,14500.0,2014,camioneta,secuencial
gasolina,lima,14300.0,2023,camioneta,automatica
gasolina,lima,18500.0,2019,camioneta,secuencial
gasolina,lima,19000.0,2020,camioneta,secuencial
otro,lima,12400.0,2024,camioneta,mecanica
gasolina,lima,9300.0,1982,otros,automatica
gasolina,lima,22500.0,2018,otros,secuencial
gasolina,lima,15900.0,2023,otros,automatica
gasolina,lima,8900.0,2017,otros,automatica
gasolina,lima,12800.0,2026,otros,mecanica
gasolina,lima,9200.0,2017,otros,mecanica
gasolina,lima,6300.0,2004,camioneta,mecanica
otro,lima,12200.0,2018,otros,automatica
gasolina,lima,12100.0,2018,camioneta,secuencial
otro,lima,17000.0,2024,otros,automatica
otro,lima,16500.0,2024,otros,automatica
gasolina,provincia,15500.0,2020,camioneta,secuencial
gasolina,lima,14800.0,2016,camioneta,secuencial
gasolina,lima,15900.0,2017,otros,secuencial
gasolina,lima,24000.0,2016,deportivo,secuencial
gasolina,lima,22000.0,2025,camioneta,secuencial
gasolina,lima,20000.0,2019,camioneta,secuencial
gasolina,lima,23900.0,2019,camioneta,secuencial
gasolina,lima,16700.0,2019,camioneta,automatica
gasolina,lima,18500.0,2017,otros,automatica
otro,lima,16000.0,2021,camioneta,secuencial
gasolina,lima,14900.0,2012,otros,secuencial
gasolina,lima,15950.0,2016,camioneta,secuencial
gasolina,lima,22900.0,2024,camioneta,automatica
gasolina,lima,33300.0,2022,camioneta,secuencial
gasolina,lima,16500.0,2019,otros,automatica
gasolina,lima,17800.0,2015,camioneta,secuencial
gasolina,lima,11700.0,2023,otros,secuencial
otro,lima,19900.0,2013,camioneta,secuencial
gasolina,lima,10799.0,2016,otros,secuencial
gasolina,provincia,31700.0,2025,camioneta,secuencial
otro,lima,7000.0,2018,otros,mecanica
otro,lima,26900.0,2019,otros,secuencial
otro,lima,11800.0,2023,camioneta,mecanica
gasolina,lima,14000.0,2021,otros,automatica
gasolina,lima,19500.0,2019,camioneta,secuencial
gasolina,lima,9000.0,2018,camioneta,mecanica
otro,lima,34000.0,2025,otros,mecanica
gasolina,lima,31500.0,2012,deportivo,secuencial
gasolina,lima,29590.0,2023,camioneta,secuencial
otro,lima,9500.0,2014,camioneta,secuencial
gasolina,lima,22400.0,2020,camioneta,secuencial
gasolina,lima,24900.0,2012,camioneta,secuencial
gasolina,lima,16000.0,2013,otros,secuencial
gasolina,lima,10500.0,2023,otros,mecanica
otro,lima,7900.0,2013,camioneta,mecanica
otro,lima,40000.0,2022,otros,mecanica
gasolina,lima,12900.0,2019,camioneta,automatica
gasolina,lima,52900.0,2019,camioneta,secuencial
otro,lima,18900.0,2026,otros,mecanica
otro,lima,10950.0,2022,otros,mecanica
gasolina,lima,48900.0,2021,camioneta,automatica
gasolina,lima,14200.0,2020,camioneta,automatica
gasolina,lima,12600.0,2012,camioneta,secuencial
gasolina,lima,10700.0,2016,camioneta,secuencial
gasolina,lima,11990.0,2021,otros,mecanica
gasolina,lima,13500.0,2020,otros,mecanica
gasolina,lima,11500.0,2022,camioneta,secuencial
gasolina,lima,13000.0,2012,camioneta,automatica
otro,lima,38500.0,2026,otros,mecanica
otro,lima,37500.0,2021,camioneta,secuencial
gasolina,lima,55000.0,2021,camioneta,secuencial
gasolina,lima,16900.0,2024,camioneta,mecanica
otro,lima,8500.0,2013,otros,mecanica
gasolina,lima,19900.0,2017,camioneta,secuencial
gasolina,lima,9500.0,2018,otros,mecanica
gasolina,lima,28000.0,2024,camioneta,secuencial
gasolina,lima,7000.0,2013,otros,mecanica
gasolina,lima,10900.0,2019,otros,secuencial
otro,lima,59900.0,2020,otros,mecanica
gasolina,provincia,15500.0,2013,camioneta,automatica
otro,lima,13500.0,2023,otros,secuencial
gasolina,lima,12000.0,2009,camioneta,secuencial
gasolina,lima,8900.0,2005,otros,secuencial
gasolina,lima,6800.0,2013,camioneta,mecanica
gasolina,lima,11500.0,2014,camioneta,secuencial
gasolina,lima,19900.0,2023,camioneta,secuencial
gasolina,lima,13900.0,2017,camioneta,secuencial
otro,lima,15500.0,2015,camioneta,secuencial
otro,lima,43800.0,2023,camioneta,automatica
gasolina,lima,36000.0,2023,camioneta,secuencial
gasolina,lima,18000.0,2019,otros,secuencial
gasolina,lima,20900.0,2025,camioneta,secuencial
gasolina,lima,13900.0,2017,otros,secuencial
gasolina,lima,27500.0,2017,camioneta,secuencial
gasolina,lima,9200.0,2012,camioneta,automatica
gasolina,lima,39500.0,2017,camioneta,secuencial
gasolina,lima,9900.0,2014,otros,automatica
otro,lima,20700.0,2018,camioneta,secuencial
gasolina,lima,20900.0,2017,otros,secuencial
otro,lima,12800.0,2022,otros,secuencial
gasolina,lima,20500.0,2018,camioneta,secuencial
otro,lima,14300.0,2021,camioneta,secuencial
gasolina,lima,23800.0,2023,camioneta,secuencial
gasolina,lima,21500.0,2023,camioneta,secuencial
gasolina,lima,13800.0,2022,otros,secuencial
gasolina,lima,14000.0,2015,otros,secuencial
gasolina,lima,30800.0,2024,otros,secuencial
gasolina,lima,20000.0,2024,camioneta,automatica
otro,lima,17000.0,2018,camioneta,automatica
gasolina,lima,31500.0,2020,camioneta,secuencial
gasolina,lima,13900.0,2015,camioneta,automatica
gasolina,lima,10800.0,2012,otros,secuencial
gasolina,lima,16900.0,2019,camioneta,secuencial
gasolina,lima,8000.0,2010,camioneta,mecanica
gasolina,lima,38500.0,2021,camioneta,secuencial
otro,lima,18900.0,2021,otros,mecanica
gasolina,lima,8500.0,2009,otros,automatica
gasolina,lima,18900.0,2018,camioneta,automatica
gasolina,lima,15500.0,2019,otros,secuencial
gasolina,lima,8800.0,2014,otros,mecanica
gasolina,lima,9300.0,2013,otros,mecanica
gasolina,lima,9800.0,2020,otros,mecanica
otro,lima,10900.0,2020,camioneta,mecanica
otro,lima,12900.0,2025,otros,mecanica
gasolina,lima,20000.0,2017,camioneta,secuencial
gasolina,lima,29000.0,2019,camioneta,automatica
otro,lima,15000.0,2014,camioneta,automatica
gasolina,lima,26900.0,2015,otros,secuencial
gasolina,lima,40900.0,2018,camioneta,secuencial
otro,lima,22900.0,2018,otros,mecanica
gasolina,lima,13800.0,2012,deportivo,automatica
otro,lima,6700.0,2012,otros,mecanica
gasolina,lima,13000.0,2013,otros,secuencial
gasolina,lima,20500.0,2022,camioneta,secuencial
gasolina,lima,3200.0,1998,otros,automatica
gasolina,lima,12200.0,2014,camioneta,automatica
gasolina,provincia,14900.0,2019,otros,mecanica
gasolina,lima,21900.0,2016,camioneta,secuencial
gasolina,lima,6500.0,2016,otros,mecanica
gasolina,lima,12900.0,2013,camioneta,secuencial
otro,lima,16760.0,2024,otros,automatica
otro,provincia,9800.0,2019,otros,mecanica
gasolina,lima,26800.0,2020,camioneta,secuencial
gasolina,lima,23500.0,2017,otros,secuencial
gasolina,lima,30500.0,2019,camioneta,secuencial
otro,lima,12800.0,2018,otros,automatica
gasolina,lima,23900.0,2020,otros,secuencial
otro,lima,30500.0,2021,camioneta,automatica
otro,lima,17450.0,2019,otros,mecanica
gasolina,lima,16000.0,2020,camioneta,mecanica
gasolina,lima,22000.0,2019,camioneta,secuencial
gasolina,lima,18800.0,2025,camioneta,mecanica
gasolina,lima,9500.0,2013,camioneta,mecanica
otro,lima,7000.0,2020,otros,mecanica
gasolina,lima,16300.0,2017,camioneta,secuencial
otro,lima,19800.0,2024,camioneta,automatica
otro,lima,7500.0,2016,otros,automatica
gasolina,lima,11200.0,2014,otros,secuencial
gasolina,provincia,53000.0,2018,camioneta,secuencial
gasolina,lima,10000.0,2012,otros,automatica
gasolina,lima,7900.0,2011,otros,mecanica
gasolina,lima,16900.0,2020,otros,secuencial
gasolina,lima,35800.0,2022,camioneta,secuencial
gasolina,lima,43700.0,2023,otros,secuencial
gasolina,lima,12350.0,2010,otros,secuencial
gasolina,lima,7500.0,2011,otros,mecanica
otro,lima,10600.0,2022,otros,secuencial
gasolina,lima,3800.0,2004,otros,secuencial
otro,provincia,8900.0,2015,otros,secuencial
gasolina,lima,17400.0,2018,camioneta,mecanica
otro,lima,13500.0,2017,otros,secuencial
gasolina,lima,30000.0,2008,camioneta,secuencial
otro,provincia,16300.0,2021,otros,mecanica
gasolina,lima,12300.0,2014,otros,secuencial
gasolina,lima,19500.0,2023,camioneta,automatica
gasolina,lima,10900.0,2013,otros,secuencial
gasolina,lima,18950.0,2023,camioneta,automatica
gasolina,provincia,11500.0,2023,otros,mecanica
otro,lima,7000.0,2009,otros,mecanica
gasolina,lima,21700.0,2021,camioneta,secuencial
otro,provincia,12500.0,2008,otros,automatica
gasolina,lima,15500.0,2017,camioneta,automatica
gasolina,provincia,59900.0,2020,deportivo,automatica
otro,lima,11500.0,2023,camioneta,automatica
otro,lima,23500.0,2022,camioneta,automatica
gasolina,lima,15000.0,2015,otros,secuencial
gasolina,lima,12200.0,2014,otros,mecanica
gasolina,lima,25000.0,2020,camioneta,secuencial
gasolina,lima,21000.0,2020,camioneta,automatica
gasolina,lima,48500.0,2018,camioneta,secuencial
gasolina,lima,9800.0,2020,otros,secuencial
gasolina,lima,13900.0,2017,camioneta,secuencial
otro,lima,14990.0,2020,otros,mecanica
gasolina,lima,20000.0,2016,camioneta,secuencial
gasolina,lima,21000.0,2021,otros,automatica
gasolina,lima,12500.0,2017,otros,automatica
gasolina,lima,7900.0,2004,camioneta,automatica
gasolina,lima,16500.0,2014,otros,secuencial
gasolina,lima,14900.0,2022,camioneta,secuencial
gasolina,lima,38000.0,2018,camioneta,automatica
gasolina,lima,6100.0,2000,camioneta,automatica
gasolina,lima,20000.0,2024,camioneta,automatica
gasolina,provincia,9300.0,2023,camioneta,mecanica
otro,lima,18500.0,2023,camioneta,automatica
otro,lima,39000.0,2022,camioneta,secuencial
otro,lima,7390.0,2015,otros,mecanica
gasolina,lima,27900.0,2020,camioneta,secuencial
gasolina,lima,16800.0,2017,camioneta,secuencial
gasolina,lima,15800.0,2023,otros,automatica
gasolina,lima,36800.0,2024,otros,secuencial
gasolina,lima,10450.0,2012,camioneta,secuencial
gasolina,provincia,17400.0,2017,camioneta,automatica
gasolina,lima,19000.0,2019,camioneta,automatica
gasolina,lima,51800.0,2023,camioneta,secuencial
gasolina,provincia,16800.0,2015,otros,secuencial
gasolina,lima,8900.0,1995,otros,automatica
gasolina,lima,11500.0,2014,otros,secuencial
gasolina,provincia,48500.0,2024,deportivo,secuencial
otro,lima,39900.0,2023,camioneta,automatica
gasolina,lima,14000.0,2020,camioneta,mecanica
otro,provincia,19000.0,2024,camioneta,mecanica
otro,provincia,3800.0,1992,otros,mecanica
gasolina,lima,10800.0,2013,camioneta,secuencial
gasolina,provincia,29000.0,2014,otros,mecanica
gasolina,lima,13000.0,2014,camioneta,automatica
gasolina,lima,12400.0,2022,camioneta,mecanica
gasolina,provincia,8500.0,2004,camioneta,secuencial
gasolina,lima,18900.0,2017,deportivo,secuencial
gasolina,lima,13000.0,2013,otros,secuencial
gasolina,lima,13500.0,2014,camioneta,secuencial
otro,lima,14000.0,2012,otros,secuencial
gasolina,lima,12550.0,2024,otros,mecanica
gasolina,lima,25500.0,2023,camioneta,secuencial
gasolina,lima,18900.0,2019,camioneta,secuencial
gasolina,lima,7800.0,2010,otros,automatica
gasolina,lima,19000.0,2016,camioneta,secuencial
gasolina,provincia,19500.0,2025,camioneta,mecanica
gasolina,lima,26700.0,2022,otros,secuencial
gasolina,lima,12800.0,2016,otros,secuencial
gasolina,lima,19500.0,2018,otros,secuencial
otro,lima,15000.0,2024,camioneta,mecanica
otro,lima,18000.0,2022,otros,automatica
gasolina,lima,17500.0,2018,otros,secuencial
otro,lima,47800.0,2022,otros,secuencial
gasolina,lima,16700.0,2022,camioneta,secuencial
gasolina,lima,10990.0,2020,camioneta,mecanica
gasolina,lima,8500.0,2006,camioneta,mecanica
otro,lima,12750.0,2025,camioneta,mecanica
gasolina,lima,12800.0,2012,camioneta,automatica
gasolina,lima,2999.0,1978,otros,mecanica
gasolina,lima,13100.0,2012,camioneta,automatica
otro,lima,8000.0,2004,camioneta,automatica
gasolina,lima,17900.0,2025,otros,mecanica
gasolina,lima,8950.0,2017,otros,secuencial
gasolina,lima,8700.0,2013,otros,mecanica
gasolina,lima,42000.0,2013,camioneta,secuencial
otro,lima,8500.0,2014,otros,mecanica
gasolina,lima,13000.0,2014,otros,secuencial
gasolina,lima,10500.0,2014,otros,secuencial
gasolina,lima,7500.0,2012,otros,mecanica
gasolina,lima,11950.0,2013,otros,secuencial
gasolina,lima,18800.0,2012,camioneta,automatica
otro,lima,11500.0,2014,otros,secuencial
gasolina,provincia,16800.0,2017,otros,secuencial
gasolina,lima,31000.0,2023,camioneta,automatica
gasolina,lima,18500.0,2024,camioneta,secuencial
gasolina,lima,8800.0,2010,camioneta,automatica
gasolina,provincia,29500.0,2017,camioneta,secuencial
gasolina,lima,8900.0,2021,otros,mecanica
otro,lima,13500.0,2013,camioneta,mecanica
gasolina,lima,27950.0,2023,camioneta,secuencial
gasolina,lima,21000.0,2023,camioneta,secuencial
gasolina,lima,13900.0,2013,camioneta,secuencial
gasolina,lima,12000.0,2015,camioneta,mecanica
gasolina,lima,55000.0,2020,camioneta,automatica
gasolina,lima,35000.0,2011,camioneta,secuencial
gasolina,lima,23900.0,2019,camioneta,secuencial
gasolina,lima,18500.0,2018,camioneta,automatica
gasolina,lima,15800.0,2016,otros,secuencial
gasolina,lima,32500.0,2022,camioneta,secuencial
gasolina,lima,36000.0,2016,camioneta,mecanica
gasolina,lima,15800.0,2022,camioneta,mecanica
gasolina,lima,80000.0,2024,camioneta,secuencial
gasolina,lima,18000.0,2017,camioneta,automatica
gasolina,lima,20499.0,2015,camioneta,secuencial
gasolina,lima,19600.0,2022,camioneta,secuencial
otro,lima,27900.0,2024,camioneta,secuencial
otro,lima,23990.0,2025,camioneta,secuencial
gasolina,lima,24800.0,2020,camioneta,automatica
gasolina,lima,13900.0,2019,otros,secuencial
gasolina,lima,18500.0,2017,otros,secuencial
gasolina,lima,17800.0,2018,camioneta,automatica
gasolina,lima,29500.0,2025,otros,automatica
gasolina,lima,9750.0,2013,otros,secuencial
gasolina,lima,13800.0,2015,camioneta,secuencial
gasolina,lima,15900.0,2019,camioneta,secuencial
gasolina,lima,54000.0,2023,camioneta,automatica
gasolina,lima,20000.0,2023,camioneta,mecanica
otro,lima,12000.0,2021,otros,mecanica
gasolina,lima,17500.0,2017,otros,secuencial
gasolina,lima,17000.0,2021,camioneta,automatica
otro,lima,8900.0,2020,otros,mecanica
gasolina,lima,13600.0,2015,otros,secuencial
gasolina,lima,13500.0,2014,camioneta,automatica
gasolina,lima,29500.0,2019,camioneta,secuencial
gasolina,lima,17900.0,2020,camioneta,mecanica
gasolina,lima,20000.0,2015,camioneta,secuencial
gasolina,lima,7900.0,2015,otros,mecanica
gasolina,lima,13700.0,2018,camioneta,automatica
otro,lima,10400.0,2010,otros,mecanica
otro,lima,14000.0,2014,camioneta,automatica
gasolina,provincia,17800.0,2023,otros,automatica
gasolina,lima,14200.0,2014,otros,secuencial
otro,lima,3200.0,2000,otros,automatica
gasolina,lima,25800.0,2022,otros,secuencial
gasolina,provincia,13000.0,2024,camioneta,mecanica
gasolina,lima,18800.0,2018,otros,automatica
gasolina,lima,10900.0,2016,camioneta,secuencial
otro,lima,13700.0,2022,otros,mecanica
gasolina,lima,23500.0,2023,camioneta,secuencial
gasolina,provincia,12900.0,2022,camioneta,mecanica
gasolina,lima,3400.0,1991,otros,automatica
otro,provincia,37200.0,2021,camioneta,secuencial
gasolina,lima,20000.0,1963,deportivo,automatica
gasolina,lima,31500.0,2020,camioneta,secuencial
gasolina,lima,10490.0,2017,camioneta,secuencial
gasolina,lima,28000.0,2018,camioneta,automatica
otro,lima,12000.0,2014,camioneta,automatica
gasolina,lima,5000.0,2004,camioneta,automatica
gasolina,lima,9000.0,2018,otros,mecanica
gasolina,lima,11500.0,2013,camioneta,secuencial
gasolina,lima,8000.0,2016,otros,secuencial
gasolina,lima,7200.0,2010,camioneta,automatica
gasolina,lima,22500.0,2017,camioneta,secuencial
gasolina,lima,51500.0,2022,otros,secuencial
otro,lima,13500.0,2013,camioneta,secuencial
otro,lima,8900.0,2013,otros,automatica
otro,lima,20900.0,2018,camioneta,automatica
otro,lima,7500.0,2005,camioneta,automatica
gasolina,lima,22000.0,2016,camioneta,secuencial
gasolina,lima,20200.0,2023,camioneta,secuencial
gasolina,lima,26500.0,2017,camioneta,secuencial
gasolina,lima,11300.0,2025,camioneta,secuencial
otro,lima,18200.0,2019,camioneta,automatica
gasolina,lima,14900.0,2024,otros,secuencial
gasolina,provincia,19500.0,2016,camioneta,secuencial
gasolina,lima,11800.0,2014,camioneta,secuencial
otro,lima,8800.0,2023,otros,mecanica
gasolina,lima,24800.0,2019,camioneta,secuencial
gasolina,lima,13000.0,2014,camioneta,mecanica
otro,lima,26500.0,2021,otros,mecanica
otro,provincia,30000.0,2025,camioneta,mecanica
gasolina,lima,9000.0,2018,otros,mecanica
gasolina,lima,16900.0,2011,deportivo,secuencial
otro,provincia,19000.0,2015,otros,mecanica
gasolina,lima,50000.0,2021,camioneta,secuencial
gasolina,provincia,15800.0,2022,camioneta,secuencial
gasolina,lima,8500.0,2012,camioneta,mecanica
gasolina,lima,20000.0,2025,camioneta,mecanica
gasolina,lima,17950.0,2024,camioneta,secuencial
gasolina,lima,26900.0,2014,camioneta,automatica
gasolina,lima,37000.0,2022,camioneta,secuencial
otro,lima,15200.0,2016,camioneta,automatica
gasolina,lima,16000.0,2014,camioneta,secuencial
gasolina,provincia,15500.0,2024,camioneta,automatica
otro,lima,9800.0,2013,camioneta,secuencial
gasolina,lima,17000.0,2020,camioneta,secuencial
gasolina,lima,15700.0,2017,camioneta,secuencial
gasolina,provincia,8850.0,2011,otros,secuencial
gasolina,lima,3800.0,1973,otros,mecanica
gasolina,lima,27500.0,2016,camioneta,automatica
otro,lima,21500.0,2024,camioneta,automatica
gasolina,lima,11000.0,2023,otros,mecanica
gasolina,lima,11000.0,2014,camioneta,automatica
otro,lima,7500.0,2016,otros,mecanica
gasolina,lima,9000.0,2014,otros,secuencial
otro,lima,21000.0,2021,camioneta,mecanica
gasolina,lima,40000.0,2015,otros,automatica
otro,lima,24000.0,2021,camioneta,secuencial
otro,provincia,22000.0,2026,camioneta,automatica
otro,lima,14900.0,2016,camioneta,secuencial
otro,lima,13500.0,2024,otros,mecanica
gasolina,lima,15800.0,2006,otros,secuencial
otro,lima,7750.0,2014,otros,mecanica
otro,lima,14500.0,2025,otros,mecanica
gasolina,lima,13500.0,1981,deportivo,automatica
otro,lima,27900.0,2017,otros,mecanica
otro,lima,2700.0,1998,otros,mecanica
gasolina,lima,3400.0,1981,otros,mecanica
gasolina,lima,4000.0,2000,otros,mecanica
gasolina,lima,20500.0,2018,camioneta,automatica
gasolina,lima,15000.0,2017,otros,secuencial
gasolina,lima,19500.0,2019,camioneta,secuencial
gasolina,provincia,10000.0,2015,camioneta,mecanica
gasolina,lima,19500.0,2020,camioneta,secuencial
gasolina,lima,12000.0,2017,otros,automatica
gasolina,lima,16000.0,2018,deportivo,secuencial
otro,lima,22600.0,2016,otros,secuencial
gasolina,lima,13900.0,2014,otros,automatica
gasolina,lima,57900.0,2024,camioneta,secuencial
otro,lima,13200.0,2021,otros,mecanica
otro,lima,8500.0,2017,otros,mecanica
gasolina,lima,24900.0,2018,camioneta,automatica
gasolina,provincia,10500.0,2012,otros,mecanica
gasolina,lima,21500.0,2019,camioneta,secuencial
otro,lima,9400.0,2021,otros,mecanica
otro,lima,8500.0,2019,otros,secuencial
otro,lima,10200.0,2015,camioneta,mecanica
otro,lima,15490.0,2025,camioneta,mecanica
gasolina,lima,19500.0,2017,camioneta,secuencial
gasolina,lima,23000.0,2018,camioneta,secuencial
otro,lima,10100.0,2012,camioneta,secuencial
otro,lima,11000.0,2015,otros,secuencial
gasolina,lima,9900.0,2022,otros,secuencial
gasolina,lima,3700.0,1992,otros,mecanica
otro,lima,11990.0,2021,otros,mecanica
gasolina,lima,16000.0,2015,camioneta,secuencial
otro,provincia,19000.0,2024,camioneta,mecanica
gasolina,provincia,43000.0,2021,camioneta,automatica
gasolina,lima,9000.0,2020,otros,automatica
gasolina,lima,15000.0,2016,otros,secuencial
gasolina,lima,13500.0,2018,otros,mecanica
gasolina,lima,17900.0,2019,otros,secuencial
gasolina,lima,19500.0,2016,camioneta,automatica
otro,provincia,19700.0,2018,camioneta,secuencial
otro,lima,4250.0,2012,otros,mecanica
gasolina,lima,6900.0,2011,otros,secuencial
otro,lima,11500.0,2024,camioneta,mecanica
gasolina,lima,18000.0,2017,camioneta,secuencial
otro,lima,7000.0,2005,camioneta,automatica
otro,lima,5600.0,2003,otros,automatica
gasolina,lima,15950.0,2017,camioneta,secuencial
gasolina,lima,16300.0,2020,camioneta,secuencial
gasolina,lima,16800.0,2015,camioneta,secuencial
gasolina,lima,17100.0,2017,otros,automatica
gasolina,lima,13500.0,2021,otros,mecanica
gasolina,provincia,8900.0,2008,camioneta,automatica
gasolina,lima,13400.0,2017,camioneta,automatica
gasolina,lima,18700.0,2023,camioneta,secuencial
gasolina,lima,6500.0,2012,camioneta,mecanica
gasolina,lima,15500.0,2025,otros,secuencial
gasolina,provincia,10500.0,2011,camioneta,secuencial
gasolina,lima,12800.0,2017,otros,mecanica
otro,lima,24500.0,2022,otros,mecanica
gasolina,lima,13990.0,2018,otros,mecanica
gasolina,lima,20000.0,2018,camioneta,secuencial
gasolina,lima,5000.0,1966,deportivo,automatica
otro,lima,16500.0,2022,camioneta,automatica
gasolina,lima,13600.0,2012,camioneta,automatica
otro,provincia,12999.0,2010,camioneta,mecanica
gasolina,lima,22000.0,2017,otros,automatica
otro,lima,6000.0,1998,camioneta,automatica
otro,lima,19400.0,2024,camioneta,secuencial
gasolina,lima,7800.0,2013,otros,mecanica
gasolina,lima,23000.0,2024,camioneta,secuencial
gasolina,lima,41000.0,2023,camioneta,secuencial
gasolina,lima,13500.0,2013,otros,automatica
otro,lima,26500.0,2023,camioneta,automatica
otro,lima,9000.0,2006,camioneta,automatica
otro,provincia,8890.0,1998,otros,automatica
gasolina,lima,7500.0,2009,otros,secuencial
otro,lima,15000.0,2024,camioneta,mecanica
gasolina,provincia,30500.0,2023,camioneta,automatica
otro,lima,20500.0,2026,camioneta,mecanica
gasolina,lima,7700.0,2009,otros,secuencial
gasolina,lima,20500.0,2017,otros,secuencial
gasolina,lima,12000.0,1975,deportivo,automatica
gasolina,lima,16300.0,2024,otros,secuencial
otro,lima,4100.0,2000,otros,mecanica
otro,lima,12000.0,2009,otros,automatica
gasolina,lima,10600.0,2016,deportivo,secuencial
otro,provincia,15300.0,2016,otros,mecanica
gasolina,lima,8900.0,1998,camioneta,secuencial
gasolina,lima,16750.0,2021,camioneta,secuencial
otro,lima,9500.0,2012,camioneta,secuencial
gasolina,provincia,9500.0,2013,camioneta,secuencial
gasolina,lima,8000.0,2022,otros,automatica
otro,provincia,8900.0,2020,otros,mecanica
gasolina,lima,24500.0,2017,camioneta,secuencial
otro,provincia,22000.0,2017,otros,mecanica
gasolina,provincia,15500.0,2022,camioneta,mecanica
otro,provincia,10800.0,2022,otros,mecanica
otro,provincia,11900.0,2022,otros,mecanica
gasolina,lima,7800.0,2015,otros,secuencial
gasolina,lima,30000.0,2024,camioneta,mecanica
gasolina,lima,21500.0,2020,camioneta,secuencial
gasolina,lima,6500.0,2010,otros,mecanica
gasolina,lima,7500.0,2013,otros,automatica
gasolina,lima,18900.0,2016,otros,automatica
gasolina,lima,8900.0,2002,camioneta,automatica
otro,lima,27500.0,2017,otros,mecanica
gasolina,lima,54900.0,2019,camioneta,secuencial
gasolina,lima,18300.0,2018,otros,secuencial
otro,lima,8000.0,2013,otros,secuencial
otro,lima,4500.0,2005,otros,automatica
otro,lima,9200.0,2007,camioneta,secuencial
gasolina,lima,16000.0,2022,camioneta,mecanica
gasolina,lima,19000.0,2023,camioneta,secuencial
gasolina,lima,8500.0,2010,camioneta,automatica
gasolina,lima,11800.0,2009,camioneta,automatica
gasolina,provincia,11350.0,2017,camioneta,mecanica
gasolina,lima,25900.0,2018,camioneta,secuencial
gasolina,lima,13900.0,2015,camioneta,secuencial
otro,lima,12900.0,2023,camioneta,mecanica
gasolina,lima,10000.0,2021,otros,mecanica
gasolina,lima,19950.0,2024,camioneta,automatica
otro,lima,8000.0,2011,otros,automatica
gasolina,lima,17500.0,2008,camioneta,secuencial
otro,lima,27000.0,2025,camioneta,automatica
gasolina,lima,16400.0,2018,camioneta,automatica
gasolina,lima,5800.0,2013,otros,mecanica
otro,lima,7300.0,1990,camioneta,mecanica
gasolina,provincia,18500.0,2025,camioneta,secuencial
gasolina,lima,17600.0,2022,camioneta,secuencial
otro,lima,9200.0,2014,otros,mecanica
gasolina,provincia,11000.0,2013,camioneta,mecanica
otro,provincia,15500.0,2020,camioneta,mecanica
gasolina,provincia,14300.0,2023,otros,mecanica
otro,lima,15500.0,2021,camioneta,mecanica
gasolina,lima,13000.0,2015,deportivo,secuencial
otro,lima,4000.0,2001,otros,automatica
gasolina,lima,37500.0,2024,camioneta,secuencial
otro,lima,57900.0,2022,camioneta,automatica
gasolina,provincia,11300.0,2013,camioneta,automatica
otro,lima,7500.0,2011,otros,automatica
otro,lima,33900.0,2023,camioneta,secuencial
otro,lima,11600.0,2018,otros,secuencial
gasolina,provincia,976043.0,2023,otros,mecanica
gasolina,lima,16000.0,2013,camioneta,automatica
gasolina,lima,12000.0,2017,otros,mecanica
gasolina,lima,10400.0,2017,otros,mecanica
gasolina,lima,8100.0,2011,otros,secuencial
gasolina,lima,19890.0,2023,camioneta,automatica
gasolina,lima,25900.0,2018,camioneta,secuencial
gasolina,provincia,18500.0,2025,camioneta,mecanica
otro,lima,9000.0,2022,otros,mecanica
otro,provincia,3000.0,1993,otros,automatica
otro,lima,10000.0,2024,otros,mecanica
gasolina,lima,15400.0,2019,otros,secuencial
gasolina,lima,7800.0,2014,otros,mecanica
gasolina,provincia,17990.0,2022,camioneta,secuencial
otro,lima,12000.0,2022,otros,mecanica
otro,lima,12500.0,2012,otros,secuencial
otro,lima,29500.0,2019,otros,automatica
gasolina,lima,12300.0,2022,otros,mecanica
otro,lima,35000.0,2019,camioneta,secuencial
otro,lima,11500.0,2011,camioneta,secuencial
gasolina,lima,21500.0,2024,camioneta,automatica
otro,lima,11500.0,2023,camioneta,automatica
otro,lima,12400.0,2019,otros,secuencial
otro,provincia,10500.0,2022,camioneta,mecanica
gasolina,lima,18000.0,2019,camioneta,secuencial
otro,lima,12500.0,2013,camioneta,mecanica
gasolina,lima,13000.0,2015,otros,automatica
gasolina,provincia,13000.0,2015,deportivo,mecanica
otro,provincia,18000.0,2011,camioneta,automatica
gasolina,provincia,15800.0,2020,camioneta,secuencial
otro,lima,9300.0,2010,camioneta,mecanica
gasolina,lima,16500.0,2016,otros,automatica
gasolina,lima,13000.0,2014,camioneta,secuencial
otro,lima,16000.0,2015,camioneta,automatica
otro,lima,29500.0,2021,camioneta,automatica
gasolina,provincia,15000.0,2016,camioneta,secuencial
gasolina,provincia,24999.0,2023,camioneta,automatica
gasolina,lima,29500.0,2015,camioneta,secuencial
gasolina,provincia,5400.0,2007,otros,secuencial
otro,lima,7400.0,2015,otros,secuencial
gasolina,lima,20900.0,2017,camioneta,secuencial
gasolina,provincia,14100.0,2022,camioneta,mecanica
otro,provincia,15000.0,2020,camioneta,mecanica
otro,lima,23499.0,2011,camioneta,mecanica
gasolina,lima,23000.0,2022,camioneta,secuencial
gasolina,lima,9000.0,2012,otros,secuencial
otro,provincia,5000.0,2005,otros,automatica
otro,lima,16500.0,2021,camioneta,secuencial
gasolina,lima,9800.0,2017,otros,secuencial
otro,lima,12700.0,2019,otros,automatica
gasolina,lima,24000.0,2016,camioneta,secuencial
otro,lima,4200.0,1992,otros,automatica
gasolina,lima,14500.0,2020,otros,secuencial
gasolina,lima,28800.0,2020,camioneta,secuencial
gasolina,provincia,15200.0,2018,camioneta,mecanica
gasolina,lima,13900.0,2014,camioneta,automatica
gasolina,lima,24200.0,2023,camioneta,secuencial
gasolina,lima,10500.0,2016,otros,mecanica
otro,lima,17850.0,2018,camioneta,mecanica
gasolina,lima,16900.0,2018,camioneta,secuencial
gasolina,lima,21300.0,2020,camioneta,automatica
gasolina,lima,7700.0,2008,otros,mecanica
gasolina,provincia,8875.0,2012,camioneta,mecanica
gasolina,provincia,85900.0,2024,camioneta,secuencial
gasolina,provincia,9950.0,2019,otros,mecanica
gasolina,lima,16990.0,2019,otros,secuencial
gasolina,lima,23900.0,2018,camioneta,secuencial
gasolina,lima,14000.0,1954,otros,automatica
gasolina,lima,4350.0,1993,otros,automatica
gasolina,lima,15500.0,2017,camioneta,automatica
gasolina,lima,34000.0,2021,camioneta,automatica
gasolina,lima,17700.0,2022,otros,mecanica
otro,lima,14000.0,2022,camioneta,mecanica
otro,lima,8600.0,2009,otros,mecanica
gasolina,lima,9000.0,2009,camioneta,secuencial
gasolina,lima,15800.0,2015,camioneta,automatica
otro,lima,13200.0,2015,camioneta,mecanica
gasolina,provincia,10000.0,2008,camioneta,automatica
otro,lima,1500.0,2012,otros,mecanica
otro,lima,12000.0,2007,camioneta,secuencial
gasolina,lima,13500.0,2012,camioneta,mecanica
gasolina,lima,23500.0,2025,camioneta,automatica
gasolina,lima,8500.0,1995,deportivo,mecanica
gasolina,lima,15500.0,2020,camioneta,automatica
gasolina,lima,5800.0,2005,otros,automatica
gasolina,lima,16000.0,2021,camioneta,automatica
gasolina,lima,10500.0,2017,camioneta,automatica
gasolina,lima,7900.0,2008,otros,mecanica
otro,lima,15900.0,2020,camioneta,mecanica
gasolina,lima,21500.0,2021,camioneta,automatica
gasolina,lima,11300.0,2013,camioneta,secuencial
gasolina,provincia,12300.0,2012,camioneta,secuencial
otro,lima,12000.0,2021,otros,automatica
otro,lima,7300.0,2014,otros,mecanica
gasolina,lima,19700.0,2018,camioneta,secuencial
gasolina,lima,27000.0,2015,deportivo,secuencial
gasolina,lima,17700.0,2018,deportivo,secuencial
gasolina,provincia,49000.0,2014,camioneta,automatica
gasolina,lima,21000.0,2022,camioneta,secuencial
gasolina,lima,8500.0,2020,otros,mecanica
otro,provincia,14500.0,2012,otros,mecanica
gasolina,lima,11000.0,2021,camioneta,automatica
gasolina,lima,13900.0,2017,otros,secuencial
gasolina,lima,33000.0,2020,otros,secuencial
gasolina,provincia,23000.0,2021,camioneta,secuencial
otro,provincia,93000.0,2013,deportivo,mecanica
gasolina,lima,15500.0,2013,camioneta,automatica
gasolina,lima,15109.0,2017,otros,secuencial
gasolina,provincia,15500.0,2015,otros,secuencial
otro,lima,11490.0,2022,camioneta,secuencial
gasolina,provincia,17500.0,2014,camioneta,mecanica
gasolina,lima,14000.0,2015,camioneta,mecanica
gasolina,lima,22990.0,2025,camioneta,automatica
gasolina,lima,9900.0,2016,camioneta,secuencial
gasolina,lima,12500.0,2020,otros,automatica
gasolina,lima,11000.0,2019,otros,secuencial
gasolina,lima,4850.0,1996,otros,automatica
gasolina,lima,4400.0,1997,otros,mecanica
otro,lima,10500.0,2014,otros,automatica
gasolina,lima,12500.0,2020,camioneta,secuencial
otro,provincia,12000.0,2017,camioneta,mecanica
gasolina,lima,13500.0,2013,otros,secuencial
gasolina,lima,18000.0,2023,camioneta,secuencial
gasolina,lima,8900.0,2010,otros,secuencial
otro,lima,17450.0,2024,camioneta,mecanica
gasolina,lima,20000.0,2023,camioneta,automatica
otro,lima,7700.0,2017,otros,mecanica
otro,lima,28000.0,2017,otros,mecanica
gasolina,lima,17900.0,2017,camioneta,secuencial
gasolina,lima,3650.0,1994,otros,mecanica
gasolina,lima,20499.0,2017,camioneta,secuencial
gasolina,provincia,26000.0,2022,camioneta,mecanica
gasolina,lima,11200.0,2011,deportivo,secuencial
gasolina,lima,11000.0,2018,otros,mecanica
gasolina,lima,12100.0,2020,camioneta,automatica
otro,lima,30000.0,2022,otros,secuencial
gasolina,lima,17150.0,2015,camioneta,secuencial
gasolina,lima,9200.0,2018,otros,mecanica
gasolina,lima,14500.0,2024,otros,mecanica
otro,provincia,8800.0,2017,otros,secuencial
gasolina,lima,21900.0,2024,camioneta,automatica
gasolina,lima,38000.0,2023,camioneta,secuencial
gasolina,lima,15200.0,2016,otros,automatica
gasolina,lima,27000.0,2012,otros,automatica
gasolina,lima,8171.0,2008,otros,secuencial
gasolina,lima,12000.0,2014,otros,secuencial
gasolina,lima,12900.0,2016,otros,secuencial
gasolina,lima,57000.0,2020,otros,secuencial
gasolina,lima,14990.0,2023,camioneta,secuencial
gasolina,lima,13800.0,2014,camioneta,secuencial
gasolina,lima,23500.0,2020,camioneta,secuencial
gasolina,provincia,12000.0,2016,camioneta,mecanica
gasolina,lima,2800.0,1992,otros,mecanica
gasolina,lima,44000.0,2022,otros,automatica
gasolina,lima,13900.0,2016,otros,secuencial
gasolina,lima,11000.0,2011,camioneta,mecanica
otro,lima,21900.0,2026,camioneta,mecanica
otro,lima,17500.0,2024,otros,automatica
gasolina,lima,15500.0,2016,otros,automatica
otro,lima,11200.0,2017,camioneta,mecanica
gasolina,lima,26000.0,2018,otros,secuencial
gasolina,lima,18900.0,2020,camioneta,secuencial
otro,lima,13300.0,2020,camioneta,secuencial
gasolina,lima,9800.0,2014,otros,secuencial
gasolina,provincia,9000.0,2023,otros,mecanica
gasolina,lima,23000.0,2020,camioneta,automatica
gasolina,lima,9200.0,2018,otros,automatica
gasolina,lima,10000.0,2017,otros,mecanica
gasolina,lima,17350.0,2020,camioneta,automatica
gasolina,lima,13800.0,2023,camioneta,mecanica
gasolina,lima,11800.0,2023,otros,mecanica
otro,lima,18800.0,2020,otros,mecanica
gasolina,lima,23000.0,2019,camioneta,secuencial
otro,lima,15420.0,2013,camioneta,secuencial
gasolina,lima,10990.0,2014,otros,secuencial
otro,lima,10200.0,2019,camioneta,mecanica
gasolina,lima,4800.0,2003,otros,automatica
gasolina,lima,9900.0,2014,otros,automatica
gasolina,provincia,18000.0,2018,deportivo,automatica
otro,lima,90000.0,2023,camioneta,automatica
gasolina,lima,21800.0,2019,camioneta,secuencial
otro,lima,36000.0,2010,camioneta,automatica
gasolina,lima,13000.0,2010,camioneta,automatica
gasolina,lima,47900.0,2020,otros,secuencial
gasolina,lima,20300.0,2018,otros,secuencial
gasolina,lima,15800.0,2017,otros,secuencial
gasolina,lima,15000.0,2016,camioneta,automatica
gasolina,lima,13500.0,1996,deportivo,automatica
otro,lima,6950.0,2016,otros,mecanica
gasolina,lima,21575.0,2021,camioneta,automatica
gasolina,lima,11500.0,2012,camioneta,secuencial
otro,lima,4000.0,2000,otros,mecanica
gasolina,lima,24000.0,2018,otros,automatica
gasolina,lima,15400.0,2017,camioneta,automatica
otro,provincia,3650.0,1983,otros,mecanica
gasolina,lima,16800.0,2014,camioneta,secuencial
gasolina,provincia,31000.0,2018,camioneta,mecanica
gasolina,lima,74900.0,2012,deportivo,secuencial
otro,lima,23000.0,2026,camioneta,secuencial
gasolina,lima,10500.0,2012,camioneta,automatica
gasolina,lima,12700.0,2017,otros,secuencial
gasolina,lima,8500.0,2018,otros,mecanica
gasolina,lima,14500.0,2014,otros,secuencial
otro,lima,5250.0,2008,otros,mecanica
gasolina,lima,13000.0,2016,otros,secuencial
otro,provincia,21500.0,2013,otros,mecanica
gasolina,lima,22000.0,2021,camioneta,secuencial
gasolina,lima,15600.0,2018,otros,secuencial
gasolina,lima,16000.0,2024,otros,mecanica
gasolina,lima,20000.0,2015,deportivo,mecanica
otro,lima,9600.0,2021,otros,mecanica
gasolina,lima,11000.0,2009,camioneta,automatica
gasolina,lima,8800.0,2012,camioneta,mecanica
gasolina,lima,8500.0,2003,otros,secuencial
otro,lima,13900.0,2011,camioneta,automatica
gasolina,lima,12400.0,2018,otros,automatica
gasolina,lima,14900.0,2019,camioneta,automatica
gasolina,lima,33500.0,2021,camioneta,secuencial
gasolina,provincia,25000.0,2020,otros,secuencial
otro,provincia,3000.0,1987,otros,mecanica
gasolina,provincia,9000.0,2018,otros,secuencial
gasolina,lima,15500.0,2016,otros,secuencial
gasolina,lima,13800.0,2024,otros,secuencial
gasolina,lima,19500.0,2020,camioneta,mecanica
otro,lima,19000.0,2023,camioneta,mecanica
gasolina,lima,13000.0,2017,otros,automatica
gasolina,lima,12999.0,2020,otros,mecanica
otro,lima,8000.0,2010,otros,mecanica
gasolina,lima,50000.0,2023,camioneta,automatica
otro,lima,12000.0,2021,otros,mecanica
gasolina,provincia,11800.0,2021,otros,mecanica
gasolina,lima,9000.0,2007,camioneta,automatica
gasolina,lima,27800.0,2023,camioneta,secuencial
gasolina,lima,3600.0,1994,deportivo,mecanica
otro,lima,10000.0,2021,camioneta,mecanica
gasolina,lima,14950.0,2014,camioneta,automatica
otro,lima,17000.0,2019,otros,mecanica
gasolina,lima,10700.0,2018,otros,mecanica
gasolina,lima,42000.0,2024,camioneta,automatica
gasolina,lima,16000.0,2016,otros,secuencial
otro,lima,55000.0,2025,camioneta,automatica
gasolina,lima,27900.0,2023,camioneta,secuencial
gasolina,provincia,29500.0,2024,camioneta,automatica
gasolina,provincia,13700.0,2014,camioneta,mecanica
gasolina,lima,49900.0,2017,camioneta,secuencial
gasolina,lima,12000.0,2021,camioneta,automatica
otro,lima,7000.0,2007,otros,mecanica
gasolina,lima,24000.0,2017,camioneta,secuencial
otro,lima,7500.0,2016,otros,mecanica
gasolina,lima,10500.0,2011,camioneta,secuencial
gasolina,lima,9600.0,2010,camioneta,automatica
otro,lima,27500.0,2024,camioneta,secuencial
gasolina,provincia,23000.0,2022,camioneta,mecanica
gasolina,lima,14000.0,2020,camioneta,secuencial
gasolina,lima,32000.0,2024,camioneta,secuencial
gasolina,lima,12500.0,2024,camioneta,secuencial
gasolina,lima,15500.0,2015,camioneta,automatica
otro,lima,7700.0,2020,otros,mecanica
gasolina,lima,9300.0,2018,otros,automatica
gasolina,lima,14000.0,2014,otros,secuencial
otro,lima,13950.0,2022,otros,secuencial
gasolina,lima,35000.0,2024,camioneta,automatica
gasolina,lima,7900.0,2010,otros,mecanica
gasolina,lima,11900.0,2012,otros,secuencial
gasolina,lima,7900.0,2014,otros,mecanica
otro,lima,14600.0,2022,camioneta,mecanica
otro,lima,11000.0,2015,camioneta,secuencial
gasolina,lima,14500.0,2016,camioneta,automatica
gasolina,lima,9700.0,2016,otros,mecanica
gasolina,provincia,22500.0,2022,camioneta,mecanica
otro,lima,13500.0,2012,camioneta,automatica
otro,lima,8600.0,2023,otros,mecanica
gasolina,lima,34800.0,2023,camioneta,secuencial
gasolina,lima,21000.0,2024,camioneta,mecanica
otro,lima,10500.0,2005,camioneta,secuencial
gasolina,lima,10000.0,2010,camioneta,secuencial
gasolina,lima,14500.0,2016,camioneta,secuencial
otro,lima,23200.0,2024,camioneta,automatica
otro,provincia,12000.0,1996,otros,mecanica
gasolina,lima,23500.0,2022,camioneta,secuencial
otro,lima,11000.0,2020,otros,automatica
otro,lima,12000.0,2024,otros,mecanica
gasolina,lima,3200.0,2010,otros,mecanica
gasolina,lima,15800.0,2023,camioneta,mecanica
otro,lima,4000.0,2016,otros,mecanica
gasolina,lima,12000.0,2014,otros,secuencial
gasolina,lima,13500.0,2016,camioneta,automatica
gasolina,lima,14700.0,2019,camioneta,automatica
gasolina,provincia,7800.0,2005,camioneta,secuencial
gasolina,provincia,35990.0,2022,otros,automatica
otro,provincia,21500.0,2021,otros,mecanica
otro,lima,11800.0,2017,otros,secuencial
otro,lima,10500.0,2018,otros,mecanica
otro,lima,11500.0,2016,camioneta,automatica
otro,lima,14500.0,2023,camioneta,secuencial
gasolina,lima,18990.0,2019,camioneta,automatica
otro,lima,8900.0,2008,camioneta,secuencial
otro,lima,8600.0,2007,camioneta,mecanica
gasolina,lima,12500.0,2016,otros,secuencial
otro,lima,7200.0,2011,otros,mecanica
gasolina,lima,14900.0,2014,camioneta,secuencial
gasolina,lima,22000.0,2020,camioneta,secuencial
gasolina,provincia,17000.0,2022,camioneta,automatica
gasolina,lima,26000.0,2020,otros,secuencial
gasolina,provincia,21000.0,2018,camioneta,secuencial
gasolina,lima,8000.0,2018,otros,mecanica
gasolina,lima,12500.0,2013,otros,secuencial
gasolina,lima,18000.0,2023,camioneta,automatica
gasolina,lima,29800.0,2016,camioneta,secuencial
gasolina,provincia,10000.0,2017,otros,secuencial
gasolina,lima,18500.0,2017,camioneta,secuencial
otro,lima,13000.0,2014,camioneta,secuencial
gasolina,lima,29800.0,2018,camioneta,secuencial
gasolina,lima,9000.0,2005,otros,secuencial
gasolina,lima,8400.0,2013,otros,secuencial
gasolina,lima,6500.0,1998,camioneta,automatica
gasolina,lima,9650.0,2020,otros,mecanica
gasolina,provincia,8500.0,2015,otros,secuencial
otro,lima,14500.0,2024,otros,mecanica
otro,lima,6500.0,2004,camioneta,automatica
gasolina,lima,7500.0,2014,otros,automatica
gasolina,provincia,14500.0,2021,camioneta,mecanica
gasolina,lima,30000.0,2024,camioneta,automatica
gasolina,provincia,31000.0,2020,camioneta,automatica
otro,lima,6300.0,2012,otros,mecanica
gasolina,lima,9700.0,2011,camioneta,secuencial
otro,lima,18500.0,2018,camioneta,automatica
gasolina,lima,16300.0,2019,camioneta,mecanica
gasolina,lima,16500.0,2016,camioneta,secuencial
gasolina,lima,15500.0,2017,camioneta,mecanica
gasolina,lima,7500.0,2017,otros,mecanica
otro,provincia,7900.0,2011,otros,automatica
otro,lima,8000.0,2018,camioneta,mecanica
gasolina,lima,10500.0,2026,otros,mecanica
gasolina,lima,5500.0,1996,camioneta,mecanica
otro,provincia,27900.0,2024,otros,mecanica
gasolina,lima,28000.0,2024,camioneta,secuencial
gasolina,lima,10000.0,2017,otros,secuencial
otro,lima,31500.0,2018,otros,mecanica
gasolina,lima,12000.0,2012,otros,automatica
gasolina,lima,7500.0,2012,otros,mecanica
gasolina,provincia,10000.0,2010,camioneta,mecanica
gasolina,lima,20100.0,2025,camioneta,secuencial
gasolina,lima,39000.0,2022,camioneta,secuencial
gasolina,lima,17000.0,2017,camioneta,automatica
otro,lima,11500.0,2022,otros,mecanica
gasolina,lima,10500.0,2011,otros,secuencial
gasolina,lima,14000.0,2022,otros,automatica
gasolina,provincia,12500.0,2010,camioneta,mecanica
gasolina,lima,26000.0,2020,camioneta,secuencial
gasolina,lima,15000.0,2015,otros,secuencial
gasolina,lima,20990.0,2017,camioneta,secuencial
gasolina,lima,22700.0,2016,camioneta,secuencial
gasolina,lima,16500.0,2013,camioneta,secuencial
gasolina,lima,10500.0,2010,camioneta,secuencial
otro,lima,20499.0,2024,camioneta,secuencial
gasolina,provincia,13500.0,2012,camioneta,secuencial
gasolina,lima,20000.0,2020,otros,mecanica
otro,lima,45200.0,2023,camioneta,secuencial
gasolina,lima,9500.0,2015,otros,mecanica
gasolina,lima,14500.0,2015,otros,automatica
gasolina,lima,10500.0,2011,camioneta,secuencial
gasolina,lima,19100.0,2019,camioneta,secuencial
otro,lima,9800.0,2011,otros,mecanica
gasolina,lima,12600.0,2025,otros,mecanica
gasolina,lima,22200.0,2018,camioneta,mecanica
gasolina,lima,13900.0,2014,otros,secuencial
otro,lima,21000.0,2015,otros,mecanica
gasolina,lima,13750.0,2022,camioneta,secuencial
gasolina,lima,6300.0,2014,otros,mecanica
gasolina,lima,15000.0,2016,camioneta,secuencial
otro,provincia,9390.0,2015,otros,secuencial
gasolina,provincia,8700.0,2012,camioneta,mecanica
gasolina,lima,6500.0,2005,otros,automatica
otro,lima,56000.0,2019,camioneta,secuencial
otro,lima,11500.0,2024,camioneta,mecanica
otro,lima,5450.0,2015,otros,mecanica
gasolina,lima,14500.0,2017,otros,secuencial
otro,lima,11000.0,2020,otros,mecanica
otro,provincia,8900.0,2014,otros,automatica
otro,provincia,12000.0,2022,otros,mecanica
otro,lima,7000.0,2020,otros,mecanica
gasolina,provincia,14600.0,2017,otros,mecanica
gasolina,lima,14000.0,2022,otros,automatica
gasolina,provincia,22900.0,2023,otros,secuencial
gasolina,lima,32000.0,2024,otros,automatica
gasolina,lima,15500.0,2017,camioneta,automatica
gasolina,lima,10400.0,2018,otros,secuencial
otro,lima,23900.0,2011,camioneta,mecanica
otro,lima,16000.0,2012,otros,mecanica
otro,lima,14500.0,2020,camioneta,secuencial
gasolina,lima,49000.0,2013,deportivo,mecanica
otro,lima,10500.0,2023,camioneta,mecanica
gasolina,lima,32000.0,2018,camioneta,secuencial
gasolina,lima,63990.0,2025,camioneta,secuencial
gasolina,lima,11200.0,2016,otros,secuencial
gasolina,provincia,16750.0,2023,camioneta,mecanica
gasolina,provincia,16500.0,2022,camioneta,mecanica
gasolina,lima,24500.0,2016,camioneta,secuencial
gasolina,lima,20000.0,2013,camioneta,secuencial
otro,lima,7800.0,2007,camioneta,mecanica
gasolina,lima,16000.0,2016,camioneta,secuencial
otro,lima,8890.0,2014,otros,automatica
otro,provincia,7500.0,2021,otros,mecanica
gasolina,lima,11500.0,2024,otros,mecanica
gasolina,lima,17500.0,2022,otros,secuencial
otro,lima,12800.0,2013,camioneta,automatica
gasolina,lima,14000.0,2020,camioneta,mecanica
otro,lima,20000.0,2019,camioneta,secuencial
otro,lima,19250.0,2024,otros,mecanica
otro,lima,28900.0,2021,camioneta,secuencial
gasolina,lima,8100.0,2008,otros,secuencial
gasolina,lima,10900.0,2015,otros,automatica
gasolina,lima,11200.0,2008,camioneta,automatica
gasolina,provincia,9000.0,2002,otros,mecanica
gasolina,provincia,2800.0,1986,otros,mecanica
gasolina,provincia,39000.0,2020,camioneta,automatica
gasolina,provincia,9500.0,2023,otros,mecanica
gasolina,provincia,22000.0,2020,camioneta,secuencial
gasolina,lima,18950.0,2021,camioneta,automatica
gasolina,lima,14000.0,2013,camioneta,automatica
otro,lima,16400.0,2015,camioneta,automatica
gasolina,provincia,17800.0,2021,camioneta,mecanica
otro,lima,7000.0,2011,otros,mecanica
gasolina,lima,33500.0,2021,camioneta,secuencial
gasolina,lima,20500.0,2023,camioneta,automatica
gasolina,lima,8199.0,2022,camioneta,mecanica
gasolina,lima,28500.0,2020,camioneta,secuencial
gasolina,lima,26000.0,2015,camioneta,secuencial
gasolina,lima,9500.0,2009,camioneta,secuencial
gasolina,lima,19000.0,2022,camioneta,secuencial
gasolina,lima,29990.0,2021,camioneta,secuencial
gasolina,lima,28900.0,2023,camioneta,secuencial
gasolina,lima,3400.0,2008,otros,mecanica
otro,provincia,9450.0,2020,camioneta,mecanica
gasolina,lima,15900.0,2014,camioneta,automatica
otro,lima,19000.0,2025,camioneta,secuencial
otro,lima,8500.0,2021,otros,mecanica
gasolina,lima,11400.0,2011,camioneta,automatica
gasolina,lima,7000.0,2004,camioneta,automatica
gasolina,lima,9250.0,2014,otros,mecanica
gasolina,provincia,15800.0,2023,camioneta,secuencial
gasolina,lima,24500.0,2022,camioneta,automatica
otro,lima,23000.0,2024,otros,secuencial
otro,lima,46990.0,2026,otros,automatica
otro,lima,8700.0,2019,otros,mecanica
gasolina,lima,20990.0,2017,camioneta,secuencial
gasolina,provincia,24500.0,2018,deportivo,mecanica
gasolina,lima,23700.0,2017,camioneta,automatica
gasolina,provincia,16800.0,2015,otros,automatica
gasolina,lima,14900.0,2018,otros,secuencial
otro,lima,6850.0,2013,otros,mecanica
gasolina,provincia,22490.0,2026,camioneta,secuencial
otro,lima,11500.0,2020,camioneta,secuencial
gasolina,lima,6650.0,2012,otros,mecanica
gasolina,lima,12000.0,2012,camioneta,secuencial
gasolina,provincia,10800.0,2017,otros,mecanica
gasolina,lima,6700.0,2014,otros,mecanica
gasolina,lima,37000.0,2024,camioneta,secuencial
otro,lima,36000.0,2021,camioneta,secuencial
gasolina,lima,11500.0,2014,otros,secuencial
gasolina,lima,7800.0,2007,camioneta,automatica
gasolina,lima,14000.0,2018,camioneta,secuencial
otro,lima,12500.0,2010,otros,mecanica
gasolina,lima,20000.0,2022,camioneta,secuencial
gasolina,lima,11111.0,2013,camioneta,automatica
otro,lima,11200.0,2016,otros,secuencial
gasolina,lima,9800.0,2010,otros,automatica
gasolina,lima,15500.0,2023,camioneta,mecanica
otro,provincia,13000.0,2021,otros,mecanica
gasolina,lima,8700.0,2025,camioneta,mecanica
gasolina,lima,6000.0,2013,otros,mecanica
gasolina,lima,23500.0,2022,camioneta,secuencial
gasolina,lima,12000.0,2018,otros,automatica
otro,provincia,4500.0,1997,otros,mecanica
otro,lima,18500.0,2014,camioneta,secuencial
gasolina,lima,10900.0,2016,otros,mecanica
gasolina,lima,20999.0,2024,camioneta,automatica
gasolina,provincia,16500.0,2017,camioneta,secuencial
gasolina,lima,6000.0,2001,otros,mecanica
gasolina,lima,13000.0,2014,otros,mecanica
gasolina,lima,12800.0,2017,otros,mecanica
otro,lima,5600.0,2004,otros,automatica
gasolina,provincia,40500.0,2021,camioneta,secuencial
gasolina,lima,8000.0,2013,camioneta,automatica
otro,lima,6800.0,2003,camioneta,automatica
gasolina,lima,11800.0,2008,camioneta,automatica
gasolina,lima,13900.0,2016,camioneta,mecanica
gasolina,provincia,22600.0,2022,camioneta,secuencial
otro,lima,6500.0,2016,otros,mecanica
gasolina,lima,27000.0,2023,camioneta,secuencial
gasolina,lima,26500.0,2016,camioneta,secuencial
gasolina,provincia,18900.0,2023,camioneta,secuencial
gasolina,lima,10600.0,2013,camioneta,mecanica
otro,provincia,8190.0,2021,otros,mecanica
gasolina,lima,22500.0,2019,camioneta,automatica
gasolina,provincia,10372.0,2017,otros,mecanica
otro,provincia,26900.0,2025,otros,mecanica
gasolina,lima,5900.0,2018,otros,mecanica
gasolina,lima,7600.0,2009,camioneta,mecanica
gasolina,lima,11000.0,2022,otros,mecanica
gasolina,provincia,28000.0,2017,camioneta,mecanica
otro,lima,6900.0,2005,otros,automatica
gasolina,lima,37000.0,2022,camioneta,automatica
gasolina,lima,12300.0,2014,otros,secuencial
gasolina,lima,23500.0,2023,camioneta,secuencial
gasolina,lima,26000.0,2019,camioneta,secuencial
gasolina,provincia,20000.0,2022,otros,secuencial
otro,lima,18000.0,2019,camioneta,secuencial
gasolina,lima,9500.0,2010,camioneta,mecanica
otro,lima,33000.0,2015,camioneta,secuencial
otro,lima,12000.0,2023,otros,mecanica
gasolina,lima,19900.0,2023,camioneta,secuencial
gasolina,lima,6650.0,2015,otros,mecanica
gasolina,lima,22500.0,2019,deportivo,secuencial
gasolina,lima,12500.0,2016,camioneta,secuencial
gasolina,lima,40000.0,2016,camioneta,automatica
gasolina,lima,21000.0,2024,camioneta,automatica
otro,provincia,14600.0,2012,otros,mecanica
otro,lima,5200.0,2016,otros,mecanica
gasolina,provincia,8500.0,2016,otros,mecanica
otro,lima,8500.0,2009,otros,secuencial
gasolina,provincia,28500.0,2022,camioneta,secuencial
gasolina,lima,32000.0,2024,camioneta,secuencial
gasolina,lima,8300.0,2019,camioneta,secuencial
gasolina,lima,15000.0,2019,camioneta,mecanica
gasolina,lima,17900.0,2019,camioneta,secuencial
otro,lima,7680.0,2010,camioneta,automatica
gasolina,lima,3500.0,1982,otros,mecanica
gasolina,lima,11700.0,2020,camioneta,secuencial
gasolina,lima,11900.0,2013,camioneta,secuencial
otro,lima,12000.0,2011,camioneta,secuencial
gasolina,lima,18000.0,2016,camioneta,automatica
gasolina,lima,10900.0,2013,otros,secuencial
otro,lima,7500.0,2015,otros,mecanica
gasolina,lima,8600.0,2016,otros,secuencial
gasolina,provincia,22300.0,2022,camioneta,secuencial
otro,lima,34900.0,2019,camioneta,automatica
gasolina,lima,30900.0,2020,camioneta,secuencial
otro,lima,12500.0,2024,otros,mecanica
gasolina,lima,13500.0,2018,camioneta,mecanica
otro,lima,13500.0,2023,camioneta,mecanica
gasolina,lima,21500.0,2018,camioneta,mecanica
gasolina,lima,19950.0,2022,camioneta,secuencial
gasolina,lima,20000.0,2024,camioneta,secuencial
gasolina,lima,19800.0,2017,otros,secuencial
gasolina,lima,27000.0,2016,camioneta,automatica
gasolina,lima,12500.0,2012,camioneta,automatica
gasolina,lima,27000.0,2019,camioneta,secuencial
otro,lima,7650.0,2020,otros,mecanica
gasolina,provincia,15000.0,2023,camioneta,mecanica
gasolina,lima,12500.0,2012,camioneta,automatica
gasolina,lima,11800.0,2014,otros,secuencial
gasolina,lima,11000.0,2019,otros,mecanica
gasolina,lima,9500.0,2011,otros,secuencial
otro,lima,13000.0,2024,camioneta,automatica
gasolina,lima,19900.0,2011,camioneta,mecanica
gasolina,lima,15500.0,2023,camioneta,secuencial
otro,lima,65000.0,2023,camioneta,secuencial
gasolina,lima,7499.0,2012,otros,mecanica
otro,lima,10400.0,2009,camioneta,automatica
otro,lima,9000.0,2010,otros,automatica
gasolina,lima,12400.0,2013,camioneta,secuencial
gasolina,lima,23000.0,2021,camioneta,automatica
gasolina,lima,9000.0,2021,otros,mecanica
gasolina,lima,20000.0,2015,deportivo,secuencial
otro,lima,6950.0,2013,otros,mecanica
gasolina,lima,9300.0,2020,camioneta,automatica
gasolina,lima,36500.0,2024,camioneta,secuencial
otro,lima,22000.0,2025,camioneta,automatica
gasolina,lima,10500.0,2017,otros,secuencial
gasolina,lima,38000.0,2011,camioneta,automatica
gasolina,lima,16000.0,2017,otros,automatica
gasolina,lima,18750.0,2022,camioneta,automatica
gasolina,lima,16800.0,2023,camioneta,automatica
gasolina,lima,25000.0,2015,camioneta,automatica
gasolina,lima,10000.0,1976,deportivo,automatica
gasolina,lima,14900.0,2014,camioneta,secuencial
gasolina,lima,6750.0,2006,camioneta,automatica
gasolina,lima,42000.0,2018,camioneta,automatica
gasolina,lima,14500.0,2015,camioneta,secuencial
gasolina,provincia,32000.0,2015,otros,mecanica
gasolina,lima,11900.0,2018,camioneta,automatica
gasolina,lima,6500.0,2009,otros,secuencial
gasolina,lima,17000.0,2018,camioneta,automatica
otro,lima,10900.0,2008,otros,automatica
gasolina,lima,34000.0,2024,camioneta,automatica
gasolina,lima,7800.0,2009,camioneta,mecanica
otro,lima,7900.0,2007,otros,secuencial
gasolina,lima,10000.0,2013,camioneta,secuencial
gasolina,lima,22500.0,2018,deportivo,secuencial
gasolina,lima,25500.0,2023,camioneta,secuencial
otro,lima,12500.0,2025,camioneta,mecanica
gasolina,lima,15500.0,2014,camioneta,secuencial
gasolina,lima,55000.0,2020,camioneta,mecanica
gasolina,provincia,17500.0,2014,camioneta,mecanica
gasolina,lima,16990.0,2016,otros,secuencial
otro,lima,7300.0,2018,otros,mecanica
gasolina,provincia,41600.0,2021,camioneta,secuencial
gasolina,lima,11400.0,2018,camioneta,secuencial
gasolina,lima,20000.0,2020,camioneta,secuencial
gasolina,lima,26000.0,2019,camioneta,automatica
gasolina,provincia,8000.0,1993,deportivo,mecanica
gasolina,lima,11500.0,2013,otros,automatica
otro,lima,16500.0,2016,otros,secuencial
gasolina,lima,17000.0,2018,camioneta,secuencial
otro,lima,9200.0,2019,otros,automatica
gasolina,lima,9300.0,2022,otros,mecanica
otro,lima,27900.0,2018,otros,automatica
gasolina,lima,11400.0,2016,otros,automatica
otro,lima,6800.0,2012,otros,mecanica
gasolina,lima,11300.0,2013,otros,automatica
gasolina,lima,6900.0,2012,otros,automatica
gasolina,lima,20500.0,2023,camioneta,secuencial
gasolina,lima,26500.0,2024,camioneta,secuencial
gasolina,lima,8300.0,2023,otros,mecanica
gasolina,lima,21500.0,2024,camioneta,automatica
gasolina,lima,21300.0,2025,camioneta,mecanica
gasolina,lima,10000.0,2011,otros,automatica
otro,lima,27000.0,2016,otros,mecanica
gasolina,lima,4700.0,2010,otros,mecanica
gasolina,lima,37990.0,2021,camioneta,secuencial
gasolina,lima,9500.0,2020,camioneta,mecanica
gasolina,lima,43000.0,2022,camioneta,secuencial
gasolina,lima,13500.0,2018,otros,automatica
gasolina,lima,7500.0,2016,otros,automatica
gasolina,lima,20500.0,2019,camioneta,secuencial
gasolina,lima,23200.0,2019,camioneta,secuencial
gasolina,provincia,20700.0,2025,camioneta,secuencial
gasolina,lima,14500.0,2021,otros,secuencial
gasolina,lima,14500.0,2009,camioneta,secuencial
gasolina,lima,17000.0,2020,camioneta,automatica
otro,lima,11000.0,2015,otros,automatica
otro,provincia,13000.0,2022,camioneta,mecanica
gasolina,lima,34000.0,2024,camioneta,secuencial
gasolina,lima,23000.0,2024,camioneta,secuencial
otro,lima,18500.0,2025,camioneta,secuencial
gasolina,provincia,9500.0,2010,otros,secuencial
gasolina,provincia,23800.0,2023,camioneta,secuencial
gasolina,lima,14500.0,2014,otros,automatica
gasolina,lima,17300.0,2016,camioneta,secuencial
otro,lima,12600.0,2022,camioneta,mecanica
gasolina,lima,9800.0,2012,otros,secuencial
gasolina,provincia,13000.0,2020,otros,mecanica
gasolina,lima,12900.0,2022,otros,automatica
otro,provincia,8800.0,2018,otros,mecanica
gasolina,lima,22000.0,2022,camioneta,secuencial
gasolina,lima,16400.0,2017,otros,mecanica
gasolina,lima,23000.0,2018,otros,secuencial
otro,lima,12990.0,2019,otros,secuencial
otro,lima,15600.0,2019,otros,automatica
otro,provincia,8500.0,2013,camioneta,mecanica
gasolina,lima,15000.0,2015,camioneta,mecanica
otro,lima,12000.0,2022,camioneta,mecanica
otro,lima,15500.0,2022,camioneta,automatica
gasolina,lima,10500.0,2012,otros,mecanica
otro,lima,8500.0,2004,camioneta,automatica
gasolina,lima,10500.0,2010,camioneta,automatica
gasolina,lima,15000.0,2020,otros,automatica
otro,lima,5600.0,2006,otros,automatica
gasolina,lima,6300.0,2009,otros,mecanica
gasolina,lima,19990.0,2019,otros,secuencial
otro,lima,28990.0,2024,camioneta,secuencial
gasolina,lima,13900.0,2014,camioneta,secuencial
gasolina,lima,16500.0,2016,camioneta,automatica
gasolina,provincia,20900.0,2017,otros,secuencial
gasolina,provincia,16000.0,2022,camioneta,automatica
gasolina,provincia,18500.0,2019,camioneta,mecanica
gasolina,lima,24200.0,2017,camioneta,secuencial
otro,lima,23000.0,2020,otros,automatica
gasolina,lima,7500.0,2013,camioneta,mecanica
otro,lima,13000.0,2008,camioneta,automatica
gasolina,lima,21400.0,2015,deportivo,secuencial
gasolina,lima,28800.0,2024,camioneta,secuencial
gasolina,lima,20500.0,2020,camioneta,secuencial
gasolina,lima,5100.0,1994,otros,mecanica
gasolina,lima,14800.0,2016,otros,automatica
gasolina,provincia,23000.0,2022,camioneta,secuencial
gasolina,lima,24449.0,2020,otros,automatica
gasolina,lima,9980.0,2011,otros,automatica
gasolina,provincia,15800.0,2017,otros,secuencial
otro,lima,17000.0,2020,camioneta,mecanica
otro,lima,40500.0,2025,otros,mecanica
gasolina,lima,16000.0,2018,camioneta,automatica
otro,lima,30900.0,2024,camioneta,secuencial
gasolina,lima,13900.0,2014,otros,automatica
gasolina,lima,25500.0,2020,camioneta,secuencial
gasolina,provincia,18000.0,2024,camioneta,mecanica
gasolina,lima,7700.0,2013,otros,automatica
gasolina,lima,11000.0,2015,otros,mecanica
gasolina,lima,2500.0,1994,otros,automatica
otro,lima,11500.0,2015,otros,secuencial
gasolina,lima,19900.0,2016,camioneta,automatica
gasolina,provincia,18000.0,2019,camioneta,mecanica
otro,lima,13200.0,2011,camioneta,automatica
gasolina,lima,15800.0,2023,camioneta,secuencial
gasolina,lima,15600.0,2020,camioneta,mecanica
gasolina,lima,16500.0,2023,camioneta,mecanica
gasolina,lima,10900.0,2013,otros,secuencial
gasolina,provincia,14500.0,2020,camioneta,mecanica
otro,lima,29500.0,2017,otros,mecanica
gasolina,lima,14000.0,2018,otros,secuencial
gasolina,lima,11800.0,2020,camioneta,automatica
gasolina,provincia,31500.0,2023,camioneta,automatica
otro,provincia,6500.0,2010,otros,mecanica
otro,lima,12000.0,2017,otros,secuencial
gasolina,lima,22000.0,2018,camioneta,secuencial
otro,lima,15600.0,2016,otros,mecanica
otro,lima,12000.0,2014,camioneta,secuencial
gasolina,lima,18500.0,2022,otros,mecanica
gasolina,lima,15500.0,2023,otros,secuencial
gasolina,lima,14000.0,2018,camioneta,automatica
gasolina,provincia,17000.0,2014,camioneta,automatica
gasolina,lima,10000.0,2016,camioneta,secuencial
gasolina,lima,5300.0,2008,otros,secuencial
otro,lima,6000.0,1997,otros,mecanica
otro,lima,14000.0,2017,camioneta,automatica
gasolina,provincia,28000.0,2022,camioneta,secuencial
gasolina,lima,9000.0,2010,camioneta,automatica
gasolina,lima,12900.0,2014,otros,secuencial
gasolina,provincia,7800.0,2009,camioneta,mecanica
otro,lima,14000.0,2018,camioneta,secuencial
gasolina,lima,15300.0,2018,otros,secuencial
otro,lima,16500.0,2025,otros,mecanica
gasolina,lima,8100.0,2020,otros,mecanica
gasolina,lima,2500.0,1971,otros,mecanica
gasolina,lima,11200.0,2014,camioneta,secuencial
otro,lima,8200.0,2012,camioneta,mecanica
otro,lima,15000.0,2023,camioneta,secuencial
gasolina,provincia,12800.0,2022,otros,mecanica
gasolina,lima,11400.0,2013,camioneta,secuencial
gasolina,lima,14800.0,2023,camioneta,mecanica
gasolina,lima,7900.0,2010,otros,secuencial
gasolina,lima,9900.0,2009,camioneta,secuencial
otro,lima,15800.0,2024,otros,mecanica
gasolina,provincia,10500.0,2017,camioneta,mecanica
gasolina,lima,18500.0,2020,camioneta,automatica
gasolina,lima,14500.0,2019,camioneta,secuencial
gasolina,lima,24500.0,2024,camioneta,mecanica
gasolina,lima,7000.0,2020,otros,automatica
otro,lima,10900.0,2013,camioneta,secuencial
gasolina,lima,5500.0,2005,otros,secuencial
gasolina,lima,7100.0,2017,otros,mecanica
gasolina,provincia,17700.0,1992,camioneta,mecanica
gasolina,lima,16000.0,2016,camioneta,automatica
gasolina,lima,30000.0,2023,camioneta,secuencial
otro,lima,14500.0,2023,camioneta,automatica
gasolina,lima,29000.0,2012,otros,automatica
otro,lima,18000.0,2023,otros,mecanica
gasolina,lima,25000.0,2024,camioneta,automatica
gasolina,lima,30000.0,2015,otros,secuencial
gasolina,lima,20500.0,2018,camioneta,secuencial
gasolina,lima,25500.0,2014,camioneta,automatica
otro,lima,32500.0,2023,camioneta,secuencial
gasolina,lima,38500.0,2016,otros,secuencial
otro,lima,6500.0,2016,otros,mecanica
gasolina,provincia,11000.0,2022,otros,mecanica
otro,lima,29000.0,2018,otros,mecanica
otro,provincia,7500.0,2019,otros,mecanica
gasolina,lima,12500.0,2016,otros,secuencial
otro,lima,20000.0,2022,otros,mecanica
otro,lima,14500.0,2021,otros,mecanica
gasolina,lima,4500.0,2022,otros,secuencial
gasolina,lima,14600.0,2017,camioneta,automatica
gasolina,lima,13800.0,2012,otros,secuencial
gasolina,lima,48000.0,2023,deportivo,secuencial
otro,lima,8000.0,2010,otros,automatica
gasolina,lima,22500.0,2024,camioneta,automatica
otro,lima,23000.0,2019,camioneta,secuencial
gasolina,lima,8400.0,2006,camioneta,mecanica
otro,lima,28000.0,2019,otros,secuencial
otro,lima,18800.0,2019,camioneta,mecanica
gasolina,lima,9000.0,2020,camioneta,mecanica
otro,lima,33990.0,2023,camioneta,secuencial
otro,lima,12300.0,2024,otros,mecanica
gasolina,lima,24990.0,2017,deportivo,secuencial
gasolina,lima,31800.0,2019,camioneta,secuencial
gasolina,lima,19500.0,2018,camioneta,automatica
gasolina,lima,15000.0,2022,camioneta,automatica
gasolina,lima,21900.0,2017,camioneta,automatica
gasolina,lima,23500.0,2023,camioneta,automatica
gasolina,lima,22000.0,2020,otros,secuencial
gasolina,lima,11000.0,2013,camioneta,automatica
gasolina,lima,7500.0,2015,otros,secuencial
gasolina,lima,17200.0,2018,otros,secuencial
gasolina,lima,31000.0,2022,deportivo,secuencial
gasolina,lima,15500.0,2022,camioneta,secuencial
otro,provincia,15000.0,2021,camioneta,mecanica
gasolina,provincia,79000.0,2020,camioneta,automatica
otro,lima,14500.0,2023,otros,mecanica
gasolina,lima,35500.0,2023,camioneta,secuencial
otro,lima,15200.0,2019,camioneta,automatica
gasolina,lima,3600.0,1998,otros,mecanica
gasolina,lima,15900.0,2016,otros,automatica
gasolina,lima,26000.0,2020,camioneta,secuencial
gasolina,lima,17000.0,2018,otros,automatica
otro,lima,2400.0,1998,otros,automatica
gasolina,lima,30000.0,2020,camioneta,secuencial
gasolina,lima,8500.0,2011,otros,secuencial
gasolina,lima,19700.0,2021,otros,secuencial
otro,provincia,7706.0,2007,camioneta,mecanica
gasolina,lima,9200.0,2010,camioneta,automatica
otro,lima,7600.0,2022,camioneta,automatica
gasolina,lima,16000.0,2017,camioneta,automatica
otro,lima,13900.0,2022,otros,mecanica
otro,lima,13300.0,2015,camioneta,secuencial
gasolina,lima,14000.0,2019,camioneta,secuencial
gasolina,lima,19500.0,2022,camioneta,secuencial
gasolina,lima,18900.0,2015,camioneta,automatica
gasolina,lima,11500.0,2019,camioneta,secuencial
gasolina,lima,28900.0,2017,otros,automatica
gasolina,lima,6200.0,2009,otros,automatica
otro,lima,31500.0,2013,otros,automatica
otro,provincia,12000.0,2013,camioneta,automatica
otro,provincia,9000.0,2015,otros,mecanica
gasolina,lima,10200.0,2023,otros,mecanica
otro,lima,8000.0,2020,camioneta,automatica
otro,lima,7500.0,2021,otros,mecanica
otro,lima,28000.0,2023,otros,mecanica
otro,lima,7000.0,2023,otros,mecanica
gasolina,provincia,40900.0,2021,camioneta,secuencial
otro,lima,13500.0,2023,otros,mecanica
gasolina,lima,14500.0,2014,camioneta,secuencial
otro,lima,19900.0,2026,camioneta,mecanica
gasolina,lima,16900.0,2020,camioneta,secuencial
gasolina,lima,10000.0,2014,camioneta,secuencial
gasolina,lima,25300.0,2021,camioneta,automatica
gasolina,lima,28500.0,2024,camioneta,secuencial
gasolina,lima,7000.0,2014,otros,automatica
gasolina,lima,6200.0,2019,otros,mecanica
gasolina,lima,16800.0,2012,otros,secuencial
otro,lima,18800.0,2019,otros,mecanica
gasolina,lima,14000.0,2016,camioneta,mecanica
otro,lima,15790.0,2024,otros,mecanica
otro,lima,9800.0,2015,otros,mecanica
gasolina,provincia,12000.0,2018,camioneta,mecanica
gasolina,lima,18000.0,2018,deportivo,secuencial
gasolina,provincia,14705.0,2026,otros,secuencial
otro,provincia,27800.0,2019,otros,mecanica
gasolina,lima,12200.0,2017,otros,automatica
gasolina,lima,25500.0,2023,camioneta,secuencial
gasolina,lima,16900.0,2017,camioneta,secuencial
gasolina,provincia,12500.0,2017,otros,mecanica
otro,lima,8000.0,2016,otros,automatica
gasolina,lima,34500.0,2023,camioneta,automatica
otro,provincia,22990.0,2022,camioneta,mecanica
gasolina,lima,17600.0,2017,camioneta,secuencial
otro,provincia,5000.0,2006,otros,mecanica
gasolina,lima,24000.0,2015,camioneta,secuencial
gasolina,lima,39800.0,2020,camioneta,secuencial
gasolina,lima,13500.0,2023,camioneta,mecanica
gasolina,lima,11950.0,2018,otros,automatica
gasolina,provincia,13500.0,2019,otros,mecanica
gasolina,lima,8400.0,2014,camioneta,mecanica
gasolina,lima,14000.0,2012,camioneta,secuencial
otro,provincia,17500.0,2020,otros,mecanica
gasolina,lima,7300.0,2013,otros,mecanica
gasolina,lima,11000.0,2013,camioneta,mecanica
gasolina,lima,34900.0,2019,otros,secuencial
gasolina,provincia,12000.0,2016,camioneta,mecanica
gasolina,lima,45000.0,1956,otros,mecanica
gasolina,provincia,31500.0,2022,deportivo,automatica
gasolina,lima,21000.0,2024,camioneta,automatica
gasolina,lima,19000.0,2016,camioneta,automatica
gasolina,lima,8500.0,1996,deportivo,mecanica
gasolina,lima,22500.0,2016,camioneta,secuencial
otro,lima,19000.0,2018,camioneta,secuencial
otro,lima,12000.0,2016,camioneta,mecanica
gasolina,lima,35000.0,2016,otros,secuencial
otro,lima,30990.0,2024,camioneta,secuencial
gasolina,lima,9850.0,2021,otros,mecanica
otro,lima,30000.0,2017,camioneta,secuencial
gasolina,lima,18500.0,2013,camioneta,secuencial
gasolina,lima,7800.0,2012,otros,mecanica
gasolina,lima,15900.0,2015,camioneta,automatica
otro,lima,8000.0,2015,otros,mecanica
gasolina,lima,17901.0,2025,otros,secuencial
gasolina,lima,12000.0,2012,otros,mecanica
otro,lima,10500.0,2018,otros,mecanica
gasolina,lima,26400.0,2025,camioneta,secuencial
otro,lima,16000.0,2024,camioneta,automatica
gasolina,provincia,23000.0,2018,otros,secuencial
gasolina,lima,16500.0,2016,camioneta,secuencial
gasolina,lima,22950.0,2023,camioneta,secuencial
gasolina,lima,5360.0,2008,otros,mecanica
gasolina,lima,39500.0,2018,camioneta,secuencial
otro,lima,12850.0,2016,camioneta,automatica
otro,lima,6200.0,2017,otros,mecanica
otro,lima,16000.0,2009,otros,mecanica
otro,lima,18500.0,2017,otros,mecanica
gasolina,lima,9000.0,2018,otros,mecanica
otro,provincia,27000.0,2021,camioneta,secuencial
gasolina,lima,10900.0,2010,camioneta,automatica
gasolina,lima,16900.0,2022,camioneta,secuencial
gasolina,lima,7000.0,2009,otros,automatica
gasolina,lima,7200.0,2017,otros,mecanica
gasolina,lima,5300.0,2009,otros,mecanica
gasolina,lima,16400.0,2021,camioneta,secuencial
gasolina,provincia,12500.0,2023,otros,mecanica
otro,lima,13000.0,2002,camioneta,secuencial
otro,lima,56000.0,2023,camioneta,secuencial
gasolina,lima,16800.0,2022,otros,mecanica
otro,lima,26500.0,2024,camioneta,automatica
otro,lima,8200.0,2020,otros,mecanica
gasolina,provincia,25300.0,2023,camioneta,mecanica
gasolina,lima,19000.0,2022,camioneta,automatica
gasolina,lima,11500.0,2022,otros,mecanica
otro,lima,9000.0,2017,otros,mecanica
otro,lima,9000.0,2013,otros,mecanica
gasolina,lima,11800.0,2024,otros,mecanica
gasolina,lima,11000.0,2017,otros,secuencial
otro,lima,17500.0,2024,camioneta,mecanica
gasolina,lima,11300.0,2026,camioneta,automatica
gasolina,lima,23900.0,2018,camioneta,secuencial
gasolina,lima,11000.0,2013,otros,secuencial
gasolina,lima,12800.0,2013,otros,secuencial
gasolina,lima,7000.0,2012,otros,secuencial
otro,lima,10500.0,2020,otros,mecanica
otro,lima,12000.0,2018,otros,secuencial
gasolina,lima,15200.0,2014,camioneta,automatica
gasolina,lima,5700.0,2007,otros,automatica
gasolina,lima,11500.0,2013,camioneta,mecanica
gasolina,provincia,19900.0,2023,camioneta,automatica
gasolina,lima,9400.0,2016,otros,automatica
gasolina,lima,27900.0,2022,camioneta,secuencial
gasolina,lima,13800.0,2014,deportivo,secuencial
otro,lima,28000.0,2022,otros,mecanica
gasolina,lima,23500.0,2021,camioneta,automatica
otro,lima,10750.0,2023,otros,mecanica
gasolina,lima,15900.0,2018,otros,secuencial
gasolina,lima,17950.0,2017,camioneta,secuencial
gasolina,lima,23000.0,2022,otros,automatica
otro,provincia,26900.0,2023,camioneta,automatica
otro,lima,19500.0,2023,camioneta,secuencial
otro,lima,10450.0,2020,camioneta,mecanica
gasolina,lima,12300.0,2013,camioneta,automatica
otro,lima,11450.0,2025,otros,mecanica
otro,lima,25000.0,2023,otros,mecanica
gasolina,lima,13500.0,2014,camioneta,mecanica
gasolina,lima,16500.0,2020,camioneta,automatica
otro,lima,8900.0,2017,camioneta,mecanica
gasolina,provincia,22000.0,2025,camioneta,mecanica
gasolina,provincia,2800.0,1967,otros,mecanica
gasolina,provincia,17000.0,2016,camioneta,secuencial
gasolina,lima,22900.0,2024,camioneta,secuencial
gasolina,lima,4500.0,2006,otros,automatica
otro,lima,4620.0,2013,otros,mecanica
gasolina,lima,7500.0,2015,otros,mecanica
gasolina,lima,15500.0,2012,camioneta,secuencial
gasolina,lima,10200.0,2015,camioneta,secuencial
otro,lima,6000.0,2001,camioneta,mecanica
gasolina,provincia,6000.0,2016,otros,mecanica
otro,lima,12000.0,2017,otros,mecanica
gasolina,lima,30000.0,2021,camioneta,mecanica
otro,lima,12000.0,2013,otros,mecanica
gasolina,provincia,9500.0,2008,otros,automatica
gasolina,lima,30500.0,2018,camioneta,secuencial
otro,lima,8800.0,2016,otros,mecanica
gasolina,lima,18500.0,2020,otros,mecanica
gasolina,provincia,4500.0,1996,otros,mecanica
otro,lima,13000.0,2009,camioneta,secuencial
otro,lima,17000.0,2013,camioneta,automatica
gasolina,lima,22900.0,2023,otros,secuencial
otro,lima,12000.0,2019,otros,mecanica
gasolina,lima,6200.0,2009,otros,mecanica
otro,provincia,19500.0,2018,otros,mecanica
gasolina,lima,24000.0,2020,camioneta,secuencial
otro,provincia,8300.0,2016,otros,mecanica
gasolina,lima,7200.0,2017,otros,mecanica
gasolina,provincia,8000.0,2013,otros,mecanica
gasolina,lima,12700.0,2021,camioneta,mecanica
otro,lima,22500.0,2022,camioneta,secuencial
otro,lima,19100.0,2010,otros,mecanica
gasolina,lima,16000.0,2018,camioneta,automatica
otro,lima,7150.0,2018,otros,mecanica
gasolina,lima,30000.0,2020,camioneta,secuencial
otro,lima,14700.0,2022,camioneta,mecanica
otro,lima,25500.0,2022,camioneta,automatica
gasolina,lima,18500.0,2020,camioneta,secuencial
gasolina,lima,12300.0,2012,camioneta,secuencial
otro,lima,11900.0,2006,otros,automatica
gasolina,lima,7700.0,2016,otros,automatica
gasolina,lima,7900.0,2019,camioneta,mecanica
gasolina,lima,12800.0,2013,camioneta,automatica
gasolina,provincia,12500.0,2020,otros,mecanica
otro,provincia,14500.0,2015,otros,mecanica
gasolina,lima,25500.0,2025,camioneta,automatica
gasolina,lima,13900.0,2017,camioneta,secuencial
otro,lima,11800.0,2015,otros,mecanica
gasolina,lima,7200.0,2014,camioneta,mecanica
gasolina,lima,22500.0,2023,camioneta,secuencial
gasolina,lima,25000.0,2014,camioneta,mecanica
gasolina,lima,7900.0,2015,otros,secuencial
gasolina,lima,6000.0,2012,otros,secuencial
gasolina,lima,19500.0,2022,camioneta,secuencial
otro,lima,15000.0,2010,camioneta,mecanica
otro,provincia,4450.0,1999,otros,mecanica
gasolina,provincia,38000.0,2018,camioneta,mecanica
otro,lima,18000.0,2023,camioneta,mecanica
otro,lima,13600.0,2025,camioneta,automatica
gasolina,lima,14800.0,2021,otros,mecanica
otro,lima,9000.0,2019,otros,mecanica
gasolina,lima,8900.0,2020,otros,automatica
gasolina,provincia,17500.0,2018,camioneta,automatica
gasolina,lima,18500.0,2025,otros,secuencial
otro,lima,8300.0,2015,otros,mecanica
gasolina,lima,8990.0,2013,otros,secuencial
gasolina,provincia,21500.0,2024,camioneta,secuencial
otro,provincia,45000.0,2026,otros,mecanica
otro,lima,10500.0,2019,otros,mecanica
gasolina,lima,14500.0,2018,camioneta,mecanica
gasolina,lima,2500.0,2011,otros,mecanica
otro,lima,27900.0,2018,otros,mecanica
otro,lima,9700.0,2011,otros,secuencial
gasolina,lima,9000.0,2017,camioneta,mecanica
otro,lima,10000.0,2016,otros,mecanica
gasolina,lima,20500.0,2019,otros,secuencial
otro,lima,16200.0,2025,camioneta,mecanica
gasolina,lima,30000.0,2017,camioneta,automatica
otro,lima,11000.0,2023,camioneta,secuencial
gasolina,lima,12500.0,2017,otros,secuencial
gasolina,lima,11500.0,2017,otros,secuencial
gasolina,lima,17500.0,2022,camioneta,automatica
gasolina,lima,10500.0,2012,camioneta,secuencial
gasolina,lima,27990.0,2020,camioneta,automatica
gasolina,lima,13700.0,2013,camioneta,secuencial
otro,lima,2800.0,2011,otros,mecanica
gasolina,lima,8000.0,2016,otros,secuencial
gasolina,lima,22690.0,2024,otros,secuencial
gasolina,lima,2900.0,1998,otros,automatica
gasolina,lima,4500.0,2011,otros,mecanica
otro,lima,11000.0,2020,otros,mecanica
otro,lima,13000.0,2022,camioneta,mecanica
gasolina,lima,16000.0,2014,camioneta,secuencial
gasolina,provincia,36300.0,2023,camioneta,automatica
gasolina,provincia,6500.0,2010,camioneta,secuencial
gasolina,lima,8500.0,2022,camioneta,mecanica
otro,lima,12900.0,2021,camioneta,secuencial
gasolina,lima,24000.0,2017,camioneta,secuencial
otro,lima,9000.0,2020,otros,mecanica
gasolina,lima,23500.0,2024,camioneta,automatica
otro,lima,11600.0,2015,otros,mecanica
otro,lima,16900.0,2008,camioneta,mecanica
otro,lima,6500.0,2013,otros,mecanica
otro,provincia,32950.0,2022,camioneta,secuencial
gasolina,lima,28000.0,2022,camioneta,secuencial
otro,provincia,11900.0,2019,otros,mecanica
gasolina,lima,22500.0,2019,camioneta,secuencial
gasolina,lima,24600.0,2022,camioneta,secuencial
gasolina,lima,2000.0,1985,otros,automatica
otro,lima,9800.0,2022,otros,mecanica
gasolina,lima,11500.0,2015,camioneta,automatica
otro,provincia,14500.0,2022,otros,mecanica
otro,lima,8500.0,2004,otros,mecanica
gasolina,lima,5000.0,1965,otros,mecanica
gasolina,lima,10299.0,2014,otros,mecanica
gasolina,lima,14500.0,2015,camioneta,automatica
otro,lima,3800.0,2013,otros,mecanica
otro,lima,10000.0,1989,camioneta,mecanica
gasolina,provincia,25000.0,2012,camioneta,secuencial
gasolina,lima,11000.0,2014,otros,mecanica
gasolina,lima,67900.0,2019,camioneta,secuencial
gasolina,lima,19000.0,2020,camioneta,automatica
otro,lima,13000.0,2013,camioneta,secuencial
otro,lima,30900.0,2016,camioneta,mecanica
gasolina,lima,16800.0,2018,otros,secuencial
otro,provincia,16500.0,2024,otros,mecanica
gasolina,lima,15000.0,2015,deportivo,automatica
gasolina,lima,15000.0,2022,camioneta,automatica
gasolina,lima,19500.0,2020,camioneta,secuencial
gasolina,lima,18900.0,2021,otros,mecanica
gasolina,lima,1500.0,2025,otros,automatica
gasolina,lima,19500.0,2021,camioneta,automatica
gasolina,lima,23500.0,2018,camioneta,secuencial
otro,lima,8300.0,2020,camioneta,mecanica
gasolina,provincia,12300.0,2023,otros,mecanica
otro,lima,11800.0,2016,camioneta,mecanica
gasolina,lima,11900.0,2023,camioneta,secuencial
gasolina,lima,12000.0,2020,otros,automatica
gasolina,lima,21500.0,2019,camioneta,secuencial
gasolina,lima,17000.0,2023,camioneta,secuencial
otro,lima,10000.0,2013,camioneta,mecanica
gasolina,lima,12000.0,2021,otros,mecanica
gasolina,lima,20500.0,2021,camioneta,secuencial
gasolina,lima,6490.0,1995,deportivo,automatica
gasolina,lima,11500.0,2013,camioneta,mecanica
otro,lima,13000.0,2012,otros,mecanica
gasolina,lima,13500.0,2021,camioneta,mecanica
gasolina,lima,19000.0,2025,camioneta,secuencial
otro,lima,14000.0,2021,otros,mecanica
gasolina,lima,8000.0,2017,otros,mecanica
otro,lima,7000.0,2011,otros,mecanica
gasolina,lima,9500.0,2012,otros,secuencial
otro,lima,6300.0,2015,otros,mecanica
gasolina,provincia,13000.0,2019,camioneta,secuencial
otro,lima,25000.0,2025,otros,mecanica
otro,lima,7800.0,2022,otros,mecanica
gasolina,provincia,31000.0,2022,camioneta,secuencial
gasolina,lima,19200.0,2021,camioneta,secuencial
otro,lima,23000.0,2025,camioneta,automatica
gasolina,lima,17000.0,2021,camioneta,mecanica
otro,provincia,12000.0,2018,otros,mecanica
gasolina,lima,11500.0,2015,otros,automatica
otro,lima,26000.0,2024,camioneta,automatica
otro,provincia,7000.0,1999,camioneta,mecanica
gasolina,provincia,12500.0,2020,otros,mecanica
gasolina,provincia,9000.0,2015,otros,mecanica
otro,lima,18000.0,2020,camioneta,secuencial
gasolina,lima,4600.0,2002,otros,automatica
gasolina,lima,12000.0,2021,camioneta,automatica
gasolina,lima,11800.0,2011,camioneta,automatica
gasolina,provincia,125000.0,2017,deportivo,automatica
gasolina,lima,7700.0,2014,otros,automatica
otro,lima,8200.0,2022,camioneta,mecanica
gasolina,lima,22000.0,2022,otros,secuencial
gasolina,lima,13000.0,2016,camioneta,secuencial
gasolina,lima,31000.0,2025,otros,secuencial
otro,lima,9000.0,2017,otros,automatica
gasolina,lima,10500.0,2016,otros,mecanica
gasolina,provincia,22990.0,2021,camioneta,automatica
otro,provincia,8000.0,2022,otros,mecanica
gasolina,provincia,6900.0,2009,otros,mecanica
gasolina,lima,10000.0,2021,otros,mecanica
otro,lima,8400.0,2020,otros,mecanica
otro,provincia,62000.0,2015,otros,mecanica
otro,lima,13000.0,2006,camioneta,automatica
gasolina,lima,32000.0,2020,otros,secuencial
otro,lima,18500.0,2024,otros,mecanica
gasolina,lima,21000.0,2022,camioneta,secuencial
gasolina,lima,16000.0,2019,camioneta,secuencial
otro,provincia,16000.0,2006,camioneta,automatica
otro,lima,17000.0,2023,camioneta,mecanica
gasolina,provincia,18500.0,2015,otros,mecanica
gasolina,provincia,25150.0,2022,camioneta,secuencial
otro,lima,11000.0,2025,otros,mecanica
otro,lima,12000.0,2012,camioneta,secuencial
otro,lima,1800.0,1997,otros,mecanica
gasolina,provincia,12500.0,2022,otros,mecanica
gasolina,lima,6000.0,2012,otros,mecanica
otro,lima,11500.0,2012,camioneta,secuencial
gasolina,lima,10600.0,2009,camioneta,secuencial
gasolina,lima,8500.0,2014,otros,mecanica
otro,lima,4500.0,1992,otros,mecanica
gasolina,lima,16000.0,2018,camioneta,secuencial
otro,lima,13700.0,2022,otros,mecanica
gasolina,lima,42500.0,2016,camioneta,secuencial
gasolina,lima,4000.0,2007,otros,mecanica
otro,provincia,14500.0,2022,otros,mecanica
gasolina,lima,16400.0,2016,otros,secuencial
gasolina,lima,14000.0,2015,camioneta,secuencial
otro,lima,8500.0,2015,otros,automatica
otro,lima,9200.0,2016,camioneta,secuencial
otro,lima,15000.0,2023,camioneta,automatica
otro,lima,10500.0,2022,otros,mecanica
gasolina,lima,42000.0,2023,camioneta,automatica
gasolina,lima,19500.0,2021,camioneta,automatica
otro,lima,15000.0,2021,camioneta,mecanica
otro,provincia,27500.0,2026,camioneta,mecanica
gasolina,lima,12400.0,2019,otros,secuencial
gasolina,provincia,16500.0,2022,camioneta,automatica
gasolina,lima,13000.0,2018,camioneta,mecanica
gasolina,lima,8000.0,2018,otros,secuencial
gasolina,lima,52000.0,2020,camioneta,secuencial
gasolina,lima,13000.0,2015,otros,secuencial
otro,lima,7800.0,2011,otros,secuencial
otro,lima,25000.0,2019,otros,mecanica
otro,lima,10000.0,2018,camioneta,mecanica
gasolina,lima,16500.0,2017,camioneta,automatica
gasolina,provincia,13900.0,2023,camioneta,mecanica
gasolina,provincia,10500.0,2021,camioneta,mecanica
otro,provincia,36900.0,2021,otros,mecanica
gasolina,lima,15200.0,2017,otros,mecanica
gasolina,lima,9000.0,2009,camioneta,automatica
gasolina,provincia,22000.0,2020,otros,secuencial
gasolina,lima,7800.0,2018,otros,mecanica
otro,lima,5000.0,1999,otros,mecanica
gasolina,lima,80000.0,2025,camioneta,secuencial
gasolina,lima,17800.0,2017,otros,automatica
gasolina,lima,36000.0,2018,camioneta,automatica
gasolina,lima,20500.0,2018,otros,secuencial
otro,lima,28900.0,2018,otros,secuencial
gasolina,lima,19800.0,2016,camioneta,automatica
gasolina,lima,26000.0,2019,camioneta,secuencial
gasolina,lima,12000.0,2014,otros,automatica
gasolina,lima,10000.0,2015,otros,secuencial
gasolina,lima,9000.0,2017,otros,mecanica
gasolina,lima,2500.0,1992,otros,mecanica
otro,lima,6600.0,2010,otros,mecanica
otro,lima,12500.0,2014,otros,secuencial
gasolina,lima,16500.0,2014,camioneta,secuencial
gasolina,lima,18500.0,2022,camioneta,mecanica
gasolina,lima,7000.0,2008,otros,mecanica
gasolina,lima,19000.0,2022,otros,automatica
gasolina,lima,13000.0,2010,otros,automatica
gasolina,lima,10990.0,2011,camioneta,secuencial
gasolina,lima,21000.0,2012,camioneta,automatica
gasolina,lima,32100.0,2025,camioneta,secuencial
gasolina,lima,13250.0,2015,camioneta,automatica
otro,lima,23700.0,2024,otros,automatica
gasolina,lima,22800.0,2021,otros,secuencial
gasolina,lima,10350.0,2020,otros,mecanica
otro,lima,35000.0,2013,otros,secuencial
gasolina,lima,20000.0,2023,camioneta,automatica
gasolina,lima,14000.0,2019,deportivo,secuencial
gasolina,lima,15800.0,2017,camioneta,secuencial
gasolina,lima,12000.0,2019,otros,mecanica
otro,lima,15000.0,2010,otros,automatica
gasolina,lima,22500.0,2022,camioneta,automatica
gasolina,lima,12000.0,2013,otros,secuencial
otro,lima,10900.0,2020,camioneta,mecanica
gasolina,lima,10600.0,2023,otros,secuencial
gasolina,provincia,24500.0,2019,camioneta,secuencial
gasolina,lima,16500.0,2025,otros,mecanica
otro,lima,15000.0,2023,otros,mecanica
gasolina,lima,4900.0,1991,otros,automatica
gasolina,lima,15790.0,2017,camioneta,automatica
gasolina,lima,32000.0,2023,camioneta,secuencial
gasolina,lima,8800.0,2006,camioneta,automatica
gasolina,lima,9900.0,2014,otros,secuencial
gasolina,lima,12100.0,2019,otros,mecanica
otro,lima,19000.0,2020,camioneta,mecanica
otro,lima,11000.0,2013,camioneta,automatica
gasolina,provincia,13000.0,2022,camioneta,mecanica
otro,lima,24000.0,2020,otros,mecanica
otro,provincia,11000.0,2023,camioneta,mecanica
gasolina,lima,16500.0,2018,camioneta,mecanica
gasolina,lima,19900.0,2024,camioneta,automatica
gasolina,provincia,17300.0,2022,camioneta,mecanica
gasolina,lima,6000.0,1982,otros,mecanica
gasolina,lima,14200.0,2020,camioneta,mecanica
gasolina,lima,9500.0,2022,otros,mecanica
gasolina,lima,12000.0,2015,camioneta,secuencial
gasolina,lima,19900.0,2017,deportivo,secuencial
gasolina,lima,25000.0,2023,camioneta,secuencial
gasolina,lima,32000.0,2019,camioneta,secuencial
gasolina,lima,37500.0,2023,camioneta,secuencial
gasolina,lima,20500.0,2020,camioneta,mecanica
gasolina,provincia,6800.0,2007,camioneta,mecanica
otro,lima,75000.0,2024,camioneta,automatica
gasolina,lima,10000.0,2012,camioneta,secuencial
gasolina,lima,8290.0,2019,otros,mecanica
otro,lima,17500.0,2022,otros,mecanica
gasolina,lima,4800.0,1998,deportivo,automatica
gasolina,lima,12000.0,2020,otros,automatica
gasolina,lima,12900.0,2015,camioneta,secuencial
otro,provincia,17000.0,2020,camioneta,mecanica
gasolina,lima,12000.0,2020,otros,secuencial
otro,provincia,9500.0,2020,camioneta,mecanica
gasolina,lima,13800.0,2018,otros,mecanica
gasolina,lima,6200.0,2012,otros,mecanica
gasolina,lima,8500.0,2013,otros,secuencial
gasolina,provincia,9900.0,2022,otros,mecanica
otro,lima,11600.0,2012,otros,mecanica
gasolina,lima,8000.0,2010,camioneta,secuencial
otro,provincia,18700.0,2023,otros,mecanica
gasolina,lima,27900.0,2019,otros,automatica
gasolina,lima,6800.0,2008,otros,secuencial
gasolina,lima,13900.0,2019,otros,secuencial
otro,provincia,3000.0,1996,otros,automatica
otro,lima,11100.0,2022,otros,mecanica
gasolina,provincia,11000.0,2012,camioneta,secuencial
gasolina,lima,28900.0,2021,camioneta,secuencial
otro,lima,8800.0,2017,otros,secuencial
gasolina,lima,1500.0,2024,otros,automatica
otro,lima,23000.0,2026,camioneta,secuencial
otro,provincia,8900.0,2012,otros,mecanica
gasolina,lima,32000.0,2024,otros,automatica
gasolina,provincia,17000.0,2022,otros,secuencial
gasolina,provincia,23000.0,2023,camioneta,mecanica
gasolina,lima,6700.0,2008,otros,mecanica
gasolina,lima,30000.0,1997,otros,mecanica
gasolina,provincia,16890.0,2017,camioneta,mecanica
gasolina,provincia,2900.0,1982,otros,mecanica
gasolina,lima,11600.0,2017,otros,mecanica
otro,lima,6000.0,2013,camioneta,mecanica
gasolina,lima,16000.0,2015,camioneta,mecanica
otro,lima,21000.0,2019,camioneta,mecanica
otro,provincia,9300.0,2018,otros,mecanica
otro,lima,13000.0,2023,camioneta,secuencial
gasolina,lima,10000.0,2010,otros,mecanica
gasolina,lima,9100.0,2014,otros,automatica
gasolina,lima,14000.0,2015,camioneta,automatica
otro,lima,9500.0,2019,camioneta,mecanica
gasolina,lima,16000.0,2016,otros,mecanica
gasolina,lima,12000.0,2015,camioneta,secuencial
otro,lima,5500.0,2012,otros,automatica
gasolina,lima,36800.0,2023,camioneta,automatica
gasolina,lima,5000.0,2012,otros,automatica
gasolina,lima,15999.0,2017,camioneta,secuencial
gasolina,lima,54000.0,2024,camioneta,automatica
otro,lima,15500.0,2023,camioneta,automatica
gasolina,lima,20900.0,2018,camioneta,automatica
gasolina,lima,40000.0,2018,camioneta,secuencial
gasolina,lima,18500.0,2023,camioneta,secuencial
gasolina,lima,23500.0,2018,otros,automatica
gasolina,lima,16000.0,2016,otros,secuencial
otro,lima,16000.0,2024,otros,mecanica
gasolina,lima,10000.0,2017,otros,mecanica
gasolina,lima,6000.0,2006,otros,secuencial
otro,lima,14000.0,2026,otros,mecanica
gasolina,lima,16500.0,2017,otros,secuencial
gasolina,provincia,11000.0,2022,otros,mecanica
gasolina,lima,12500.0,2025,camioneta,mecanica
gasolina,lima,36900.0,2023,camioneta,automatica
gasolina,provincia,19500.0,2024,camioneta,mecanica
gasolina,provincia,12500.0,2013,camioneta,secuencial
otro,provincia,28000.0,2022,otros,mecanica
otro,lima,10000.0,2008,camioneta,secuencial
gasolina,lima,14500.0,2018,otros,secuencial
gasolina,lima,15200.0,2018,camioneta,automatica
gasolina,lima,22500.0,2022,camioneta,secuencial
gasolina,lima,20500.0,2018,otros,secuencial
otro,provincia,38500.0,2026,otros,mecanica
otro,provincia,30000.0,2019,otros,mecanica
otro,lima,3200.0,1996,otros,mecanica
gasolina,lima,44990.0,2026,camioneta,automatica
gasolina,lima,17000.0,2013,camioneta,mecanica
otro,lima,11300.0,2016,otros,mecanica
gasolina,lima,15000.0,2026,camioneta,automatica
gasolina,lima,15400.0,2021,camioneta,secuencial
otro,provincia,3000.0,1992,otros,automatica
otro,provincia,12200.0,2019,otros,mecanica
gasolina,lima,5500.0,1998,otros,mecanica
gasolina,lima,18000.0,2019,camioneta,secuencial
otro,lima,15000.0,2025,camioneta,mecanica
gasolina,lima,16500.0,2023,camioneta,automatica
otro,lima,14800.0,2022,camioneta,automatica
gasolina,lima,16000.0,2014,camioneta,secuencial
gasolina,lima,1500.0,2003,otros,automatica
gasolina,lima,17500.0,2020,camioneta,automatica
gasolina,lima,50000.0,2021,otros,automatica
otro,provincia,15400.0,2022,otros,automatica
gasolina,lima,12500.0,2015,otros,secuencial
gasolina,lima,10500.0,2026,camioneta,secuencial
gasolina,lima,11000.0,2015,otros,automatica
gasolina,lima,10000.0,2018,camioneta,secuencial
gasolina,lima,18500.0,2024,camioneta,automatica
gasolina,provincia,13700.0,2016,otros,automatica
otro,lima,15000.0,2020,camioneta,secuencial
